;word;type;emotT;emotPT;X;
1;Абулия; спец. ;СМИРЕНИЕ; 31.7. Эмоциональное качество.;pos;
2;Абулия; спец. ;СМИРЕНИЕ; 31.7. Эмоциональное качество.;pos;
3;Авось; разг. ;НАДЕЖДА; 20.2. Эмоциональное отношение.;pos;
4;Авось-либо; разг.-сниж. ;НАДЕЖДА; 20.2. Эмоциональное отношение.;pos;
5;Авторитет ;0;УВАЖЕНИЕ; 37.8. Человек как средоточие и носитель эмоций.;pos;
6;Авторитетно ;0;УВАЖЕНИЕ; 37.5. Внешнее выражение эмоций.;pos;
7;Авторитетность ;0;УВАЖЕНИЕ; 37.7. Эмоциональное качество.;pos;
8;Авторитетный ;0;ВЕРА; 5 6. Эмоциональная характеризация.;pos;
9;Авторитетный ;0;УВАЖЕНИЕ; 37.6. Эмоциональная характеризация.;pos;
10;Агнец; устар. ;СМИРЕНИЕ; 31.8. Человек как средоточие и носитель эмоций.;pos;
19;Адюльтер ;0;НЕВЕРИЕ; 22.5. Внешнее выражение эмоций.;neg;
21;Ажиотажный ;0;БЕСПОКОЙСТВО; 1.1. Эмоциональное состояние.;neg;
22;Ажитация; устар. ;БЕСПОКОЙСТВО; 1.1. Эмоциональное состояние.;neg;
23;Ажитйрованный ;0;БЕСПОКОЙСТВО; 1.6. Эмоциональная характеризация.;neg;
24;Ажитйроваться; устар. ;БЕСПОКОЙСТВО; 1.5. Внешнее выражение эмоций.;neg;
25;Азарт ;0;БЕСПОКОЙСТВО; 1.1. Эмоциональное состояние.;neg;
26;Азарт ;0;ВЛЕЧЕНИЕ; 6.1. Эмоциональное состояние.;pos;
27;Азартничать ;0;БЕСПОКОЙСТВО; 1.5. Внешнее выражение эмоций.;neg;
28;Азартность ;0;ЛЮБОВЬ; 18.7. Эмоциональное качество.;pos;
29;Азартный ;0;БЕСПОКОЙСТВО; 1.6. Эмоциональная характеризация.;neg;
30;Азартный ;0;ВЛЕЧЕНИЕ; 6.1. Эмоциональное состояние.;pos;
31;Азартный ;0;ВЛЕЧЕНИЕ; 6.6. Эмоциональная характеризация.;pos;
32;Азартный ;0;ЛЮБОВЬ; 18.1. Эмоциональное состояние.;pos;
33;Азартный ;0;ЛЮБОВЬ; 18.5. Внешнее выражение эмоций.;pos;
34;Азартный ;0;ЛЮБОВЬ; 18.6. Эмоциональная характеризация.;pos;
35;Азиат; устар. ;ЖЕСТОКОСТЬ; 15.8. Человек как средоточие и носитель эмоций.;neg;
36;Акклиматизироваться; несов. и сов. ;РАВНОДУШИЕ; 29.3. Становление эмоционального состояния и отношения.;neg;
37;Актер; разг. ;НЕИСКРЕННОСТЬ; 24.8. Человек как средоточие и носитель эмоций.;neg;
38;Актерство; устар. ;НЕИСКРЕННОСТЬ; 24.5. Внешнее выражение эмоций.;neg;
39;Актерство; устар. ;НЕИСКРЕННОСТЬ; 24.7. Эмоциональное качество. ;neg;
40;Актерствовать; устар. ;НЕИСКРЕННОСТЬ; 24.5. Внешнее выражение эмоций.;neg;
41;Активизация ;0;РАДОСТЬ; 30.4. Эмоциональное воздействие.;pos;
42;Активизировать; несов. и сов. ;РАДОСТЬ; 30.4. Эмоциональное воздействие.;pos;
43;Активизироваться; сов. ;РАДОСТЬ; 30.3. Становление эмоционального состояния и отношения.;pos;
44;Актриса; разг. ;НЕИСКРЕННОСТЬ; 24.8. Человек как средоточие и носитель эмоций.;neg;
45;Алармист; устар. ;СТРАХ; 34.8. Человек как средоточие и носитель эмоций.;neg;
47;Аллилуйщина; разг. ;ОДОБРЕНИЕ; 28.5. Внешнее выражение эмоций.;pos;
48;Алчба; устар. ;НАДЕЖДА; 20.7. Эмоциональное качество.;pos;
49;Алчность; устар. ;ЖЕЛАНИЕ; 14.7. Эмоциональное качество.;pos;
50;Алчность; устар. ;НАДЕЖДА; 20.7. Эмоциональное качество.;pos;
54;Альковный; устар. ;ЛЮБОВЬ; 18.6. Эмоциональная характеризация.;pos;
55;Альтруизм; книжн. ;ДОБРОТА; 11.7. Эмоциональное качество.;pos;
56;Альтруист ;0;ДОБРОТА; 11.8. Человек как средоточие и носитель эмоций.;pos;
57;Альтруистический ;0;ДОБРОТА; 11.5. Внешнее выражение эмоций.;pos;
58;Альтруистический ;0;ДОБРОТА; 11.6. Эмоциональная характеризация.;pos;
59;Альтруистичность ;0;ДОБРОТА; 11.7. Эмоциональное качество.;pos;
60;Альтруистичный ;0;ДОБРОТА; 11.5. Внешнее выражение эмоций.;pos;
61;Альтруистичный ;0;ДОБРОТА; 11.6. Эмоциональная характеризация.;pos;
62;Альтруистский ;0;ДОБРОТА; 11.5. Внешнее выражение эмоций.;pos;
63;Альтруистский ;0;ДОБРОТА; 11.6. Эмоциональная характеризация.;pos;
69;Амуриться; разг.-сниж. ;ЛЮБОВЬ; 18.5. Внешнее выражение эмоций.;pos;
70;Амурничать; шутл. ;ЛЮБОВЬ; 18.5. Внешнее выражение эмоций.;pos;
71;Амурный; разг., шутл. ;ЛЮБОВЬ; 18.5. Внешнее выражение эмоций.;pos;
72;Амурный; разг., шутл. ;ЛЮБОВЬ; 18.6. Эмоциональная характеризация.;pos;
73;Амуры; устар., шутл. ;ЛЮБОВЬ; 18.2. Эмоциональное отношение.;pos;
74;Анахорет; книжн. ;ОДИНОЧЕСТВО; 27.8. Человек как средоточие и носитель эмоций.;neg;
75;Ангелоподобный ;0;СМИРЕНИЕ; 31.6. Эмоциональная характеризация.;pos;
77;Ангельский; разг. ;СМИРЕНИЕ; 31.6. Эмоциональная характеризация.;pos;
78;Антагонистический ;0;ВРАЖДА; 7.2. Эмоциональное отношение.;neg;
79;Антагонистичный ;0;ВРАЖДА; 7.2. Эмоциональное отношение.;neg;
80;Антигуманистический ;0;ЖЕСТОКОСТЬ; 15.2. Эмоциональное отношение.;neg;
81;Антигуманно ;0;ЖЕСТОКОСТЬ; 15.5. Внешнее выражение эмоций.;neg;
82;Антигуманность ;0;ЖЕСТОКОСТЬ; 15.7. Эмоциональное качество.;neg;
83;Антигуманный ;0;ЖЕСТОКОСТЬ; 15.2. Эмоциональное отношение.;neg;
84;Антигуманный ;0;ЖЕСТОКОСТЬ; 15.6. Эмоциональная характеризация.;neg;
85;Антипатический ;0;НЕПРИЯЗНЬ; 25.6. Эмоциональная характеризация.;neg;
86;Антипатичный ;0;НЕПРИЯЗНЬ; 25.6. Эмоциональная характеризация.;neg;
87;Антипатия ;0;НЕПРИЯЗНЬ; 25.2. Эмоциональное отношение.;neg;
88;Антисемит ;0;НЕПРИЯЗНЬ; 25.8. Человек как средоточие и носитель эмоций.;neg;
89;Антисемитский ;0;НЕПРИЯЗНЬ; 25.2. Эмоциональное отношение.;neg;
90;Антисемитский ;0;НЕПРИЯЗНЬ; 25.6. Эмоциональная характеризация.;neg;
91;Апатично ;0;РАВНОДУШИЕ; 29.5. Внешнее выражение эмоций.;neg;
92;Апатический ;0;РАВНОДУШИЕ; 29.1. Эмоциональное состояние.;neg;
93;Апатический ;0;РАВНОДУШИЕ; 29.6. Эмоциональная характеризация.;neg;
94;Апатичность ;0;РАВНОДУШИЕ; 29.7. Эмоциональное качество.;neg;
95;Апатичный ;0;ГРУСТЬ; 10.6. Эмоциональная характеризация.;neg;
96;Апатичный ;0;РАВНОДУШИЕ; 29.5. Внешнее выражение эмоций.;neg;
97;Апатичный ;0;РАВНОДУШИЕ; 29.6. Эмоциональная характеризация.;neg;
98;Апатия ;0;РАВНОДУШИЕ; 29.1. Эмоциональное состояние.;neg;
99;Апатия ;0;РАВНОДУШИЕ; 29.7. Эмоциональное качество.;neg;
100;Аплодировать ;0;ОДОБРЕНИЕ; 28.5. Внешнее выражение эмоций.;pos;
101;Аплодисменты ;0;ОДОБРЕНИЕ; 28.5. Внешнее выражение эмоций.;pos;
102;Апломб ;0;ВЫСОКОМЕРИЕ; 8.7. Эмоциональное качество.;neg;
103;Аполитизм ;0;РАВНОДУШИЕ; 29.1. Эмоциональное состояние.;neg;
104;Аполитичность ;0;РАВНОДУШИЕ; 29.7. Эмоциональное качество.;neg;
105;Аполитичный ;0;РАВНОДУШИЕ; 29.6. Эмоциональная характеризация.;neg;
106;Апологетика; книжн. ;ОДОБРЕНИЕ; 28.5. Внешнее выражение эмоций.;pos;
107;Апология; книжн. ;ОДОБРЕНИЕ; 28.5. Внешнее выражение эмоций.;pos;
115;Арапистый; разг. ;БЕССТЫДСТВО; 3.6. Эмоциональная характеризация.;neg;
116;Артачиться; роза. ;НАСТОЙЧИВОСТЬ; 21.5. Внешнее выражение эмоций.;pos;
117;Артельный; разг.-сниж. ;ДРУЖБА; 12.2. Эмоциональное отношение.;pos;
118;Артельный; разг.-сниж. ;ДРУЖБА; 12.6. Эмоциональная характеризация.;pos;
119;Артист; разг. ;НЕИСКРЕННОСТЬ; 24.8. Человек как средоточие и носитель эмоций.;neg;
120;Артистка; разг. ;НЕИСКРЕННОСТЬ; 24.8. Человек как средоточие и носитель эмоций.;neg;
121;Аскетический ;0;СМИРЕНИЕ; 31.6. Эмоциональная характеризация.;pos;
122;Аскетичность ;0;СМИРЕНИЕ; 31.7. Эмоциональное качество.;pos;
123;Аскетичный ;0;СМИРЕНИЕ; 31.6. Эмоциональная характеризация.;pos;
124;Аспид; устар. ;ГОРЕ; 9.6. Эмоциональная характеризация.;neg;
125;Аспид; устар. ;ГОРЕ; 9.8. Человек как средоточие и носитель эмоций.;neg;
126;Аспид; устар., разг.-сниж. ;ЗЛОСТЬ; 16.8. Человек как средоточие и носитель эмоций.;neg;
127;Аспидский; устар., разг.-сниж. ;ЗЛОСТЬ; 16.6. Эмоциональная характеризация.;neg;
128;Афронт; книжн. ;ОБИДА; 26.1. Эмоциональное состояние.;neg;
129;Аффект ;0;БЕСПОКОЙСТВО; 1.1. Эмоциональное состояние.;neg;
130;Актерствовать; устар. ;НЕИСКРЕННОСТЬ; 24.5. Внешнее выражение эмоций.;neg;
131;Активизация ;0;РАДОСТЬ; 30.4. Эмоциональное воздействие.;pos;
132;Активизировать; несов. и сов. ;РАДОСТЬ; 30.4. Эмоциональное воздействие.;pos;
133;Активизироваться; сов. ;РАДОСТЬ; 30.3. Становление эмоционального состояния и отношения.;pos;
134;Актриса; разг. ;НЕИСКРЕННОСТЬ; 24.8. Человек как средоточие и носитель эмоций.;neg;
135;Алармист; устар. ;СТРАХ; 34.8. Человек как средоточие и носитель эмоций.;neg;
137;Аллилуйщина; разг. ;ОДОБРЕНИЕ; 28.5. Внешнее выражение эмоций.;pos;
138;Алчба; устар. ;НАДЕЖДА; 20.7. Эмоциональное качество.;pos;
139;Алчность; устар. ;ЖЕЛАНИЕ; 14.7. Эмоциональное качество.;pos;
144;Альковный; устар. ;ЛЮБОВЬ; 18.6. Эмоциональная характеризация.;pos;
145;Альтруизм; книжн. ;ДОБРОТА; 11.7. Эмоциональное качество.;pos;
146;Альтруист ;0;ДОБРОТА; 11.8. Человек как средоточие и носитель эмоций.;pos;
147;Альтруистический ;0;ДОБРОТА; 11.5. Внешнее выражение эмоций.;pos;
148;Альтруистический ;0;ДОБРОТА; 11.6. Эмоциональная характеризация.;pos;
149;Альтруистичность ;0;ДОБРОТА; 11.7. Эмоциональное качество.;pos;
150;Альтруистичный ;0;ДОБРОТА; 11.5. Внешнее выражение эмоций.;pos;
151;Альтруистичный ;0;ДОБРОТА; 11.6. Эмоциональная характеризация.;pos;
152;Альтруистский ;0;ДОБРОТА; 11.5. Внешнее выражение эмоций.;pos;
153;Альтруистский ;0;ДОБРОТА; 11.6. Эмоциональная характеризация.;pos;
159;Амуриться; разг.-сниж. ;ЛЮБОВЬ; 18.5. Внешнее выражение эмоций.;pos;
160;Амурничать; шутл. ;ЛЮБОВЬ; 18.5. Внешнее выражение эмоций.;pos;
161;Амурный; разг., шутл. ;ЛЮБОВЬ; 18.5. Внешнее выражение эмоций.;pos;
162;Амурный; разг., шутл. ;ЛЮБОВЬ; 18.6. Эмоциональная характеризация.;pos;
163;Амуры; устар., шутл. ;ЛЮБОВЬ; 18.2. Эмоциональное отношение.;pos;
164;Анахорет; книжн. ;ОДИНОЧЕСТВО; 27.8. Человек как средоточие и носитель эмоций.;neg;
165;Ангелоподобный ;0;СМИРЕНИЕ; 31.6. Эмоциональная характеризация.;pos;
167;Ангельский; разг. ;СМИРЕНИЕ; 31.6. Эмоциональная характеризация.;pos;
168;Антагонистический ;0;ВРАЖДА; 7.2. Эмоциональное отношение.;neg;
169;Антагонистичный ;0;ВРАЖДА; 7.2. Эмоциональное отношение.;neg;
170;Антигуманистический ;0;ЖЕСТОКОСТЬ; 15.2. Эмоциональное отношение.;neg;
171;Антигуманно ;0;ЖЕСТОКОСТЬ; 15.5. Внешнее выражение эмоций.;neg;
172;Антигуманность ;0;ЖЕСТОКОСТЬ; 15.7. Эмоциональное качество.;neg;
173;Антигуманный ;0;ЖЕСТОКОСТЬ; 15.2. Эмоциональное отношение.;neg;
174;Антигуманный ;0;ЖЕСТОКОСТЬ; 15.6. Эмоциональная характеризация.;neg;
175;Антипатический ;0;НЕПРИЯЗНЬ; 25.6. Эмоциональная характеризация.;neg;
176;Антипатичный ;0;НЕПРИЯЗНЬ; 25.6. Эмоциональная характеризация.;neg;
177;Антипатия ;0;НЕПРИЯЗНЬ; 25.2. Эмоциональное отношение.;neg;
178;Антисемит ;0;НЕПРИЯЗНЬ; 25.8. Человек как средоточие и носитель эмоций.;neg;
179;Антисемитский ;0;НЕПРИЯЗНЬ; 25.2. Эмоциональное отношение.;neg;
180;Антисемйтский ;0;НЕПРИЯЗНЬ; 25.6. Эмоциональная характеризация.;neg;
181;Апатично ;0;РАВНОДУШИЕ; 29.5. Внешнее выражение эмоций.;neg;
182;Апатический ;0;РАВНОДУШИЕ; 29.1. Эмоциональное состояние.;neg;
183;Апатический ;0;РАВНОДУШИЕ; 29.6. Эмоциональная характеризация.;neg;
184;Апатичность ;0;РАВНОДУШИЕ; 29.7. Эмоциональное качество.;neg;
185;Апатичный ;0;ГРУСТЬ; 10.6. Эмоциональная характеризация.;neg;
186;Апатйчный ;0;РАВНОДУШИЕ; 29.5. Внешнее выражение эмоций.;neg;
187;Апатичный ;0;РАВНОДУШИЕ; 29.6. Эмоциональная характеризация.;neg;
188;Апатия ;0;РАВНОДУШИЕ; 29.1. Эмоциональное состояние.;neg;
189;Апатия ;0;РАВНОДУШИЕ; 29.7. Эмоциональное качество.;neg;
190;Аплодировать ;0;ОДОБРЕНИЕ; 28.5. Внешнее выражение эмоций.;pos;
191;Аплодисменты ;0;ОДОБРЕНИЕ; 28.5. Внешнее выражение эмоций.;pos;
192;Апломб ;0;ВЫСОКОМЕРИЕ; 8.7. Эмоциональное качество.;neg;
193;Аполитизм ;0;РАВНОДУШИЕ; 29.1. Эмоциональное состояние.;neg;
194;Аполитичность ;0;РАВНОДУШИЕ; 29.7. Эмоциональное качество.;neg;
195;Аполитичный ;0;РАВНОДУШИЕ; 29.6. Эмоциональная характеризация.;neg;
196;Апологетика; книжн. ;ОДОБРЕНИЕ; 28.5. Внешнее выражение эмоций.;pos;
197;Апология; книжн. ;ОДОБРЕНИЕ; 28.5. Внешнее выражение эмоций.;pos;
204;Апробация ;0;ОДОБРЕНИЕ; 28.5. Внешнее выражение эмоций.;pos;
205;Арапистый; разг. ;БЕССТЫДСТВО; 3.6. Эмоциональная характеризация.;neg;
207;Артельный; разг.-сниж. ;ДРУЖБА; 12.2. Эмоциональное отношение.;pos;
208;Артельный; разг.-сниж. ;ДРУЖБА; 12.6. Эмоциональная характеризация.;pos;
211;Аскетический ;0;СМИРЕНИЕ; 31.6. Эмоциональная характеризация.;pos;
212;Эстетичность ;0;СМИРЕНИЕ; 31.7. Эмоциональное качество.;pos;
213;Аскетичный ;0;СМИРЕНИЕ; 31.6. Эмоциональная характеризация.;pos;
214;Аспид; устар. ;ГОРЕ; 9.6. Эмоциональная характеризация.;neg;
215;Аспид; устар. ;ГОРЕ; 9.8. Человек как средоточие и носитель эмоций.;neg;
216;Аспид; устар., разг.-сниж. ;ЗЛОСТЬ; 16.8. Человек как средоточие и носитель эмоций.;neg;
217;Аспидский; устар., разг.-сниж. ;ЗЛОСТЬ; 16.6. Эмоциональная характеризация.;neg;
218;Афронт; книжн. ;ОБИДА; 26.1. Эмоциональное состояние.;neg;
219;Аффект ;0;БЕСПОКОЙСТВО; 1.1. Эмоциональное состояние.;neg;
220;Аффективный ;0;ЧУВСТВО; 39.6. Эмоциональная характеризация.;pos;
221;Ахнуть; сов., разг. ;СТРАХ; 34.5. Внешнее выражение эмоций.;neg;
222;Аховый; разг. ;УДИВЛЕНИЕ; 38.6. Эмоциональная характеризация.;pos;
223;Аховый; разг.-сниж. ;БЕССТРАШИЕ; 2.6. Эмоциональная характеризация.;pos;
224;Баба; разг.-сниж. ;ЛЮБОВЬ; 18.8. Человек как средоточие и носитель эмоций.;pos;
225;Бабник; разг.-сниж. ;ЛЮБОВЬ; 18.8. Человек как средоточие и носитель эмоций.;pos;
226;Базарить; разг.-сниж. ;ВРАЖДА; 7.5. Внешнее выражение эмоций.;neg;
227;Базариться; разг.-сниж. ;ВРАЖДА; 7.5. Внешнее выражение эмоций.;neg;
228;Баламут; разг. ;БЕСПОКОЙСТВО; 1.8. Человек как средоточие и носитель эмоций.;neg;
229;Балдеж; разг.-сниж. ;СЧАСТЬЕ; 36.1. Эмоциональное состояние.;pos;
230;Балдеть; разг.-сниж. ;СЧАСТЬЕ; 36.1. Эмоциональное состояние.;pos;
231;Балованный; разг. ;ДОБРОТА; 11.6. Эмоциональная характеризация.;pos;
232;Баловать; сов., разг. ;ДОБРОТА; 11.2. Эмоциональное отношение.;pos;
233;Баловать; сов., разг. ;ДОБРОТА; 11.4. Эмоциональное воздействие.;pos;
234;Баловень ;0;ЛЮБОВЬ; 18.8. Человек как средоточие и носитель эмоций.;pos;
235;Баловник; устар. ;ДОБРОТА; 11.8. Человек как средоточие и носитель эмоций.;pos;
236;Баловство; разг. ;ДОБРОТА; 11.2. Эмоциональное отношение.;pos;
237;Барский ;0;ВЫСОКОМЕРИЕ; 8.1. Эмоциональное состояние.;neg;
238;Барственно ;0;ВЫСОКОМЕРИЕ; 8.5. Внешнее выражение эмоций.;neg;
239;Барственность ;0;ВЫСОКОМЕРИЕ; 8.7. Эмоциональное качество.;neg;
240;Барственный ;0;ВЫСОКОМЕРИЕ; 8.5. Внешнее выражение эмоций.;neg;
242;Басурман; устар. ;БЕССТЫДСТВО; 3.8. Человек как средоточие и носитель;neg;
243;Басурманин; устар. ;БЕССТЫДСТВО; 3.8. Человек как средоточие и носитель эмоций.;neg;
244;Беганье; разг. ;БЕСПОКОЙСТВО; 1.5. Внешнее выражение эмоций.;neg;
246;Беготня; разг. ;БЕСПОКОЙСТВО; 1.5. Внешнее выражение эмоций.;neg;
247;Беда ;0;ГОРЕ; 9.1. Эмоциональное состояние.;neg;
248;Бедный ;0;ГОРЕ; 9.6. Эмоциональная характеризация.;neg;
252;Бедняга; разг. ;ГОРЕ; 9.6. Эмоциональная характеризация.;neg;
253;Бедняга; разг. ;ГОРЕ; 9.8. Человек как средоточие и носитель эмоций.;neg;
254;Бедняжка; разг. ;ГОРЕ; 9.6. Эмоциональная характеризация.;neg;
255;Бедняжка; разг. ;ГОРЕ; 9.8. Человек как средоточие и носитель эмоций.;neg;
256;Бедняк; разг. ;ГОРЕ; 9.6. Эмоциональная характеризация.;neg;
257;Бедняк; разг. ;ГОРЕ; 9.8. Человек как средоточие и носитель эмоций.;neg;
258;Бедовать; разг.-сниж. ;ГОРЕ; 9.1. Эмоциональное состояние.;neg;
259;Бедовый; разг. -сниж. ;БЕССТРАШИЕ; 2.6. Эмоциональная характеризация.;pos;
260;Бедолага; разг. ;ГОРЕ; 9.6. Эмоциональная характеризация.;neg;
261;Бедолага; разг. ;ГОРЕ; 9.8. Человек как средоточие и носитель эмоций.;neg;
262;Бедолажный; разг.-сниж. ;ГОРЕ; 9.6. Эмоциональная характеризация.;neg;
263;Бедственный; разг. ;ГОРЕ; 9.6. Эмоциональная характеризация.;neg;
264;Бедствие ;0;ГОРЕ; 9.1. Эмоциональное состояние.;neg;
265;Бедствовать ;0;ГОРЕ; 9.1. Эмоциональное состояние.;neg;
268;Безбоязненно ;0;БЕССТРАШИЕ; 2.6. Эмоциональная характеризация.;pos;
269;Безбоязненность ;0;БЕССТРАШИЕ; 2.7. Эмоциональное качество.;pos;
270;Безбоязненный ;0;БЕССТРАШИЕ; 2.6. Эмоциональная характеризация.;pos;
271;Безбоязный; разг.-сниж. ;БЕССТРАШИЕ; 2.6. Эмоциональная характеризация.;pos;
274;Безволие ;0;СМИРЕНИЕ; 31.7. Эмоциональное качество.;pos;
275;Безвольный ;0;СМИРЕНИЕ; 31.6. Эмоциональная характеризация.;pos;
276;Безвыходность ;0;НЕВЕРИЕ; 22.1. Эмоциональное состояние.;neg;
277;Безвыходный ;0;НЕВЕРИЕ; 22.6. Эмоциональная характеризация.;neg;
280;Безгневно ;0;СМИРЕНИЕ; 31.5. Внешнее выражение эмоций.;pos;
281;Безгневность ;0;СМИРЕНИЕ; 31.7. Эмоциональное качество.;pos;
282;Безгневный ;0;СМИРЕНИЕ; 31.6. Эмоциональная характеризация.;pos;
283;Бездолье; трад.-поэт., разг. ;ГОРЕ; 9.1. Эмоциональное состояние.;neg;
284;Бездольный; трад.-поэт., разг.-сниж. ;ГОРЕ; 9.6. Эмоциональная характеризация.;neg;
285;Бездушие ;0;ЖЕСТОКОСТЬ; 15.7. Эмоциональное качество.;neg;
286;Бездушие ;0;РАВНОДУШИЕ; 29.7. Эмоциональное качество.;neg;
287;Бездушно ;0;ЖЕСТОКОСТЬ; 15.5. Внешнее выражение эмоций.;neg;
288;Бездушность ;0;ЖЕСТОКОСТЬ; 15.7. Эмоциональное качество.;neg;
289;Бездушность ;0;РАВНОДУШИЕ; 29.7. Эмоциональное качество.;neg;
290;Бездушный ;0;ЖЕСТОКОСТЬ; 15.6. Эмоциональная характеризация.;neg;
291;Бездушный ;0;РАВНОДУШИЕ; 29.1. Эмоциональное состояние.;neg;
292;Бездушный ;0;РАВНОДУШИЕ; 29.3. Становление эмоционального состояния и отношения.;neg;
293;Бездушный ;0;РАВНОДУШИЕ; 29.6. Эмоциональная характеризация.;neg;
294;Безжалостно ;0;ЖЕСТОКОСТЬ; 15.5. Внешнее выражение эмоций.;neg;
295;Безжалостность ;0;ЖЕСТОКОСТЬ; 15.7. Эмоциональное качество.;neg;
296;Безжалостный ;0;ЖЕСТОКОСТЬ; 15.1. Эмоциональное состояние.;neg;
297;Безжалостный ;0;ЖЕСТОКОСТЬ; 15.6. Эмоциональная характеризация.;neg;
298;Беззаботно ;0;РАДОСТЬ; 30.5. Внешнее выражение эмоций.;pos;
299;Беззаботность ;0;РАДОСТЬ; 30.1. Эмоциональное состояние.;pos;
300;Беззаботный ;0;РАДОСТЬ; 30.1. Эмоциональное состояние.;pos;
301;Беззаботный ;0;РАДОСТЬ; 30.5. Внешнее выражение эмоций.;pos;
302;Беззаботный ;0;РАДОСТЬ; 30.6. Эмоциональная характеризация.;pos;
303;Беззаботность ;0;РАДОСТЬ; 30.7. Эмоциональное качество.;pos;
304;Беззаветность ;0;БЕССТРАШИЕ; 2.7. Эмоциональное качество.;pos;
305;Беззаветный; высок. ;БЕССТРАШИЕ; 2.6. Эмоциональная характеризация.;pos;
306;Беззастенчиво ;0;БЕССТЫДСТВО; 3.5. Внешнее выражение эмоций.;neg;
307;Беззастенчивость ;0;БЕССТЫДСТВО; 3.7. Эмоциональное качество.;neg;
308;Беззастенчивость ;0;ВЫСОКОМЕРИЕ; 8.7. Эмоциональное качество.;neg;
309;Беззастенчивый ;0;БЕССТЫДСТВО; 3.6. Эмоциональная характеризация.;neg;
310;Беззастенчивый ;0;ВЫСОКОМЕРИЕ; 8.6. Эмоциональная характеризация.;neg;
311;Беззлобие ;0;ДОБРОТА; 11.1. Эмоциональное состояние.;pos;
312;Беззлобие ;0;ДОБРОТА; 11.7. Эмоциональное качество.;pos;
313;Беззлобие ;0;СМИРЕНИЕ; 31.7. Эмоциональное качество.;pos;
314;Беззлобно ;0;ДОБРОТА; 11.5. Внешнее выражение эмоций.;pos;
315;Беззлобно ;0;СМИРЕНИЕ; 31.5. Внешнее выражение эмоций.;pos;
316;Беззлобность ;0;ДОБРОТА; 11.7. Эмоциональное качество.;pos;
317;Беззлобный ;0;ДОБРОТА; 11.5. Внешнее выражение эмоций.;pos;
318;Беззлобный ;0;ДОБРОТА; 11.6. Эмоциональная характеризация.;pos;
319;Беззлобный ;0;СМИРЕНИЕ; 31.6. Эмоциональная характеризация.;pos;
320;Безмятежно ;0;СПОКОЙСТВИЕ; 33.5. Внешнее выражение эмоций.;pos;
321;Безмятежность ;0;СПОКОЙСТВИЕ; 33.1. Эмоциональное состояние.;pos;
322;Безмятежность ;0;СПОКОЙСТВИЕ; 33.7. Эмоциональное качество.;pos;
323;Безмятежный ;0;СПОКОЙСТВИЕ; 33.1. Эмоциональное состояние.;pos;
324;Безмятежный ;0;СПОКОЙСТВИЕ; 33.6. Эмоциональная характеризация.;pos;
325;Безнадежно ;0;ГРУСТЬ; 10.5. Внешнее выражение эмоций.;neg;
326;Безнадежно ;0;НЕВЕРИЕ; 22.5. Внешнее выражение эмоций.;neg;
327;Безнадежность ;0;ГРУСТЬ; 10.1. Эмоциональное состояние.;neg;
328;Безнадежность ;0;ГРУСТЬ; 10.7. Эмоциональное качество.;neg;
329;Безнадежность ;0;НЕВЕРИЕ; 22.7. Эмоциональное качество.;neg;
330;Безнадежный ;0;ГРУСТЬ; 10.1. Эмоциональное состояние.;neg;
331;Безнадежный ;0;ГРУСТЬ; 10.6. Эмоциональная характеризация.;neg;
332;Безнадежный ;0;НЕВЕРИЕ; 22.6. Эмоциональная характеризация.;neg;
333;Безобидно ;0;СМИРЕНИЕ; 31.5. Внешнее выражение эмоций.;pos;
346;Безоглядный ;0;СМИРЕНИЕ; 31.6. Эмоциональная характеризация.;pos;
353;Безотказно ;0;СМИРЕНИЕ; 31.5. Внешнее выражение эмоций.;pos;
354;Безотказность ;0;СМИРЕНИЕ; 31.7. Эмоциональное качество.;pos;
355;Безотказный ;0;СМИРЕНИЕ; 31.5. Внешнее выражение эмоций.;pos;
356;Безотказный ;0;СМИРЕНИЕ; 31.6. Эмоциональная характеризация.;pos;
357;Безотрадно; разг. ;ГРУСТЬ; 10.5. Внешнее выражение эмоций.;neg;
358;Безотрадность; разг. ;ГРУСТЬ; 10.1. Эмоциональное состояние.;neg;
359;Безотрадность; разг. ;ГРУСТЬ; 10.7. Эмоциональное качество.;neg;
360;Безотрадный; разг. ;ГРУСТЬ; 10.1. Эмоциональное состояние.;neg;
361;Безотрадный; разг. ;ГРУСТЬ; 10.6. Эмоциональная характеризация.;neg;
365;Безрадостно ;0;ГРУСТЬ; 10.5. Внешнее выражение эмоций.;neg;
366;Безрадостность ;0;ГРУСТЬ; 10.7. Эмоциональное качество.;neg;
367;Безрадостный ;0;ГРУСТЬ; 10.1. Эмоциональное состояние.;neg;
368;Безрадостный ;0;ГРУСТЬ; 10.4. Эмоциональное воздействие.;neg;
369;Безрадостный ;0;ГРУСТЬ; 10.6. Эмоциональная характеризация.;neg;
370;Безразличие ;0;РАВНОДУШИЕ; 29.1. Эмоциональное состояние.;neg;
371;Безразличие ;0;РАВНОДУШИЕ; 29.2. Эмоциональное отношение.;neg;
372;Безразличие ;0;РАВНОДУШИЕ; 29.7. Эмоциональное качество.;neg;
373;Безразлично ;0;РАВНОДУШИЕ; 29.5. Внешнее выражение эмоций.;neg;
374;Безразличный ;0;РАВНОДУШИЕ; 29.1. Эмоциональное состояние.;neg;
375;Безразличный ;0;РАВНОДУШИЕ; 29.3. Становление эмоционального состояния и отношения.;neg;
376;Безразличный ;0;РАВНОДУШИЕ; 29.6. Эмоциональная характеризация.;neg;
377;Безрассудный ;0;БЕССТРАШИЕ; 2.1. Эмоциональное состояние.;pos;
378;Безрассудный ;0;БЕССТРАШИЕ; 2.6. Эмоциональная характеризация.;pos;
379;Безрассудство ;0;БЕССТРАШИЕ; 2.7. Эмоциональное качество.;pos;
382;Безропотно ;0;СМИРЕНИЕ; 31.5. Внешнее выражение эмоций.;pos;
383;Безропотность ;0;ДОБРОТА; 11.7. Эмоциональное качество.;pos;
384;Безропотность ;0;СМИРЕНИЕ; 31.7. Эмоциональное качество.;pos;
385;Безропотный ;0;ДОБРОТА; 11.1. Эмоциональное состояние.;pos;
386;Безропотный ;0;СМИРЕНИЕ; 31.5. Внешнее выражение эмоций.;pos;
387;Безропотный ;0;СМИРЕНИЕ; 31.6. Эмоциональная характеризация.;pos;
388;Безудержный ;0;БЕСПОКОЙСТВО; 1.6. Эмоциональная характеризация.;neg;
398;Безутешно ;0;ГРУСТЬ; 10.5. Внешнее выражение эмоций.;neg;
399;Безутешность ;0;ГРУСТЬ; 10.7. Эмоциональное качество.;neg;
400;Безутешный ;0;ГОРЕ; 9.1. Эмоциональное состояние.;neg;
401;Безутешный ;0;ГОРЕ; 9.6. Эмоциональная характеризация.;neg;
402;Безутешный ;0;ГРУСТЬ; 10.6. Эмоциональная характеризация.;neg;
403;Безучастие ;0;РАВНОДУШИЕ; 29.2. Эмоциональное отношение.;neg;
404;Безучастие ;0;РАВНОДУШИЕ; 29.7. Эмоциональное качество.;neg;
405;Безучастно ;0;РАВНОДУШИЕ; 29.5. Внешнее выражение эмоций.;neg;
406;Безучастность ;0;РАВНОДУШИЕ; 29.2. Эмоциональное отношение.;neg;
407;Безучастность ;0;РАВНОДУШИЕ; 29.7. Эмоциональное качество.;neg;
408;Безучастный ;0;РАВНОДУШИЕ; 29.1. Эмоциональное состояние.;neg;
409;Безучастный ;0;РАВНОДУШИЕ; 29.3. Становление эмоционального состояния и отношения.;neg;
410;Безучастный ;0;РАВНОДУШИЕ; 29.5. Внешнее выражение эмоций.;neg;
411;Безучастный ;0;РАВНОДУШИЕ; 29.6. Эмоциональная характеризация.;neg;
412;Безысходно ;0;НЕВЕРИЕ; 22.5. Внешнее выражение эмоций.;neg;
413;Безысходность ;0;ГРУСТЬ; 10.1. Эмоциональное состояние.;neg;
414;Безысходность ;0;НЕВЕРИЕ; 22.7. Эмоциональное качество.;neg;
415;Безысходный ;0;НЕВЕРИЕ; 22.6. Эмоциональная характеризация.;neg;
416;Бенц; разг.-сниж., груб. ;ВРАЖДА; 7.2. Эмоциональное отношение.;neg;
417;Бередить ;0;ГОРЕ; 9.4. Эмоциональное воздействие.;neg;
419;Бережливый ;0;ДОБРОТА; 11.6. Эмоциональная характеризация.;pos;
420;Бережность ;0;ДОБРОТА; 11.7. Эмоциональное качество.;pos;
421;Бережный разг. ;0;ДОБРОТА; 11.6. Эмоциональная характеризация.;pos;
423;Беситься; разг. ;БЕСПОКОЙСТВО; 1.5. Внешнее выражение эмоций.;neg;
424;Бескомпромиссно ;0;БЕССТРАШИЕ; 2.5. Внешнее выражение эмоций.;pos;
425;Бескомпромиссность ;0;БЕССТРАШИЕ; 2.7. Эмоциональное качество.;pos;
426;Бескомпромиссный ;0;БЕССТРАШИЕ; 2.6. Эмоциональная характеризация.;pos;
427;Бесконфликтно; книжн. ;СПОКОЙСТВИЕ; 33.5. Внешнее выражение эмоций.;pos;
428;Бесконфликтность ;0;СПОКОЙСТВИЕ; 33.7. Эмоциональное качество.;pos;
429;Бесконфликтный ;0;СПОКОЙСТВИЕ; 33.6. Эмоциональная характеризация.;pos;
430;Бескорыстие ;0;ДОБРОТА; 11.1. Эмоциональное состояние.;pos;
431;Бескорыстие ;0;ДОБРОТА; 11.7. Эмоциональное качество.;pos;
432;Бескорыстность ;0;ДОБРОТА; 11.7. Эмоциональное качество.;pos;
433;Бескорыстный ;0;ДОБРОТА; 11.1. Эмоциональное состояние.;pos;
434;Бескорыстный ;0;ДОБРОТА; 11.5. Внешнее выражение эмоций.;pos;
435;Бескорыстный ;0;ДОБРОТА; 11.6. Эмоциональная характеризация.;pos;
436;Бескорыстный ;0;ИСКРЕННОСТЬ; 17.1. Эмоциональное состояние.;pos;
437;Бескорыстный ;0;ИСКРЕННОСТЬ; 17.6. Эмоциональная характеризация.;pos;
442;Бесовка ;0;ЗЛОСТЬ; 16.8. Человек как средоточие и носитель эмоций.;neg;
443;Беспамятство ;0;БЕСПОКОЙСТВО; 1.1. Эмоциональное состояние.;neg;
444;Беспардонно; разг. ;БЕССТЫДСТВО; 3.5. Внешнее выражение эмоций.;neg;
445;Беспардонность; разг. ;БЕССТЫДСТВО; 3.7. Эмоциональное качество.;neg;
446;Беспардонность; разг. ;ВЫСОКОМЕРИЕ; 8.7. Эмоциональное качество.;neg;
447;Беспардонный; разг. ;БЕССТЫДСТВО; 3.6. Эмоциональная характеризация.;neg;
448;Беспардонный; разг. ;ВЫСОКОМЕРИЕ; 8.6. Эмоциональная характеризация.;neg;
449;Беспечально; книжн. ;РАДОСТЬ; 30.5. Внешнее выражение эмоций.;pos;
450;Беспечальный; книжн. ;РАДОСТЬ; 30.1. Эмоциональное состояние.;pos;
451;Беспечальный; книжн. ;РАДОСТЬ; 30.6. Эмоциональная характеризация.;pos;
452;Беспечальный; книжн. ;СЧАСТЬЕ; 36.1. Эмоциональное состояние.;pos;
453;Беспечальный; книжн. ;СЧАСТЬЕ; 36.6. Эмоциональная характеризация.;pos;
454;Беспечно ;0;РАДОСТЬ; 30.5. Внешнее выражение эмоций.;pos;
455;Беспечность ;0;РАДОСТЬ; 30.7. Эмоциональное качество.;pos;
456;Беспечный ;0;БЕССТРАШИЕ; 2.6. Эмоциональная характеризация.;pos;
457;Беспечный ;0;РАДОСТЬ; 30.1. Эмоциональное состояние.;pos;
458;Беспечный ;0;РАДОСТЬ; 30.6. Эмоциональная характеризация.;pos;
459;Беспечный ;0;СЧАСТЬЕ; 36.1. Эмоциональное состояние.;pos;
460;Беспечный ;0;СЧАСТЬЕ; 36.6. Эмоциональная характеризация.;pos;
461;Бесповинно ;0;ЖЕСТОКОСТЬ; 15.5. Внешнее выражение эмоций.;neg;
462;Бесподобно; разг. ;УДИВЛЕНИЕ; 38.5. Внешнее выражение эмоций.;pos;
463;Бесподобный; разг. ;УДИВЛЕНИЕ; 38.6. Эмоциональная характеризация.;pos;
464;Беспокойно ;0;БЕСПОКОЙСТВО; 1.1. Эмоциональное состояние.;neg;
465;Беспокойно ;0;БЕСПОКОЙСТВО; 1.5. Внешнее выражение эмоций.;neg;
466;Беспокойный ;0;БЕСПОКОЙСТВО; 1.1. Эмоциональное состояние.;neg;
467;Беспокойный ;0;БЕСПОКОЙСТВО; 1.6. Эмоциональная характеризация.;neg;
468;Беспокойство ;0;БЕСПОКОЙСТВО; 1.1. Эмоциональное состояние.;neg;
469;Беспокоиться ;0;БЕСПОКОЙСТВО; 1.1. Эмоциональное состояние.;neg;
470;Беспомощность ;0;СМИРЕНИЕ; 31.7. Эмоциональное качество.;pos;
471;Беспомощный ;0;СМИРЕНИЕ; 31.6. Эмоциональная характеризация.;pos;
472;Беспорядки ;0;БЕСПОКОЙСТВО; 1.1. Эмоциональное состояние.;neg;
473;Беспощадно ;0;ЖЕСТОКОСТЬ; 15.5. Внешнее выражение эмоций.;neg;
474;Беспощадность ;0;ЖЕСТОКОСТЬ; 15.7. Эмоциональное качество.;neg;
475;Беспощадный ;0;ЖЕСТОКОСТЬ; 15.1. Эмоциональное состояние.;neg;
476;Беспощадный ;0;ЖЕСТОКОСТЬ; 15.6. Эмоциональная характеризация.;neg;
477;Беспрекословно ;0;СМИРЕНИЕ; 31.5. Внешнее выражение эмоций.;pos;
478;Беспрекословный ;0;СМИРЕНИЕ; 31.5. Внешнее выражение эмоций.;pos;
479;Беспрекословный ;0;СМИРЕНИЕ; 31.6. Эмоциональная характеризация.;pos;
480;Беспримерный; высок,. ;УДИВЛЕНИЕ; 38.6. Эмоциональная характеризация.;pos;
481;Беспритязательность; разг. ;СМИРЕНИЕ; 31.7. Эмоциональное качество.;pos;
482;Беспритязательный; разг. ;СМИРЕНИЕ; 31.1. Эмоциональное состояние.;pos;
483;Беспритязательный; разг. ;СМИРЕНИЕ; 31.6. Эмоциональная характеризация.;pos;
484;Беспросветно ;0;НЕВЕРИЕ; 22.5. Внешнее выражение эмоций.;neg;
485;Беспросветность ;0;НЕВЕРИЕ; 22.7. Эмоциональное качество.;neg;
486;Беспросветный ;0;НЕВЕРИЕ; 22.6. Эмоциональная характеризация.;neg;
487;Бессемейный ;0;ОДИНОЧЕСТВО; 27.2. Эмоциональное отношение.;neg;
488;Бессемейный ;0;ОДИНОЧЕСТВО; 27.8. Человек как средоточие и носитель эмоций.;neg;
489;Бессемейный; разг. ;ОДИНОЧЕСТВО; 27.6. Эмоциональная характеризация.;neg;
490;Бессердечие ;0;ЖЕСТОКОСТЬ; 15.7. Эмоциональное качество.;neg;
491;Бессердечие ;0;РАВНОДУШИЕ; 29.1. Эмоциональное состояние.;neg;
492;Бессердечие ;0;РАВНОДУШИЕ; 29.2. Эмоциональное отношение.;neg;
493;Бессердечие ;0;РАВНОДУШИЕ; 29.7. Эмоциональное качество.;neg;
494;Бессердечно ;0;ЖЕСТОКОСТЬ; 15.5. Внешнее выражение эмоций.;neg;
495;Бессердечность ;0;ЖЕСТОКОСТЬ; 15.7. Эмоциональное качество.;neg;
496;Бессердечность ;0;РАВНОДУШИЕ; 29.7. Эмоциональное качество.;neg;
497;Бессердечный ;0;ЖЕСТОКОСТЬ; 15.1. Эмоциональное состояние.;neg;
498;Бессердечный ;0;ЖЕСТОКОСТЬ; 15.6. Эмоциональная характеризация.;neg;
499;Бессердечный ;0;РАВНОДУШИЕ; 29.1. Эмоциональное состояние.;neg;
501;Бесславие; высок. ;СТЫД; 35.5. Внешнее выражение эмоций.;neg;
502;Бесславно ;0;СТЫД; 35.5. Внешнее выражение эмоций.;neg;
503;Бессловесный ;0;ОДИНОЧЕСТВО; 27.5. Внешнее выражение эмоций.;neg;
504;Бессловесный ;0;СМИРЕНИЕ; 31.6. Эмоциональная характеризация.;pos;
506;Бессовестно ;0;БЕССТЫДСТВО; 3.5. Внешнее выражение эмоций.;neg;
507;Бессовестность ;0;БЕССТЫДСТВО; 3.7. Эмоциональное качество.;neg;
508;Бессовестный ;0;БЕССТЫДСТВО; 3.6. Эмоциональная характеризация.;neg;
509;Бессознательно ;0;ЧУВСТВО; 39.5. Внешнее выражение эмоций.;pos;
510;Бессознательное ;0;ЧУВСТВО; 39.1. Эмоциональное состояние.;pos;
511;Бессознательность ;0;ЧУВСТВО; 39.7. Эмоциональное качество.;pos;
512;Бессознательный ;0;ЧУВСТВО; 39.6. Эмоциональная характеризация.;pos;
513;Бесстрастие ;0;ЛЮБОВЬ; 18.7. Эмоциональное качество.;pos;
514;Бесстрастие ;0;СПОКОЙСТВИЕ; 33.1. Эмоциональное состояние.;pos;
515;Бесстрастие ;0;СПОКОЙСТВИЕ; 33.7. Эмоциональное качество.;pos;
516;Бесстрастно ;0;СПОКОЙСТВИЕ; 33.5. Внешнее выражение эмоций.;pos;
517;Бесстрастность ;0;СПОКОЙСТВИЕ; 33.7. Эмоциональное качество.;pos;
518;Бесстрастный ;0;ЛЮБОВЬ; 18.1. Эмоциональное состояние.;pos;
519;Бесстрастный ;0;ЛЮБОВЬ; 18.5. Внешнее выражение эмоций.;pos;
520;Бесстрастный ;0;ЛЮБОВЬ; 18.6. Эмоциональная характеризация.;pos;
521;Бесстрастный ;0;РАВНОДУШИЕ; 29.6. Эмоциональная характеризация.;neg;
522;Бесстрастный ;0;СПОКОЙСТВИЕ; 33.1. Эмоциональное состояние.;pos;
523;Бесстрастный ;0;СПОКОЙСТВИЕ; 33.5. Внешнее выражение эмоций.;pos;
524;Бесстрастный ;0;СПОКОЙСТВИЕ; 33.6. Эмоциональная характеризация.;pos;
525;Бесстрашие ;0;БЕССТРАШИЕ; 2.1. Эмоциональное состояние.;pos;
526;Бесстрашие ;0;БЕССТРАШИЕ; 2.7. Эмоциональное качество.;pos;
527;Бесстрашно ;0;БЕССТРАШИЕ; 2.6. Эмоциональная характеризация.;pos;
528;Бесстрашный ;0;БЕССТРАШИЕ; 2.1. Эмоциональное состояние.;pos;
529;Бесстрашный ;0;БЕССТРАШИЕ; 2.6. Эмоциональная характеризация.;pos;
530;Бесстыдник ;0;СТЫД; 35.8. Человек как средоточие и носитель эмоций.;neg;
531;Бесстыдник; разг. ;БЕССТЫДСТВО; 3.8. Человек как средоточие и носитель эмоций.;neg;
532;Бесстыдница ;0;СТЫД; 35.8. Человек как средоточие и носитель эмоций.;neg;
533;Бесстыдница; разг. ;БЕССТЫДСТВО; 3.8. Человек как средоточие и носитель эмоций.;neg;
534;Бесстыдничать ;0;БЕССТЫДСТВО; 3.5. Внешнее выражение эмоций.;neg;
535;Бесстыдно ;0;БЕССТЫДСТВО; 3.5. Внешнее выражение эмоций.;neg;
536;Бесстыдность ;0;БЕССТЫДСТВО; 3.7. Эмоциональное качество.;neg;
537;Бесстыдный ;0;БЕССТЫДСТВО; 3.6. Эмоциональная характеризация.;neg;
538;Бесстыдный ;0;СТЫД; 35.1. Эмоциональное состояние.;neg;
539;Бесстыдный ;0;СТЫД; 35.6. Эмоциональная характеризация.;neg;
540;Бесстыдство ;0;БЕССТЫДСТВО; 3.7. Эмоциональное качество.;neg;
541;Бесстыдство ;0;СТЫД; 35.5. Внешнее выражение эмоций.;neg;
542;Бесстыдство ;0;СТЫД; 35.7. Эмоциональное качество.;neg;
543;Бесстыжий; разг.-сниж. ;БЕССТЫДСТВО; 3.6. Эмоциональная характеризация.;neg;
544;Бесстыжий; разг.-сниж. ;СТЫД; 35.5. Внешнее выражение эмоций.;neg;
545;Бесстыжий; разг.-сниж. ;СТЫД; 35.6. Эмоциональная характеризация.;neg;
546;Бессчастный; устар. ;ГОРЕ; 9.1. Эмоциональное состояние.;neg;
547;Бессчастный; устар. ;ГОРЕ; 9.6. Эмоциональная характеризация.;neg;
548;Бестактный ;0;БЕССТЫДСТВО; 3.5. Внешнее выражение эмоций.;neg;
549;Бесталанный; трад.-поэт. ;ГОРЕ; 9.6. Эмоциональная характеризация.;neg;
550;Бестревожно ;0;СПОКОЙСТВИЕ; 33.5. Внешнее выражение эмоций.;pos;
551;Бестревожный ;0;СПОКОЙСТВИЕ; 33.1. Эмоциональное состояние.;pos;
552;Бестрепетно; высок. ;БЕССТРАШИЕ; 2.6. Эмоциональная характеризация.;pos;
553;Бестрепетность; книжн. ;БЕССТРАШИЕ; 2.7. Эмоциональное качество.;pos;
556;Бесхарактерность ;0;СМИРЕНИЕ; 31.7. Эмоциональное качество.;pos;
557;Бесхарактерный ;0;СМИРЕНИЕ; 31.6. Эмоциональная характеризация.;pos;
558;Бесхитростно ;0;ИСКРЕННОСТЬ; 17.5. Внешнее выражение эмоций.;pos;
559;Бесхитростность ;0;ИСКРЕННОСТЬ; 17.7. Эмоциональное качество.;pos;
560;Бесхитростность ;0;СМИРЕНИЕ; 31.7. Эмоциональное качество.;pos;
561;Бесхитростный ;0;ИСКРЕННОСТЬ; 17.1. Эмоциональное состояние.;pos;
562;Бесхитростный ;0;ИСКРЕННОСТЬ; 17.6. Эмоциональная характеризация.;pos;
563;Бесхитростный ;0;СМИРЕНИЕ; 31.6. Эмоциональная характеризация.;pos;
564;Бесхребетность; разг., пренебр. ;СМИРЕНИЕ; 31.7. Эмоциональное качество.;pos;
565;Бесхребетный; разг., пренебр. ;СМИРЕНИЕ; 31.6. Эмоциональная характеризация.;pos;
567;Бесценный; устар. ;ЛЮБОВЬ; 18.8. Человек как средоточие и носитель эмоций.;pos;
568;Бесцеремонно ;0;БЕССТЫДСТВО; 3.5. Внешнее выражение эмоций.;neg;
569;Бесцеремонность ;0;БЕССТЫДСТВО; 3.7. Эмоциональное качество.;neg;
570;Бесцеремонный ;0;БЕССТЫДСТВО; 3.6. Эмоциональная характеризация.;neg;
571;Бесцеремонный ;0;ВЫСОКОМЕРИЕ; 8.5. Внешнее выражение эмоций.;neg;
572;Бесчеловечность ;0;ЖЕСТОКОСТЬ; 15.7. Эмоциональное качество.;neg;
573;Бесчеловечный ;0;ЖЕСТОКОСТЬ; 15.1. Эмоциональное состояние.;neg;
574;Бесчеловечный ;0;ЖЕСТОКОСТЬ; 15.6. Эмоциональная характеризация.;neg;
575;Бесчестить ;0;СТЫД; 35.4. Эмоциональное воздействие.;neg;
576;Бесчестный; устар. ;НЕПРИЯЗНЬ; 25.6. Эмоциональная характеризация.;neg;
577;Бесчестье ;0;ОБИДА; 26.1. Эмоциональное состояние.;neg;
578;Бесчестье ;0;СТЫД; 35.1. Эмоциональное состояние.;neg;
579;Бесчувственно ;0;РАВНОДУШИЕ; 29.5. Внешнее выражение эмоций.;neg;
580;Бесчувственность ;0;ЖЕСТОКОСТЬ; 15.7. Эмоциональное качество.;neg;
581;Бесчувственность ;0;РАВНОДУШИЕ; 29.7. Эмоциональное качество.;neg;
582;Бесчувственный ;0;ЖЕСТОКОСТЬ; 15.6. Эмоциональная характеризация.;neg;
583;Бесчувственный ;0;РАВНОДУШИЕ; 29.1. Эмоциональное состояние.;neg;
584;Бесчувственный ;0;РАВНОДУШИЕ; 29.3. Становление эмоционального состояния и отношения.;neg;
585;Бесчувственный ;0;РАВНОДУШИЕ; 29.6. Эмоциональная характеризация.;neg;
586;Бесчувствие ;0;РАВНОДУШИЕ; 29.2. Эмоциональное отношение.;neg;
587;Бесчувствие ;0;РАВНОДУШИЕ; 29.7. Эмоциональное качество.;neg;
588;Бесшабашность ;0;РАДОСТЬ; 30.7. Эмоциональное качество.;pos;
589;Бесшабашность; разг.-сниж., неодобр. ;БЕССТРАШИЕ; 2.7. Эмоциональное качество.;pos;
590;Бесшабашный ;0;РАДОСТЬ; 30.6. Эмоциональная характеризация.;pos;
591;Бесшабашный; разг. ;БЕССТРАШИЕ; 2.6. Эмоциональная характеризация.;pos;
592;Бешено ;0;БЕСПОКОЙСТВО; 1.5. Внешнее выражение эмоций.;neg;
596;Бешенство; разг. -сниж. ;БЕСПОКОЙСТВО; 1.1. Эмоциональное состояние.;neg;
601;Бешеный; разг. ;БЕСПОКОЙСТВО; 1.5. Внешнее выражение эмоций.;neg;
602;Бздун; разг.-сниж., груб. ;СТРАХ; 34.8. Человек как средоточие и носитель эмоций.;neg;
603;Бзик; разг. ;УДИВЛЕНИЕ; 38.5. Внешнее выражение эмоций.;pos;
604;Бзик; разг.-сниж. ;ЛЮБОВЬ; 18.2. Эмоциональное отношение.;pos;
605;Бзик; разг.-сниж., шутл. ;ВЛЕЧЕНИЕ; 6.1. Эмоциональное состояние.;pos;
606;Библиоман ;0;ЛЮБОВЬ; 18.8. Человек как средоточие и носитель эмоций.;pos;
607;Библиофил ;0;ЛЮБОВЬ; 18.8. Человек как средоточие и носитель эмоций.;pos;
608;Бирюк; разг. ;ОДИНОЧЕСТВО; 27.8. Человек как средоточие и носитель эмоций.;neg;
609;Бичевать ;0;НЕДОВОЛЬСТВО; 23.2. Эмоциональное отношение.;neg;
610;Благо ;0;СЧАСТЬЕ; 36.1. Эмоциональное состояние.;pos;
611;Благоволение ;0;ДОБРОТА; 11.2. Эмоциональное отношение.;pos;
612;Благоволение ;0;ДРУЖБА; 12.2. Эмоциональное отношение.;pos;
613;Благоволение; устар. ;ОДОБРЕНИЕ; 28.1. Эмоциональное состояние.;pos;
614;Благотворительный ;0;ДОБРОТА; 11.2. Эмоциональное отношение.;pos;
615;Благоволить ;0;ВЛЕЧЕНИЕ; 6.2. Эмоциональное отношение.;pos;
616;Благоволить ;0;ДОБРОТА; 11.4. Эмоциональное воздействие.;pos;
617;Благоволить ;0;ДРУЖБА; 12.2. Эмоциональное отношение.;pos;
618;Благоволить ;0;ЛЮБОВЬ; 18.2. Эмоциональное отношение.;pos;
619;Благоговейно; книжн. ;УВАЖЕНИЕ; 37.5. Внешнее выражение эмоций.;pos;
620;Благоговейный; книжн. ;ОДОБРЕНИЕ; 28.1. Эмоциональное состояние.;pos;
621;Благоговейный; книжн. ;УВАЖЕНИЕ; 37.1. Эмоциональное состояние.;pos;
622;Благоговейный; книжн. ;УВАЖЕНИЕ; 37.6. Эмоциональная характеризация.;pos;
623;Благоговеть; книжн. ;УВАЖЕНИЕ; 37.2. Эмоциональное отношение.;pos;
624;Благодарение ;0;ДОБРОТА; 11.2. Эмоциональное отношение.;pos;
625;Благодарить ;0;ДОБРОТА; 11.2. Эмоциональное отношение.;pos;
626;Благодарность ;0;ДОБРОТА; 11.1. Эмоциональное состояние.;pos;
627;Благодарный ;0;ДОБРОТА; 11.1. Эмоциональное состояние.;pos;
628;Благодатный ;0;ДОБРОТА; 11.4. Эмоциональное воздействие.;pos;
629;Благодатный; книжн. ;РАДОСТЬ; 30.4. Эмоциональное воздействие.;pos;
630;Благодатный; книжн. ;СЧАСТЬЕ; 36.4. Эмоциональное воздействие.;pos;
632;Благоденственный ;0;СЧАСТЬЕ; 36.4. Эмоциональное воздействие.;pos;
633;Благоденственный ;0;СЧАСТЬЕ; 36.6. Эмоциональная характеризация.;pos;
634;Благоденствие; устар. ;СЧАСТЬЕ; 36.1. Эмоциональное состояние.;pos;
635;Благоденствующий ;0;СЧАСТЬЕ; 36.6. Эмоциональная характеризация.;pos;
636;Благодетель; устар. ;ДОБРОТА; 11.8. Человек как средоточие и носитель эмоций.;pos;
637;Благодетельный ;0;ДОБРОТА; 11.4. Эмоциональное воздействие.;pos;
638;Благодушествовать; разг. ;СЧАСТЬЕ; 36.1. Эмоциональное состояние.;pos;
639;Благодушие; устар. ;ДОБРОТА; 11.7. Эмоциональное качество.;pos;
640;Благодушно ;0;ДОБРОТА; 11.5. Внешнее выражение эмоций.;pos;
641;Благодушный ;0;СЧАСТЬЕ; 36.1. Эмоциональное состояние.;pos;
642;Благодушный ;0;СЧАСТЬЕ; 36.6. Эмоциональная характеризация.;pos;
643;Благодушный; устар. ;ДОБРОТА; 11.6. Эмоциональная характеризация.;pos;
644;Благожелатель ;0;ДОБРОТА; 11.8. Человек как средоточие и носитель эмоций.;pos;
645;Благожелательно ;0;ДОБРОТА; 11.5. Внешнее выражение эмоций.;pos;
646;Благожелательность ;0;ДОБРОТА; 11.7. Эмоциональное качество.;pos;
647;Благожелательный ;0;ДОБРОТА; 11.1. Эмоциональное состояние.;pos;
648;Благожелательный ;0;ДОБРОТА; 11.2. Эмоциональное отношение.;pos;
649;Благожелательный ;0;ДОБРОТА; 11.5. Внешнее выражение эмоций.;pos;
650;Благожелательный ;0;ДОБРОТА; 11.6. Эмоциональная характеризация.;pos;
651;Благожелать ;0;ДОБРОТА; 11.2. Эмоциональное отношение.;pos;
652;Благой ;0;ДОБРОТА; 11.1. Эмоциональное состояние.;pos;
653;Благой ;0;ДОБРОТА; 11.4. Эмоциональное воздействие.;pos;
654;Благой; устар. ;СЧАСТЬЕ; 36.1. Эмоциональное состояние.;pos;
655;Благой; устар. ;СЧАСТЬЕ; 36.6. Эмоциональная характеризация.;pos;
656;Благонадежность ;0;ВЕРА; 5.7. Эмоциональное качество.;pos;
657;Благонадежный ;0;ВЕРА; 5.6. Эмоциональная характеризация.;pos;
658;Благонравие ;0;ДОБРОТА; 11.7. Эмоциональное качество.;pos;
659;Благонравный ;0;ДОБРОТА; 11.6. Эмоциональная характеризация.;pos;
660;Благополучие ;0;СЧАСТЬЕ; 36.1. Эмоциональное состояние.;pos;
661;Благополучный ;0;СЧАСТЬЕ; 36.1. Эмоциональное состояние.;pos;
662;Благополучный ;0;СЧАСТЬЕ; 36.6. Эмоциональная характеризация.;pos;
663;Благоприлично; устар. ;ОДОБРЕНИЕ; 28.5. Внешнее выражение эмоций.;pos;
664;Благоприличный; устар. ;ОДОБРЕНИЕ; 28.6. Эмоциональная характеризация.;pos;
665;Благопристойно ;0;ОДОБРЕНИЕ; 28.5. Внешнее выражение эмоций.;pos;
666;Благопристойность ;0;ОДОБРЕНИЕ; 28.7. Эмоциональное качество.;pos;
667;Благопристойный ;0;ОДОБРЕНИЕ; 28.6. Эмоциональная характеризация.;pos;
668;Благоприятель; устар. ;ДРУЖБА; 12.8. Человек как средоточие и носитель эмоций.;pos;
669;Благоприятно ;0;ОДОБРЕНИЕ; 28.5. Внешнее выражение эмоций.;pos;
670;Благоприятный ;0;ОДОБРЕНИЕ; 28.2. Эмоциональное отношение.;pos;
671;Благоприятный ;0;ОДОБРЕНИЕ; 28.6. Эмоциональная характеризация.;pos;
672;Благорасположение ;0;ДРУЖБА; 12.2. Эмоциональное отношение.;pos;
673;Благорасположение; устар. ;ДОБРОТА; 11.7. Эмоциональное качество.;pos;
674;Благорасположение; устар. ;ОДОБРЕНИЕ; 28.2. Эмоциональное отношение.;pos;
675;Благорасположенность ;0;ДРУЖБА; 12.7. Эмоциональное качество.;pos;
676;Благорасположенный ;0;ДОБРОТА; 11.2. Эмоциональное отношение.;pos;
677;Благорасположенный ;0;ДРУЖБА; 12.1. Эмоциональное состояние.;pos;
678;Благорасположенный ;0;ДРУЖБА; 12.6. Эмоциональная характеризация.;pos;
679;Благорасположенный; устар. ;ДОБРОТА; 11.6. Эмоциональная характеризация.;pos;
680;Благосклонно ;0;ДОБРОТА; 11.2. Эмоциональное отношение.;pos;
681;Благосклонность ;0;ДОБРОТА; 11.2. Эмоциональное отношение.;pos;
682;Благосклонность ;0;ДОБРОТА; 11.7. Эмоциональное качество.;pos;
683;Благосклонность ;0;ДРУЖБА; 12.7. Эмоциональное качество.;pos;
684;Благосклонный ;0;ДОБРОТА; 11.1. Эмоциональное состояние.;pos;
685;Благосклонный ;0;ДОБРОТА; 11.6. Эмоциональная характеризация.;pos;
686;Благосклонный ;0;ДРУЖБА; 12.1. Эмоциональное состояние.;pos;
687;Благосклонный ;0;ДРУЖБА; 12.6. Эмоциональная характеризация.;pos;
688;Благосклонный ;0;ОДОБРЕНИЕ; 28.2. Эмоциональное отношение.;pos;
689;Благосклонный ;0;ОДОБРЕНИЕ; 28.6. Эмоциональная характеризация.;pos;
690;Благосклонный ;0;ДОБРОТА; 11.2. Эмоциональное отношение.;pos;
692;Благословение; разг., шутл. ;ОДОБРЕНИЕ; 28.5. Внешнее выражение эмоций.;pos;
693;Благословенный; высок. ;СЧАСТЬЕ; 36.4. Эмоциональное воздействие.;pos;
694;Благостный ;0;СЧАСТЬЕ; 36.5. Внешнее выражение эмоций.;pos;
695;Благостный; книжн. ;ДОБРОТА; 11.5. Внешнее выражение эмоций.;pos;
696;Благостный; книжн. ;СМИРЕНИЕ; 31.6. Эмоциональная характеризация.;pos;
697;Благостный; книжн. ;СЧАСТЬЕ; 36.4. Эмоциональное воздействие.;pos;
698;Благость; книжн. ;ДОБРОТА; 11.7. Эмоциональное качество.;pos;
699;Благость; устар. ;ЖАЛОСТЬ; 13.7. Эмоциональное качество.;neg;
700;Благотворитель ;0;ДОБРОТА; 11.6. Эмоциональная характеризация.;pos;
701;Благотворитель ;0;ДОБРОТА; 11.8. Человек как средоточие и носитель эмоций.;pos;
702;Благотворительный ;0;ДОБРОТА; 11.2. Эмоциональное отношение.;pos;
703;Благотворительный ;0;ДОБРОТА; 11.6. Эмоциональная характеризация.;pos;
704;Благотворный ;0;СЧАСТЬЕ; 36.4. Эмоциональное воздействие.;pos;
705;Блаженный ;0;СЧАСТЬЕ; 36.1. Эмоциональное состояние.;pos;
706;Блаженный ;0;СЧАСТЬЕ; 36.4. Эмоциональное воздействие.;pos;
707;Блаженный ;0;СЧАСТЬЕ; 36.6. Эмоциональная характеризация.;pos;
708;Блаженство ;0;СЧАСТЬЕ; 36.1. Эмоциональное состояние.;pos;
709;Блаженствовать ;0;СЧАСТЬЕ; 36.1. Эмоциональное состояние.;pos;
710;Блажить; разг.-сниж. ;НАДЕЖДА; 20.5. Внешнее выражение эмоций.;pos;
711;Блажной; разг.-сниж. ;НАДЕЖДА; 20.6. Эмоциональная характеризация.;pos;
712;Блажь; разг. ;НАДЕЖДА; 20.5. Внешнее выражение эмоций.;pos;
713;Близкий ;0;ЧУВСТВО; 39.6. Эмоциональная характеризация.;pos;
719;Бобыль; разг. ;ОДИНОЧЕСТВО; 27.8. Человек как средоточие и носитель эмоций.;neg;
721;Богомерзкий; устар. ;НЕПРИЯЗНЬ; 25.6. Эмоциональная характеризация.;neg;
722;Богопротивный; устар. ;НЕПРИЯЗНЬ; 25.6. Эмоциональная характеризация.;neg;
723;Бодрить ;0;РАДОСТЬ; 30.4. Эмоциональное воздействие.;pos;
724;Бодриться ;0;РАДОСТЬ; 30.5. Внешнее выражение эмоций.;pos;
725;Бодро ;0;РАДОСТЬ; 30.5. Внешнее выражение эмоций.;pos;
726;Бодрость ;0;РАДОСТЬ; 30.1. Эмоциональное состояние.;pos;
727;Бодрость ;0;РАДОСТЬ; 30.7. Эмоциональное качество.;pos;
728;Бодрый ;0;РАДОСТЬ; 30.6. Эмоциональная характеризация.;pos;
731;Бодряк; разг. ;РАДОСТЬ; 30.8. Человек как средоточие и носитель эмоций.;pos;
732;Бодряческий; разг. ;РАДОСТЬ; 30.5. Внешнее выражение эмоций.;pos;
733;Бодряческий; разг. ;РАДОСТЬ; 30.6. Эмоциональная характеризация.;pos;
734;Бодрячество ;0;РАДОСТЬ; 30.7. Эмоциональное качество.;pos;
735;Бодрячок; разг., ирон. ;РАДОСТЬ; 30.8. Человек как средоточие и носитель эмоций.;pos;
736;Божественный; разг. ;УДИВЛЕНИЕ; 38.6. Эмоциональная характеризация.;pos;
739;Бойкий ;0;БЕССТРАШИЕ; 2.1. Эмоциональное состояние.;pos;
740;Бойкий ;0;РАДОСТЬ; 30.6. Эмоциональная характеризация.;pos;
741;Бойкость ;0;РАДОСТЬ; 30.7. Эмоциональное качество.;pos;
742;Бойфренд; разг. ;ЛЮБОВЬ; 18.8. Человек как средоточие и носитель эмоций.;pos;
744;Болезненный ;0;ГОРЕ; 9.4. Эмоциональное воздействие.;neg;
747;Больно ;0;ГОРЕ; 9.1. Эмоциональное состояние.;neg;
748;Борзой; разг.-сниж. ;БЕССТЫДСТВО; 3.5. Внешнее выражение эмоций.;neg;
749;Боязливо ;0;СТРАХ; 34.5. Внешнее выражение эмоций.;neg;
750;Боязливость ;0;СТРАХ; 34.7. Эмоциональное качество.;neg;
751;Боязливый ;0;СТРАХ; 34.1. Эмоциональное состояние.;neg;
752;Боязливый ;0;СТРАХ; 34.6. Эмоциональная характеризация.;neg;
753;Боязно; разг.-сниж. ;СТРАХ; 34.1. Эмоциональное состояние.;neg;
754;Боязнь ;0;СТРАХ; 34.1. Эмоциональное состояние.;neg;
755;Бояка; разг. ;СТРАХ; 34.8. Человек как средоточие и носитель эмоций.;neg;
756;Бояться ;0;СТРАХ; 34.2. Эмоциональное отношение.;neg;
757;Бравада; разг., неодобр. ;БЕССТРАШИЕ; 2.7. Эмоциональное качество.;pos;
758;Бравировать ;0;БЕССТРАШИЕ; 2.5. Внешнее выражение эмоций.;pos;
759;Бравый ;0;БЕССТРАШИЕ; 2.6. Эмоциональная характеризация.;pos;
760;Браниться ;0;ВРАЖДА; 7.5. Внешнее выражение эмоций.;neg;
761;Брань ;0;НЕДОВОЛЬСТВО; 23.2. Эмоциональное отношение.;neg;
762;Брань ;0;НЕДОВОЛЬСТВО; 23.5. Внешнее выражение эмоций.;neg;
764;Братия ;0;ДРУЖБА; 12.8. Человек как средоточие и носитель эмоций.;pos;
768;Брезгливо ;0;НЕПРИЯЗНЬ; 25.5. Внешнее выражение эмоций.;neg;
769;Брезгливость ;0;НЕПРИЯЗНЬ; 25.2. Эмоциональное отношение.;neg;
770;Брезгливость ;0;НЕПРИЯЗНЬ; 25.7. Эмоциональное качество.;neg;
771;Брезгливый ;0;НЕПРИЯЗНЬ; 25.1. Эмоциональное состояние.;neg;
772;Брезгливый ;0;НЕПРИЯЗНЬ; 25.6. Эмоциональная характеризация.;neg;
773;Бременить; устар. ;ГОРЕ; 9.4. Эмоциональное воздействие.;neg;
774;Брожение ;0;БЕСПОКОЙСТВО; 1.1. Эмоциональное состояние.;neg;
775;Бросаться; устар., разг. ;НЕДОВОЛЬСТВО; 23.5. Внешнее выражение эмоций.;neg;
776;Брошенный ;0;ОДИНОЧЕСТВО; 27.1. Эмоциональное состояние.;neg;
777;Брыкливый; разг.-сниж. ;НАСТОЙЧИВОСТЬ; 21.6. Эмоциональная характеризация.;pos;
778;Брюзгливо ;0;НЕДОВОЛЬСТВО; 23.5. Внешнее выражение эмоций.;neg;
779;Брюзгливость ;0;БЕСПОКОЙСТВО; 1.7. Эмоциональное качество.;neg;
780;Брюзгливость ;0;НЕДОВОЛЬСТВО; 23.7. Эмоциональное качество.;neg;
781;Брюзгливый ;0;БЕСПОКОЙСТВО; 1.6. Эмоциональная характеризация.;neg;
782;Брюзгливый ;0;НЕДОВОЛЬСТВО; 23.6. Эмоциональная характеризация.;neg;
783;Брюзжание ;0;НЕДОВОЛЬСТВО; 23.5. Внешнее выражение эмоций.;neg;
784;Брюзжать ;0;НЕДОВОЛЬСТВО; 23.5. Внешнее выражение эмоций.;neg;
785;Будировать; устар. ;ОБИДА; 26.4. Эмоциональное воздействие.;neg;
786;Будоражащий ;0;БЕСПОКОЙСТВО; 1.4. Эмоциональное воздействие.;neg;
788;Будоражиться ;0;БЕСПОКОЙСТВО; 1.1. Эмоциональное состояние.;neg;
789;Буза; разг.-сниж. ;ВРАЖДА; 7.2. Эмоциональное отношение.;neg;
790;Бузила; разг.-сниж. ;ВРАЖДА; 7.8. Человек как средоточие и носитель эмоций.;neg;
791;Бузить; разг.-сниж. ;ВРАЖДА; 7.2. Эмоциональное отношение.;neg;
792;Бузить; разг.-сниж. ;ВРАЖДА; 7.5. Внешнее выражение эмоций.;neg;
793;Бузотер; разг.-сниж. ;ВРАЖДА; 7.8. Человек как средоточие и носитель эмоций.;neg;
794;Буйно ;0;БЕСПОКОЙСТВО; 1.5. Внешнее выражение эмоций.;neg;
801;Буйствовать ;0;БЕСПОКОЙСТВО; 1.5. Внешнее выражение эмоций.;neg;
802;Буйствовать ;0;ЗЛОСТЬ; 16.1. Эмоциональное состояние.;neg;
803;Бука; разг. ;ОДИНОЧЕСТВО; 27.8. Человек как средоточие и носитель эмоций.;neg;
804;Бурливый ;0;БЕСПОКОЙСТВО; 1.6. Эмоциональная характеризация.;neg;
810;Бурчание; разг. ;НЕДОВОЛЬСТВО; 23.5. Внешнее выражение эмоций.;neg;
811;Бурчать; разг. ;НЕДОВОЛЬСТВО; 23.5. Внешнее выражение эмоций.;neg;
812;Бухтеть; разг.-сниж. ;НЕДОВОЛЬСТВО; 23.5. Внешнее выражение эмоций.;neg;
813;Буча; разг.-сниж. ;ВРАЖДА; 7.2. Эмоциональное отношение.;neg;
814;Бушевать ;0;БЕСПОКОЙСТВО; 1.5. Внешнее выражение эмоций.;neg;
816;Буян ;0;ВРАЖДА; 7.8. Человек как средоточие и носитель эмоций.;neg;
817;Выковать ;0;ВРАЖДА; 7.2. Эмоциональное отношение.;neg;
818;Выковать ;0;ВРАЖДА; 7.5. Внешнее выражение эмоций. ;neg;
819;В охотку; разг.-сниж. ;НАДЕЖДА; 20.5. Внешнее выражение эмоций.;pos;
820;Важно ;0;ВЫСОКОМЕРИЕ; 8.5. Внешнее выражение эмоций.;neg;
822;Важность; разг. ;УВАЖЕНИЕ; 37.7. Эмоциональное качество.;pos;
826;Важный; разг. ;УВАЖЕНИЕ; 37.6. Эмоциональная характеризация.;pos;
827;Вакханальный; книжн. ;РАДОСТЬ; 30.5. Внешнее выражение эмоций.;pos;
828;Вакхический; книжн. ;РАДОСТЬ; 30.5. Внешнее выражение эмоций.;pos;
829;Валандаться; разг.-сниж., неодобр. ;ДРУЖБА; 12.2. Эмоциональное отношение.;pos;
830;Вампирный; разг. ;ЖЕСТОКОСТЬ; 15.6. Эмоциональная характеризация.;neg;
831;Вампирский; разг. ;ЖЕСТОКОСТЬ; 15.6. Эмоциональная характеризация.;neg;
832;Вандал; книжн. ;ЖЕСТОКОСТЬ; 15.8. Человек как средоточие и носитель эмоций.;neg;
833;Вандализм; книжн. ;ЖЕСТОКОСТЬ; 15.5. Внешнее выражение эмоций.;neg;
834;Вандалистский ;0;ЖЕСТОКОСТЬ; 15.6. Эмоциональная характеризация.;neg;
835;Варвар ;0;ЖЕСТОКОСТЬ; 15.8. Человек как средоточие и носитель эмоций.;neg;
840;Вгорячах; разг. ;НЕДОВОЛЬСТВО; 23.5. Внешнее выражение эмоций.;neg;
841;Вдохновение ;0;ВДОХНОВЕНИЕ; 4.1. Эмоциональное состояние.;pos;
842;Вдохновенно ;0;ВДОХНОВЕНИЕ; 4.1. Эмоциональное состояние.;pos;
843;Вдохновенный; высок. ;ВДОХНОВЕНИЕ; 4.1. Эмоциональное состояние.;pos;
844;Вдохновенный; высок. ;ВДОХНОВЕНИЕ; 4.5. Внешнее выражение эмоций.;pos;
845;Вдохновитель ;0;ВДОХНОВЕНИЕ; 4.8. Человек как средоточие и носитель эмоций.;pos;
846;Вдохновительница ;0;ВДОХНОВЕНИЕ; 4.8. Человек как средоточие и носитель эмоций.;pos;
847;Вдохновляющий ;0;ВДОХНОВЕНИЕ; 4.4. Эмоциональное воздействие.;pos;
848;Ведаться; разг. ;ДРУЖБА; 12.2. Эмоциональное отношение.;pos;
849;Везун; разг. ;СЧАСТЬЕ; 36.8. Человек как средоточие и носитель эмоций. ;pos;
850;Везунок; разг., шутл. ;СЧАСТЬЕ; 36.8. Человек как средоточие и носитель эмоций.;pos;
851;Везунчик; разг., шутл. ;СЧАСТЬЕ; 36.8. Человек как средоточие и носитель эмоций.;pos;
852;Безуха; разг.-сниж. ;СЧАСТЬЕ; 36.1. Эмоциональное состояние.;pos;
853;Везучесть; разг. ;СЧАСТЬЕ; 36.7. Эмоциональное качество.;pos;
854;Везучий; разг. ;СЧАСТЬЕ; 36.1. Эмоциональное состояние.;pos;
855;Везучий; разг. ;СЧАСТЬЕ; 36.6. Эмоциональная характеризация.;pos;
856;Велеречиво; устар. ;ВЫСОКОМЕРИЕ; 8.5. Внешнее выражение эмоций.;neg;
857;Велеречивость; устар. ;ВЫСОКОМЕРИЕ; 8.5. Внешнее выражение эмоций.;neg;
858;Велеречивый; устар. ;ВЫСОКОМЕРИЕ; 8.5. Внешнее выражение эмоций.;neg;
859;Великодушие ;0;ДОБРОТА; 11.7. Эмоциональное качество.;pos;
860;Великодушный ;0;ДОБРОТА; 11.6. Эмоциональная характеризация.;pos;
861;Великомученик ;0;ГОРЕ; 9.8. Человек как средоточие и носитель эмоций.;neg;
863;Величавый ;0;ВЫСОКОМЕРИЕ; 8.5. Внешнее выражение эмоций.;neg;
864;Величать ;0;УВАЖЕНИЕ; 37.5. Внешнее выражение эмоций.;pos;
866;Вельможеский ;0;ВЫСОКОМЕРИЕ; 8.5. Внешнее выражение эмоций.;neg;
867;Вельможный ;0;ВЫСОКОМЕРИЕ; 8.5. Внешнее выражение эмоций.;neg;
868;Вендетта ;0;ЖЕСТОКОСТЬ; 15.5. Внешнее выражение эмоций.;neg;
869;Вера ;0;ВЕРА; 5.1. Эмоциональное состояние.;pos;
870;Вера ;0;ВЕРА; 5.2. Эмоциональное отношение.;pos;
871;Вередить; разг.-сниж. ;ГОРЕ; 9.4. Эмоциональное воздействие.;neg;
872;Вериться ;0;ВЕРА; 5.1. Эмоциональное состояние.;pos;
873;Вериться ;0;ВЕРА; 5.2. Эмоциональное отношение.;pos;
874;Верно ;0;ВЕРА; 5.5. Внешнее выражение эмоций.;pos;
875;Верноподданничество ;0;ВЕРА; 5.7. Эмоциональное качество.;pos;
876;Верноподданный ;0;ВЕРА; 5.6. Эмоциональная характеризация.;pos;
877;Верность ;0;ВЕРА; 5.7. Эмоциональное качество.;pos;
878;Верный ;0;ВЕРА; 5.6. Эмоциональная характеризация.;pos;
879;Верование; книжн. ;ВЕРА; 5.2. Эмоциональное отношение.;pos;
880;Веровать; книжн. ;ВЕРА; 5.2. Эмоциональное отношение.;pos;
881;Веролом; устар. ;НЕВЕРИЕ; 22.8. Человек как средоточие и носитель эмоций.;neg;
882;Вероломно ;0;НЕВЕРИЕ; 22.5. Внешнее выражение эмоций.;neg;
883;Вероломно ;0;НЕИСКРЕННОСТЬ; 24.5. Внешнее выражение эмоций.;neg;
884;Вероломность ;0;НЕВЕРИЕ; 22.7. Эмоциональное качество.;neg;
885;Вероломность ;0;НЕИСКРЕННОСТЬ; 24.7. Эмоциональное качество.;neg;
886;Вероломный ;0;ЗЛОСТЬ; 16.6. Эмоциональная характеризация.;neg;
887;Вероломный ;0;НЕВЕРИЕ; 22.6. Эмоциональная характеризация.;neg;
888;Вероломный ;0;НЕИСКРЕННОСТЬ; 24.6. Эмоциональная характеризация.;neg;
889;Вероломство ;0;ЗЛОСТЬ; 16.7. Эмоциональное качество.;neg;
890;Вероломство ;0;НЕВЕРИЕ; 22.7. Эмоциональное качество.;neg;
891;Вероломство ;0;НЕИСКРЕННОСТЬ; 24.7. Эмоциональное качество.;neg;
892;Вероотступник ;0;НЕВЕРИЕ; 22.8. Человек как средоточие и носитель эмоций.;neg;
893;Вероотступнический ;0;НЕВЕРИЕ; 22.6. Эмоциональная характеризация.;neg;
895;Весело ;0;РАДОСТЬ; 30.1. Эмоциональное состояние.;pos;
896;Весело ;0;РАДОСТЬ; 30.5. Внешнее выражение эмоций.;pos;
897;Веселость ;0;РАДОСТЬ; 30.7. Эмоциональное качество.;pos;
898;Веселый ;0;РАДОСТЬ; 30.1. Эмоциональное состояние.;pos;
899;Веселый ;0;РАДОСТЬ; 30.6. Эмоциональная характеризация.;pos;
900;Веселье ;0;РАДОСТЬ; 30.1. Эмоциональное состояние.;pos;
901;Весельчак ;0;РАДОСТЬ; 30.8. Человек как средоточие и носитель эмоций.;pos;
902;Веселящий ;0;РАДОСТЬ; 30.4. Эмоциональное воздействие.;pos;
903;Весомо ;0;УВАЖЕНИЕ; 37.5. Внешнее выражение эмоций.;pos;
904;Весомый ;0;УВАЖЕНИЕ; 37.6. Эмоциональная характеризация.;pos;
905;Взаимно ;0;ЛЮБОВЬ; 18.2. Эмоциональное отношение.;pos;
906;Взаимность ;0;ЛЮБОВЬ; 18.2. Эмоциональное отношение.;pos;
907;Взаимный ;0;ЛЮБОВЬ; 18.2. Эмоциональное отношение.;pos;
908;Взаимный ;0;ЛЮБОВЬ; 18.6. Эмоциональная характеризация.;pos;
909;Взаимоотношения ;0;ЛЮБОВЬ; 18.2. Эмоциональное отношение.;pos;
910;Взаимоотношения ;0;ЧУВСТВО; 39.2. Эмоциональное отношение.;pos;
911;Взалкать; сов., устар. ;НАДЕЖДА; 20.2. Эмоциональное отношение.;pos;
912;Взбалмошность; разг. ;БЕССТРАШИЕ; 2.7. Эмоциональное качество.;pos;
913;Взбалмошный; разг. ;БЕССТРАШИЕ; 2.6. Эмоциональная характеризация.;pos;
914;Взбеленить ;0;НЕДОВОЛЬСТВО; 23.4. Эмоциональное воздействие.;neg;
915;Взбеленить; сов., разг.-сниж. ;ЗЛОСТЬ; 16.4. Эмоциональное воздействие.;neg;
917;Взбелениться; сов., разг. ;ЗЛОСТЬ; 16.3. Становление эмоционального состояния и отношения.;neg;
919;Взбешенный; разг. ;ЗЛОСТЬ; 16.1. Эмоциональное состояние.;neg;
920;Взбудораженность ;0;БЕСПОКОЙСТВО; 1.1. Эмоциональное состояние.;neg;
921;Взбудораженный; разг. ;БЕСПОКОЙСТВО; 1.1. Эмоциональное состояние.;neg;
922;Взбудораженный; разг. ;БЕСПОКОЙСТВО; 1.5. Внешнее выражение эмоций.;neg;
923;Взбулгачить; сов., разг.-сниж. ;БЕСПОКОЙСТВО; 1.4. Эмоциональное воздействие.;neg;
924;Взвеселить ;0;РАДОСТЬ; 30.4. Эмоциональное воздействие.;pos;
930;Взволнованно ;0;БЕСПОКОЙСТВО; 1.1. Эмоциональное состояние.;neg;
931;Взволнованно ;0;БЕСПОКОЙСТВО; 1.5. Внешнее выражение эмоций.;neg;
932;Взволнованность ;0;БЕСПОКОЙСТВО; 1.1. Эмоциональное состояние.;neg;
933;Взволнованность ;0;БЕСПОКОЙСТВО; 1.7. Эмоциональное качество.;neg;
934;Взволнованный ;0;БЕСПОКОЙСТВО; 1.6. Эмоциональная характеризация.;neg;
936;Взволноваться; сов. ;БЕСПОКОЙСТВО; 1.3. Становление эмоционального состояния и отношения.;neg;
938;Взгрустнуть; сов., разг. ;ГРУСТЬ; 10.3. Становление эмоционального состояния и отношения.;neg;
939;Взгрустнуться; сов., разг. ;ГРУСТЬ; 10.3. Становление эмоционального состояния и отношения.;neg;
940;Вздорить; разг. ;ВРАЖДА; 7.5. Внешнее выражение эмоций.;neg;
941;Вздорщик; разг. ;ВРАЖДА; 7.8. Человек как средоточие и носитель эмоций.;neg;
942;Вздыхатель; разг., ирон., устар. ;ЛЮБОВЬ; 18.8. Человек как средоточие и носитель эмоций.;pos;
943;Вздыхать; разг. ;ЛЮБОВЬ; 18.2. Эмоциональное отношение.;pos;
945;Взманить; сов. ;ЖЕЛАНИЕ; 14.4. Эмоциональное воздействие.;pos;
948;Взорвать; сов., разг. ;ЗЛОСТЬ; 16.4. Эмоциональное воздействие.;neg;
956;Взъерепениться; сов., разг.-сниж. ;НАСТОЙЧИВОСТЬ; 21.3. Становление эмоционального состояния и отношения.;pos;
958;Взъерошиться; сов., разг. ;ЗЛОСТЬ; 16.3. Становление эмоционального состояния и отношения.;neg;
959;Взъесться; сов., жарг. ;ВРАЖДА; 7.2. Эмоциональное отношение.;neg;
960;Взъесться; сов., жарг. ;ВРАЖДА; 7.5. Внешнее выражение эмоций.;neg;
961;Взъярить; сов., разг. ;ЗЛОСТЬ; 16.4. Эмоциональное воздействие.;neg;
962;Взъярить; сов., разг. ;НЕДОВОЛЬСТВО; 23.4. Эмоциональное воздействие.;neg;
963;Взъяриться; сов., разг. ;ЗЛОСТЬ; 16.3. Становление эмоционального состояния и отношения.;neg;
964;Взъяриться; сов., разг. ;НЕДОВОЛЬСТВО; 23.3. Становление эмоционального состояния и отношения.;neg;
965;Взыграть; сов., разг. ;РАДОСТЬ; 30.3. Становление эмоционального состояния и отношения.;pos;
966;Висельник; разг., бран. ;НЕПРИЯЗНЬ; 25.8. Человек как средоточие и носитель эмоций.;neg;
967;Вкрадчиво ;0;НЕИСКРЕННОСТЬ; 24.5. Внешнее выражение эмоций.;neg;
968;Вкрадчивый ;0;НЕИСКРЕННОСТЬ; 24.6. Эмоциональная характеризация.;neg;
970;Вкус ;0;ВЛЕЧЕНИЕ; 6.1. Эмоциональное состояние.;pos;
971;Вкус ;0;ЛЮБОВЬ; 18.2. Эмоциональное отношение.;pos;
972;Вкусовой; разг. ;ВЕРА; 5.6. Эмоциональная характеризация.;pos;
973;Вкусовщина; разг. ;ВЕРА; 5.6. Эмоциональная характеризация.;pos;
974;Вкусовщина; разг. ;ВЕРА; 5.7. Эмоциональное качество.;pos;
975;Властительно; устар. ;ЛЮБОВЬ; 18.5. Внешнее выражение эмоций.;pos;
976;Властно ;0;ЛЮБОВЬ; 18.5. Внешнее выражение эмоций.;pos;
977;Властность ;0;ЛЮБОВЬ; 18.7. Эмоциональное качество.;pos;
979;Властный ;0;ЛЮБОВЬ; 18.6. Эмоциональная характеризация.;pos;
981;Властолюбивый; книжн. ;ЛЮБОВЬ; 18.6. Эмоциональная характеризация.;pos;
982;Властолюбие; книжн. ;ЛЮБОВЬ; 18.7. Эмоциональное качество.;pos;
983;Влечение ;0;ВЛЕЧЕНИЕ; 6.1. Эмоциональное состояние.;pos;
984;Влечение ;0;ВЛЕЧЕНИЕ; 6.2. Эмоциональное отношение.;pos;
985;Влечение ;0;ЛЮБОВЬ; 18.2. Эмоциональное отношение.;pos;
986;Влечь ;0;ВЛЕЧЕНИЕ; 6.2. Эмоциональное отношение.;pos;
987;Влечь ;0;ВЛЕЧЕНИЕ; 6.4. Эмоциональное воздействие.;pos;
988;Влечься; устар. ;ВЛЕЧЕНИЕ; 6.2. Эмоциональное отношение.;pos;
989;Влияние ;0;УВАЖЕНИЕ; 37.7. Эмоциональное качество.;pos;
992;Влюбленность ;0;ЛЮБОВЬ; 18.1. Эмоциональное состояние.;pos;
993;Влюбленный ;0;ВЛЕЧЕНИЕ; 6.1. Эмоциональное состояние.;pos;
994;Влюбленный ;0;ЛЮБОВЬ; 18.1. Эмоциональное состояние.;pos;
995;Влюбленный ;0;ЛЮБОВЬ; 18.8. Человек как средоточие и носитель эмоций.;pos;
996;Влюбляющийся ;0;ЛЮБОВЬ; 18.2. Эмоциональное отношение.;pos;
997;Влюбчивость ;0;ЛЮБОВЬ; 18.7. Эмоциональное качество.;pos;
998;Влюбчивый ;0;ЛЮБОВЬ; 18.6. Эмоциональная характеризация.;pos;
999;Внимание ;0;ДОБРОТА; 11.5. Внешнее выражение эмоций.;pos;
1000;Внимание ;0;УДИВЛЕНИЕ; 38.2. Эмоциональное отношение.;pos;
1001;Внимательно ;0;ДОБРОТА; 11.5. Внешнее выражение эмоций.;pos;
1002;Внимательность ;0;ДОБРОТА; 11.7. Эмоциональное качество.;pos;
1003;Внимательный ;0;ДОБРОТА; 11.1. Эмоциональное состояние.;pos;
1004;Внимательный ;0;ДОБРОТА; 11.2. Эмоциональное отношение.;pos;
1005;Внимательный ;0;ДОБРОТА; 11.6. Эмоциональная характеризация.;pos;
1007;Внушительно ;0;ВЫСОКОМЕРИЕ; 8.5. Внешнее выражение эмоций.;neg;
1008;Внушительность ;0;ВЫСОКОМЕРИЕ; 8.7. Эмоциональное качество.;neg;
1009;Внушительный ;0;ВЫСОКОМЕРИЕ; 8.5. Внешнее выражение эмоций.;neg;
1010;Внушительный ;0;ВЫСОКОМЕРИЕ; 8.6. Эмоциональная характеризация.;neg;
1011;Водиться; разг. ;ДРУЖБА; 12.2. Эмоциональное отношение.;pos;
1014;Вожделение ;0;ВЛЕЧЕНИЕ; 6.1. Эмоциональное состояние.;pos;
1015;Вожделение ;0;ЖЕЛАНИЕ; 14.1. Эмоциональное состояние.;pos;
1016;Вожделение; высок. ;НАДЕЖДА; 20.2. Эмоциональное отношение.;pos;
1017;Вожделенность; книжн. ;НАДЕЖДА; 20.7. Эмоциональное качество.;pos;
1018;Вожделенный; книжн. ;ЖЕЛАНИЕ; 14.2. Эмоциональное отношение.;pos;
1019;Вожделенный; книжн. ;НАДЕЖДА; 20.6. Эмоциональная характеризация.;pos;
1020;Вожделеть ;0;ВЛЕЧЕНИЕ; 6.1. Эмоциональное состояние.;pos;
1021;Вожделеть ;0;ЖЕЛАНИЕ; 14.2. Эмоциональное отношение.;pos;
1022;Вожделеть; сов., книжн. ;НАДЕЖДА; 20.2. Эмоциональное отношение.;pos;
1023;Возблагодарить; сов. ;ДОБРОТА; 11.5. Внешнее выражение эмоций.;pos;
1024;Возбудимость ;0;БЕСПОКОЙСТВО; 1.7. Эмоциональное качество.;neg;
1029;Возбуждающий ;0;ЧУВСТВО; 39.4. Эмоциональное воздействие.;pos;
1031;Возбуждение ;0;БЕСПОКОЙСТВО; 1.1. Эмоциональное состояние.;neg;
1032;Возбужденность ;0;БЕСПОКОЙСТВО; 1.1. Эмоциональное состояние.;neg;
1033;Возбужденный ;0;БЕСПОКОЙСТВО; 1.1. Эмоциональное состояние.;neg;
1034;Возвышенный ;0;ЧУВСТВО; 39.6. Эмоциональная характеризация.;pos;
1037;Воздержанность ;0;СМИРЕНИЕ; 31.7. Эмоциональное качество.;pos;
1038;Воздержанность ;0;СПОКОЙСТВИЕ; 33.7. Эмоциональное качество.;pos;
1039;Воздержанный ;0;СПОКОЙСТВИЕ; 33.1. Эмоциональное состояние.;pos;
1040;Воздержанный ;0;СПОКОЙСТВИЕ; 33.6. Эмоциональная характеризация.;pos;
1041;Воздержный; устар. ;СМИРЕНИЕ; 31.6. Эмоциональная характеризация.;pos;
1042;Воздыхатель; разг., шутл. ;ЛЮБОВЬ; 18.8. Человек как средоточие и носитель эмоций.;pos;
1043;Воздыхать; устар. ;БЕСПОКОЙСТВО; 1.8. Человек как средоточие и носитель эмоций.;neg;
1044;Возжаждать; сов., книжн. ;НАДЕЖДА; 20.2. Эмоциональное отношение.;pos;
1045;Возжелать; сов., книжн. ;НАДЕЖДА; 20.2. Эмоциональное отношение.;pos;
1046;Возликовать; сов., высок. ;РАДОСТЬ; 30.1. Эмоциональное состояние.;pos;
1047;Возликовать; сов., высок. ;РАДОСТЬ; 30.3. Становление эмоционального состояния и отношения.;pos;
1048;Возлюбить; сов., устар. ;ЛЮБОВЬ; 18.2. Эмоциональное отношение.;pos;
1049;Возлюбленная; разг. ;ЛЮБОВЬ; 18.8. Человек как средоточие и носитель эмоций.;pos;
1050;Возлюбленный; разг. ;ЛЮБОВЬ; 18.8. Человек как средоточие и носитель эмоций.;pos;
1051;Возлюбленный; устар., высок. ;ЛЮБОВЬ; 18.6. Эмоциональная характеризация.;pos;
1052;Возлюбленный; устар., высок. ;ЛЮБОВЬ; 18.8. Человек как средоточие и носитель эмоций.;pos;
1053;Возмутитель ;0;БЕСПОКОЙСТВО; 1.8. Человек как средоточие и носитель эмоций.;neg;
1054;Возмутитель ;0;НЕДОВОЛЬСТВО; 23.8. Человек как средоточие и носитель эмоций.;neg;
1055;Возмутительно ;0;НЕДОВОЛЬСТВО; 23.5. Внешнее выражение эмоций.;neg;
1056;Возмутительность ;0;ЗЛОСТЬ; 16.4. Эмоциональное воздействие.;neg;
1057;Возмутительность ;0;НЕДОВОЛЬСТВО; 23.7. Эмоциональное качество.;neg;
1058;Возмутительный ;0;ЗЛОСТЬ; 16.4. Эмоциональное воздействие.;neg;
1059;Возмутительный ;0;ЗЛОСТЬ; 16.6. Эмоциональная характеризация.;neg;
1060;Возмутительный ;0;НЕДОВОЛЬСТВО; 23.4. Эмоциональное воздействие.;neg;
1061;Возмутительный ;0;НЕДОВОЛЬСТВО; 23.6. Эмоциональная характеризация.;neg;
1062;Возмущение ;0;ЗЛОСТЬ; 16.1. Эмоциональное состояние.;neg;
1063;Возмущение ;0;ЗЛОСТЬ; 16.5. Внешнее выражение эмоций.;neg;
1064;Возмущение ;0;НЕДОВОЛЬСТВО; 23.2. Эмоциональное отношение.;neg;
1065;Возмущенный ;0;ЗЛОСТЬ; 16.1. Эмоциональное состояние.;neg;
1066;Возмущенный ;0;НЕДОВОЛЬСТВО; 23.2. Эмоциональное отношение.;neg;
1067;Вознегодовать; сов., книжн. ;ЗЛОСТЬ; 16.5. Внешнее выражение эмоций.;neg;
1068;Вознегодовать; сов., книжн. ;НЕДОВОЛЬСТВО; 23.3. Становление эмоционального состояния и отношения.;neg;
1069;Возненавидеть; сов. ;НЕПРИЯЗНЬ; 25.2. Эмоциональное отношение.;neg;
1070;Возненавидеть; сов. ;НЕПРИЯЗНЬ; 25.3. Становление эмоционального состояния и отношения.;neg;
1071;Возрадоваться; сов., устар. ;РАДОСТЬ; 30.3. Становление эмоционального состояния и отношения.;pos;
1072;Возрыдать; сов. ;ГОРЕ; 9.5. Внешнее выражение эмоций.;neg;
1080;Волевой ;0;НАСТОЙЧИВОСТЬ; 21.6. Эмоциональная характеризация.;pos;
1081;Волеизъявление ;0;НАДЕЖДА; 20.2. Эмоциональное отношение.;pos;
1084;Волнительный; разг. ;БЕСПОКОЙСТВО; 1.4. Эмоциональное воздействие.;neg;
1085;Волноваться ; разг. ;БЕСПОКОЙСТВО; 1.1. Эмоциональное состояние.;neg;
1086;Волноваться ; разг. ;НЕДОВОЛЬСТВО; 23.1. Эмоциональное состояние.;neg;
1087;Волнующий ; разг. ;БЕСПОКОЙСТВО; 1.4. Эмоциональное воздействие.;neg;
1088;Волнующий; разг. ;НЕДОВОЛЬСТВО; 23.4. Эмоциональное воздействие.;neg;
1089;Волнуясь ; разг. ;БЕСПОКОЙСТВО; 1.6. Эмоциональная характеризация.;neg;
1090;Волокита; разг. ;ЛЮБОВЬ; 18.8. Человек как средоточие и носитель эмоций.;pos;
1091;Волочиться; разг. ;ЛЮБОВЬ; 18.2. Эмоциональное отношение.;pos;
1094;Вольнолюбивый; книжн. ;ЛЮБОВЬ; 18.6. Эмоциональная характеризация.;pos;
1095;Вольнолюбие; книжн. ;ЛЮБОВЬ; 18.7. Эмоциональное качество.;pos;
1096;Вольность ;0;БЕССТЫДСТВО; 3.7. Эмоциональное качество.;neg;
1097;Вольный ;0;БЕССТЫДСТВО; 3.6. Эмоциональная характеризация.;neg;
1099;Воля ;0;НАДЕЖДА; 20.2. Эмоциональное отношение.;pos;
1100;Воля; разг. ;НАСТОЙЧИВОСТЬ; 21.7. Эмоциональное качество.;pos;
1101;Воображаемый ;0;ЖЕЛАНИЕ; 14.6. Эмоциональная характеризация.;pos;
1102;Воображаемый ;0;НАДЕЖДА; 20.6. Эмоциональная характеризация.;pos;
1103;Воображала; разг. ;ВЫСОКОМЕРИЕ; 8.8. Человек как средоточие и носитель эмоций.;neg;
1104;Воодушевление ;0;ВДОХНОВЕНИЕ; 4.1. Эмоциональное состояние.;pos;
1105;Воодушевленно ;0;ВДОХНОВЕНИЕ; 4.1. Эмоциональное состояние.;pos;
1106;Воодушевленный ;0;ВДОХНОВЕНИЕ; 4.1. Эмоциональное состояние.;pos;
1107;Воодушевленный ;0;СЧАСТЬЕ; 36.2. Эмоциональное отношение.;pos;
1108;Воодушевляющий ;0;ВДОХНОВЕНИЕ; 4.4. Эмоциональное воздействие.;pos;
1109;Вопиющий; книжн. ;НЕДОВОЛЬСТВО; 23.4. Эмоциональное воздействие.;neg;
1110;Вопиющий; книжн. ;НЕДОВОЛЬСТВО; 23.6. Эмоциональная характеризация.;neg;
1111;Вопль ;0;СТРАХ; 34.5. Внешнее выражение эмоций.;neg;
1113;Воркотня; разг. ;НЕДОВОЛЬСТВО; 23.5. Внешнее выражение эмоций.;neg;
1116;Ворчание; разг. ;НЕДОВОЛЬСТВО;. 23.5. Внешнее выражение эмоций.;neg;
1117;Ворчать; разг. ;НЕДОВОЛЬСТВО; 23.5. Внешнее выражение эмоций.;neg;
1118;Ворчливо; разг. ;НЕДОВОЛЬСТВО; 23.5. Внешнее выражение эмоций.;neg;
1119;Ворчливость ;0;БЕСПОКОЙСТВО; 1.7. Эмоциональное качество.;neg;
1120;Ворчливость; разг. ;НЕДОВОЛЬСТВО; 23.7. Эмоциональное качество.;neg;
1121;Ворчливый ;0;БЕСПОКОЙСТВО; 1.6. Эмоциональная характеризация.;neg;
1122;Ворчливый; разг. ;НЕДОВОЛЬСТВО; 23.6. Эмоциональная характеризация.;neg;
1125;Восприимчивый ;0;ЧУВСТВО; 39.6. Эмоциональная характеризация.;pos;
1126;Воспрянуть; сов. ;РАДОСТЬ; 30.3. Становление эмоционального состояния и отношения.;pos;
1127;Восторг ;0;ВДОХНОВЕНИЕ; 4.1. Эмоциональное состояние.;pos;
1128;Восторг ;0;ОДОБРЕНИЕ; 28.1. Эмоциональное состояние.;pos;
1129;Восторг ;0;РАДОСТЬ; 30.1. Эмоциональное состояние.;pos;
1130;Восторгать ;0;ОДОБРЕНИЕ; 28.4. Эмоциональное воздействие.;pos;
1131;Восторгать ;0;РАДОСТЬ; 30.4. Эмоциональное воздействие.;pos;
1132;Восторгаться ;0;ВДОХНОВЕНИЕ; 4.2. Эмоциональное отношение.;pos;
1133;Восторгаться ;0;ОДОБРЕНИЕ; 28.2. Эмоциональное отношение.;pos;
1134;Восторгаться ;0;РАДОСТЬ; 30.3. Становление эмоционального состояния и отношения.;pos;
1135;Восторгнуться; сов., разг. ;ОДОБРЕНИЕ; 28.2. Эмоциональное отношение.;pos;
1136;Восторженно ;0;ОДОБРЕНИЕ; 28.5. Внешнее выражение эмоций.;pos;
1137;Восторженность ;0;ВДОХНОВЕНИЕ; 4.1. Эмоциональное состояние.;pos;
1138;Восторженность ;0;РАДОСТЬ; 30.1. Эмоциональное состояние.;pos;
1139;Восторженный ;0;ВДОХНОВЕНИЕ; 4.1. Эмоциональное состояние.;pos;
1140;Восторженный ;0;ВДОХНОВЕНИЕ; 4.5. Внешнее выражение эмоций.;pos;
1141;Восторженный ;0;ОДОБРЕНИЕ; 28.1. Эмоциональное состояние.;pos;
1142;Восторженный ;0;ОДОБРЕНИЕ; 28.5. Внешнее выражение эмоций.;pos;
1143;Восторженный ;0;РАДОСТЬ; 30.1. Эмоциональное состояние.;pos;
1145;Восхваление ;0;ОДОБРЕНИЕ; 28.5. Внешнее выражение эмоций.;pos;
1146;Восхитительно ;0;ОДОБРЕНИЕ; 28.5. Внешнее выражение эмоций.;pos;
1147;Восхитительность ;0;ОДОБРЕНИЕ; 28.7. Эмоциональное качество.;pos;
1148;Восхитительность ;0;УДИВЛЕНИЕ; 38.7. Эмоциональное качество.;pos;
1149;Восхитительный ;0;ВЛЕЧЕНИЕ; 6.6. Эмоциональная характеризация.;pos;
1150;Восхитительный ;0;ОДОБРЕНИЕ; 28.4. Эмоциональное воздействие.;pos;
1151;Восхитительный ;0;ОДОБРЕНИЕ; 28.6. Эмоциональная характеризация.;pos;
1152;Восхитительный ;0;УДИВЛЕНИЕ; 38.6. Эмоциональная характеризация.;pos;
1153;Восхищаться ;0;ВДОХНОВЕНИЕ; 4.2. Эмоциональное отношение.;pos;
1154;Восхищение ;0;ВДОХНОВЕНИЕ; 4.1. Эмоциональное состояние.;pos;
1155;Восхищение ;0;ОДОБРЕНИЕ; 28.2. Эмоциональное отношение.;pos;
1156;Восхищение ;0;СЧАСТЬЕ; 36.2. Эмоциональное отношение.;pos;
1157;Восхищенно ;0;ОДОБРЕНИЕ; 28.5. Внешнее выражение эмоций.;pos;
1158;Восхищенный ;0;ОДОБРЕНИЕ; 28.1. Эмоциональное состояние.;pos;
1159;Восхищенный ;0;ОДОБРЕНИЕ; 28.2. Эмоциональное отношение.;pos;
1160;Восхотеть; сов., устар. ;ЖЕЛАНИЕ; 14.2. Эмоциональное отношение.;pos;
1161;Восхотеть; сов., устар. ;НАДЕЖДА; 20.2. Эмоциональное отношение.;pos;
1163;Впечатлительность ;0;ЧУВСТВО; 39.7. Эмоциональное качество.;pos;
1164;Впечатлительный ;0;ЧУВСТВО; 39.6. Эмоциональная характеризация.;pos;
1165;Впечатляющий ;0;УДИВЛЕНИЕ; 38.4. Эмоциональное воздействие.;pos;
1166;Впечатляющий; разг. ;ЛЮБОПЫТСТВО; 19.4. Эмоциональное воздействие.;pos;
1167;Впрямую; разг. ;ИСКРЕННОСТЬ; 17.5. Внешнее выражение эмоций.;pos;
1168;Враг ;0;ВРАЖДА; 7.8. Человек как средоточие и носитель эмоций.;neg;
1169;Враг ;0;НЕПРИЯЗНЬ; 25.8. Человек как средоточие и носитель эмоций.;neg;
1170;Вражда ;0;ВРАЖДА; 7.2. Эмоциональное отношение.;neg;
1171;Вражда ;0;НЕПРИЯЗНЬ; 25.2. Эмоциональное отношение.;neg;
1172;Враждебно ;0;ВРАЖДА; 7.2. Эмоциональное отношение.;neg;
1173;Враждебно ;0;НЕПРИЯЗНЬ; 25.5. Внешнее выражение эмоций.;neg;
1174;Враждебность ;0;ВРАЖДА; 7.7. Эмоциональное качество.;neg;
1175;Враждебность ;0;НЕПРИЯЗНЬ; 25.2. Эмоциональное отношение.;neg;
1176;Враждебный ;0;ВРАЖДА; 7.2. Эмоциональное отношение.;neg;
1177;Враждебный ;0;ВРАЖДА; 7.6. Эмоциональная характеризация.;neg;
1178;Враждебный ;0;НЕПРИЯЗНЬ; 25.1. Эмоциональное состояние.;neg;
1179;Враждебный ;0;НЕПРИЯЗНЬ; 25.2. Эмоциональное отношение.;neg;
1180;Враждебный ;0;НЕПРИЯЗНЬ; 25.6. Эмоциональная характеризация.;neg;
1181;Враждовать ;0;НЕПРИЯЗНЬ; 25.2. Эмоциональное отношение.;neg;
1182;Вражий; книжн., трад.-поэт. ;ВРАЖДА; 7.2. Эмоциональное отношение.;neg;
1183;Вражий; книжн., трад.-поэт. ;ВРАЖДА; 7.6. Эмоциональная характеризация.;neg;
1184;Вредина; разг. ;ЗЛОСТЬ; 16.8. Человек как средоточие и носитель эмоций.;neg;
1185;Вредничать; разг. ;ЗЛОСТЬ; 16.5. Внешнее выражение эмоций.;neg;
1193;Всевыносящий; высок. ;СМИРЕНИЕ; 31.6. Эмоциональная характеризация.;pos;
1194;Всепокорнейший; устар. ;СМИРЕНИЕ; 31.1. Эмоциональное состояние.;pos;
1195;Всепокорнейший; устар. ;СМИРЕНИЕ; 31.6. Эмоциональная характеризация.;pos;
1196;Всепрощающий ;0;СМИРЕНИЕ; 31.1. Эмоциональное состояние.;pos;
1197;Всепрощение ;0;СМИРЕНИЕ; 31.7. Эмоциональное качество.;pos;
1198;Всепрощенческий ;0;СМИРЕНИЕ; 31.1. Эмоциональное состояние.;pos;
1199;Всепрощенчество ;0;СМИРЕНИЕ; 31.7. Эмоциональное качество.;pos;
1200;Всесокрушающий ;0;ГОРЕ; 9.6. Эмоциональная характеризация.;neg;
1201;Вскидчивость; устар. ;ЗЛОСТЬ; 16.7. Эмоциональное качество.;neg;
1202;Вскидчивый; устар. ;ЗЛОСТЬ; 16.6. Эмоциональная характеризация.;neg;
1216;Вспыльчивость ;0;БЕСПОКОЙСТВО; 1.7. Эмоциональное качество.;neg;
1217;Вспыльчивость ;0;ЗЛОСТЬ; 16.7. Эмоциональное качество.;neg;
1218;Вспыльчивый ;0;БЕСПОКОЙСТВО; 1.6. Эмоциональная характеризация.;neg;
1219;Вспыльчивый ;0;ЗЛОСТЬ; 16.6. Эмоциональная характеризация.;neg;
1221;Встревоженно ;0;БЕСПОКОЙСТВО; 1.1. Эмоциональное состояние.;neg;
1222;Встревоженный ;0;БЕСПОКОЙСТВО; 1.1. Эмоциональное состояние.;neg;
1223;Встревоженный ;0;СТРАХ; 34.1. Эмоциональное состояние.;neg;
1224;Встряска; разг. ;БЕСПОКОЙСТВО; 1.1. Эмоциональное состояние.;neg;
1225;Встряска; разг. ;ГОРЕ; 9.1. Эмоциональное состояние.;neg;
1226;Встряхнуться; сов. ;РАДОСТЬ; 30.1. Эмоциональное состояние.;pos;
1227;Втрескаться; сов., разг.-сниж. ;ЛЮБОВЬ; 18.2. Эмоциональное отношение.;pos;
1228;Втюриться; сов., разг.-снизк., шутл. ;ЛЮБОВЬ; 18.2. Эмоциональное отношение.;pos;
1237;Выделываться; разг. ;УДИВЛЕНИЕ; 38.5. Внешнее выражение эмоций.;pos;
1242;Выжидательность ;0;НАДЕЖДА; 20.7. Эмоциональное качество.;pos;
1243;Выжидательный ;0;НАДЕЖДА; 20.6. Эмоциональная характеризация.;pos;
1244;Вызвериться; разг. ;ЗЛОСТЬ; 16.3. Становление эмоционального состояния и отношения.;neg;
1245;Вызвериться; разг. ;ЗЛОСТЬ; 16.5. Внешнее выражение эмоций.;neg;
1247;Вызывающе ;0;НЕДОВОЛЬСТВО; 23.5. Внешнее выражение эмоций.;neg;
1251;Выкидон; разг.-сниж. ;УДИВЛЕНИЕ; 38.5. Внешнее выражение эмоций.;pos;
1252;Выкрутасы; разг. ;НАДЕЖДА; 20.5. Внешнее выражение эмоций.;pos;
1254;Выносливость ;0;СМИРЕНИЕ; 31.7. Эмоциональное качество.;pos;
1255;Выносливый ;0;БЕССТРАШИЕ; 2.6. Эмоциональная характеризация.;pos;
1256;Выносливый ;0;СМИРЕНИЕ; 31.6. Эмоциональная характеризация.;pos;
1258;Выплакать ;0;ГОРЕ; 9.5. Внешнее выражение эмоций.;neg;
1259;Выплакаться ;0;ГОРЕ; 9.5. Внешнее выражение эмоций.;neg;
1262;Высокомерие ;0;ВЫСОКОМЕРИЕ; 8.2. Эмоциональное отношение.;neg;
1263;Высокомерие ;0;ВЫСОКОМЕРИЕ; 8.7. Эмоциональное качество.;neg;
1264;Высокомерно ;0;ВЫСОКОМЕРИЕ; 8.1. Эмоциональное состояние.;neg;
1265;Высокомерно ;0;ВЫСОКОМЕРИЕ; 8.5. Внешнее выражение эмоций.;neg;
1266;Высокомерность ;0;ВЫСОКОМЕРИЕ; 8.7. Эмоциональное качество.;neg;
1267;Высокомерный ;0;ВЫСОКОМЕРИЕ; 8.1. Эмоциональное состояние.;neg;
1268;Высокомерный ;0;ВЫСОКОМЕРИЕ; 8.2. Эмоциональное отношение.;neg;
1269;Высокомерный ;0;ВЫСОКОМЕРИЕ; 8.6. Эмоциональная характеризация.;neg;
1270;Высокопарно ;0;ВЫСОКОМЕРИЕ; 8.5. Внешнее выражение эмоций.;neg;
1271;Высокопарный ;0;ВЫСОКОМЕРИЕ; 8.5. Внешнее выражение эмоций.;neg;
1272;Высокоуважаемый ;0;УВАЖЕНИЕ; 37.2. Эмоциональное отношение.;pos;
1273;Высокоуважаемый ;0;УВАЖЕНИЕ; 37.6. Эмоциональная характеризация.;pos;
1274;Высокочтимый ;0;УВАЖЕНИЕ; 37.2. Эмоциональное отношение.;pos;
1275;Высокочтимый ;0;УВАЖЕНИЕ; 37.6. Эмоциональная характеризация.;pos;
1276;Выспренне; устар. ;ВЫСОКОМЕРИЕ; 8.5. Внешнее выражение эмоций.;neg;
1277;Выспренний; устар. ;ВЫСОКОМЕРИЕ; 8.5. Внешнее выражение эмоций.;neg;
1278;Выспренность; устар. ;ВЫСОКОМЕРИЕ; 8.5. Внешнее выражение эмоций.;neg;
1279;Выстебываться; разг.-сниж. ;УДИВЛЕНИЕ; 38.5. Внешнее выражение эмоций.;pos;
1280;Выстрадать; сов. ;ГОРЕ; 9.1. Эмоциональное состояние.;neg;
1281;Вытерпеть; сов. ;ГОРЕ; 9.1. Эмоциональное состояние.;neg;
1282;Вычуры; разг. ;НАДЕЖДА; 20.5. Внешнее выражение эмоций.;pos;
1284;Вяло ;0;РАВНОДУШИЕ; 29.5. Внешнее выражение эмоций.;neg;
1285;Вялость ;0;РАВНОДУШИЕ; 29.7. Эмоциональное качество.;neg;
1289;Гад; разг., бран. ;НЕПРИЯЗНЬ; 25.8. Человек как средоточие и носитель эмоций.;neg;
1291;Гадать ;0;НАДЕЖДА; 20.2. Эмоциональное отношение.;pos;
1292;Гадина; разг., бран. ;НЕПРИЯЗНЬ; 25.8. Человек как средоточие и носитель эмоций.;neg;
1293;Гадить ;0;ЗЛОСТЬ; 16.4. Эмоциональное воздействие.;neg;
1294;Гадкий ;0;НЕПРИЯЗНЬ; 25.4. Эмоциональное воздействие.;neg;
1295;Гадкий ;0;НЕПРИЯЗНЬ; 25.6. Эмоциональная характеризация.;neg;
1297;Гадливо ;0;НЕПРИЯЗНЬ; 25.5. Внешнее выражение эмоций.;neg;
1298;Гадливость ;0;НЕПРИЯЗНЬ; 25.1. Эмоциональное состояние.;neg;
1299;Гадливость ;0;НЕПРИЯЗНЬ; 25.7. Эмоциональное качество.;neg;
1300;Гадливый ;0;НЕПРИЯЗНЬ; 25.1. Эмоциональное состояние.;neg;
1301;Гадливый ;0;НЕПРИЯЗНЬ; 25.6. Эмоциональная характеризация.;neg;
1302;Гадостный; разг. ;НЕПРИЯЗНЬ; 25.6. Эмоциональная характеризация.;neg;
1303;Гадость; разг., бран. ;НЕПРИЯЗНЬ; 25.6. Эмоциональная характеризация.;neg;
1304;Гадость; разг., бран. ;НЕПРИЯЗНЬ; 25.8. Человек как средоточие и носитель эмоций.;neg;
1305;Гадский; разг. ;НЕПРИЯЗНЬ; 25.6. Эмоциональная характеризация.;neg;
1308;Герлфренд; разг. ;ЛЮБОВЬ; 18.8. Человек как средоточие и носитель эмоций.;pos;
1309;Герой ;0;БЕССТРАШИЕ; 2.8. Человек как средоточие и носитель эмоций.;pos;
1310;Герой ;0;ЛЮБОВЬ; 18.8. Человек как средоточие и носитель эмоций.;pos;
1312;Героизм ;0;БЕССТРАШИЕ; 2.7. Эмоциональное качество.;pos;
1313;Геройски ;0;БЕССТРАШИЕ; 2.6. Эмоциональная характеризация.;pos;
1314;Геройский ;0;БЕССТРАШИЕ; 2.6. Эмоциональная характеризация.;pos;
1315;Геройство ;0;БЕССТРАШИЕ; 2.7. Эмоциональное качество.;pos;
1316;Геройствовать; разг. ;БЕССТРАШИЕ; 2.5. Внешнее выражение эмоций.;pos;
1317;Героически ;0;БЕССТРАШИЕ; 2.6. Эмоциональная характеризация.;pos;
1318;Героический ;0;БЕССТРАШИЕ; 2.6. Эмоциональная характеризация.;pos;
1319;Героичный; разг. ;БЕССТРАШИЕ; 2.6. Эмоциональная характеризация.;pos;
1320;Герострат ;0;ВЫСОКОМЕРИЕ; 8.8. Человек как средоточие и носитель эмоций.;neg;
1322;Гибельно ;0;ГОРЕ; 9.4. Эмоциональное воздействие.;neg;
1323;Гибельность ;0;ГОРЕ; 9.4. Эмоциональное воздействие.;neg;
1324;Гибельный ;0;ГОРЕ; 9.4. Эмоциональное воздействие.;neg;
1325;Гибельный ;0;ГОРЕ; 9.6. Эмоциональная характеризация.;neg;
1327;Глазеть ;0;ЛЮБОПЫТСТВО; 19.5. Внешнее выражение эмоций.;pos;
1329;Глотнуть; сов., разг. ;ГРУСТЬ; 10.3. Становление эмоционального состояния и отношения.;neg;
1330;Глубокоуважаемый ;0;УВАЖЕНИЕ; 37.2. Эмоциональное отношение.;pos;
1331;Глубокоуважаемый ;0;УВАЖЕНИЕ; 37.6. Эмоциональная характеризация.;pos;
1332;Глубокочтимый ;0;УВАЖЕНИЕ; 37.2. Эмоциональное отношение.;pos;
1333;Глубокочтимый ;0;УВАЖЕНИЕ; 37.6. Эмоциональная характеризация.;pos;
1334;Глумиться ;0;ГОРЕ; 9.4. Эмоциональное воздействие.;neg;
1335;Глумиться ;0;ЖЕСТОКОСТЬ; 15.2. Эмоциональное отношение.;neg;
1336;Глумиться ;0;ЖЕСТОКОСТЬ; 15.5. Внешнее выражение эмоций.;neg;
1337;Глумление ;0;ЖЕСТОКОСТЬ; 15.5. Внешнее выражение эмоций.;neg;
1338;Глумливый ;0;ЖЕСТОКОСТЬ; 15.5. Внешнее выражение эмоций.;neg;
1339;Глумливый ;0;ЖЕСТОКОСТЬ; 15.6. Эмоциональная характеризация.;neg;
1343;Глядеть ;0;ДОБРОТА; 11.5. Внешнее выражение эмоций.;pos;
1344;Глянуться; сов., разг.-сниж. ;ЛЮБОВЬ; 18.3. Становление эмоционального состояния и отношения.;pos;
1345;Глянуться; сов,, разг.-сниж. ;ОДОБРЕНИЕ; 28.3. Становление эмоционального состояния и отношения.;pos;
1346;Гнев ;0;ЗЛОСТЬ; 16.1. Эмоциональное состояние.;neg;
1347;Гнев ;0;НЕДОВОЛЬСТВО; 23.1. Эмоциональное состояние.;neg;
1348;Гневить ;0;НЕДОВОЛЬСТВО; 23.4. Эмоциональное воздействие.;neg;
1349;Гневить; устар. ;ЗЛОСТЬ; 16.4. Эмоциональное воздействие.;neg;
1350;Гневливость ;0;БЕСПОКОЙСТВО; 1.7. Эмоциональное качество.;neg;
1351;Гневливость ;0;НЕДОВОЛЬСТВО; 23.7. Эмоциональное качество.;neg;
1352;Гневливость; разг. ;ЗЛОСТЬ; 16.7. Эмоциональное качество.;neg;
1353;Гневливый ;0;БЕСПОКОЙСТВО; 1.6. Эмоциональная характеризация.;neg;
1354;Гневливый ;0;НЕДОВОЛЬСТВО; 23.6. Эмоциональная характеризация.;neg;
1355;Гневливый; разг. ;ЗЛОСТЬ; 16.6. Эмоциональная характеризация.;neg;
1356;Гневно ;0;ЗЛОСТЬ; 16.5. Внешнее выражение эмоций.;neg;
1357;Гневный ;0;БЕСПОКОЙСТВО; 1.1. Эмоциональное состояние.;neg;
1358;Гневный ;0;ЗЛОСТЬ; 16.1. Эмоциональное состояние.;neg;
1359;Гневный ;0;ЗЛОСТЬ; 16.6. Эмоциональная характеризация.;neg;
1360;Гневный ;0;НЕДОВОЛЬСТВО; 23.1. Эмоциональное состояние.;neg;
1363;Гнетущий ;0;ГРУСТЬ; 10.4. Эмоциональное воздействие.;neg;
1365;Гнетущий ;0;ГОРЕ; 9.4. Эмоциональное воздействие.;neg;
1368;Гнусность ;0;НЕПРИЯЗНЬ; 25.7. Эмоциональное качество.;neg;
1369;Гнусный ;0;НЕПРИЯЗНЬ; 25.4. Эмоциональное воздействие.;neg;
1370;Гнусный ;0;НЕПРИЯЗНЬ; 25.6. Эмоциональная характеризация.;neg;
1371;Гнусь; разг.-сниж. ;НЕПРИЯЗНЬ; 25.6. Эмоциональная характеризация.;neg;
1372;Гнусь; разг.-сниж. ;НЕПРИЯЗНЬ; 25.8. Человек как средоточие и носитель эмоций.;neg;
1373;Гнусь; разг.-сниж. ;НЕПРИЯЗНЬ; 25.7. Эмоциональное качество.;neg;
1374;Говнюк; разг.-сниж., груб. ;НЕПРИЯЗНЬ; 25.8. Человек как средоточие и носитель эмоций.;neg;
1383;Голубки; разг. ;ЛЮБОВЬ; 18.8. Человек как средоточие и носитель эмоций.;pos;
1384;Голубушка; разг. ;ЛЮБОВЬ; 18.8. Человек как средоточие и носитель эмоций.;pos;
1385;Голубчик; разг. ;ЛЮБОВЬ; 18.8. Человек как средоточие и носитель эмоций.;pos;
1386;Гонение ;0;НЕПРИЯЗНЬ; 25.2. Эмоциональное отношение.;neg;
1387;Гонор ;0;ВЫСОКОМЕРИЕ; 8.7. Эмоциональное качество.;neg;
1388;Гоняться и Гнаться; разг. ;ВЛЕЧЕНИЕ; 6.2. Эмоциональное отношение.;pos;
1389;Горделиво ;0;ВЫСОКОМЕРИЕ; 8.1. Эмоциональное состояние.;neg;
1390;Горделиво ;0;ВЫСОКОМЕРИЕ; 8.5. Внешнее выражение эмоций.;neg;
1391;Горделивость ;0;ВЫСОКОМЕРИЕ; 8.7. Эмоциональное качество.;neg;
1392;Горделивый ;0;ВЫСОКОМЕРИЕ; 8.1. Эмоциональное состояние.;neg;
1393;Горделивый ;0;ВЫСОКОМЕРИЕ; 8.6. Эмоциональная характеризация.;neg;
1394;Гордец ;0;ВЫСОКОМЕРИЕ; 8.8. Человек как средоточие и носитель эмоций.;neg;
1396;Гордо ;0;ВЫСОКОМЕРИЕ; 8.1. Эмоциональное состояние.;neg;
1397;Гордо ;0;ВЫСОКОМЕРИЕ; 8.5. Внешнее выражение эмоций.;neg;
1398;Гордость ;0;ВЫСОКОМЕРИЕ; 8.1. Эмоциональное состояние.;neg;
1399;Гордость ;0;ВЫСОКОМЕРИЕ; 8.7. Эмоциональное качество.;neg;
1400;Гордый ;0;ВЫСОКОМЕРИЕ; 8.6. Эмоциональная характеризация.;neg;
1401;Гордый; разг. ;ВЫСОКОМЕРИЕ; 8.1. Эмоциональное состояние.;neg;
1402;Гордыня ;0;ВЫСОКОМЕРИЕ; 8.7. Эмоциональное качество.;neg;
1403;Гордячка ;0;ВЫСОКОМЕРИЕ; 8.8. Человек как средоточие и носитель эмоций.;neg;
1404;Горе ;0;ГОРЕ; 9.1. Эмоциональное состояние.;neg;
1405;Горевать ;0;ГОРЕ; 9.1. Эмоциональное состояние.;neg;
1406;Горевой ;0;ГОРЕ; 9.1. Эмоциональное состояние.;neg;
1407;Горевой; разг. ;ГОРЕ; 9.6. Эмоциональная характеризация.;neg;
1408;Горе-злосчастие; устар., трад.-поэт. ;ГОРЕ; 9.1. Эмоциональное состояние.;neg;
1409;Горемычный; разг. ;ГОРЕ; 9.6. Эмоциональная характеризация.;neg;
1411;Горестно ;0;ГОРЕ; 9.1. Эмоциональное состояние.;neg;
1412;Горестно ;0;ГРУСТЬ; 10.5. Внешнее выражение эмоций.;neg;
1413;Горестный ;0;ГОРЕ; 9.5. Внешнее выражение эмоций.;neg;
1414;Горестный ;0;ГОРЕ; 9.6. Эмоциональная характеризация.;neg;
1415;Горестный ;0;ГРУСТЬ; 10.5. Внешнее выражение эмоций.;neg;
1416;Горестный ;0;ГРУСТЬ; 10.6. Эмоциональная характеризация.;neg;
1417;Горесть; разг. ;ГОРЕ; 9.1. Эмоциональное состояние.;neg;
1419;Горечь ;0;ГОРЕ; 9.1. Эмоциональное состояние.;neg;
1423;Горюн ;0;ГОРЕ; 9.8. Человек как средоточие и носитель эмоций.;neg;
1424;Горюниться ;0;ГОРЕ; 9.1. Эмоциональное состояние.;neg;
1425;Горюниться; разг.-сниж. ;ГРУСТЬ; 10.1. Эмоциональное состояние.;neg;
1426;Горюнья ;0;ГОРЕ; 9.8. Человек как средоточие и носитель эмоций.;neg;
1428;Горюша ;0;ГОРЕ; 9.8. Человек как средоточие и носитель эмоций.;neg;
1429;Горюшко ;0;ГОРЕ; 9.1. Эмоциональное состояние.;neg;
1438;Горячиться ;0;БЕСПОКОЙСТВО; 1.1. Эмоциональное состояние.;neg;
1439;Горячиться ;0;НЕДОВОЛЬСТВО; 23.1. Эмоциональное состояние.;neg;
1440;Горячиться ;0;НЕДОВОЛЬСТВО; 23.3. Становление эмоционального сотояния и отношения.;neg;
1444;Горячка; разг. ;ВЛЕЧЕНИЕ; 6.1. Эмоциональное состояние.;pos;
1445;Горячка; разг. ;ЛЮБОВЬ; 18.1. Эмоциональное состояние.;pos;
1446;Горячность ;0;ВЛЕЧЕНИЕ; 6.7. Эмоциональное качество.;pos;
1447;Горячность ;0;ЗЛОСТЬ; 16.7. Эмоциональное качество.;neg;
1448;Горячность ;0;НЕДОВОЛЬСТВО; 23.7. Эмоциональное качество.;neg;
1449;Горячность;  ;ЛЮБОВЬ; 18.7. Эмоциональное качество.;pos;
1450;Горячность; ;БЕСПОКОЙСТВО; 1.7. Эмоциональное качество.;neg;
1452;Гостеприимно ;0;ДОБРОТА; 11.5. Внешнее выражение эмоций.;pos;
1453;Гостеприимность ;0;ДОБРОТА; 11.7. Эмоциональное качество.;pos;
1454;Гостеприимный ;0;ДОБРОТА; 11.5. Внешнее выражение эмоций.;pos;
1455;Гостеприимный ;0;ДОБРОТА; 11.6. Эмоциональная характеризация.;pos;
1456;Гостеприимство ;0;ДОБРОТА; 11.7. Эмоциональное качество.;pos;
1457;Требовать; разг.-сниж. ;НЕПРИЯЗНЬ; 25.2. Эмоциональное отношение.;neg;
1459;Грезить ;0;НАДЕЖДА; 20.2. Эмоциональное отношение.;pos;
1461;Грозить ;0;СТРАХ; 34.4. Эмоциональное воздействие.;neg;
1462;Грозиться; разг. ;СТРАХ; 34.4. Эмоциональное воздействие.;neg;
1463;Грозно ;0;ЖЕСТОКОСТЬ; 15.5. Внешнее выражение эмоций.;neg;
1464;Грозно ;0;ЗЛОСТЬ; 16.5. Внешнее выражение эмоций.;neg;
1465;Грозно ;0;СТРАХ; 34.5. Внешнее выражение эмоций.;neg;
1466;Грозный ;0;ЖЕСТОКОСТЬ; 15.6. Эмоциональная характеризация.;neg;
1467;Грозный ;0;ЗЛОСТЬ; 16.6. Эмоциональная характеризация.;neg;
1468;Грозный ;0;СТРАХ; 34.4. Эмоциональное воздействие.;neg;
1469;Грозный ;0;СТРАХ; 34.6. Эмоциональная характеризация.;neg;
1470;Громозвучный ;0;ВЫСОКОМЕРИЕ; 8.5. Внешнее выражение эмоций.;neg;
1472;Грубый ;0;ЖЕСТОКОСТЬ; 15.6. Эмоциональная характеризация.;neg;
1475;Грустить ;0;ГРУСТЬ; 10.1. Эмоциональное состояние.;neg;
1476;Грустно ;0;ГРУСТЬ; 10.1. Эмоциональное состояние.;neg;
1477;Грустно ;0;ГРУСТЬ; 10.5. Внешнее выражение эмоций.;neg;
1478;Грустноватый ;0;ГРУСТЬ; 10.1. Эмоциональное состояние.;neg;
1479;Грустный ;0;ГРУСТЬ; 10.1. Эмоциональное состояние.;neg;
1480;Грустный ;0;ГРУСТЬ; 10.4. Эмоциональное воздействие.;neg;
1481;Грустный ;0;ГРУСТЬ; 10.6. Эмоциональная характеризация.;neg;
1482;Грусть ;0;ГРУСТЬ; 10.1. Эмоциональное состояние.;neg;
1483;Грусть-тоска; трад.-поэт. ;ГРУСТЬ; 10.1. Эмоциональное состояние.;neg;
1486;Грызться; разг.-сниж. ;ВРАЖДА; 7.2. Эмоциональное отношение.;neg;
1487;Грызться; разг.-сниж. ;ВРАЖДА; 7.5. Внешнее выражение эмоций.;neg;
1491;Губительно ;0;ГОРЕ; 9.4. Эмоциональное воздействие.;neg;
1492;Губительность ;0;ГОРЕ; 9.4. Эмоциональное воздействие.;neg;
1500;Гуманизм ;0;ЛЮБОВЬ; 18.2. Эмоциональное отношение.;pos;
1501;Гуманизм ;0;ЛЮБОВЬ; 18.7. Эмоциональное качество.;pos;
1502;Гуманист ;0;ЛЮБОВЬ; 18.8. Человек как средоточие и носитель эмоций.;pos;
1503;Гуманно ;0;ЛЮБОВЬ; 18.5. Внешнее выражение эмоций.;pos;
1504;Гуманность ;0;ЛЮБОВЬ; 18.7. Эмоциональное качество.;pos;
1505;Гуманный ;0;ЛЮБОВЬ; 18.1. Эмоциональное состояние.;pos;
1506;Гуманный; книжн. ;ЛЮБОВЬ; 18.6. Эмоциональная характеризация.;pos;
1510;Двоедушие ;0;НЕИСКРЕННОСТЬ; 24.7. Эмоциональное качество.;neg;
1511;Двоедушничать ;0;НЕИСКРЕННОСТЬ; 24.5. Внешнее выражение эмоций.;neg;
1512;Двоедушный ;0;НЕИСКРЕННОСТЬ; 24.6. Эмоциональная характеризация.;neg;
1513;Двойственность ;0;НЕИСКРЕННОСТЬ; 24.7. Эмоциональное качество.;neg;
1514;Двойственный ;0;НЕИСКРЕННОСТЬ; 24.6. Эмоциональная характеризация.;neg;
1517;Двуличие; ;НЕИСКРЕННОСТЬ; 24.7. Эмоциональное качество.;neg;
1518;Двуличничать; ;НЕИСКРЕННОСТЬ; 24.5. Внешнее выражение эмоций.;neg;
1519;Двуличность; ;НЕИСКРЕННОСТЬ; 24.7. Эмоциональное качество.;neg;
1520;Двуличный; ;НЕИСКРЕННОСТЬ; 24.6. Эмоциональная характеризация.;neg;
1521;Двурушник ;0;НЕИСКРЕННОСТЬ; 24.8. Человек как средоточие и носитель эмоций.;neg;
1522;Двусмысленность ;0;БЕССТЫДСТВО; 3.7. Эмоциональное качество.;neg;
1523;Двусмысленный ;0;БЕССТЫДСТВО; 3.6. Эмоциональная характеризация.;neg;
1524;Двусмысленный ;0;ВЫСОКОМЕРИЕ; 8.5. Внешнее выражение эмоций.;neg;
1525;Дебош; разг. ;ВРАЖДА; 7.2. Эмоциональное отношение.;neg;
1526;Дебошир ;0;ВРАЖДА; 7.8. Человек как средоточие и носитель эмоций.;neg;
1527;Дебоширить ;0;ВРАЖДА; 7.5. Внешнее выражение эмоций.;neg;
1533;Деликатность ;0;СМИРЕНИЕ; 31.7. Эмоциональное качество.;pos;
1534;Деликатность; разг. ;ДОБРОТА; 11.7. Эмоциональное качество.;pos;
1535;Деликатный ;0;СМИРЕНИЕ; 31.6. Эмоциональная характеризация.;pos;
1536;Деликатный; разг. ;ДОБРОТА; 11.6. Эмоциональная характеризация.;pos;
1542;Демонстрация ;0;НАСТОЙЧИВОСТЬ; 21.5. Внешнее выражение эмоций.;pos;
1543;Депрессивный ;0;ГРУСТЬ; 10.6. Эмоциональная характеризация.;neg;
1544;Депрессия ;0;ГРУСТЬ; 10.1. Эмоциональное состояние.;neg;
1548;Дерзание; высок. ;БЕССТРАШИЕ; 2.7. Эмоциональное качество.;pos;
1549;Дерзание; высок. ;ВЛЕЧЕНИЕ; 6.1. Эмоциональное состояние.;pos;
1550;Дерзать ;0;БЕССТРАШИЕ; 2.5. Внешнее выражение эмоций.;pos;
1559;Дерзновение ;0;ВЛЕЧЕНИЕ; 6.1. Эмоциональное состояние.;pos;
1560;Дерзновение; высок. ;БЕССТРАШИЕ; 2.7. Эмоциональное качество.;pos;
1563;Дерзновенность; высок. ;БЕССТРАШИЕ; 2.7. Эмоциональное качество.;pos;
1568;Дерзостно; устар. ;БЕССТРАШИЕ; 2.6. Эмоциональная характеризация.;pos;
1569;Дерзостный; устар. ;БЕССТРАШИЕ; 2.6. Эмоциональная характеризация.;pos;
1570;Дерзостный; устар. ;ВЫСОКОМЕРИЕ; 8.6. Эмоциональная характеризация.;neg;
1583;Дивиться; разг. ;УДИВЛЕНИЕ; 38.2. Эмоциональное отношение.;pos;
1584;Дивиться; разг. ;УДИВЛЕНИЕ; 38.3. Становление эмоционального состояния и отношения.;pos;
1585;Дивно; разг. ;УДИВЛЕНИЕ; 38.5. Внешнее выражение эмоций.;pos;
1586;Дивный; разг. ;УДИВЛЕНИЕ; 38.4. Эмоциональное воздействие.;pos;
1587;Дивный; разг. ;УДИВЛЕНИЕ; 38.6. Эмоциональная характеризация.;pos;
1588;Диво; разг. ;УДИВЛЕНИЕ; 38.4. Эмоциональное воздействие.;pos;
1589;Дивоваться; разг. ;УДИВЛЕНИЕ; 38.2. Эмоциональное отношение.;pos;
1590;Дивоваться; разг. ;УДИВЛЕНИЕ; 38.3. Становление эмоционального состояния и отношения.;pos;
1610;Диковинный; разг. ;УДИВЛЕНИЕ; 38.6. Эмоциональная характеризация.;pos;
1611;Дикость; разг. ;ЖЕСТОКОСТЬ; 15.5. Внешнее выражение эмоций.;neg;
1612;Дикость; разг. ;ОДИНОЧЕСТВО; 27.7. Эмоциональное качество.;neg;
1613;Дискредитировать; несов. и сов., книжн. ;СТЫД; 35.4. Эмоциональное воздействие.;neg;
1615;Дичиться; разг. ;СТЫД; 35.3. Становление эмоционального состояния и отношения.;neg;
1618;Добиваться; сов. ;ВЛЕЧЕНИЕ; 6.2. Эмоциональное отношение.;pos;
1619;Доблестно ;0;БЕССТРАШИЕ; 2.6. Эмоциональная характеризация.;pos;
1620;Доблестный ;0;БЕССТРАШИЕ; 2.1. Эмоциональное состояние.;pos;
1621;Доблестный ;0;БЕССТРАШИЕ; 2.6. Эмоциональная характеризация.;pos;
1622;Доблесть ;0;БЕССТРАШИЕ; 2.7. Эмоциональное качество.;pos;
1623;Добродетельность ;0;ДОБРОТА; 11.7. Эмоциональное качество.;pos;
1624;Добродетельный ;0;ДОБРОТА; 11.5. Внешнее выражение эмоций.;pos;
1625;Добродетельный ;0;ДОБРОТА; 11.6. Эмоциональная характеризация.;pos;
1626;Добродушие ;0;ДОБРОТА; 11.7. Эмоциональное качество.;pos;
1627;Добродушно ;0;ДОБРОТА; 11.5. Внешнее выражение эмоций.;pos;
1628;Добродушный ;0;ДОБРОТА; 11.1. Эмоциональное состояние.;pos;
1629;Добродушный ;0;ДОБРОТА; 11.6. Эмоциональная характеризация.;pos;
1630;Доброжелатель ;0;ДОБРОТА; 11.8. Человек как средоточие и носитель эмоций.;pos;
1631;Доброжелательно ;0;ДОБРОТА; 11.5. Внешнее выражение эмоций.;pos;
1632;Доброжелательно ;0;ДРУЖБА; 12.5. Внешнее выражение эмоций.;pos;
1633;Доброжелательность ;0;ДОБРОТА; 11.7. Эмоциональное качество.;pos;
1634;Доброжелательный ;0;ДОБРОТА; 11.1. Эмоциональное состояние.;pos;
1635;Доброжелательный ;0;ДОБРОТА; 11.2. Эмоциональное отношение.;pos;
1636;Доброжелательный ;0;ДОБРОТА; 11.6. Эмоциональная характеризация.;pos;
1637;Доброжелательный ;0;ДРУЖБА; 12.1. Эмоциональное состояние.;pos;
1638;Доброжелательный ;0;ДРУЖБА; 12.6. Эмоциональная характеризация.;pos;
1639;Доброжелательство ;0;ДОБРОТА; 11.5. Внешнее выражение эмоций.;pos;
1640;Доброжелательство ;0;ДОБРОТА; 11.7. Эмоциональное качество.;pos;
1641;Доброжелательствовать ;0;ДОБРОТА; 11.5. Внешнее выражение эмоций.;pos;
1642;Добронравие ;0;ДОБРОТА; 11.7. Эмоциональное качество.;pos;
1643;Добронравный ;0;ДОБРОТА; 11.1. Эмоциональное состояние.;pos;
1644;Добронравный ;0;ДОБРОТА; 11.6. Эмоциональная характеризация.;pos;
1645;Добропорядочность ;0;ОДОБРЕНИЕ; 28.7. Эмоциональное качество.;pos;
1646;Добропорядочный ;0;ОДОБРЕНИЕ; 28.6. Эмоциональная характеризация.;pos;
1647;Добросердечие ;0;ДОБРОТА; 11.7. Эмоциональное качество.;pos;
1648;Добросердечность ;0;ДОБРОТА; 11.7. Эмоциональное качество.;pos;
1649;Добросердечный ;0;ДОБРОТА; 11.1. Эмоциональное состояние.;pos;
1650;Добросердечный ;0;ДОБРОТА; 11.6. Эмоциональная характеризация.;pos;
1651;Добрососедский ;0;ДРУЖБА; 12.2. Эмоциональное отношение.;pos;
1652;Добрососедский ;0;ДРУЖБА; 12.6. Эмоциональная характеризация.;pos;
1653;Добрососедство ;0;ДРУЖБА; 12.2. Эмоциональное отношение.;pos;
1654;Доброта ;0;ДОБРОТА; 11.7. Эмоциональное качество.;pos;
1655;Доброхот; устар. ;ДОБРОТА; 11.8. Человек как средоточие и носитель эмоций.;pos;
1656;Доброхотный; устар. ;ДОБРОТА; 11.1. Эмоциональное состояние.;pos;
1657;Доброхотный; устар. ;ДОБРОТА; 11.2. Эмоциональное отношение.;pos;
1658;Доброхотный; устар. ;ДОБРОТА; 11.5. Внешнее выражение эмоций.;pos;
1659;Доброхотный; устар. ;ДОБРОТА; 11.6. Эмоциональная характеризация.;pos;
1660;Доброхотство; устар. ;ДОБРОТА; 11.5. Внешнее выражение эмоций.;pos;
1661;Доброхотство; устар. ;ДОБРОТА; 11.7. Эмоциональное качество.;pos;
1662;Добрый ;0;ДОБРОТА; 11.1. Эмоциональное состояние.;pos;
1663;Добрый ;0;ДОБРОТА; 11.6. Эмоциональная характеризация.;pos;
1664;Добрый ;0;ДРУЖБА; 12.1. Эмоциональное состояние.;pos;
1665;Добрый ;0;ДРУЖБА; 12.6. Эмоциональная характеризация.;pos;
1666;Добряк ;0;ДОБРОТА; 11.8. Человек как средоточие и носитель эмоций.;pos;
1667;Добряческий ;0;ДОБРОТА; 11.5. Внешнее выражение эмоций.;pos;
1668;Добряческий ;0;ДРУЖБА; 12.1. Эмоциональное состояние.;pos;
1669;Добрячка ;0;ДОБРОТА; 11.8. Человек как средоточие и носитель эмоций.;pos;
1670;Доверенность; устар. ;ВЕРА; 5.2. Эмоциональное отношение.;pos;
1671;Доверенный; устар. ;ВЕРА; 5.2. Эмоциональное отношение.;pos;
1672;Доверие ;0;ВЕРА; 5.2. Эмоциональное отношение.;pos;
1673;Доверительность ;0;ВЕРА; 5.7. Эмоциональное качество.;pos;
1674;Доверчиво ;0;ВЕРА; 5.1. Эмоциональное состояние.;pos;
1675;Доверчиво ;0;ВЕРА; 5.2. Эмоциональное отношение.;pos;
1676;Доверчиво ;0;ВЕРА; 5.5. Внешнее выражение эмоций.;pos;
1677;Доверчивость ;0;ВЕРА; 5.7. Эмоциональное качество.;pos;
1678;Доверчивость ;0;ИСКРЕННОСТЬ; 17.7. Эмоциональное качество.;pos;
1679;Доверчивый ;0;ВЕРА; 5.1. Эмоциональное состояние.;pos;
1680;Доверчивый ;0;ВЕРА; 5.6. Эмоциональная характеризация.;pos;
1681;Доверчивый ;0;ИСКРЕННОСТЬ; 17.1. Эмоциональное состояние.;pos;
1682;Доверчивый ;0;ИСКРЕННОСТЬ; 17.6. Эмоциональная характеризация.;pos;
1683;Довольный ;0;СЧАСТЬЕ; 36.1. Эмоциональное состояние.;pos;
1684;Довольный ;0;СЧАСТЬЕ; 36.6. Эмоциональная характеризация.;pos;
1685;Довольство ;0;СПОКОЙСТВИЕ; 33.1. Эмоциональное состояние.;pos;
1686;Довольство ;0;СЧАСТЬЕ; 36.1. Эмоциональное состояние.;pos;
1687;Довольствовать; устар. ;СЧАСТЬЕ; 36.4. Эмоциональное воздействие.;pos;
1690;Докучать; разг. ;БЕСПОКОЙСТВО; 1.4. Эмоциональное воздействие.;neg;
1691;Докучать; разг. ;ГРУСТЬ; 10.4. Эмоциональное воздействие.;neg;
1692;Докучливость; разг. ;БЕСПОКОЙСТВО; 1.7. Эмоциональное качество.;neg;
1693;Докучливость; разг. ;НАСТОЙЧИВОСТЬ; 21.7. Эмоциональное качество.;pos;
1694;Докучливый; разг. ;БЕСПОКОЙСТВО; 1.6. Эмоциональная характеризация.;neg;
1695;Докучливый; разг. ;ГРУСТЬ; 10.6. Эмоциональная характеризация.;neg;
1696;Докучливый; разг. ;НАСТОЙЧИВОСТЬ; 21.2. Эмоциональное отношение.;pos;
1697;Докучливый; разг. ;НАСТОЙЧИВОСТЬ; 21.6. Эмоциональная характеризация.;pos;
1701;Долгожданность ;0;НАДЕЖДА; 20.7. Эмоциональное качество.;pos;
1702;Долгожданный ;0;ЖЕЛАНИЕ; 14.2. Эмоциональное отношение.;pos;
1703;Долгожданный ;0;НАДЕЖДА; 20.6. Эмоциональная характеризация.;pos;
1704;Долготерпеливый; устар. ;СМИРЕНИЕ; 31.6. Эмоциональная характеризация.;pos;
1705;Долготерпение; устар. ;СМИРЕНИЕ; 31.7. Эмоциональное качество.;pos;
1713;Донкихотовский ;0;ЖЕЛАНИЕ; 14.6. Эмоциональная характеризация.;pos;
1714;Донкихотский ;0;ЖЕЛАНИЕ; 14.6. Эмоциональная характеризация.;pos;
1715;Донкихотский ;0;НАДЕЖДА; 20.6. Эмоциональная характеризация.;pos;
1716;Донкихотство ;0;ЖЕЛАНИЕ; 14.7. Эмоциональное качество.;pos;
1717;Донкихотство; книжн. ;НАДЕЖДА; 20.7. Эмоциональное качество.;pos;
1718;Дорогая ;0;ЛЮБОВЬ; 18.8. Человек как средоточие и носитель эмоций.;pos;
1719;Дорогой ;0;ЛЮБОВЬ; 18.6. Эмоциональная характеризация.;pos;
1720;Дорогой ;0;ЛЮБОВЬ; 18.8. Человек как средоточие и носитель эмоций.;pos;
1721;Дорогой ;0;ОДОБРЕНИЕ; 28.6. Эмоциональная характеризация.;pos;
1722;Дородство; устар., разг., шутл. ;БЕССТРАШИЕ; 2.7. Эмоциональное качество.;pos;
1723;Дорожить ;0;ОДОБРЕНИЕ; 28.2. Эмоциональное отношение.;pos;
1724;Дорожить ;0;УВАЖЕНИЕ; 37.2. Эмоциональное отношение.;pos;
1725;Досада ;0;НЕДОВОЛЬСТВО; 23.1. Эмоциональное состояние.;neg;
1726;Досадительный; устар. ;ЗЛОСТЬ; 16.4. Эмоциональное воздействие.;neg;
1727;Досадительный; устар. ;ОБИДА; 26.4. Эмоциональное воздействие.;neg;
1728;Досадительный; устар. ;ОБИДА; 26.6. Эмоциональная характеризация.;neg;
1729;Досадливо ;0;НЕДОВОЛЬСТВО; 23.5. Внешнее выражение эмоций.;neg;
1730;Досадливый ;0;БЕСПОКОЙСТВО; 1.6. Эмоциональная характеризация.;neg;
1731;Досадливый ;0;НЕДОВОЛЬСТВО; 23.4. Эмоциональное воздействие.;neg;
1732;Досадливый ;0;ОБИДА; 26.4. Эмоциональное воздействие.;neg;
1733;Досадно ;0;НЕДОВОЛЬСТВО; 23.1. Эмоциональное состояние.;neg;
1734;Досадно ;0;НЕДОВОЛЬСТВО; 23.6. Эмоциональная характеризация.;neg;
1735;Досадно ;0;ОБИДА; 26.1. Эмоциональное состояние.;neg;
1736;Досадный ;0;БЕСПОКОЙСТВО; 1.6. Эмоциональная характеризация.;neg;
1737;Досадный ;0;ЗЛОСТЬ; 16.4. Эмоциональное воздействие.;neg;
1738;Досадный ;0;НЕДОВОЛЬСТВО; 23.6. Эмоциональная характеризация.;neg;
1739;Досадный ;0;НЕПРИЯЗНЬ; 25.6. Эмоциональная характеризация.;neg;
1740;Досадный ;0;ОБИДА; 26.4. Эмоциональное воздействие.;neg;
1741;Досадный ;0;ОБИДА; 26.6. Эмоциональная характеризация.;neg;
1742;Досадовать ;0;ЖАЛОСТЬ; 13.2. Эмоциональное отношение.;neg;
1743;Досадовать ;0;НЕДОВОЛЬСТВО; 23.1. Эмоциональное состояние.;neg;
1744;Досадовать ;0;ОБИДА; 26.1. Эмоциональное состояние.;neg;
1745;Досадовать; устар. ;ЗЛОСТЬ; 16.1. Эмоциональное состояние.;neg;
1746;Достойно ;0;ОДОБРЕНИЕ; 28.5. Внешнее выражение эмоций.;pos;
1749;Достойный ;0;ОДОБРЕНИЕ; 28.6. Эмоциональная характеризация.;pos;
1750;Достопочтенный; устар. ;УВАЖЕНИЕ; 37.2. Эмоциональное отношение.;pos;
1751;Достопочтенный; устар. ;УВАЖЕНИЕ; 37.6. Эмоциональная характеризация.;pos;
1752;Достопримечательный; книжн. ;ЛЮБОПЫТСТВО; 19.6. Эмоциональная характеризация.;pos;
1753;Достопримечательный; книжн. ;УДИВЛЕНИЕ; 38.6. Эмоциональная характеризация.;pos;
1754;Достославный; устар. ;УВАЖЕНИЕ; 37.2. Эмоциональное отношение.;pos;
1755;Достославный; устар. ;УВАЖЕНИЕ; 37.6. Эмоциональная характеризация.;pos;
1756;Достоуважаемый; устар. ;УВАЖЕНИЕ; 37.2. Эмоциональное отношение.;pos;
1757;Достоуважаемый; устар. ;УВАЖЕНИЕ; 37.6. Эмоциональная характеризация.;pos;
1758;Достохвальный; устар. ;ОДОБРЕНИЕ; 28.6. Эмоциональная характеризация.;pos;
1759;Досточтимый; устар. ;УВАЖЕНИЕ; 37.2. Эмоциональное отношение.;pos;
1760;Досточтимый; устар. ;УВАЖЕНИЕ; 37.6. Эмоциональная характеризация.;pos;
1761;Дотерпеть; сов. ;СМИРЕНИЕ; 31.3. Становление эмоционального состояния и отношения.;pos;
1762;Дотошно; разг. ;УДИВЛЕНИЕ; 38.5. Внешнее выражение эмоций.;pos;
1763;Дотошный ;0;НАСТОЙЧИВОСТЬ; 21.6. Эмоциональная характеризация.;pos;
1764;Дотошный ;0;УДИВЛЕНИЕ; 38.6. Эмоциональная характеризация.;pos;
1765;Дотошный; разг. ;ЛЮБОПЫТСТВО; 19.1. Эмоциональное состояние.;pos;
1766;Драгой; трад.-поэт., устар. ;ЛЮБОВЬ; 18.6. Эмоциональная характеризация.;pos;
1767;Драгой; трад.-поэт., устар. ;ЛЮБОВЬ; 18.8. Человек как средоточие и носитель эмоций.;pos;
1768;Дразнить ;0;ЗЛОСТЬ; 16.4. Эмоциональное воздействие.;neg;
1776;Драматичность ;0;БЕСПОКОЙСТВО; 1.1. Эмоциональное состояние.;neg;
1778;Драматичный ;0;ГОРЕ; 9.4. Эмоциональное воздействие.;neg;
1779;Дрейфить; разг.-сниж. ;СТРАХ; 34.1. Эмоциональное состояние.;neg;
1784;Друг ;0;ДРУЖБА; 12.8. Человек как средоточие и носитель эмоций.;pos;
1785;Друг ;0;ЛЮБОВЬ; 18.8. Человек как средоточие и носитель эмоций.;pos;
1786;Друган; разг.-сниж. ;ДРУЖБА; 12.8. Человек как средоточие и носитель эмоций.;pos;
1787;Друг-приятель; разг. ;ДРУЖБА; 12.8. Человек как средоточие и носитель эмоций.;pos;
1788;Дружба ;0;ДРУЖБА; 12.2. Эмоциональное отношение.;pos;
1789;Дружелюбие ;0;ДОБРОТА; 11.7. Эмоциональное качество.;pos;
1790;Дружелюбие ;0;ДРУЖБА; 12.2. Эмоциональное отношение.;pos;
1791;Дружелюбно ;0;ДОБРОТА; 11.5. Внешнее выражение эмоций.;pos;
1792;Дружелюбно ;0;ДРУЖБА; 12.5. Внешнее выражение эмоций.;pos;
1793;Дружелюбный ;0;ДОБРОТА; 11.2. Эмоциональное отношение.;pos;
1794;Дружелюбный ;0;ДОБРОТА; 11.6. Эмоциональная характеризация.;pos;
1795;Дружелюбный ;0;ДРУЖБА; 12.1. Эмоциональное состояние.;pos;
1796;Дружелюбный ;0;ДРУЖБА; 12.6. Эмоциональная характеризация.;pos;
1797;Дружески ;0;ДОБРОТА; 11.5. Внешнее выражение эмоций.;pos;
1798;Дружеский ;0;ДОБРОТА; 11.2. Эмоциональное отношение.;pos;
1799;Дружеский ;0;ДОБРОТА; 11.6. Эмоциональная характеризация.;pos;
1800;Дружеский ;0;ДРУЖБА; 12.1. Эмоциональное состояние.;pos;
1801;Дружеский ;0;ДРУЖБА; 12.5. Внешнее выражение эмоций.;pos;
1802;Дружеский ;0;ДРУЖБА; 12.6. Эмоциональная характеризация.;pos;
1803;Дружественно ;0;ДОБРОТА; 11.5. Внешнее выражение эмоций.;pos;
1804;Дружественно ;0;ДРУЖБА; 12.5. Внешнее выражение эмоций.;pos;
1805;Дружественность ;0;ДРУЖБА; 12.7. Эмоциональное качество.;pos;
1806;Дружественный ;0;ДОБРОТА; 11.2. Эмоциональное отношение.;pos;
1807;Дружественный ;0;ДОБРОТА; 11.6. Эмоциональная характеризация.;pos;
1808;Дружественный ;0;ДРУЖБА; 12.1. Эмоциональное состояние.;pos;
1809;Дружественный ;0;ДРУЖБА; 12.6. Эмоциональная характеризация.;pos;
1810;Дружество; разг. ;ДРУЖБА; 12.2. Эмоциональное отношение.;pos;
1811;Дружить ;0;ДРУЖБА; 12.2. Эмоциональное отношение.;pos;
1812;Дружиться ;0;ДРУЖБА; 12.2. Эмоциональное отношение.;pos;
1813;Дружно ;0;ДРУЖБА; 12.5. Внешнее выражение эмоций.;pos;
1814;Дружный ;0;ДРУЖБА; 12.1. Эмоциональное состояние.;pos;
1815;Дружный ;0;ДРУЖБА; 12.6. Эмоциональная характеризация.;pos;
1816;Дружок; разг. ;ДРУЖБА; 12.8. Человек как средоточие и носитель эмоций.;pos;
1817;Дружок; разг. ;ЛЮБОВЬ; 18.8. Человек как средоточие и носитель эмоций.;pos;
1818;Дрязга; разг. ;ВРАЖДА; 7.1. Эмоциональное состояние.;neg;
1819;Дрянной; разг. ;НЕПРИЯЗНЬ; 25.6. Эмоциональная характеризация.;neg;
1820;Дрянцо; разг. ;НЕПРИЯЗНЬ; 25.8. Человек как средоточие и носитель эмоций.;neg;
1821;Дрянь; разг. ;НЕПРИЯЗНЬ; 25.8. Человек как средоточие и носитель эмоций.;neg;
1830;Дурить; разг. ;НАСТОЙЧИВОСТЬ; 21.5. Внешнее выражение эмоций.;pos;
1831;Дурить; разг. ;УДИВЛЕНИЕ; 38.5. Внешнее выражение эмоций.;pos;
1832;Дурной ;0;ГРУСТЬ; 10.4. Эмоциональное воздействие.;neg;
1833;Дурной ;0;ГРУСТЬ; 10.6. Эмоциональная характеризация.;neg;
1834;Дурь; разг. ;НАДЕЖДА; 20.5. Внешнее выражение эмоций.;pos;
1835;Дуться ;0;ВЫСОКОМЕРИЕ; 8.5. Внешнее выражение эмоций.;neg;
1836;Дуться; разг. ;ЗЛОСТЬ; 16.1. Эмоциональное состояние.;neg;
1837;Дуться; разг. ;НЕДОВОЛЬСТВО; 23.1. Эмоциональное состояние.;neg;
1838;Дуться; разг. ;НЕДОВОЛЬСТВО; 23.5. Внешнее выражение эмоций.;neg;
1839;Дуться; разг. ;ОБИДА; 26.1. Эмоциональное состояние.;neg;
1840;Дуться; разг. ;ОБИДА; 26.2. Эмоциональное отношение.;neg;
1841;Дух; книжн. ;БЕССТРАШИЕ; 2.7. Эмоциональное качество.;pos;
1842;Духовный ;0;ЧУВСТВО; 39.6. Эмоциональная характеризация.;pos;
1843;Душа ;0;ВДОХНОВЕНИЕ; 4.8. Человек как средоточие и носитель эмоций.;pos;
1844;Душа ;0;ЧУВСТВО; 39.1. Эмоциональное состояние.;pos;
1845;Душа ;0;ЧУВСТВО; 39.8. Человек как средоточие и носитель эмоций.;pos;
1846;Душевно ;0;ДОБРОТА; 11.5. Внешнее выражение эмоций.;pos;
1847;Душевность ;0;ДОБРОТА; 11.7. Эмоциональное качество.;pos;
1848;Душевность ;0;ИСКРЕННОСТЬ; 17.7. Эмоциональное качество.;pos;
1849;Душевный ;0;ЧУВСТВО; 39.6. Эмоциональная характеризация.;pos;
1854;Душегубный; разг. ;ЖЕСТОКОСТЬ; 15.2. Эмоциональное отношение.;neg;
1855;Душенька; устар. ;ЛЮБОВЬ; 18.8. Человек как средоточие и носитель эмоций.;pos;
1856;Душепагубный; устар. ;ЖЕСТОКОСТЬ; 15.2. Эмоциональное отношение.;neg;
1857;Душепродавец; устар. ;НЕВЕРИЕ; 22.8. Человек как средоточие и носитель эмоций.;neg;
1858;Душераздирающе ;0;СТРАХ; 34.5. Внешнее выражение эмоций.;neg;
1859;Душераздирающий ;0;ГОРЕ; 9.4. Эмоциональное воздействие.;neg;
1860;Душераздирающий ;0;ГОРЕ; 9.5. Внешнее выражение эмоций.;neg;
1861;Душераздирающий ;0;ГОРЕ; 9.6. Эмоциональная характеризация.;neg;
1862;Душераздирающий ;0;СТРАХ; 34.4. Эмоциональное воздействие.;neg;
1863;Душераздирающий ;0;СТРАХ; 34.6. Эмоциональная характеризация.;neg;
1864;Душераздирающий; разг. ;ЧУВСТВО; 39.6. Эмоциональная характеризация.;pos;
1865;Душещипательный ;0;ЧУВСТВО; 39.6. Эмоциональная характеризация.;pos;
1867;Дьявольский; разг. ;ЗЛОСТЬ; 16.6. Эмоциональная характеризация.;neg;
1868;Дюжий; разг.-сниж. ;БЕССТРАШИЕ; 2.6. Эмоциональная характеризация.;pos;
1871;Ежиться; разг. ;СТЫД; 35.3. Становление эмоционального состояния и отношения.;neg;
1882;Естественно ;0;ИСКРЕННОСТЬ; 17.5. Внешнее выражение эмоций.;pos;
1883;Естественность ;0;ИСКРЕННОСТЬ; 17.7. Эмоциональное качество.;pos;
1884;Естественный ;0;ИСКРЕННОСТЬ; 17.1. Эмоциональное состояние.;pos;
1885;Естественный ;0;ИСКРЕННОСТЬ; 17.6. Эмоциональная характеризация.;pos;
1887;Ехида; разг.-сниж. ;ЗЛОСТЬ; 16.8. Человек как средоточие и носитель эмоций.;neg;
1888;Ехидина; разг.-сниж. ;ЗЛОСТЬ; 16.8. Человек как средоточие и носитель эмоций.;neg;
1889;Ехидна; разг. ;ЗЛОСТЬ; 16.8. Человек как средоточие и носитель эмоций.;neg;
1890;Ехидничать ;0;ЗЛОСТЬ; 16.5. Внешнее выражение эмоций.;neg;
1891;Ехидный ;0;ЗЛОСТЬ; 16.5. Внешнее выражение эмоций.;neg;
1892;Ехидный ;0;ЗЛОСТЬ; 16.6. Эмоциональная характеризация.;neg;
1893;Ехидство ;0;ЗЛОСТЬ; 16.7. Эмоциональное качество.;neg;
1905;Жалеть; разг.-сниж. ;ЛЮБОВЬ; 18.2. Эмоциональное отношение.;pos;
1906;Жалисто; разг.-сниж. ;ГРУСТЬ; 10.5. Внешнее выражение эмоций.;neg;
1907;Жалисто; разг.-сниж. ;ЖАЛОСТЬ; 13.5. Внешнее выражение эмоций.;neg;
1909;Жалкий ;0;ГОРЕ; 9.1. Эмоциональное состояние.;neg;
1910;Жалкий ;0;ГОРЕ; 9.5. Внешнее выражение эмоций.;neg;
1911;Жалкий ;0;ГОРЕ; 9.6. Эмоциональная характеризация.;neg;
1912;Жалкий ;0;ЖАЛОСТЬ; 13.1. Эмоциональное состояние.;neg;
1913;Жалкий ;0;ЖАЛОСТЬ; 13.4. Эмоциональное воздействие.;neg;
1914;Жалкий ;0;ЖАЛОСТЬ; 13.6. Эмоциональная характеризация.;neg;
1916;Жалкий; разг. ;ЖАЛОСТЬ; 13.5. Внешнее выражение эмоций.;neg;
1917;Жалко ;0;ЖАЛОСТЬ; 13.1. Эмоциональное состояние.;neg;
1918;Жалко ;0;ЖАЛОСТЬ; 13.2. Эмоциональное отношение.;neg;
1919;Жалоба ;0;ЖАЛОСТЬ; 13.5. Внешнее выражение эмоций.;neg;
1920;Жалоба ;0;НЕДОВОЛЬСТВО; 23.5. Внешнее выражение эмоций.;neg;
1921;Жалобить ;0;ЖАЛОСТЬ; 13.4. Эмоциональное воздействие.;neg;
1922;Жалобно ;0;ЖАЛОСТЬ; 13.5. Внешнее выражение эмоций.;neg;
1923;Жалобный ;0;ГРУСТЬ; 10.5. Внешнее выражение эмоций.;neg;
1924;Жалобный ;0;ГРУСТЬ; 10.6. Эмоциональная характеризация.;neg;
1925;Жалобный ;0;ЖАЛОСТЬ; 13.4. Эмоциональное воздействие.;neg;
1926;Жалобный ;0;ЖАЛОСТЬ; 13.5. Внешнее выражение эмоций.;neg;
1927;Жалобщик ;0;ЖАЛОСТЬ; 13.8. Человек как средоточие и носитель эмоций.;neg;
1928;Жаловать; разг., шутл. ;ЛЮБОВЬ; 18.2. Эмоциональное отношение.;pos;
1929;Жалостливо; разг. ;ЖАЛОСТЬ; 13.5. Внешнее выражение эмоций.;neg;
1930;Жалостливость; разг. ;ЖАЛОСТЬ; 13.7. Эмоциональное качество.;neg;
1931;Жалостливый; разг. ;ГРУСТЬ; 10.6. Эмоциональная характеризация.;neg;
1932;Жалостливый; разг. ;ГРУСТЬ; 10.1. Эмоциональное состояние.;neg;
1933;Жалостливый; разг. ;ГРУСТЬ; 10.4. Эмоциональное воздействие.;neg;
1934;Жалостливый; разг. ;ГРУСТЬ; 10.5. Внешнее выражение эмоций.;neg;
1935;Жалостливый; разг. ;ЖАЛОСТЬ; 13.2. Эмоциональное отношение.;neg;
1936;Жалостливый; разг. ;ЖАЛОСТЬ; 13.4. Эмоциональное воздействие.;neg;
1937;Жалостливый; разг. ;ЖАЛОСТЬ; 13.5. Внешнее выражение эмоций.;neg;
1938;Жалостливый; разг. ;ЖАЛОСТЬ; 13.6. Эмоциональная характеризация.;neg;
1939;Жалостно; разг. ;ГРУСТЬ; 10.5. Внешнее выражение эмоций.;neg;
1940;Жалостно; устар. ;ЖАЛОСТЬ; 13.5. Внешнее выражение эмоций.;neg;
1941;Жалостный; разг. ;ГРУСТЬ; 10.4. Эмоциональное воздействие.;neg;
1942;Жалостный; разг. ;ГРУСТЬ; 10.5. Внешнее выражение эмоций.;neg;
1943;Жалостный; разг. ;ЖАЛОСТЬ; 13.2. Эмоциональное отношение.;neg;
1944;Жалостный; разг. ;ЖАЛОСТЬ; 13.4. Эмоциональное воздействие.;neg;
1945;Жалостный; разг. ;ЖАЛОСТЬ; 13.5. Внешнее выражение эмоций.;neg;
1946;Жалостный; разг. ;ЖАЛОСТЬ; 13.6. Эмоциональная характеризация.;neg;
1947;Жалость ;0;ЖАЛОСТЬ; 13.1. Эмоциональное состояние.;neg;
1948;Жалость ;0;ЖАЛОСТЬ; 13.2. Эмоциональное отношение.;neg;
1949;Жалость ;0;ЖАЛОСТЬ; 13.7. Эмоциональное качество.;neg;
1950;Жаль ;0;ЖАЛОСТЬ; 13.1. Эмоциональное состояние.;neg;
1951;Жаль ;0;ЖАЛОСТЬ; 13.2. Эмоциональное отношение.;neg;
1964;Ждать-пождать; трад.-поэт. ;НАДЕЖДА; 20.2. Эмоциональное отношение.;pos;
1965;Желаемость ;0;НАДЕЖДА; 20.7. Эмоциональное качество.;pos;
1966;Желаемый ;0;НАДЕЖДА; 20.2. Эмоциональное отношение.;pos;
1967;Желаемый ;0;НАДЕЖДА; 20.6. Эмоциональная характеризация.;pos;
1968;Желание ;0;ВЛЕЧЕНИЕ; 6.2. Эмоциональное отношение.;pos;
1969;Желание ;0;ЖЕЛАНИЕ; 14.2. Эмоциональное отношение.;pos;
1970;Желание и Желанье ;0;НАДЕЖДА; 20.2. Эмоциональное отношение.;pos;
1971;Желанная ;0;ЛЮБОВЬ; 18.8. Человек как средоточие и носитель эмоций.;pos;
1972;Желанность ;0;НАДЕЖДА; 20.7. Эмоциональное качество.;pos;
1973;Желанный ;0;ЖЕЛАНИЕ; 14.2. Эмоциональное отношение.;pos;
1974;Желанный ;0;ЖЕЛАНИЕ; 14.6. Эмоциональная характеризация.;pos;
1975;Желанный ;0;ЛЮБОВЬ; 18.6. Эмоциональная характеризация.;pos;
1976;Желанный ;0;ЛЮБОВЬ; 18.8. Человек как средоточие и носитель эмоций.;pos;
1977;Желанный ;0;НАДЕЖДА; 20.6. Эмоциональная характеризация.;pos;
1978;Желанный ;0;ЛЮБОВЬ; 18.4. Эмоциональное воздействие.;pos;
1979;Желательность ;0;ЖЕЛАНИЕ; 14.7. Эмоциональное качество.;pos;
1980;Желательность ;0;НАДЕЖДА; 20.7. Эмоциональное качество.;pos;
1981;Желательный ;0;ЖЕЛАНИЕ; 14.2. Эмоциональное отношение.;pos;
1982;Желательный ;0;НАДЕЖДА; 20.6. Эмоциональная характеризация.;pos;
1983;Желать ;0;ЖЕЛАНИЕ; 14.2. Эмоциональное отношение.;pos;
1984;Желать ;0;НАДЕЖДА; 20.2. Эмоциональное отношение.;pos;
1998;Женолюб ;0;ЛЮБОВЬ; 18.8. Человек как средоточие и носитель эмоций.;pos;
1999;Женолюбивый ;0;ЛЮБОВЬ; 18.2. Эмоциональное отношение.;pos;
2000;Женолюбивый ;0;ЛЮБОВЬ; 18.6. Эмоциональная характеризация.;pos;
2001;Женолюбие ;0;ЛЮБОВЬ; 18.7. Эмоциональное качество.;pos;
2002;Женоненавистнический ;0;НЕПРИЯЗНЬ; 25.2. Эмоциональное отношение.;neg;
2003;Жертва ;0;ГОРЕ; 9.8. Человек как средоточие и носитель эмоций.;neg;
2004;Жертвенность ;0;БЕССТРАШИЕ; 2.7. Эмоциональное качество.;pos;
2005;Жертвенный ;0;БЕССТРАШИЕ; 2.1. Эмоциональное состояние.;pos;
2006;Жертвенный ;0;БЕССТРАШИЕ; 2.6. Эмоциональная характеризация.;pos;
2007;Жестко ;0;ЖЕСТОКОСТЬ; 15.5. Внешнее выражение эмоций. ;neg;
2008;Жестковатый ;0;ЖЕСТОКОСТЬ; 15.1. Эмоциональное состояние.;neg;
2009;Жестокий ;0;ЖЕСТОКОСТЬ; 15.1. Эмоциональное состояние.;neg;
2010;Жестокий ;0;ЖЕСТОКОСТЬ; 15.6. Эмоциональная характеризация.;neg;
2011;Жестоковыйный; устар. ;ЖЕСТОКОСТЬ; 15.6. Эмоциональная характеризация.;neg;
2012;Жестокосердечность ;0;ЖЕСТОКОСТЬ; 15.7. Эмоциональное качество.;neg;
2013;Жестокосердечный ;0;ЖЕСТОКОСТЬ; 15.1. Эмоциональное состояние.;neg;
2014;Жестокосердечный ;0;ЖЕСТОКОСТЬ; 15.6. Эмоциональная характеризация.;neg;
2015;Жестокосердие; устар. ;ЖЕСТОКОСТЬ;" 15.7. Эмоциональное качество.	";neg;
2016;Жестокосердно; книжн. ;ЖЕСТОКОСТЬ; 15.5. Внешнее выражение эмоций.;neg;
2017;Жестокосердный; книжн. ;ЖЕСТОКОСТЬ; 15.1. Эмоциональное состояние.;neg;
2018;Жестокосердный; книжн. ;ЖЕСТОКОСТЬ; 15.6. Эмоциональная характеризация.;neg;
2019;Жестокосердый; устар. ;ЖЕСТОКОСТЬ; 15.1. Эмоциональное состояние.;neg;
2020;Жестокосердый; устар. ;ЖЕСТОКОСТЬ; 15.6. Эмоциональная характеризация.;neg;
2021;Жестокость ;0;ЖЕСТОКОСТЬ; 15.7. Эмоциональное качество.;neg;
2023;Живинка; разг. ;ВДОХНОВЕНИЕ; 4.1. Эмоциональное состояние.;pos;
2024;Живить; устар. ;РАДОСТЬ; 30.4. Эмоциональное воздействие.;pos;
2025;Живоглот; разг.-сниж. ;ГОРЕ; 9.8. Человек как средоточие и носитель эмоций.;neg;
2026;Живоглот; разг.-сниж. ;ЖЕСТОКОСТЬ; 15.8. Человек как средоточие и носитель эмоций.;neg;
2027;Живоглотский; разг.-сниж. ;ЖЕСТОКОСТЬ; 15.6. Эмоциональная характеризация.;neg;
2028;Живодер; разг.-сниж. ;ГОРЕ; 9.8. Человек как средоточие и носитель эмоций.;neg;
2029;Живодер; разг.-сниж. ;ЖЕСТОКОСТЬ; 15.8. Человек как средоточие и носитель эмоций.;neg;
2031;Живодерство; разг.-сниж. ;ЖЕСТОКОСТЬ; 15.5. Внешнее выражение эмоций.;neg;
2034;Живорез; разг.-сниж. ;ГОРЕ; 9.8. Человек как средоточие и носитель эмоций.;neg;
2035;Живость ;0;РАДОСТЬ; 30.7. Эмоциональное качество.;pos;
2036;Животворить; устар. ;РАДОСТЬ; 30.4. Эмоциональное воздействие.;pos;
2037;Животворность; устар. ;РАДОСТЬ; 30.7. Эмоциональное качество.;pos;
2041;Жизнелюб ;0;НАДЕЖДА; 20.8. Человек как средоточие и носитель эмоций.;pos;
2042;Жизнелюб ;0;РАДОСТЬ; 30.8. Человек как средоточие и носитель эмоций.;pos;
2043;Жизнелюбец; разг. ;НАДЕЖДА; 20.8. Человек как средоточие и носитель эмоций.;pos;
2044;Жизнелюбец; разг. ;РАДОСТЬ; 30.8. Человек как средоточие и носитель эмоций.;pos;
2045;Жизнелюбивый ;0;НАДЕЖДА; 20.1. Эмоциональное состояние.;pos;
2046;Жизнелюбивый ;0;НАДЕЖДА; 20.6. Эмоциональная характеризация.;pos;
2047;Жизнелюбивый ;0;РАДОСТЬ; 30.1. Эмоциональное состояние.;pos;
2048;Жизнелюбивый ;0;РАДОСТЬ; 30.6. Эмоциональная характеризация.;pos;
2049;Жизнелюбие ;0;НАДЕЖДА; 20.7. Эмоциональное качество.;pos;
2050;Жизнелюбие ;0;РАДОСТЬ; 30.7. Эмоциональное качество.;pos;
2051;Жизнерадостно ;0;РАДОСТЬ; 30.5. Внешнее выражение эмоций.;pos;
2052;Жизнерадостность ;0;НАДЕЖДА; 20.7. Эмоциональное качество.;pos;
2053;Жизнерадостность ;0;РАДОСТЬ; 30.7. Эмоциональное качество.;pos;
2054;Жизнерадостный ;0;НАДЕЖДА; 20.1. Эмоциональное состояние.;pos;
2055;Жизнерадостный ;0;НАДЕЖДА; 20.6. Эмоциональная характеризация.;pos;
2056;Жизнерадостный ;0;РАДОСТЬ; 30.1. Эмоциональное состояние.;pos;
2057;Жизнерадостный ;0;РАДОСТЬ; 30.6. Эмоциональная характеризация.;pos;
2058;Жизнеутверждающий ;0;НАДЕЖДА; 20.1. Эмоциональное состояние.;pos;
2059;Жизнеутверждающий ;0;НАДЕЖДА; 20.6. Эмоциональная характеризация.;pos;
2060;Жизнеутверждающий ;0;РАДОСТЬ; 30.4. Эмоциональное воздействие.;pos;
2061;Жизнеутверждающий ;0;РАДОСТЬ; 30.6. Эмоциональная характеризация.;pos;
2064;Жлоб; разг.-сниж. ;НЕПРИЯЗНЬ; 25.8. Человек как средоточие и носитель эмоций.;neg;
2065;Жуир; устар. ;СЧАСТЬЕ; 36.8. Человек как средоточие и носитель эмоций.;pos;
2066;Жуировать; устар. ;СЧАСТЬЕ; 36.1. Эмоциональное состояние.;pos;
2067;Жуирский; устар. ;СЧАСТЬЕ; 36.6. Эмоциональная характеризация.;pos;
2068;Жупел ;0;СТРАХ; 34.8. Человек как средоточие и носитель эмоций.;neg;
2069;Журиться ;0;ГРУСТЬ; 10.1. Эмоциональное состояние.;neg;
2070;Жуткий ;0;СТРАХ; 34.4. Эмоциональное воздействие.;neg;
2071;Жуткий ;0;СТРАХ; 34.6. Эмоциональная характеризация.;neg;
2073;Жуткость ;0;СТРАХ; 34.1. Эмоциональное состояние.;neg;
2074;Жуть ;0;СТРАХ; 34.1. Эмоциональное состояние.;neg;
2075;Заартачиться; сов., разг. ;НАСТОЙЧИВОСТЬ; 21.3. Становление эмоционального состояния и отношения.;pos;
2076;Забава ;0;РАДОСТЬ; 30.5. Внешнее выражение эмоций.;pos;
2077;Забавить; устар. ;РАДОСТЬ; 30.4. Эмоциональное воздействие.;pos;
2078;Забавляться ;0;РАДОСТЬ; 30.1. Эмоциональное состояние.;pos;
2079;Забавник ;0;РАДОСТЬ; 30.8. Человек как средоточие и носитель эмоций.;pos;
2080;Забавница ;0;РАДОСТЬ; 30.8. Человек как средоточие и носитель эмоций.;pos;
2082;Забавный ;0;ЛЮБОПЫТСТВО; 19.6. Эмоциональная характеризация.;pos;
2083;Забавный ;0;РАДОСТЬ; 30.4. Эмоциональное воздействие.;pos;
2084;Забавный ;0;РАДОСТЬ; 30.8. Человек как средоточие и носитель эмоций.;pos;
2085;Забаловать; сов., разг. ;ДОБРОТА; 11.2. Эмоциональное отношение.;pos;
2086;Забаловать; сов., разг. ;ДОБРОТА; 11.4. Эмоциональное воздействие.;pos;
2087;Забвение; устар. ;НЕПРИЯЗНЬ; 25.2. Эмоциональное отношение.;neg;
2088;Забеспокоить; сов. ;БЕСПОКОЙСТВО; 1.4. Эмоциональное воздействие.;neg;
2089;Забеспокоиться; сов. ;БЕСПОКОЙСТВО; 1.3. Становление эмоционального состояния и отношения.;neg;
2092;Забота ;0;БЕСПОКОЙСТВО; 1.2. Эмоциональное отношение.;neg;
2093;Забота ;0;ДОБРОТА; 11.1. Эмоциональное состояние.;pos;
2094;Забота ;0;ДОБРОТА; 11.2. Эмоциональное отношение.;pos;
2095;Заботить ;0;БЕСПОКОЙСТВО; 1.4. Эмоциональное воздействие.;neg;
2096;Заботливо ;0;ДОБРОТА; 11.5. Внешнее выражение эмоций.;pos;
2099;Заботливый ;0;ДОБРОТА; 11.2. Эмоциональное отношение.;pos;
2100;Заботливый ;0;ДОБРОТА; 11.6. Эмоциональная характеризация.;pos;
2101;Забояться; сов. ;СТРАХ; 34.2. Эмоциональное отношение.;neg;
2102;Забояться; сов. ;СТРАХ; 34.3. Становление эмоционального состояния и отношения.;neg;
2103;Забранить ;0;НЕПРИЯЗНЬ; 25.5. Внешнее выражение эмоций.;neg;
2104;Забуреть; сов., разг.-сниж. ;ВЫСОКОМЕРИЕ; 8.5. Внешнее выражение эмоций.;neg;
2105;Забытье ;0;БЕСПОКОЙСТВО; 1.1. Эмоциональное состояние.;neg;
2107;Заваруха; разг.-сниж. ;БЕСПОКОЙСТВО; 1.1. Эмоциональное состояние.;neg;
2109;Заветный ;0;ДОБРОТА; 11.6. Эмоциональная характеризация.;pos;
2110;Завзятый; разг. ;ВЛЕЧЕНИЕ; 6.6. Эмоциональная характеризация.;pos;
2111;Завзятый; разг. ;ВРАЖДА; 7.6. Эмоциональная характеризация.;neg;
2112;Завидно ;0;НЕДОВОЛЬСТВО; 23.1. Эмоциональное состояние.;neg;
2113;Завидовать ;0;НЕДОВОЛЬСТВО; 23.2. Эмоциональное отношение.;neg;
2114;Завидущий ;0;НЕДОВОЛЬСТВО; 23.6. Эмоциональная характеризация.;neg;
2115;Завистливость ;0;НЕДОВОЛЬСТВО; 23.7. Эмоциональное качество.;neg;
2116;Завистливый ;0;НЕДОВОЛЬСТВО; 23.1. Эмоциональное состояние.;neg;
2117;Завистник ;0;НЕДОВОЛЬСТВО; 23.8. Человек как средоточие и носитель эмоций.;neg;
2118;Завистница ;0;НЕДОВОЛЬСТВО; 23.8. Человек как средоточие и носитель эмоций.;neg;
2119;Зависть ;0;НЕДОВОЛЬСТВО; 23.1. Эмоциональное состояние.;neg;
2121;Завлекательно; разг. ;ВЛЕЧЕНИЕ; 6.4. Эмоциональное воздействие.;pos;
2122;Завлекательность; разг. ;ВЛЕЧЕНИЕ; 6.7. Эмоциональное качество.;pos;
2123;Завлекательный; разг. ;ВЛЕЧЕНИЕ; 6.6. Эмоциональная характеризация.;pos;
2124;Завлекательный; разг. ;УДИВЛЕНИЕ; 38.6. Эмоциональная характеризация.;pos;
2125;Завлекательный; разг. ;ВЛЕЧЕНИЕ; 6.4. Эмоциональное воздействие.;pos;
2126;Завлекательный; разг. ;ЛЮБОПЫТСТВО; 19.6. Эмоциональная характеризация.;pos;
2127;Заводила; разг.-сниж. ;БЕСПОКОЙСТВО; 1.8. Человек как средоточие и носитель эмоций.;neg;
2128;Заводка; жарг. ;БЕСПОКОЙСТВО; 1.4. Эмоциональное воздействие.;neg;
2129;Заводка; разг.-сниж. ;БЕСПОКОЙСТВО; 1.1. Эмоциональное состояние.;neg;
2131;Заводящий ;0;ЧУВСТВО; 39.4. Эмоциональное воздействие.;pos;
2133;Заволноваться; сов. ;БЕСПОКОЙСТВО; 1.3. Становление эмоционального состояния и отношения.;neg;
2135;Загадочность ;0;УДИВЛЕНИЕ; 38.7. Эмоциональное качество.;pos;
2136;Загадочный ;0;УДИВЛЕНИЕ; 38.6. Эмоциональная характеризация.;pos;
2137;Загордиться; сов. ;ВЫСОКОМЕРИЕ; 8.3. Становление эмоционального состояния и отношения.;neg;
2138;Загордиться; сов. ;ВЫСОКОМЕРИЕ; 8.5. Внешнее выражение эмоций.;neg;
2139;Загоревать; сов. ;ГОРЕ; 9.3. Становление эмоционального состояния и отношения.;neg;
2144;Загрустить; сов. ;ГРУСТЬ; 10.3. Становление эмоционального состояния и отношения.;neg;
2146;Задавала; разг.-сниж., пренебр. ;ВЫСОКОМЕРИЕ; 8.8. Человек как средоточие и носитель эмоций.;neg;
2147;Задаваться ;0;ВЫСОКОМЕРИЕ; 8.5. Внешнее выражение эмоций.;neg;
2154;Задираться; разг. ;БЕССТРАШИЕ; 2.5. Внешнее выражение эмоций.;pos;
2155;Задиристый; разг. ;НАСТОЙЧИВОСТЬ; 21.5. Внешнее выражение эмоций.;pos;
2172;Задориться; сов., разг.-сниж. ;БЕСПОКОЙСТВО; 1.3. Становление эмоционального состояния и отношения.;neg;
2173;Задорливый; разг.-сниж. ;БЕСПОКОЙСТВО; 1.6. Эмоциональная характеризация.;neg;
2174;Задорливый; разг.-сниж. ;ВДОХНОВЕНИЕ; 4.5. Внешнее выражение эмоций.;pos;
2175;Задорливый; разг.-сниж. ;ЛЮБОВЬ; 18.1. Эмоциональное состояние.;pos;
2176;Задорливый; разг.-сниж. ;ЛЮБОВЬ; 18.5. Внешнее выражение эмоций.;pos;
2177;Задорливый; разг.-сниж. ;ЛЮБОВЬ; 18.6. Эмоциональная характеризация.;pos;
2189;Задумка ;0;ЖЕЛАНИЕ; 14.1. Эмоциональное состояние.;pos;
2190;Задушевность ;0;ДРУЖБА; 12.7. Эмоциональное качество.;pos;
2191;Задушевность ;0;ИСКРЕННОСТЬ; 17.7. Эмоциональное качество.;pos;
2192;Задушевный ;0;ДРУЖБА; 12.1. Эмоциональное состояние.;pos;
2193;Задушевный ;0;ДРУЖБА; 12.6. Эмоциональная характеризация.;pos;
2194;Задушевный ;0;ИСКРЕННОСТЬ; 17.1. Эмоциональное состояние.;pos;
2195;Задушевный ;0;ИСКРЕННОСТЬ; 17.5. Внешнее выражение эмоций.;pos;
2196;Задушевный ;0;ИСКРЕННОСТЬ; 17.6. Эмоциональная характеризация.;pos;
2197;Зажатость; разг. ;СТЫД; 35.7. Эмоциональное качество.;neg;
2198;Зажатый; разг. ;СТЫД; 35.1. Эмоциональное состояние.;neg;
2199;Зажатый; разг. ;СТЫД; 35.6. Эмоциональная характеризация.;neg;
2200;Заждаться; сов. ;НАДЕЖДА; 20.3. Становление эмоционального состояния и отношения.;pos;
2205;Зазнавшийся ;0;ВЫСОКОМЕРИЕ; 8.3. Становление эмоционального состояния и отношения.;neg;
2206;Зазнавшийся ;0;ВЫСОКОМЕРИЕ; 8.6. Эмоциональная характеризация.;neg;
2207;Зазнайка; разг. ;ВЫСОКОМЕРИЕ; 8.8. Человек как средоточие и носитель эмоций.;neg;
2208;Зазнайство ;0;ВЫСОКОМЕРИЕ; 8.7. Эмоциональное качество.;neg;
2209;Зазнаться; сов. ;ВЫСОКОМЕРИЕ; 8.3. Становление эмоционального состояния и отношения.;neg;
2210;Зазноба; разг.-сниж. ;ЛЮБОВЬ; 18.8. Человек как средоточие и носитель эмоций.;pos;
2212;Зазор; разг.-сниж. ;СТЫД; 35.1. Эмоциональное состояние.;neg;
2213;Зазорно; разг.-сниж. ;СТЫД; 35.1. Эмоциональное состояние.;neg;
2214;Зазорно; разг.-сниж. ;СТЫД; 35.5. Внешнее выражение эмоций.;neg;
2215;Зазорный; разг.-сниж. ;СТЫД; 35.5. Внешнее выражение эмоций.;neg;
2216;Зазорный; разг.-сниж. ;СТЫД; 35.6. Эмоциональная характеризация.;neg;
2217;Заигрывание ;0;ЛЮБОВЬ; 18.5. Внешнее выражение эмоций.;pos;
2218;Заигрывать ;0;ЛЮБОВЬ; 18.5. Внешнее выражение эмоций.;pos;
2219;Заинтересованность ;0;ЛЮБОПЫТСТВО; 19.1. Эмоциональное состояние.;pos;
2220;Заинтересованность ;0;ЛЮБОПЫТСТВО; 19.7. Эмоциональное качество.;pos;
2221;Заинтересованность ;0;УДИВЛЕНИЕ; 38.2. Эмоциональное отношение.;pos;
2222;Заинтересованность ;0;УДИВЛЕНИЕ; 38.7. Эмоциональное качество.;pos;
2223;Заинтересованный ;0;ЛЮБОПЫТСТВО; 19.6. Эмоциональная характеризация.;pos;
2224;Заинтересовать; сов. ;УДИВЛЕНИЕ; 38.4. Эмоциональное воздействие.;pos;
2225;Заинтересоваться; сов. ;ВЛЕЧЕНИЕ; 6.3. Становление эмоционального состояния и отношения.;pos;
2226;Заинтриговать; сов. ;УДИВЛЕНИЕ; 38.4. Эмоциональное воздействие.;pos;
2227;Заискивать ;0;НЕИСКРЕННОСТЬ; 24.5. Внешнее выражение эмоций.;neg;
2228;Заискивающе ;0;НЕИСКРЕННОСТЬ; 24.5. Внешнее выражение эмоций.;neg;
2229;Заискивающий ;0;НЕИСКРЕННОСТЬ; 24.5. Внешнее выражение эмоций.;neg;
2230;Заискивающий; устар. ;НЕИСКРЕННОСТЬ; 24.6. Эмоциональная характеризация.;neg;
2231;Закадыка; разг.-сниж. ;ДРУЖБА; 12.8. Человек как средоточие и носитель эмоций.;pos;
2232;Закадычный; разг. ;ДРУЖБА; 12.2. Эмоциональное отношение.;pos;
2233;Закадычный; разг. ;ДРУЖБА; 12.6. Эмоциональная характеризация.;pos;
2236;Закидон; разг.-сниж. ;УДИВЛЕНИЕ; 38.5. Внешнее выражение эмоций.;pos;
2238;Заклеймить; сов. ;НЕДОВОЛЬСТВО; 23.3. Становление эмоционального состояния и отношения.;neg;
2239;Заколебать; сов., разг.-сниж. ;ГОРЕ; 9.4. Эмоциональное воздействие.;neg;
2240;Заколебать; сов., разг.-сниж. ;ГРУСТЬ; 10.4. Эмоциональное воздействие.;neg;
2241;Закоренелый ;0;НАСТОЙЧИВОСТЬ; 21.6. Эмоциональная характеризация.;pos;
2244;Закручиниться; сов., трад.-поэт. ;ГРУСТЬ; 10.3. Становление эмоционального состояния и отношения.;neg;
2245;Залихватский; разг. ;БЕССТРАШИЕ; 2.6. Эмоциональная характеризация.;pos;
2246;Залюбоваться; сов. ;ОДОБРЕНИЕ; 28.2. Эмоциональное отношение.;pos;
2247;Заманчиво ;0;ВЛЕЧЕНИЕ; 6.4. Эмоциональное воздействие.;pos;
2248;Заманчивость ;0;ВЛЕЧЕНИЕ; 6.7. Эмоциональное качество.;pos;
2249;Заманчивый ;0;ВЛЕЧЕНИЕ; 6.4. Эмоциональное воздействие.;pos;
2250;Заманчивый ;0;ЛЮБОПЫТСТВО; 19.4. Эмоциональное воздействие.;pos;
2251;Заманчивый ;0;ВЛЕЧЕНИЕ; 6.6. Эмоциональная характеризация.;pos;
2253;Замахнуться; сов., разг.-сниж. ;БЕССТРАШИЕ; 2.3. Становление эмоционального состояния и отношения.;pos;
2254;Замечательный ;0;ЛЮБОПЫТСТВО; 19.6. Эмоциональная характеризация.;pos;
2256;Замирение; устар. ;СПОКОЙСТВИЕ; 33.1. Эмоциональное состояние.;pos;
2257;Замкнуто ;0;ОДИНОЧЕСТВО; 27.5. Внешнее выражение эмоций.;neg;
2258;Замкнутость ;0;ОДИНОЧЕСТВО; 27.7. Эмоциональное качество.;neg;
2262;Замученный ;0;ГРУСТЬ; 10.3. Становление эмоционального состояния и отношения.;neg;
2263;Замысел ;0;НАДЕЖДА; 20.2. Эмоциональное отношение.;pos;
2264;Замысловатость ;0;УДИВЛЕНИЕ; 38.7. Эмоциональное качество.;pos;
2265;Замысловатый ;0;УДИВЛЕНИЕ; 38.6. Эмоциональная характеризация.;pos;
2266;Занервничать; сов. ;БЕСПОКОЙСТВО; 1.3. Становление эмоционального состояния и отношения.;neg;
2267;Занимательно ;0;УДИВЛЕНИЕ; 38.1. Эмоциональное состояние.;pos;
2268;Занимательно ;0;УДИВЛЕНИЕ; 38.5. Внешнее выражение эмоций.;pos;
2269;Занимательность ;0;ЛЮБОПЫТСТВО; 19.7. Эмоциональное качество.;pos;
2270;Занимательный ;0;ЛЮБОПЫТСТВО; 19.4. Эмоциональное воздействие.;pos;
2271;Занимательный ;0;ЛЮБОПЫТСТВО; 19.6. Эмоциональная характеризация.;pos;
2273;Занозистый; разг. ;ЗЛОСТЬ; 16.5. Внешнее выражение эмоций.;neg;
2274;Занозистый; разг. ;ЗЛОСТЬ; 16.6. Эмоциональная характеризация.;neg;
2275;Заносчиво ;0;ВЫСОКОМЕРИЕ; 8.1. Эмоциональное состояние.;neg;
2276;Заносчиво ;0;ВЫСОКОМЕРИЕ; 8.5. Внешнее выражение эмоций.;neg;
2277;Заносчивость ;0;ВЫСОКОМЕРИЕ; 8.7. Эмоциональное качество.;neg;
2278;Заносчивый ;0;ВЫСОКОМЕРИЕ; 8.1. Эмоциональное состояние.;neg;
2279;Заносчивый ;0;ВЫСОКОМЕРИЕ; 8.6. Эмоциональная характеризация.;neg;
2280;Зануда; разг. ;ГРУСТЬ; 10.8. Человек как средоточие и носитель эмоций.;neg;
2281;Занудливый; разг. ;ГРУСТЬ; 10.6. Эмоциональная характеризация.;neg;
2282;Занудно; разг. ;ГРУСТЬ; 10.5. Внешнее выражение эмоций.;neg;
2283;Занудно; разг. ;ГРУСТЬ; 10.1. Эмоциональное состояние.;neg;
2284;Занудность ;0;ГРУСТЬ; 10.7. Эмоциональное качество.;neg;
2285;Занудный; разг. ;ГРУСТЬ; 10.5. Внешнее выражение эмоций.;neg;
2286;Занудный; разг. ;ГРУСТЬ; 10.6. Эмоциональная характеризация.;neg;
2287;Занятно; разг. ;ЛЮБОПЫТСТВО; 19.1. Эмоциональное состояние.;pos;
2288;Занятно; разг. ;УДИВЛЕНИЕ; 38.5. Внешнее выражение эмоций.;pos;
2289;Занятно; разг. ;УДИВЛЕНИЕ; 38.1. Эмоциональное состояние.;pos;
2290;Занятный; разг. ;ЛЮБОПЫТСТВО; 19.4. Эмоциональное воздействие.;pos;
2291;Занятный; разг. ;ЛЮБОПЫТСТВО; 19.6. Эмоциональная характеризация.;pos;
2292;Занятный; разг. ;УДИВЛЕНИЕ; 38.6. Эмоциональная характеризация.;pos;
2293;Заняться ;0;ЛЮБОПЫТСТВО; 19.5. Внешнее выражение эмоций.;pos;
2296;Западать; жарг. ;ОДОБРЕНИЕ; 28.1. Эмоциональное состояние.;pos;
2297;Западать; жарг. ;ОДОБРЕНИЕ; 28.2. Эмоциональное отношение.;pos;
2315;Запечалиться; сов., разг. ;ГРУСТЬ; 10.3. Становление эмоционального состояния и отношения.;neg;
2316;Запуганный ;0;СТРАХ; 34.1. Эмоциональное состояние.;neg;
2317;Зараза; разг.-сниж., бран. ;НЕПРИЯЗНЬ; 25.8. Человек как средоточие и носитель эмоций.;neg;
2319;Заробеть; разг.-сниж. ;СТЫД; 35.3. Становление эмоционального состояния и отношения.;neg;
2320;Заробеть; сов. ;СТРАХ; 34.3. Становление эмоционального состояния и отношения.;neg;
2321;Заручка; разг.-сниж. ;ДОБРОТА; 11.2. Эмоциональное отношение.;pos;
2323;Засмущаться; сов. ;СТЫД; 35.3. Становление эмоционального состояния и отношения.;neg;
2324;Засовеститься; сов. ;СТЫД; 35.3. Становление эмоционального состояния и отношения.;neg;
2325;Засомневаться ;0;СОМНЕНИЕ; 32.3. Становление эмоционального состояния и отношения.;neg;
2326;Засомневаться; сов. ;СОМНЕНИЕ; 32.2. Эмоциональное отношение.;neg;
2327;Застенчиво ;0;СТЫД; 35.5. Внешнее выражение эмоций.;neg;
2328;Застенчивость ;0;ОДИНОЧЕСТВО; 27.7. Эмоциональное качество.;neg;
2329;Застенчивость ;0;СМИРЕНИЕ; 31.7. Эмоциональное качество.;pos;
2330;Застенчивость ;0;СТЫД; 35.7. Эмоциональное качество.;neg;
2339;Застесняться; сов., разг. ;СТЫД; 35.3. Становление эмоционального состояния и отношения.;neg;
2340;Застращать; сов., разг.-сниж. ;СТРАХ; 34.4. Эмоциональное воздействие.;neg;
2341;Заступление ;0;ДОБРОТА; 11.5. Внешнее выражение эмоций.;pos;
2342;Заступник ;0;ДОБРОТА; 11.8. Человек как средоточие и носитель эмоций.;pos;
2343;Заступница ;0;ДОБРОТА; 11.8. Человек как средоточие и носитель эмоций.;pos;
2344;Заступнический ;0;ДОБРОТА; 11.6. Эмоциональная характеризация.;pos;
2345;Заступничество ;0;ДОБРОТА; 11.7. Эмоциональное качество.;pos;
2346;Застыдить; сов. ;СТЫД; 35.4. Эмоциональное воздействие.;neg;
2347;Застыдиться; сов. ;СТЫД; 35.3. Становление эмоционального состояния и отношения.;neg;
2351;Затейливый ;0;УДИВЛЕНИЕ; 38.6. Эмоциональная характеризация.;pos;
2352;Затейный; разг. ;УДИВЛЕНИЕ; 38.6. Эмоциональная характеризация.;pos;
2356;Затиранить; сов., разг. ;ГОРЕ; 9.4. Эмоциональное воздействие.;neg;
2357;Затомить; сов., устар. ;ГОРЕ; 9.4. Эмоциональное воздействие.;neg;
2358;Затомиться; сов. ;ГОРЕ; 9.3. Становление эмоционального состояния и отношения.;neg;
2360;Затосковать ;0;ГРУСТЬ; 10.1. Эмоциональное состояние.;neg;
2364;Затрахать; сов., разг.-сниж. ;ГОРЕ; 9.4. Эмоциональное воздействие.;neg;
2365;Затужить; сов., разг.-сниж. ;ГРУСТЬ; 10.3. Становление эмоционального состояния и отношения.;neg;
2366;Заунывно ;0;ГРУСТЬ; 10.5. Внешнее выражение эмоций.;neg;
2367;Заунывный ;0;ГРУСТЬ; 10.4. Эмоциональное воздействие.;neg;
2368;Заунывный ;0;ГРУСТЬ; 10.5. Внешнее выражение эмоций.;neg;
2369;Заупрямиться; сов. ;НАСТОЙЧИВОСТЬ; 21.3. Становление эмоционального состояния и отношения.;pos;
2370;Заушательный ;0;ОБИДА; 26.2. Эмоциональное отношение.;neg;
2371;Заушательный ;0;ОБИДА; 26.4. Эмоциональное воздействие.;neg;
2372;Заушательство ;0;ОБИДА; 26.2. Эмоциональное отношение.;neg;
2373;Заушательство ;0;ОБИДА; 26.4. Эмоциональное воздействие.;neg;
2374;Заушательство ;0;ОБИДА; 26.1. Эмоциональное состояние.;neg;
2375;Заушение; устар. ;ОБИДА; 26.1. Эмоциональное состояние.;neg;
2376;Заушение; устар. ;ОБИДА; 26.2. Эмоциональное отношение.;neg;
2377;Заушение; устар. ;ОБИДА; 26.4. Эмоциональное воздействие.;neg;
2378;Захандрить ;0;ГРУСТЬ; 10.5. Внешнее выражение эмоций.;neg;
2379;Захваливание ;0;ОДОБРЕНИЕ; 28.5. Внешнее выражение эмоций.;pos;
2383;Захороводить; сов., разг.-сниж. ;ЛЮБОВЬ; 18.4. Эмоциональное воздействие.;pos;
2384;Захотеть; сов. ;НАДЕЖДА; 20.2. Эмоциональное отношение.;pos;
2385;Захотеться; сов. ;ЖЕЛАНИЕ; 14.3. Становление эмоционального состояния и отношения.;pos;
2386;Захотеться; сов. ;НАДЕЖДА; 20.3. Становление эмоционального состояния и отношения.;pos;
2388;Зашевелиться; сов. ;РАДОСТЬ; 30.3. Становление эмоционального состояния и отношения.;pos;
2389;Защитник ;0;ДОБРОТА; 11.8. Человек как средоточие и носитель эмоций.;pos;
2392;Звать ;0;ВЛЕЧЕНИЕ; 6.4. Эмоциональное воздействие.;pos;
2395;Звероватый; разг. ;СТРАХ; 34.4. Эмоциональное воздействие.;neg;
2396;Звероватый; разг. ;СТРАХ; 34.5. Внешнее выражение эмоций.;neg;
2397;Звероватый; разг. ;СТРАХ; 34.6. Эмоциональная характеризация.;neg;
2398;Зверовидный; устар. ;СТРАХ; 34.4. Эмоциональное воздействие.;neg;
2399;Зверовидный; устар. ;СТРАХ; 34.5. Внешнее выражение эмоций.;neg;
2400;Зверовидный; устар. ;СТРАХ; 34.6. Эмоциональная характеризация.;neg;
2401;Звероподобный; разг. ;СТРАХ; 34.4. Эмоциональное воздействие.;neg;
2402;Звероподобный; разг. ;СТРАХ; 34.6. Эмоциональная характеризация.;neg;
2404;Зверский; разг.-сниж., груб. ;ЖЕСТОКОСТЬ; 15.5. Внешнее выражение эмоций.;neg;
2405;Зверский; разг.-сниж., груб. ;ЖЕСТОКОСТЬ; 15.6. Эмоциональная характеризация.;neg;
2406;Зверство; разг.-сниж., груб. ;ЖЕСТОКОСТЬ; 15.5. Внешнее выражение эмоций.;neg;
2407;Зверствовать; разг.-сниж., груб. ;ЖЕСТОКОСТЬ; 15.5. Внешнее выражение эмоций.;neg;
2412;Злец ;0;ЗЛОСТЬ; 16.8. Человек как средоточие и носитель эмоций.;neg;
2413;Злиться ;0;ЗЛОСТЬ; 16.1. Эмоциональное состояние.;neg;
2414;Зло ;0;ЖЕСТОКОСТЬ; 15.1. Эмоциональное состояние.;neg;
2415;Зло ;0;ЗЛОСТЬ; 16.1. Эмоциональное состояние.;neg;
2416;Зло ;0;ЗЛОСТЬ; 16.5. Внешнее выражение эмоций.;neg;
2417;Зло ;0;ЗЛОСТЬ; 16.6. Эмоциональная характеризация.;neg;
2418;Зло ;0;НЕДОВОЛЬСТВО; 23.1. Эмоциональное состояние.;neg;
2419;Злоба ;0;ЖЕСТОКОСТЬ; 15.1. Эмоциональное состояние.;neg;
2420;Злоба ;0;ЗЛОСТЬ; 16.1. Эмоциональное состояние.;neg;
2421;Злоба ;0;ЗЛОСТЬ; 16.7. Эмоциональное качество.;neg;
2422;Злоба ;0;НЕПРИЯЗНЬ; 25.1. Эмоциональное состояние.;neg;
2423;Злобить; разг. -сниж. ;ЗЛОСТЬ; 16.4. Эмоциональное воздействие.;neg;
2424;Злобиться; разг.-сниж. ;ЗЛОСТЬ; 16.1. Эмоциональное состояние.;neg;
2425;Злобно ;0;ЗЛОСТЬ; 16.5. Внешнее выражение эмоций.;neg;
2426;Злобность ;0;ЖЕСТОКОСТЬ; 15.7. Эмоциональное качество.;neg;
2427;Злобность ;0;ЗЛОСТЬ; 16.7. Эмоциональное качество.;neg;
2428;Злобный ;0;ЗЛОСТЬ; 16.1. Эмоциональное состояние.;neg;
2429;Злобный ;0;ЗЛОСТЬ; 16.6. Эмоциональная характеризация.;neg;
2430;Злобствование; разг. ;ЗЛОСТЬ; 16.5. Внешнее выражение эмоций.;neg;
2431;Злобствовать; разг. ;ЗЛОСТЬ; 16.1. Эмоциональное состояние.;neg;
2432;Злобствующий ;0;ЗЛОСТЬ; 16.1. Эмоциональное состояние.;neg;
2433;Зловещий ;0;ГОРЕ; 9.4. Эмоциональное воздействие.;neg;
2434;Зловещий ;0;ГОРЕ; 9.6. Эмоциональная характеризация.;neg;
2435;Зловещий ;0;ГРУСТЬ; 10.4. Эмоциональное воздействие.;neg;
2436;Зловещий ;0;ГРУСТЬ; 10.5. Внешнее выражение эмоций.;neg;
2437;Зловещий ;0;ЗЛОСТЬ; 16.4. Эмоциональное воздействие.;neg;
2438;Зловещий ;0;СТРАХ; 34.4. Эмоциональное воздействие.;neg;
2439;Зловещий ;0;СТРАХ; 34.5. Внешнее выражение эмоций.;neg;
2440;Зловещий ;0;СТРАХ; 34.6. Эмоциональная характеризация.;neg;
2441;Зловредина; разг. ;ЗЛОСТЬ; 16.8. Человек как средоточие и носитель эмоций.;neg;
2442;Зловредничать; разг. ;ЗЛОСТЬ; 16.5. Внешнее выражение эмоций.;neg;
2443;Зловредность ;0;ЗЛОСТЬ; 16.7. Эмоциональное качество.;neg;
2444;Зловредный; разг. ;ЗЛОСТЬ; 16.4. Эмоциональное воздействие.;neg;
2445;Зловредный; разг. ;ЗЛОСТЬ; 16.6. Эмоциональная характеризация.;neg;
2446;Злодей; разг.-сниж. ;ГОРЕ; 9.8. Человек как средоточие и носитель эмоций.;neg;
2447;Злодейский ;0;ЗЛОСТЬ; 16.4. Эмоциональное воздействие.;neg;
2448;Злодейский ;0;ЗЛОСТЬ; 16.6. Эмоциональная характеризация.;neg;
2449;Злодейство ;0;ЗЛОСТЬ; 16.1. Эмоциональное состояние.;neg;
2450;Злоехидный; устар. ;ЗЛОСТЬ; 16.1. Эмоциональное состояние.;neg;
2451;Злоехидный; устар. ;ЗЛОСТЬ; 16.5. Внешнее выражение эмоций.;neg;
2452;Злоехидный; устар. ;ЗЛОСТЬ; 16.6. Эмоциональная характеризация.;neg;
2453;Зложелание ;0;ЗЛОСТЬ; 16.1. Эмоциональное состояние.;neg;
2454;Зложелатель; устар. ;ВРАЖДА; 7.8. Человек как средоточие и носитель эмоций.;neg;
2455;Зложелатель; устар. ;ЗЛОСТЬ; 16.8. Человек как средоточие и носитель эмоций.;neg;
2456;Зложелатель; устар. ;НЕПРИЯЗНЬ; 25.8. Человек как средоточие и носитель эмоций.;neg;
2457;Зложелательно; устар. ;ВРАЖДА; 7.2. Эмоциональное отношение.;neg;
2458;Зложелательно; устар. ;ВРАЖДА; 7.5. Внешнее выражение эмоций.;neg;
2459;Зложелательность; устар. ;ЗЛОСТЬ; 16.7. Эмоциональное качество.;neg;
2460;Зложелательный; устар. ;ВРАЖДА; 7.1. Эмоциональное состояние.;neg;
2461;Зложелательный; устар. ;ВРАЖДА; 7.6. Эмоциональная характеризация.;neg;
2462;Зложелательный; устар. ;ЗЛОСТЬ; 16.5. Внешнее выражение эмоций.;neg;
2463;Зложелательный; устар. ;ЗЛОСТЬ; 16.6. Эмоциональная характеризация.;neg;
2464;Зложелательный; устар. ;НЕПРИЯЗНЬ; 25.1. Эмоциональное состояние.;neg;
2465;Зложелательство; устар. ;ВРАЖДА; 7.7. Эмоциональное качество.;neg;
2466;Зложелательство; устар. ;ЗЛОСТЬ; 16.7. Эмоциональное качество.;neg;
2467;Злой ;0;ВРАЖДА; 7.1. Эмоциональное состояние.;neg;
2468;Злой ;0;ВРАЖДА; 7.6. Эмоциональная характеризация.;neg;
2469;Злой ;0;ГОРЕ; 9.6. Эмоциональная характеризация.;neg;
2470;Злой ;0;ЗЛОСТЬ; 16.1. Эмоциональное состояние.;neg;
2471;Злой ;0;ЗЛОСТЬ; 16.6. Эмоциональная характеризация.;neg;
2472;Злой ;0;НАСТОЙЧИВОСТЬ; 21.6. Эмоциональная характеризация.;pos;
2473;Злоключение; разг. ;ГОРЕ; 9.1. Эмоциональное состояние.;neg;
2474;Злокозненный; разг. -сниж. ;НЕВЕРИЕ; 22.6. Эмоциональная характеризация.;neg;
2475;Злокозненный; разг.-сниж. ;НЕВЕРИЕ; 22.8. Человек как средоточие и носитель эмоций.;neg;
2476;Злокозненный; разг.-сниж. ;НЕИСКРЕННОСТЬ; 24.6. Эмоциональная характеризация.;neg;
2477;Злокозненный; устар. ;ЗЛОСТЬ; 16.6. Эмоциональная характеризация.;neg;
2478;Злонамеренность; книжн. ;ЗЛОСТЬ; 16.7. Эмоциональное качество.;neg;
2479;Злонамеренный; книжн. ;ЗЛОСТЬ; 16.4. Эмоциональное воздействие.;neg;
2480;Злонамеренный; книжн. ;ЗЛОСТЬ; 16.6. Эмоциональная характеризация.;neg;
2481;Злонравие; устар. ;ЗЛОСТЬ; 16.7. Эмоциональное качество.;neg;
2482;Злонравный; устар. ;ЗЛОСТЬ; 16.5. Внешнее выражение эмоций.;neg;
2483;Злонравный; устар. ;ЗЛОСТЬ; 16.6. Эмоциональная характеризация.;neg;
2484;Злопамятность ;0;ЗЛОСТЬ; 16.7. Эмоциональное качество.;neg;
2485;Злопамятный ;0;ЗЛОСТЬ; 16.6. Эмоциональная характеризация.;neg;
2486;Злополучие; устар, и Злополучье, устар. ;ГОРЕ; 9.1. Эмоциональное состояние.;neg;
2487;Злополучный; устар. ;ГОРЕ; 9.6. Эмоциональная характеризация.;neg;
2488;Злополучный ;0;ГОРЕ; 9.4. Эмоциональное воздействие.;neg;
2489;Злопыхатель; устар. ;ВРАЖДА; 7.8. Человек как средоточие и носитель эмоций.;neg;
2490;Злопыхатель; устар. ;ЗЛОСТЬ; 16.8. Человек как средоточие и носитель эмоций.;neg;
2491;Злопыхатель; устар. ;НЕПРИЯЗНЬ; 25.8. Человек как средоточие и носитель эмоций.;neg;
2492;Злопыхательски; устар. ;ВРАЖДА; 7.2. Эмоциональное отношение.;neg;
2493;Злопыхательски; устар. ;ВРАЖДА; 7.5. Внешнее выражение эмоций.;neg;
2494;Злопыхательски; устар. ;НЕПРИЯЗНЬ; 25.5. Внешнее выражение эмоций.;neg;
2495;Злопыхательский; устар. ;ВРАЖДА; 7.1. Эмоциональное состояние.;neg;
2496;Злопыхательский; устар. ;ВРАЖДА; 7.6. Эмоциональная характеризация.;neg;
2497;Злопыхательский; устар. ;ЗЛОСТЬ; 16.5. Внешнее выражение эмоций.;neg;
2498;Злопыхательский; устар. ;НЕПРИЯЗНЬ; 25.1. Эмоциональное состояние.;neg;
2499;Злопыхательство; устар. ;ВРАЖДА; 7.7. Эмоциональное качество.;neg;
2500;Злопыхательство; устар. ;ЗЛОСТЬ; 16.5. Внешнее выражение эмоций.;neg;
2501;Злопыхательство; устар. ;НЕПРИЯЗНЬ; 25.2. Эмоциональное отношение.;neg;
2502;Злопыхательствовать ;0;ЗЛОСТЬ; 16.5. Внешнее выражение эмоций.;neg;
2503;Злорадный ;0;ЗЛОСТЬ; 16.1. Эмоциональное состояние.;neg;
2504;Злорадный ;0;ЗЛОСТЬ; 16.5. Внешнее выражение эмоций.;neg;
2505;Злорадный ;0;ЗЛОСТЬ; 16.6. Эмоциональная характеризация.;neg;
2506;Злорадство ;0;ЗЛОСТЬ; 16.7. Эмоциональное качество.;neg;
2507;Злорадствовать ;0;ЗЛОСТЬ; 16.1. Эмоциональное состояние.;neg;
2508;Злоречивый; устар. ;ЗЛОСТЬ; 16.1. Эмоциональное состояние.;neg;
2509;Злоречивый; устар. ;ЗЛОСТЬ; 16.5. Внешнее выражение эмоций.;neg;
2510;Злоречивый; устар. ;ЗЛОСТЬ; 16.6. Эмоциональная характеризация.;neg;
2511;Злоречие; устар, и Злоречье, устар. ;ЗЛОСТЬ; 16.5. Внешнее выражение эмоций.;neg;
2512;Злословие и Злословье ;0;ЗЛОСТЬ; 16.5. Внешнее выражение эмоций.;neg;
2513;Злословить ;0;ЗЛОСТЬ; 16.5. Внешнее выражение эмоций.;neg;
2514;Злостность ;0;ЗЛОСТЬ; 16.7. Эмоциональное качество.;neg;
2515;Злостный ;0;ЗЛОСТЬ; 16.4. Эмоциональное воздействие.;neg;
2516;Злостный ;0;ЗЛОСТЬ; 16.6. Эмоциональная характеризация.;neg;
2517;Злость ;0;ЖЕСТОКОСТЬ; 15.1. Эмоциональное состояние.;neg;
2518;Злость ;0;ЗЛОСТЬ; 16.1. Эмоциональное состояние.;neg;
2519;Злость ;0;ЗЛОСТЬ; 16.5. Внешнее выражение эмоций.;neg;
2520;Злосчастие; устар, и Злосчастье, устар. ;ГОРЕ; 9.1. Эмоциональное состояние.;neg;
2521;Злосчастный; устар., разг. ;ГОРЕ; 9.6. Эмоциональная характеризация.;neg;
2522;Злотворный; устар. ;ЗЛОСТЬ; 16.6. Эмоциональная характеризация.;neg;
2523;Злоумышленник ;0;ЗЛОСТЬ; 16.8. Человек как средоточие и носитель эмоций.;neg;
2524;Злоумышленный ;0;ЗЛОСТЬ; 16.4. Эмоциональное воздействие.;neg;
2525;Злоумышленный ;0;ЗЛОСТЬ; 16.6. Эмоциональная характеризация.;neg;
2526;Злоязыкий; разг. ;ЗЛОСТЬ; 16.1. Эмоциональное состояние.;neg;
2527;Злоязыкий; разг. ;ЗЛОСТЬ; 16.5. Внешнее выражение эмоций.;neg;
2528;Злоязычие ;0;ЗЛОСТЬ; 16.5. Внешнее выражение эмоций.;neg;
2529;Злоязычие ;0;ЗЛОСТЬ; 16.7. Эмоциональное качество.;neg;
2530;Злоязычный ;0;ЗЛОСТЬ; 16.5. Внешнее выражение эмоций.;neg;
2531;Злыдень; разг.-сниж. ;ЗЛОСТЬ; 16.8. Человек как средоточие и носитель эмоций.;neg;
2532;Злыдничать; разг.-сниж. ;ЗЛОСТЬ; 16.1. Эмоциональное состояние.;neg;
2533;Злыдня; разг.-сниж. ;ЗЛОСТЬ; 16.8. Человек как средоточие и носитель эмоций.;neg;
2534;Злюка; разг. ;ЗЛОСТЬ; 16.8. Человек как средоточие и носитель эмоций.;neg;
2535;Злючка; разг. ;ЗЛОСТЬ; 16.8. Человек как средоточие и носитель эмоций.;neg;
2536;Злющий; разг. ;ЗЛОСТЬ; 16.1. Эмоциональное состояние.;neg;
2537;Злющий; разг. ;ЗЛОСТЬ; 16.6. Эмоциональная характеризация.;neg;
2538;Змей; разг. ;ЗЛОСТЬ; 16.8. Человек как средоточие и носитель эмоций.;neg;
2539;Змеиный; парен. ;ЗЛОСТЬ; 16.6. Эмоциональная характеризация.;neg;
2540;Змеюка; разг.-сниж. ;НЕПРИЯЗНЬ; 25.8. Человек как средоточие и носитель эмоций.;neg;
2543;Знаться; разг. ;ДРУЖБА; 12.2. Эмоциональное отношение.;pos;
2544;Знойно ;0;ЛЮБОВЬ; 18.5. Внешнее выражение эмоций.;pos;
2548;Зовуще; разг. ;ЧУВСТВО; 39.5. Внешнее выражение эмоций.;pos;
2549;Зовущий ;0;ЧУВСТВО; 39.4. Эмоциональное воздействие.;pos;
2551;Зубодробительный; разг. ;НЕДОВОЛЬСТВО; 23.6. Эмоциональная характеризация.;neg;
2552;Зубоскал ;0;РАДОСТЬ; 30.8. Человек как средоточие и носитель эмоций.;pos;
2553;Зубоскалить ;0;РАДОСТЬ; 30.5. Внешнее выражение эмоций.;pos;
2554;Зубоскальство ;0;РАДОСТЬ; 30.5. Внешнее выражение эмоций.;pos;
2556;Зуда ;0;ГРУСТЬ; 10.8. Человек как средоточие и носитель эмоций.;neg;
2558;Игнорирование ;0;НЕПРИЯЗНЬ; 25.2. Эмоциональное отношение.;neg;
2559;Игриво ;0;ЛЮБОВЬ; 18.5. Внешнее выражение эмоций.;pos;
2567;Идиллический ;0;СПОКОЙСТВИЕ; 33.6. Эмоциональная характеризация.;pos;
2568;Идиллический ;0;СЧАСТЬЕ; 36.4. Эмоциональное воздействие.;pos;
2569;Идиллический ;0;СЧАСТЬЕ; 36.6. Эмоциональная характеризация.;pos;
2570;Идилличный ;0;СПОКОЙСТВИЕ; 33.1. Эмоциональное состояние.;pos;
2571;Идилличный ;0;СПОКОЙСТВИЕ; 33.6. Эмоциональная характеризация.;pos;
2572;Идилличный ;0;СЧАСТЬЕ; 36.4. Эмоциональное воздействие.;pos;
2573;Идилличный ;0;СЧАСТЬЕ; 36.6. Эмоциональная характеризация.;pos;
2584;Иезуитство ;0;БЕССТЫДСТВО; 3.7. Эмоциональное качество.;neg;
2585;Иезуитство ;0;НЕВЕРИЕ; 22.7. Эмоциональное качество.;neg;
2586;Иезуитство ;0;НЕИСКРЕННОСТЬ; 24.7. Эмоциональное качество.;neg;
2593;Избаловаться; сов.,разг.-сниж. ;ДОБРОТА; 11.3. Становление эмоционального состояния и отношения.;pos;
2594;Избегнуть ;0;ОДИНОЧЕСТВО; 27.5. Внешнее выражение эмоций.;neg;
2598;Избранить ;0;НЕПРИЯЗНЬ; 25.5. Внешнее выражение эмоций.;neg;
2599;Избранник ;0;ЛЮБОВЬ; 18.8. Человек как средоточие и носитель эмоций.;pos;
2600;Избранница ;0;ЛЮБОВЬ; 18.8. Человек как средоточие и носитель эмоций.;pos;
2601;Изверг ;0;ГОРЕ; 9.6. Эмоциональная характеризация.;neg;
2602;Изверг ;0;ГОРЕ; 9.8. Человек как средоточие и носитель эмоций.;neg;
2603;Изверг ;0;ЖЕСТОКОСТЬ; 15.8. Человек как средоточие и носитель эмоций.;neg;
2604;Известись; сов., разг. ;НЕДОВОЛЬСТВО; 23.3. Становление эмоционального состояния и отношения.;neg;
2605;Извинение ;0;ЖАЛОСТЬ; 13.2. Эмоциональное отношение.;neg;
2606;Извинительный ;0;СТЫД; 35.4. Эмоциональное воздействие.;neg;
2607;Извинительный ;0;СТЫД; 35.5. Внешнее выражение эмоций.;neg;
2608;Изволение ;0;ЖЕЛАНИЕ; 14.1. Эмоциональное состояние.;pos;
2609;Изволить; сов. ;ЖЕЛАНИЕ; 14.2. Эмоциональное отношение.;pos;
2610;Изволноваться; сов. ;БЕСПОКОЙСТВО; 1.3. Становление эмоционального состояния и отношения.;neg;
2611;Извольничаться; сов., разг.-сниж. ;ДОБРОТА; 11.3. Становление эмоционального состояния и отношения.;pos;
2612;Изгаляться; разг.-сниж. ;ЖЕСТОКОСТЬ; 15.2. Эмоциональное отношение.;neg;
2613;Изгаляться; разг.-сниж. ;ЖЕСТОКОСТЬ; 15.5. Внешнее выражение эмоций.;neg;
2615;Изгореваться; сов. ;ГОРЕ; 9.3. Становление эмоционального состояния и отношения.;neg;
2616;Издевательский ;0;ЖЕСТОКОСТЬ; 15.2. Эмоциональное отношение.;neg;
2617;Издевательский ;0;ЖЕСТОКОСТЬ; 15.5. Внешнее выражение эмоций.;neg;
2618;Издевательский ;0;ЖЕСТОКОСТЬ; 15.6. Эмоциональная характеризация.;neg;
2619;Издевательский ;0;НЕПРИЯЗНЬ; 25.5. Внешнее выражение эмоций.;neg;
2620;Издевательский ;0;ОБИДА; 26.6. Эмоциональная характеризация.;neg;
2621;Издеваться ;0;ЖЕСТОКОСТЬ; 15.2. Эмоциональное отношение.;neg;
2622;Издеваться ;0;ЖЕСТОКОСТЬ; 15.5. Внешнее выражение эмоций.;neg;
2623;Издеваться ;0;ОБИДА; 26.2. Эмоциональное отношение.;neg;
2624;Издевка; разг. ;ЖЕСТОКОСТЬ; 15.5. Внешнее выражение эмоций.;neg;
2630;Издергаться; сов., разг. ;БЕСПОКОЙСТВО; 1.3. Становление эмоционального состояния и отношения.;neg;
2633;Излюбить ;0;ЛЮБОВЬ; 18.2. Эмоциональное отношение.;pos;
2634;Излюбленный ;0;ЛЮБОВЬ; 18.6. Эмоциональная характеризация.;pos;
2635;Измаять; сов., разг.-сниж. ;ГОРЕ; 9.4. Эмоциональное воздействие.;neg;
2636;Измаяться; сов., разг.-сниж. ;ГОРЕ; 9.3. Становление эмоционального состояния и отношения.;neg;
2639;Изменнически ;0;НЕВЕРИЕ; 22.5. Внешнее выражение эмоций.;neg;
2640;Изменнический ;0;НЕВЕРИЕ; 22.6. Эмоциональная характеризация.;neg;
2641;Изменчивость ;0;НЕВЕРИЕ; 22.7. Эмоциональное качество.;neg;
2642;Изменщик; разг.-сниж. ;НЕВЕРИЕ; 22.8. Человек как средоточие и носитель эмоций.;neg;
2644;Измученность ;0;ГОРЕ; 9.7. Эмоциональное качество.;neg;
2645;Измученный ;0;ГОРЕ; 9.!. Эмоциональное состояние.;neg;
2646;Измученный ;0;ГОРЕ; 9.5. Внешнее выражение эмоций.;neg;
2647;Измученный ;0;ГОРЕ; 9.6. Эмоциональная характеризация.;neg;
2648;Измученный ;0;ГРУСТЬ; 10.3. Становление эмоционального состояния и отношения.;neg;
2649;Измучить; сов. ;ГОРЕ; 9.4. Эмоциональное воздействие.;neg;
2650;Измывательский; разг. ;ЖЕСТОКОСТЬ; 15.2. Эмоциональное отношение.;neg;
2651;Измывательский; разг. ;ОБИДА; 26.6. Эмоциональная характеризация.;neg;
2652;Измывательство; разг. ;ОБИДА; 26.5. Внешнее выражение эмоций.;neg;
2653;Измываться; разг. ;ЖЕСТОКОСТЬ; 15.2. Эмоциональное отношение.;neg;
2654;Измываться; разг. ;ЖЕСТОКОСТЬ; 15.5. Внешнее выражение эмоций.;neg;
2655;Измываться; разг. ;ОБИДА; 26.5. Внешнее выражение эмоций.;neg;
2657;Изнеженность ;0;ДОБРОТА; 11.7. Эмоциональное качество.;pos;
2658;Изнеженность ;0;ЛЮБОВЬ; 18.7. Эмоциональное качество.;pos;
2659;Изнеженный ;0;ДОБРОТА; 11.1. Эмоциональное состояние.;pos;
2660;Изнеженный ;0;ДОБРОТА; 11.6. Эмоциональная характеризация.;pos;
2661;Изнеженный ;0;ЛЮБОВЬ; 18.6. Эмоциональная характеризация.;pos;
2662;Изнежить; сов. ;ДОБРОТА; 11.2. Эмоциональное отношение.;pos;
2663;Изнежить; сов. ;ДОБРОТА; 11.4. Эмоциональное воздействие.;pos;
2664;Изнежиться ;0;ЛЮБОВЬ; 18.3. Становление эмоционального состояния и отношения.;pos;
2665;Изнемогать ;0;ГРУСТЬ; 10.1. Эмоциональное состояние.;neg;
2666;Изнеможение ;0;ГОРЕ; 9.1. Эмоциональное состояние.;neg;
2667;Изнеможенный ;0;ГОРЕ; 9.1. Эмоциональное состояние.;neg;
2668;Изнеможенный ;0;ГОРЕ; 9.6. Эмоциональная характеризация.;neg;
2669;Изнервничаться; сов., разг. ;БЕСПОКОЙСТВО; 1.3. Становление эмоционального состояния и отношения.;neg;
2670;Изнервничаться; сов., разг. ;НЕДОВОЛЬСТВО; 23.3. Становление эмоционального состояния и отношения.;neg;
2671;Изнурение ;0;ГОРЕ; 9.1. Эмоциональное состояние.;neg;
2672;Изнуренность ;0;ГОРЕ; 9.1. Эмоциональное состояние.;neg;
2673;Изнурительный ;0;ГОРЕ; 9.4. Эмоциональное воздействие.;neg;
2674;Изнурительный ;0;ГОРЕ; 9.6. Эмоциональная характеризация.;neg;
2675;Изнуряющий ;0;ГОРЕ; 9.4. Эмоциональное воздействие.;neg;
2676;Изнуряющий ;0;ГОРЕ; 9.6. Эмоциональная характеризация.;neg;
2677;Изнывать ;0;ГРУСТЬ; 10.1. Эмоциональное состояние.;neg;
2678;Изобидеть; сов. ;ОБИДА; 26.4. Эмоциональное воздействие.;neg;
2679;Изобидеться; сов., разг.-сниж. ;ОБИДА; 26.3. Становление эмоционального состояния и отношения.;neg;
2680;Изолированность ;0;ОДИНОЧЕСТВО; 27.1. Эмоциональное состояние.;neg;
2681;Изолированный ;0;ОДИНОЧЕСТВО; 27.6. Эмоциональная характеризация.;neg;
2685;Изощренный ;0;ЧУВСТВО; 39.6. Эмоциональная характеризация.;pos;
2686;Изругать ;0;НЕПРИЯЗНЬ; 25.5. Внешнее выражение эмоций.;neg;
2687;Изувер ;0;ЖЕСТОКОСТЬ; 15.8. Человек как средоточие и носитель эмоций.;neg;
2688;Изуверка ;0;ЖЕСТОКОСТЬ; 15.8. Человек как средоточие и носитель эмоций.;neg;
2689;Изуверски ;0;ЖЕСТОКОСТЬ; 15.5. Внешнее выражение эмоций.;neg;
2690;Изуверский ;0;ЖЕСТОКОСТЬ; 15.2. Эмоциональное отношение.;neg;
2691;Изуверский ;0;ЖЕСТОКОСТЬ; 15.5. Внешнее выражение эмоций.;neg;
2692;Изуверский ;0;ЖЕСТОКОСТЬ; 15.6. Эмоциональная характеризация.;neg;
2693;Изуверство ;0;ЖЕСТОКОСТЬ; 15.2. Эмоциональное отношение.;neg;
2694;Изуверство ;0;ЖЕСТОКОСТЬ; 15.5. Внешнее выражение эмоций.;neg;
2695;Изумительно ;0;УДИВЛЕНИЕ; 38.5. Внешнее выражение эмоций.;pos;
2696;Изумительный ;0;УДИВЛЕНИЕ; 38.6. Эмоциональная характеризация.;pos;
2697;Изумление ;0;УДИВЛЕНИЕ; 38.1. Эмоциональное состояние.;pos;
2698;Изумленный ;0;УДИВЛЕНИЕ; 38.1. Эмоциональное состояние.;pos;
2699;Изумленный ;0;УДИВЛЕНИЕ; 38.5. Внешнее выражение эмоций.;pos;
2700;Иллюзия ;0;НАДЕЖДА; 20.1. Эмоциональное состояние.;pos;
2706;Импонировать ;0;УВАЖЕНИЕ; 37.2. Эмоциональное отношение.;pos;
2707;Импонирующий ;0;УВАЖЕНИЕ; 37.2. Эмоциональное отношение.;pos;
2709;Индифферентизм; книжн. ;РАВНОДУШИЕ; 29.2. Эмоциональное отношение.;neg;
2710;Индифферентизм; книжн. ;РАВНОДУШИЕ; 29.7. Эмоциональное качество.;neg;
2711;Индифферентно; книжн. ;РАВНОДУШИЕ; 29.5. Внешнее выражение эмоций.;neg;
2712;Индифферентность; книжн. ;РАВНОДУШИЕ; 29.7. Эмоциональное качество.;neg;
2713;Индифферентный; книжн, ;РАВНОДУШИЕ; 29.1. Эмоциональное состояние.;neg;
2714;Индифферентный; книжн. ;РАВНОДУШИЕ; 29.6. Эмоциональная характеризация.;neg;
2724;Инспиратор; книжн. ;БЕСПОКОЙСТВО; 1.8. Человек как средоточие и носитель эмоций.;neg;
2725;Инспирация; книжн. ;БЕСПОКОЙСТВО; 1.4. Эмоциональное воздействие.;neg;
2726;Инспирирование; книжн. ;БЕСПОКОЙСТВО; 1.4. Эмоциональное воздействие.;neg;
2727;Инспирировать; несов. и сов., устар., книжн. ;БЕСПОКОЙСТВО; 1.4. Эмоциональное воздействие.;neg;
2728;Инстинкт ;0;ВЛЕЧЕНИЕ; 6.1. Эмоциональное состояние.;pos;
2729;Инстинкт ;0;ЧУВСТВО; 39.7. Эмоциональное качество.;pos;
2730;Инстинктивно ;0;ЧУВСТВО; 39.5. Внешнее выражение эмоций.;pos;
2731;Инстинктивность ;0;ЧУВСТВО; 39.7. Эмоциональное качество.;pos;
2732;Инстинктивный ;0;ЧУВСТВО; 39.6. Эмоциональная характеризация.;pos;
2733;Интенция; книжн. ;НАДЕЖДА; 20.2. Эмоциональное отношение.;pos;
2734;Интерес ;0;ЛЮБОПЫТСТВО; 19.2. Эмоциональное отношение.;pos;
2735;Интерес ;0;УДИВЛЕНИЕ; 38.2. Эмоциональное отношение.;pos;
2736;Интересничать ;0;ЛЮБОПЫТСТВО; 19.4. Эмоциональное воздействие.;pos;
2737;Интересно ;0;ЛЮБОПЫТСТВО; 19.1. Эмоциональное состояние.;pos;
2738;Интересно ;0;УДИВЛЕНИЕ; 38.1. Эмоциональное состояние.;pos;
2739;Интересно ;0;УДИВЛЕНИЕ; 38.5. Внешнее выражение эмоций.;pos;
2740;Интересный ;0;ВЛЕЧЕНИЕ; 6.4. Эмоциональное воздействие.;pos;
2741;Интересный ;0;ВЛЕЧЕНИЕ; 6.6. Эмоциональная характеризация.;pos;
2742;Интересный ;0;ЛЮБОПЫТСТВО; 19.4. Эмоциональное воздействие.;pos;
2743;Интересный ;0;ЛЮБОПЫТСТВО; 19.6. Эмоциональная характеризация.;pos;
2744;Интересный ;0;УДИВЛЕНИЕ; 38.6. Эмоциональная характеризация.;pos;
2745;Интересовать ;0;ЛЮБОПЫТСТВО; 19.4. Эмоциональное воздействие.;pos;
2746;Интересовать ;0;УДИВЛЕНИЕ; 38.2. Эмоциональное отношение.;pos;
2747;Интересоваться ;0;ВЛЕЧЕНИЕ; 6.3. Становление эмоционального состояния и отношения.;pos;
2748;Интересоваться ;0;ЛЮБОПЫТСТВО; 19.2. Эмоциональное отношение.;pos;
2749;Интересоваться ;0;ЛЮБОПЫТСТВО; 19.5. Внешнее выражение эмоций.;pos;
2750;Интересоваться ;0;УДИВЛЕНИЕ; 38.2. Эмоциональное отношение.;pos;
2751;Интим ;0;ЧУВСТВО; 39.2. Эмоциональное отношение.;pos;
2752;Интимность ;0;ЧУВСТВО; 39.6. Эмоциональная характеризация.;pos;
2753;Интимный ;0;ЧУВСТВО; 39.6. Эмоциональная характеризация.;pos;
2757;Интрижка; разг., пренебр. ;ЛЮБОВЬ; 18.2. Эмоциональное отношение.;pos;
2758;Интуитивность ;0;ЧУВСТВО; 39.7. Эмоциональное качество.;pos;
2759;Интуитивный ;0;ЧУВСТВО; 39.6. Эмоциональная характеризация.;pos;
2760;Интуиция ;0;ЧУВСТВО; 39.1. Эмоциональное состояние.;pos;
2761;Интуиция ;0;ЧУВСТВО; 39.7. Эмоциональное качество.;pos;
2763;Ипокритство; устар. ;НЕИСКРЕННОСТЬ; 24.7. Эмоциональное качество.;neg;
2764;Ипохондрия; книжн. ;ГРУСТЬ; 10.1. Эмоциональное состояние.;neg;
2768;Иронизировать ;0;РАДОСТЬ; 30.5. Внешнее выражение эмоций.;pos;
2769;Ирония ;0;РАДОСТЬ; 30.5. Внешнее выражение эмоций.;pos;
2774;Искательно; устар. ;НЕИСКРЕННОСТЬ; 24.5. Внешнее выражение эмоций.;neg;
2775;Искательность; устар. ;НЕИСКРЕННОСТЬ; 24.7. Эмоциональное качество.;neg;
2776;Искательный; устар. ;НЕИСКРЕННОСТЬ; 24.6. Эмоциональная характеризация.;neg;
2777;Искательство; устар. ;НЕИСКРЕННОСТЬ; 24.7. Эмоциональное качество.;neg;
2779;Исключительность ;0;УДИВЛЕНИЕ; 38.7. Эмоциональное качество.;pos;
2780;Исключительный; разг. ;УДИВЛЕНИЕ; 38.6. Эмоциональная характеризация.;pos;
2781;Искренне ;0;ИСКРЕННОСТЬ; 17.5. Внешнее выражение эмоций.;pos;
2782;Искренний ;0;ДРУЖБА; 12.1. Эмоциональное состояние.;pos;
2783;Искренний ;0;ИСКРЕННОСТЬ; 17.1. Эмоциональное состояние.;pos;
2784;Искренний ;0;ИСКРЕННОСТЬ; 17.6. Эмоциональная характеризация.;pos;
2785;Искренность ;0;ИСКРЕННОСТЬ; 17.7. Эмоциональное качество.;pos;
2787;Искуситель; книжн. ;ВЛЕЧЕНИЕ; 6.8. Человек как средоточие и носитель эмоций.;pos;
2788;Искуситель; книжн. ;ЧУВСТВО; 39.8. Человек как средоточие и носитель эмоций.;pos;
2789;Искусительница ;0;ВЛЕЧЕНИЕ; 6.8. Человек как средоточие и носитель эмоций.;pos;
2790;Искусительница ;0;ЧУВСТВО; 39.8. Человек как средоточие и носитель эмоций.;pos;
2791;Искусительный ;0;ВЛЕЧЕНИЕ; 6.4. Эмоциональное воздействие.;pos;
2792;Искусительный ;0;ЧУВСТВО; 39.4. Эмоциональное воздействие.;pos;
2793;Искусительный ;0;ЧУВСТВО; 39.6. Эмоциональная характеризация.;pos;
2796;Искушение ;0;ВЛЕЧЕНИЕ; 6.1. Эмоциональное состояние.;pos;
2797;Искушение ;0;ВЛЕЧЕНИЕ; 6.2. Эмоциональное отношение.;pos;
2798;Искушение ;0;ЧУВСТВО; 39.2. Эмоциональное отношение.;pos;
2800;Испоганиться; сов., разг.-сниж. ;ЖЕСТОКОСТЬ; 15.3. Становление эмоционального состояния и отношения.;neg;
2801;Исподлобья ;0;ГРУСТЬ; 10.5. Внешнее выражение эмоций.;neg;
2802;Исподлобья ;0;НЕВЕРИЕ; 22.5. Внешнее выражение эмоций.;neg;
2803;Испробовать; сов., разг. ;ЧУВСТВО; 39.1. Эмоциональное состояние.;pos;
2804;Испсиховаться; сов., разг. ;НЕДОВОЛЬСТВО; 23.3. Становление эмоционального состояния и отношения.;neg;
2805;Испуг ;0;СТРАХ; 34.1. Эмоциональное состояние.;neg;
2806;Испуганный ;0;СТРАХ; 34.1. Эмоциональное состояние.;neg;
2807;Испытанный ;0;ВЕРА; 5.6. Эмоциональная характеризация.;pos;
2808;Испытующе ;0;УДИВЛЕНИЕ; 38.5. Внешнее выражение эмоций.;pos;
2809;Испытующий ;0;ЛЮБОПЫТСТВО; 19.4. Эмоциональное воздействие.;pos;
2810;Испытующий ;0;ЛЮБОПЫТСТВО; 19.6. Эмоциональная характеризация.;pos;
2811;Испытующий ;0;УДИВЛЕНИЕ; 38.1. Эмоциональное состояние.;pos;
2812;Исстрадавшийся ;0;ГОРЕ; 9.1. Эмоциональное состояние.;neg;
2813;Исстрадавшийся ;0;ГОРЕ; 9.3. Становление эмоционального состояния и отношения.;neg;
2814;Исстрадаться; сов. ;ГОРЕ; 9.3. Становление эмоционального состояния и отношения.;neg;
2815;Исступление ;0;БЕСПОКОЙСТВО; 1.1. Эмоциональное состояние.;neg;
2816;Исступление ;0;БЕСПОКОЙСТВО; 1.7. Эмоциональное качество.;neg;
2817;Исступленно ;0;БЕСПОКОЙСТВО; 1.5. Внешнее выражение эмоций.;neg;
2819;Исступленный ;0;БЕСПОКОЙСТВО; 1.1. Эмоциональное состояние.;neg;
2820;Исступленный ;0;БЕСПОКОЙСТВО; 1.6. Эмоциональная характеризация.;neg;
2821;Истерзанность ;0;ГОРЕ; 9.7. Эмоциональное качество.;neg;
2822;Истерзанный ;0;ГРУСТЬ; 10.3. Становление эмоционального состояния и отношения.;neg;
2826;Истерзаться; сов. ;ГОРЕ; 9.3. Становление эмоционального состояния и отношения.;neg;
2827;Истерзаться; сов. ;ГРУСТЬ; 10.3. Становление эмоционального состояния и отношения.;neg;
2828;Истерический ;0;БЕСПОКОЙСТВО; 1.5. Внешнее выражение эмоций.;neg;
2829;Истеричка; разг., неодобр. ;БЕСПОКОЙСТВО; 1.8. Человек как средоточие и носитель эмоций.;neg;
2830;Истеричность; разг., неодобр. ;БЕСПОКОЙСТВО; 1.7. Эмоциональное качество.;neg;
2831;Истеричный; разг., неодобр. ;БЕСПОКОЙСТВО; 1.5. Внешнее выражение эмоций.;neg;
2832;Истеричный; разг., неодобр. ;БЕСПОКОЙСТВО; 1.6. Эмоциональная характеризация.;neg;
2833;Истерия; разг., неодобр. ;БЕСПОКОЙСТВО; 1.5. Внешнее выражение эмоций.;neg;
2834;Истиранить; сов. ;ГОРЕ; 9.4. Эмоциональное воздействие.;neg;
2835;Истово; устар. ;ВЫСОКОМЕРИЕ; 8.5. Внешнее выражение эмоций.;neg;
2836;Истовость; устар. ;ВЫСОКОМЕРИЕ; 8.7. Эмоциональное качество.;neg;
2837;Истовый; устар. ;ВЫСОКОМЕРИЕ; 8.6. Эмоциональная характеризация.;neg;
2838;Истома ;0;ГРУСТЬ; 10.1. Эмоциональное состояние.;neg;
2839;Истомленный ;0;ГОРЕ; 9.1. Эмоциональное состояние.;neg;
2840;Истомленный ;0;ГОРЕ; 9.5. Внешнее выражение эмоций.;neg;
2841;Истомленный ;0;ГОРЕ; 9.6. Эмоциональная характеризация.;neg;
2842;Истосковаться; сов., разг. ;ГРУСТЬ; 10.3. Становление эмоционального состояния и отношения.;neg;
2846;Истязание ;0;ЖЕСТОКОСТЬ; 15.5. Внешнее выражение эмоций.;neg;
2847;Истязатель ;0;ГОРЕ; 9.8. Человек как средоточие и носитель эмоций.;neg;
2848;Истязатель ;0;ЖЕСТОКОСТЬ; 15.8. Человек как средоточие и носитель эмоций.;neg;
2849;Истязательница ;0;ЖЕСТОКОСТЬ; 15.8. Человек как средоточие и носитель эмоций.;neg;
2850;Истязательство ;0;ЖЕСТОКОСТЬ; 15.2. Эмоциональное отношение.;neg;
2851;Истязать ;0;ГОРЕ; 9.4. Эмоциональное воздействие.;neg;
2852;Истязать ;0;ЖЕСТОКОСТЬ; 15.5. Внешнее выражение эмоций.;neg;
2856;Каверза ;0;ЗЛОСТЬ; 16.8. Человек как средоточие и носитель эмоций.;neg;
2857;Каверзить ;0;ЗЛОСТЬ; 16.5. Внешнее выражение эмоций.;neg;
2858;Каверзник ;0;ЗЛОСТЬ; 16.8. Человек как средоточие и носитель эмоций.;neg;
2859;Каверзница ;0;ЗЛОСТЬ; 16.8. Человек как средоточие и носитель эмоций.;neg;
2860;Каверзничать ;0;ЗЛОСТЬ; 16.5. Внешнее выражение эмоций.;neg;
2861;Каверзность ;0;ЗЛОСТЬ; 16.7. Эмоциональное качество.;neg;
2862;Каверзный ;0;ЗЛОСТЬ; 16.6. Эмоциональная характеризация.;neg;
2863;Каверзный; разг. ;НЕВЕРИЕ; 22.6. Эмоциональная характеризация.;neg;
2864;Каверзный; разг. ;НЕИСКРЕННОСТЬ; 24.5. Внешнее выражение эмоций.;neg;
2865;Каверзный; разг. ;НЕИСКРЕННОСТЬ; 24.6. Эмоциональная характеризация.;neg;
2868;Кажущийся ;0;ЖЕЛАНИЕ; 14.6. Эмоциональная характеризация.;pos;
2869;Кажущийся ;0;НАДЕЖДА; 20.6. Эмоциональная характеризация.;pos;
2872;Казниться ;0;ГОРЕ; 9.1. Эмоциональное состояние.;neg;
2873;Казниться ;0;СТЫД; 35.1. Эмоциональное состояние.;neg;
2875;Кайф; разг.-сниж. ;СЧАСТЬЕ; 36.1. Эмоциональное состояние.;pos;
2876;Кайфовый; жарг. ;СЧАСТЬЕ; 36.6. Эмоциональная характеризация.;pos;
2885;Каналья; разг., бран. ;НЕПРИЯЗНЬ; 25.8. Человек как средоточие и носитель эмоций.;neg;
2889;Каприз ;0;НАДЕЖДА; 20.5. Внешнее выражение эмоций.;pos;
2890;Капризник; разг. ;НАДЕЖДА; 20.8. Человек как средоточие и носитель эмоций.;pos;
2891;Капризница; разг. ;НАДЕЖДА; 20.8. Человек как средоточие и носитель эмоций.;pos;
2892;Капризничать ;0;ЖЕЛАНИЕ; 14.5. Внешнее выражение эмоций.;pos;
2893;Капризность ;0;ЖЕЛАНИЕ; 14.7. Эмоциональное качество.;pos;
2894;Капризный ;0;ДОБРОТА; 11.6. Эмоциональная характеризация.;pos;
2895;Капризный ;0;ЖЕЛАНИЕ; 14.6. Эмоциональная характеризация.;pos;
2896;Капризуля ;0;ЖЕЛАНИЕ; 14.6. Эмоциональная характеризация.;pos;
2897;Капризуля ;0;ЖЕЛАНИЕ; 14.8. Человек как средоточие и носитель эмоций.;pos;
2898;Кара ;0;НЕПРИЯЗНЬ; 25.5. Внешнее выражение эмоций.;neg;
2901;Карать ;0;НЕПРИЯЗНЬ; 25.5. Внешнее выражение эмоций.;neg;
2902;Карьерист; книжн. ;ВЫСОКОМЕРИЕ; 8.8. Человек как средоточие и носитель эмоций.;neg;
2903;Касатик; разг.-сниж. ;ЛЮБОВЬ; 18.8. Человек как средоточие и носитель эмоций.;pos;
2904;Касатка; разг.-сниж. ;ЛЮБОВЬ; 18.8. Человек как средоточие и носитель эмоций.;pos;
2909;Кейф; разг., шути. ;СЧАСТЬЕ; 36.1. Эмоциональное состояние.;pos;
2910;Кент; жарг. ;ДРУЖБА; 12.8. Человек как средоточие и носитель эмоций.;pos;
2911;Кентяра; жарг. ;ДРУЖБА; 12.8. Человек как средоточие и носитель эмоций.;pos;
2936;Кичиться ;0;ВЫСОКОМЕРИЕ; 8.5. Внешнее выражение эмоций.;neg;
2937;Кичливо ;0;ВЫСОКОМЕРИЕ; 8.5. Внешнее выражение эмоций.;neg;
2938;Кичливость ;0;ВЫСОКОМЕРИЕ; 8.7. Эмоциональное качество.;neg;
2939;Кичливый ;0;ВЫСОКОМЕРИЕ; 8.5. Внешнее выражение эмоций.;neg;
2940;Кичливый ;0;ВЫСОКОМЕРИЕ; 8.6. Эмоциональная характеризация.;neg;
2942;Классно; жарг. ;ВДОХНОВЕНИЕ; 4.6. Эмоциональная характеризация.;pos;
2943;Классный; жарг. ;ВДОХНОВЕНИЕ; 4.6. Эмоциональная характеризация.;pos;
2944;Клевета ;0;СТЫД; 35.4. Эмоциональное воздействие.;neg;
2945;Клеветать ;0;СТЫД; 35.4. Эмоциональное воздействие.;neg;
2946;Клеветник ;0;СТЫД; 35.8. Человек как средоточие и носитель эмоций.;neg;
2947;Клеветнический ;0;СТЫД; 35.5. Внешнее выражение эмоций.;neg;
2948;Клеветнический ;0;СТЫД; 35.6. Эмоциональная характеризация.;neg;
2962;Клясть; ;НЕПРИЯЗНЬ; 25.5. Внешнее выражение эмоций.;neg;
2963;Клясться ;0;ВЕРА; 5.5. Внешнее выражение эмоций.;pos;
2964;Клятва ;0;ВЕРА; 5.5. Внешнее выражение эмоций.;pos;
2965;Кляуза ;0;ЖАЛОСТЬ; 13.5. Внешнее выражение эмоций.;neg;
2966;Кляузный ;0;ЖАЛОСТЬ; 13.6. Эмоциональная характеризация.;neg;
2967;Книгоед; разг., шутл. ;ЛЮБОВЬ; 18.8. Человек как средоточие и носитель эмоций.;pos;
2968;Книгожора; разг., шутл. ;ЛЮБОВЬ; 18.8. Человек как средоточие и носитель эмоций.;pos;
2969;Книголюб ;0;ЛЮБОВЬ; 18.8. Человек как средоточие и носитель эмоций.;pos;
2970;Книгочей; устар. ;ЛЮБОВЬ; 18.8. Человек как средоточие и носитель эмоций.;pos;
2971;Книжник ;0;ЛЮБОВЬ; 18.8. Человек как средоточие и носитель эмоций.;pos;
2974;Коварно ;0;НЕВЕРИЕ; 22.5. Внешнее выражение эмоций.;neg;
2975;Коварно ;0;НЕИСКРЕННОСТЬ; 24.5. Внешнее выражение эмоций.;neg;
2976;Коварность ;0;ЗЛОСТЬ; 16.7. Эмоциональное качество.;neg;
2977;Коварный ;0;ЗЛОСТЬ; 16.6. Эмоциональная характеризация.;neg;
2978;Коварный ;0;НЕВЕРИЕ; 22.6. Эмоциональная характеризация.;neg;
2979;Коварный ;0;НЕИСКРЕННОСТЬ; 24.6. Эмоциональная характеризация.;neg;
2980;Коварство ;0;ЗЛОСТЬ; 16.7. Эмоциональное качество.;neg;
2981;Коварство ;0;НЕВЕРИЕ; 22.7. Эмоциональное качество.;neg;
2982;Коварство ;0;НЕИСКРЕННОСТЬ; 24.7. Эмоциональное качество.;neg;
2983;Козел; разг.-сниж., бран. ;НЕПРИЯЗНЬ; 25.8. Человек как средоточие и носитель эмоций.;neg;
2985;Кокетка ;0;ЛЮБОВЬ; 18.8. Человек как средоточие и носитель эмоций.;pos;
2986;Кокетливость ;0;ЛЮБОВЬ; 18.7. Эмоциональное качество.;pos;
2987;Кокетливый ;0;ЛЮБОВЬ; 18.5. Внешнее выражение эмоций.;pos;
2988;Кокетливый ;0;ЛЮБОВЬ; 18.6. Эмоциональная характеризация.;pos;
2989;Кокетничанье ;0;ЛЮБОВЬ; 18.5. Внешнее выражение эмоций.;pos;
2990;Кокетничать ;0;ЛЮБОВЬ; 18.5. Внешнее выражение эмоций.;pos;
2991;Кокетство ;0;ЛЮБОВЬ; 18.5. Внешнее выражение эмоций.;pos;
2992;Кокетство ;0;ЛЮБОВЬ; 18.7. Эмоциональное качество.;pos;
2993;Колгота ;0;БЕСПОКОЙСТВО; 1.1. Эмоциональное состояние.;neg;
2994;Колготиться ;0;БЕСПОКОЙСТВО; 1.1. Эмоциональное состояние.;neg;
2999;Коленопреклонение ;0;УВАЖЕНИЕ; 37.5. Внешнее выражение эмоций.;pos;
3002;Коловратность; устар. ;НЕВЕРИЕ; 22.7. Эмоциональное качество.;neg;
3003;Колоссально; разг. ;УДИВЛЕНИЕ; 38.5. Внешнее выражение эмоций.;pos;
3004;Колотиться; разг.-сниж. ;ГОРЕ; 9.1. Эмоциональное состояние.;neg;
3012;Комичность ;0;РАДОСТЬ; 30.7. Эмоциональное качество.;pos;
3013;Комичный ;0;РАДОСТЬ; 30.6. Эмоциональная характеризация.;pos;
3014;Коммуникабельность ;0;ДРУЖБА; 12.7. Эмоциональное качество.;pos;
3015;Коммуникабельный ;0;ДРУЖБА; 12.2. Эмоциональное отношение.;pos;
3016;Коммуникабельный ;0;ДРУЖБА; 12.6. Эмоциональная характеризация.;pos;
3017;Компанейский; разг. ;ДРУЖБА; 12.2. Эмоциональное отношение.;pos;
3018;Компанейский; разг. ;ДРУЖБА; 12.6. Эмоциональная характеризация.;pos;
3019;Комплиментарно; шути. ;ОДОБРЕНИЕ; 28.5. Внешнее выражение эмоций.;pos;
3020;Комплиментарный; шутл. ;ОДОБРЕНИЕ; 28.5. Внешнее выражение эмоций.;pos;
3021;Комплиментарный; шутл. ;ОДОБРЕНИЕ; 28.6. Эмоциональная характеризация.;pos;
3023;Конкубина; книжн. ;ЛЮБОВЬ; 18.8. Человек как средоточие и носитель эмоций.;pos;
3024;Консервативный ;0;ВРАЖДА; 7.6. Эмоциональная характеризация.;neg;
3026;Контактировать; разг. ;ДРУЖБА; 12.2. Эмоциональное отношение.;pos;
3027;Контактироваться ;0;ДРУЖБА; 12.2. Эмоциональное отношение.;pos;
3028;Контактность ;0;ДРУЖБА; 12.7. Эмоциональное качество.;pos;
3029;Контактный ;0;ДРУЖБА; 12.2. Эмоциональное отношение.;pos;
3030;Контактный ;0;ДРУЖБА; 12.6. Эмоциональная характеризация.;pos;
3031;Контачить; разг. ;ДРУЖБА; 12.2. Эмоциональное отношение.;pos;
3032;Контры; разг., шутл. ;ВРАЖДА; 7.2. Эмоциональное отношение.;neg;
3035;Конфиденциальный ;0;ДРУЖБА; 12.6. Эмоциональная характеризация.;pos;
3036;Конфликт ;0;ВРАЖДА; 7.1. Эмоциональное состояние.;neg;
3037;Конфликтовать ;0;ВРАЖДА; 7.2. Эмоциональное отношение.;neg;
3038;Конфуз ;0;СТЫД; 35.1. Эмоциональное состояние.;neg;
3039;Конфузливо ;0;СТЫД; 35.5. Внешнее выражение эмоций.;neg;
3040;Конфузливость ;0;СТЫД; 35.7. Эмоциональное качество.;neg;
3041;Конфузливый ;0;СТЫД; 35.6. Эмоциональная характеризация.;neg;
3042;Конфузный ;0;СТЫД; 35.4. Эмоциональное воздействие.;neg;
3043;Корефан; жарг. ;ДРУЖБА; 12.8. Человек как средоточие и носитель эмоций.;pos;
3044;Кореш; разг.-сниж. ;ДРУЖБА; 12.8. Человек как средоточие и носитель эмоций.;pos;
3045;Корешкование ;0;ДРУЖБА; 12.2. Эмоциональное отношение.;pos;
3046;Корешок; разг.-сниж. ;ДРУЖБА; 12.8. Человек как средоточие и носитель эмоций.;pos;
3048;Корить ;0;НЕПРИЯЗНЬ; 25.5. Внешнее выражение эмоций.;neg;
3051;Корчить; разг. ;НЕИСКРЕННОСТЬ; 24.5. Внешнее выражение эмоций.;neg;
3056;Костить; разг. ;НЕПРИЯЗНЬ; 25.5. Внешнее выражение эмоций.;neg;
3058;Кочевряжиться; разг.-сниж. ;НАСТОЙЧИВОСТЬ; 21.5. Внешнее выражение эмоций.;pos;
3065;Кощунственный ;0;ОБИДА; 26.6. Эмоциональная характеризация.;neg;
3066;Кощунство ;0;ОБИДА; 26.5. Внешнее выражение эмоций.;neg;
3067;Кощунствовать ;0;ОБИДА; 26.5. Внешнее выражение эмоций.;neg;
3070;Кредит; устар. ;УВАЖЕНИЕ; 37.7. Эмоциональное качество.;pos;
3073;Крепкоголовый; разг. ;НАСТОЙЧИВОСТЬ; 21.6. Эмоциональная характеризация.;pos;
3074;Крепколобый; разг. ;НАСТОЙЧИВОСТЬ; 21.6. Эмоциональная характеризация.;pos;
3077;Криводушие; устар. ;НЕИСКРЕННОСТЬ; 24.7. Эмоциональное качество.;neg;
3078;Криводушный; устар. ;НЕИСКРЕННОСТЬ; 24.6. Эмоциональная характеризация.;neg;
3079;Критиканский ;0;НЕВЕРИЕ; 22.6. Эмоциональная характеризация.;neg;
3080;Критиканский ;0;СОМНЕНИЕ; 32.6. Эмоциональная характеризация.;neg;
3081;Критиканство ;0;НЕВЕРИЕ; 22.7. Эмоциональное качество.;neg;
3082;Критиканство ;0;СОМНЕНИЕ; 32.7. Эмоциональное качество.;neg;
3083;Критически ;0;НЕДОВОЛЬСТВО; 23.5. Внешнее выражение эмоций.;neg;
3084;Критический ;0;НЕВЕРИЕ; 22.6. Эмоциональная характеризация.;neg;
3085;Критический ;0;НЕДОВОЛЬСТВО; 23.2. Эмоциональное отношение.;neg;
3086;Критический ;0;НЕДОВОЛЬСТВО; 23.6. Эмоциональная характеризация.;neg;
3087;Критический ;0;СОМНЕНИЕ; 32.6. Эмоциональная характеризация.;neg;
3088;Критичность ;0;НЕВЕРИЕ; 22.7. Эмоциональное качество.;neg;
3089;Критичность ;0;СОМНЕНИЕ; 32.7. Эмоциональное качество.;neg;
3090;Критичный ;0;НЕВЕРИЕ; 22.6. Эмоциональная характеризация.;neg;
3091;Критичный ;0;НЕДОВОЛЬСТВО; 23.2. Эмоциональное отношение.;neg;
3092;Критичный ;0;НЕДОВОЛЬСТВО; 23.6. Эмоциональная характеризация.;neg;
3093;Критичный ;0;СОМНЕНИЕ; 32.6. Эмоциональная характеризация.;neg;
3098;Кровожадность ;0;ЖЕСТОКОСТЬ; 15.7. Эмоциональное качество.;neg;
3100;Кровопивец; разг.-сниж. ;ЖЕСТОКОСТЬ; 15.8. Человек как средоточие и носитель эмоций.;neg;
3102;Кровопийца ;0;ЖЕСТОКОСТЬ; 15.8. Человек как средоточие и носитель эмоций.;neg;
3103;Кровосос; разг.-сниж. ;ЖЕСТОКОСТЬ; 15.8. Человек как средоточие и носитель эмоций.;neg;
3104;Кроткий ;0;ДОБРОТА; 11.6. Эмоциональная характеризация.;pos;
3105;Кроткий ;0;СМИРЕНИЕ; 31.6. Эмоциональная характеризация.;pos;
3106;Кротко ;0;СМИРЕНИЕ; 31.5. Внешнее выражение эмоций.;pos;
3107;Кроткость ;0;СМИРЕНИЕ; 31.7. Эмоциональное качество.;pos;
3108;Кротость ;0;ДОБРОТА; 11.7. Эмоциональное качество.;pos;
3109;Кротость ;0;СМИРЕНИЕ; 31.7. Эмоциональное качество. ;pos;
3115;Кручина; трад.-поэт. ;ГРУСТЬ; 10.1. Эмоциональное состояние.;neg;
3116;Кручиниться; трад.-поэт. ;ГОРЕ; 9.1. Эмоциональное состояние.;neg;
3117;Кручиниться; трад.-поэт. ;ГРУСТЬ; 10.1. Эмоциональное состояние.;neg;
3118;Кручинный; трад.-поэт. ;ГРУСТЬ; 10.1. Эмоциональное состояние.;neg;
3119;Кручинный; трад.-поэт. ;ГРУСТЬ; 10.6. Эмоциональная характеризация.;neg;
3120;Кручинушка; трад.-поэт. ;ГРУСТЬ; 10.1. Эмоциональное состояние.;neg;
3123;Крушиться; трад.-поэт. ;ГРУСТЬ; 10.1. Эмоциональное состояние.;neg;
3127;Крышевать; разг.-сниж. ;ДОБРОТА; 11.2. Эмоциональное отношение.;pos;
3130;Кукиш ;0;НЕПРИЯЗНЬ; 25.5. Внешнее выражение эмоций.;neg;
3132;Кукситься ;0;ГРУСТЬ; 10.1. Эмоциональное состояние.;neg;
3134;Кунацкий ;0;ДРУЖБА; 12.2. Эмоциональное отношение.;pos;
3135;Кураж; разг. ;БЕССТРАШИЕ; 2.7. Эмоциональное качество.;pos;
3136;Кураж; разг. ;РАДОСТЬ; 30.7. Эмоциональное качество.;pos;
3137;Куражиться; разг.-сниж. ;ЖЕСТОКОСТЬ; 15.2. Эмоциональное отношение.;neg;
3138;Куражиться; разг.-сниж. ;ЖЕСТОКОСТЬ; 15.5. Внешнее выражение эмоций.;neg;
3141;Куртизанить ;0;ЛЮБОВЬ; 18.5. Внешнее выражение эмоций.;pos;
3142;Курьез ;0;РАДОСТЬ; 30.6. Эмоциональная характеризация.;pos;
3143;Курьезность ;0;РАДОСТЬ; 30.1. Эмоциональное состояние.;pos;
3144;Курьезный ;0;РАДОСТЬ; 30.6. Эмоциональная характеризация.;pos;
3145;Лад; разг. ;ДРУЖБА; 12.2. Эмоциональное отношение.;pos;
3146;Лад; разг. ;СПОКОЙСТВИЕ; 33.1. Эмоциональное состояние.;pos;
3147;Лада; трад.-поэт. ;ЛЮБОВЬ; 18.8. Человек как средоточие и носитель эмоций.;pos;
3148;Ладить ;0;ДРУЖБА; 12.2. Эмоциональное отношение.;pos;
3149;Ладный; разг. ;ДРУЖБА; 12.6. Эмоциональная характеризация. ;pos;
3150;Лакомый; разг. ;ВЛЕЧЕНИЕ; 6.4. Эмоциональное воздействие.;pos;
3151;Ламентация; устар. ;ЖАЛОСТЬ; 13.5. Внешнее выражение эмоций.;neg;
3152;Лапушка; разг.-сниж. ;ЛЮБОВЬ; 18.8. Человек как средоточие и носитель эмоций.;pos;
3153;Ласка ;0;ЛЮБОВЬ; 18.5. Внешнее выражение эмоций.;pos;
3154;Ласкатель; устар. ;НЕИСКРЕННОСТЬ; 24.8. Человек как средоточие и носитель эмоций.;neg;
3157;Ласкательство; устар. ;НЕИСКРЕННОСТЬ; 24.7. Эмоциональное качество.;neg;
3158;Ласкать ;0;ЛЮБОВЬ; 18.5. Внешнее выражение эмоций.;pos;
3160;Ласкаться ;0;ЛЮБОВЬ; 18.5. Внешнее выражение эмоций.;pos;
3161;Ласково ;0;ЛЮБОВЬ; 18.5. Внешнее выражение эмоций.;pos;
3162;Ласковость ;0;ЛЮБОВЬ; 18.2. Эмоциональное отношение.;pos;
3163;Ласковость ;0;ЛЮБОВЬ; 18.7. Эмоциональное качество.;pos;
3164;Ласковый ;0;ЛЮБОВЬ; 18.5. Внешнее выражение эмоций.;pos;
3165;Ласковый ;0;ЛЮБОВЬ; 18.6. Эмоциональная характеризация.;pos;
3166;Ластиться; разг. ;ЛЮБОВЬ; 18.5. Внешнее выражение эмоций.;pos;
3167;Ласточка; разг. ;ЛЮБОВЬ; 18.8. Человек как средоточие и носитель эмоций.;pos;
3170;Лебезить; разг.-сниж. ;НЕИСКРЕННОСТЬ; 24.5. Внешнее выражение эмоций.;neg;
3176;Легковерие ;0;ВЕРА; 5.7. Эмоциональное качество.;pos;
3177;Легковерно ;0;ВЕРА; 5.1. Эмоциональное состояние.;pos;
3178;Легковерно ;0;ВЕРА; 5.2. Эмоциональное отношение.;pos;
3179;Легковерно ;0;ВЕРА; 5.5. Внешнее выражение эмоций.;pos;
3180;Легковерность ;0;ВЕРА; 5.7. Эмоциональное качество.;pos;
3181;Легковерный ;0;ВЕРА; 5.6. Эмоциональная характеризация.;pos;
3183;Легкоранимый ;0;ЧУВСТВО; 39.6. Эмоциональная характеризация.;pos;
3192;Лезть; разг. ;НАСТОЙЧИВОСТЬ; 21.5. Внешнее выражение эмоций.;pos;
3193;Лелеять ;0;ДОБРОТА; 11.2. Эмоциональное отношение.;pos;
3194;Лелеять ;0;ЛЮБОВЬ; 18.5. Внешнее выражение эмоций.;pos;
3196;Лестно ;0;ОДОБРЕНИЕ; 28.5. Внешнее выражение эмоций.;pos;
3197;Лестный ;0;ОДОБРЕНИЕ; 28.2. Эмоциональное отношение.;pos;
3198;Лестный ;0;ОДОБРЕНИЕ; 28.6. Эмоциональная характеризация.;pos;
3201;Лживо ;0;НЕИСКРЕННОСТЬ; 24.5. Внешнее выражение эмоций.;neg;
3202;Лживость ;0;НЕИСКРЕННОСТЬ; 24.7. Эмоциональное качество.;neg;
3203;Лживый ;0;НЕИСКРЕННОСТЬ; 24.5. Внешнее выражение эмоций.;neg;
3204;Лживый ;0;НЕИСКРЕННОСТЬ; 24.6. Эмоциональная характеризация.;neg;
3215;Лизоблюдничать; разг.-сниж. ;НЕИСКРЕННОСТЬ; 24.5. Внешнее выражение эмоций.;neg;
3216;Лизун; разг.-сниж. ;НЕИСКРЕННОСТЬ; 24.8. Человек как средоточие и носитель эмоций.;neg;
3217;Ликование ;0;РАДОСТЬ; 30.1. Эмоциональное состояние.;pos;
3218;Ликование ;0;РАДОСТЬ; 30.5. Внешнее выражение эмоций.;pos;
3219;Ликовать ;0;РАДОСТЬ; 30.1. Эмоциональное состояние.;pos;
3220;Ликовать ;0;РАДОСТЬ; 30.5. Внешнее выражение эмоций.;pos;
3221;Ликующий ;0;РАДОСТЬ; 30.1. Эмоциональное состояние.;pos;
3222;Ликующий ;0;РАДОСТЬ; 30.6. Эмоциональная характеризация.;pos;
3234;Лихач; разг., неодобр. ;БЕССТРАШИЕ; 2.6. Эмоциональная характеризация.;pos;
3235;Лихач; разг., неодобр. ;БЕССТРАШИЕ; 2.8. Человек как средоточие и носитель эмоций.;pos;
3236;Лихачество; разг., неодобр. ;БЕССТРАШИЕ; 2.7. Эмоциональное качество.;pos;
3237;Лихо ;0;НЕДОВОЛЬСТВО; 23.6. Эмоциональная характеризация.;neg;
3238;Лихо; трад.-поэт., разг. ;ГОРЕ; 9.1. Эмоциональное состояние.;neg;
3239;Лихо; трад.-поэт., разг. ;ЗЛОСТЬ; 16.6. Эмоциональная характеризация.;neg;
3240;Лиходей; разг.-сниж. ;ГОРЕ; 9.8. Человек как средоточие и носитель эмоций.;neg;
3241;Лиходейка; разг.-сниж. ;ГОРЕ; 9.8. Человек как средоточие и носитель эмоций.;neg;
3242;Лиходейский; разг.-сниж. ;ГОРЕ; 9.1. Эмоциональное состояние.;neg;
3243;Лиходейский; разг.-сниж. ;ГОРЕ; 9.6. Эмоциональная характеризация.;neg;
3244;Лихой ;0;ВДОХНОВЕНИЕ; 4.6. Эмоциональная характеризация.;pos;
3245;Лихой ;0;ГОРЕ; 9.1. Эмоциональное состояние.;neg;
3246;Лихой; разг. ;БЕССТРАШИЕ; 2.6. Эмоциональная характеризация.;pos;
3247;Лихой; разг. ;ГОРЕ; 9.6. Эмоциональная характеризация.;neg;
3248;Лихой; разг. ;ЗЛОСТЬ; 16.6. Эмоциональная характеризация.;neg;
3255;Лихость; разг. ;БЕССТРАШИЕ; 2.7. Эмоциональное качество.;pos;
3259;Лицемер ;0;НЕИСКРЕННОСТЬ; 24.8. Человек как средоточие и носитель эмоций.;neg;
3260;Лицемерие ;0;НЕИСКРЕННОСТЬ; 24.7. Эмоциональное качество.;neg;
3261;Лицемерить ;0;НЕИСКРЕННОСТЬ; 24.5. Внешнее выражение эмоций.;neg;
3262;Лицемерка ;0;НЕИСКРЕННОСТЬ; 24.8. Человек как средоточие и носитель эмоций.;neg;
3263;Лицемерно ;0;НЕИСКРЕННОСТЬ; 24.5. Внешнее выражение эмоций.;neg;
3264;Лицемерность ;0;НЕИСКРЕННОСТЬ; 24.7. Эмоциональное качество.;neg;
3265;Лицемерный ;0;НЕИСКРЕННОСТЬ; 24.6. Эмоциональная характеризация.;neg;
3266;Лицемерский ;0;НЕИСКРЕННОСТЬ; 24.6. Эмоциональная характеризация.;neg;
3267;Лобзание ;0;ЛЮБОВЬ; 18.5. Внешнее выражение эмоций.;pos;
3268;Лобзать ;0;ЛЮБОВЬ; 18.5. Внешнее выражение эмоций.;pos;
3269;Лобзаться ;0;ЛЮБОВЬ; 18.5. Внешнее выражение эмоций.;pos;
3270;Лобызанье ;0;ЛЮБОВЬ; 18.5. Внешнее выражение эмоций.;pos;
3271;Ловелас ;0;ЛЮБОВЬ; 18.8. Человек как средоточие и носитель эмоций.;pos;
3272;Ложный ;0;НЕИСКРЕННОСТЬ; 24.6. Эмоциональная характеризация.;neg;
3283;Льстец ;0;НЕИСКРЕННОСТЬ; 24.8. Человек как средоточие и носитель эмоций.;neg;
3284;Льстиво ;0;НЕИСКРЕННОСТЬ; 24.5. Внешнее выражение эмоций.;neg;
3285;Льстивость ;0;НЕИСКРЕННОСТЬ; 24.7. Эмоциональное качество.;neg;
3286;Льстивый ;0;НЕИСКРЕННОСТЬ; 24.6. Эмоциональная характеризация.;neg;
3287;Льстить ;0;НЕИСКРЕННОСТЬ; 24.2. Эмоциональное отношение.;neg;
3288;Льстить ;0;НЕИСКРЕННОСТЬ; 24.5. Внешнее выражение эмоций.;neg;
3290;Люба; трад.-поэт. ;ЛЮБОВЬ; 18.8. Человек как средоточие и носитель эмоций.;pos;
3291;Любвеобилие ;0;ЛЮБОВЬ; 18.7. Эмоциональное качество.;pos;
3292;Любвеобильность ;0;ЛЮБОВЬ; 18.7. Эмоциональное качество.;pos;
3293;Любвеобильный ;0;ЛЮБОВЬ; 18.6. Эмоциональная характеризация.;pos;
3294;Любезная; устар. ;ЛЮБОВЬ; 18.8. Человек как средоточие и носитель эмоций.;pos;
3295;Любезник; устар. ;ЛЮБОВЬ; 18.8. Человек как средоточие и носитель эмоций.;pos;
3296;Любезничать ;0;ЛЮБОВЬ; 18.5. Внешнее выражение эмоций.;pos;
3297;Любезно ;0;ОДОБРЕНИЕ; 28.5. Внешнее выражение эмоций.;pos;
3298;Любезный ;0;ОДОБРЕНИЕ; 28.6. Эмоциональная характеризация.;pos;
3299;Любезный; устар. ;ЛЮБОВЬ; 18.5. Внешнее выражение эмоций.;pos;
3300;Любезный; устар. ;ЛЮБОВЬ; 18.6. Эмоциональная характеризация.;pos;
3301;Любезный; устар. ;ЛЮБОВЬ; 18.8. Человек как средоточие и носитель эмоций.;pos;
3302;Любимая ;0;ЛЮБОВЬ; 18.8. Человек как средоточие и носитель эмоций.;pos;
3303;Любимец ;0;ЛЮБОВЬ; 18.8. Человек как средоточие и носитель эмоций.;pos;
3304;Любимица ;0;ЛЮБОВЬ; 18.8. Человек как средоточие и носитель эмоций.;pos;
3305;Любимчик ;0;ЛЮБОВЬ; 18.8. Человек как средоточие и носитель эмоций.;pos;
3306;Любимый ;0;ЛЮБОВЬ; 18.5. Внешнее выражение эмоций.;pos;
3307;Любимый ;0;ЛЮБОВЬ; 18.6. Эмоциональная характеризация.;pos;
3308;Любимый ;0;ЛЮБОВЬ; 18.8. Человек как средоточие и носитель эмоций.;pos;
3309;Любитель ;0;ЛЮБОВЬ; 18.8. Человек как средоточие и носитель эмоций.;pos;
3310;Любить ;0;ЛЮБОВЬ; 18.1. Эмоциональное состояние.;pos;
3311;Любить ;0;ЛЮБОВЬ; 18.2. Эмоциональное отношение.;pos;
3313;Любиться; устар. ;ЛЮБОВЬ; 18.2. Эмоциональное отношение.;pos;
3314;Любоваться ;0;ОДОБРЕНИЕ; 28.2. Эмоциональное отношение.;pos;
3315;Любоваться ;0;СЧАСТЬЕ; 36.5. Внешнее выражение эмоций.;pos;
3316;Любовник ;0;ЛЮБОВЬ; 18.8. Человек как средоточие и носитель эмоций.;pos;
3317;Любовница ;0;ЛЮБОВЬ; 18.8. Человек как средоточие и носитель эмоций.;pos;
3318;Любовно ;0;ЛЮБОВЬ; 18.5. Внешнее выражение эмоций.;pos;
3319;Любовность ;0;ЛЮБОВЬ; 18.7. Эмоциональное качество.;pos;
3320;Любовный ;0;ДОБРОТА; 11.6. Эмоциональная характеризация.;pos;
3321;Любовный ;0;ЛЮБОВЬ; 18.1. Эмоциональное состояние.;pos;
3322;Любовный ;0;ЛЮБОВЬ; 18.4. Эмоциональное воздействие.;pos;
3323;Любовный ;0;ЛЮБОВЬ; 18.5. Внешнее выражение эмоций.;pos;
3324;Любовный ;0;ЛЮБОВЬ; 18.6. Эмоциональная характеризация.;pos;
3325;Любовь ;0;ВЛЕЧЕНИЕ; 6.1. Эмоциональное состояние.;pos;
3326;Любовь ;0;ВЛЕЧЕНИЕ; 6.2. Эмоциональное отношение.;pos;
3327;Любовь ;0;ЛЮБОВЬ; 18.1. Эмоциональное состояние.;pos;
3328;Любовь ;0;ЛЮБОВЬ; 18.2. Эмоциональное отношение.;pos;
3329;Любовь ;0;ЛЮБОВЬ; 18.8. Человек как средоточие и носитель эмоций.;pos;
3330;Любовь-морковь; разг., пренебр. ;ЛЮБОВЬ; 18.1. Эмоциональное состояние.;pos;
3331;Любознательность ;0;ЛЮБОПЫТСТВО; 19.7. Эмоциональное качество.;pos;
3332;Любознательный ;0;ЛЮБОПЫТСТВО; 19.1. Эмоциональное состояние.;pos;
3333;Любознательный ;0;ЛЮБОПЫТСТВО; 19.6. Эмоциональная характеризация.;pos;
3334;Любоначалие; устар. ;ЛЮБОВЬ; 18.7. Эмоциональное качество.;pos;
3335;Любопытничать; разг. ;ЛЮБОПЫТСТВО; 19.5. Внешнее выражение эмоций.;pos;
3336;Любопытно ;0;ЛЮБОПЫТСТВО; 19.1. Эмоциональное состояние.;pos;
3337;Любопытный ;0;ЛЮБОПЫТСТВО; 19.1. Эмоциональное состояние.;pos;
3338;Любопытный ;0;ЛЮБОПЫТСТВО; 19.5. Внешнее выражение эмоций.;pos;
3339;Любопытный ;0;ЛЮБОПЫТСТВО; 19.6. Эмоциональная характеризация.;pos;
3340;Любопытство ;0;ЛЮБОПЫТСТВО; 19.1. Эмоциональное состояние.;pos;
3341;Любопытство ;0;ЛЮБОПЫТСТВО; 19.7. Эмоциональное качество.;pos;
3342;Любострастие; устар. ;ЧУВСТВО; 39.7. Эмоциональное качество.;pos;
3343;Любострастно; устар. ;ЧУВСТВО; 39.5. Внешнее выражение эмоций.;pos;
3344;Любострастный; устар. ;ЧУВСТВО; 39.6. Эмоциональная характеризация.;pos;
3345;Любушка ;0;ЛЮБОВЬ; 18.8. Человек как средоточие и носитель эмоций.;pos;
3346;Любящий; разг. ;ЛЮБОВЬ; 18.2. Эмоциональное отношение.;pos;
3347;Любящий; разг. ;ЛЮБОВЬ; 18.5. Внешнее выражение эмоций.;pos;
3348;Любящий; разг. ;ЛЮБОВЬ; 18.6. Эмоциональная характеризация.;pos;
3352;Лютеть; разг.-сниж. ;ЖЕСТОКОСТЬ; 15.3. Становление эмоционального состояния и отношения.;neg;
3353;Люто ;0;ЖЕСТОКОСТЬ; 15.5. Внешнее выражение эмоций.;neg;
3354;Лютование; разг. ;ЖЕСТОКОСТЬ; 15.5. Внешнее выражение эмоций.;neg;
3355;Лютовать; разг.-сниж. ;ЖЕСТОКОСТЬ; 15.5. Внешнее выражение эмоций.;neg;
3356;Лютовать; разг.-сниж. ;ЗЛОСТЬ; 16.1. Эмоциональное состояние.;neg;
3357;Лютой; разг.-сниж. ;ЖЕСТОКОСТЬ; 15.2. Эмоциональное отношение.;neg;
3358;Лютость; разг. ;ЖЕСТОКОСТЬ; 15.7. Эмоциональное качество.;neg;
3359;Лютый и Лютой; разг.-сниж. ;ГОРЕ; 9.4. Эмоциональное воздействие.;neg;
3360;Лютый и Лютой; разг.-сниж. ;ГОРЕ; 9.6. Эмоциональная характеризация.;neg;
3361;Лютый и Лютой; разг.-сниж. ;ЖЕСТОКОСТЬ; 15.6. Эмоциональная характеризация.;neg;
3363;Магичный; разг. ;ОДОБРЕНИЕ; 28.6. Эмоциональная характеризация.;pos;
3368;Маета; разг.-сниж. ;БЕСПОКОЙСТВО; 1.1. Эмоциональное состояние.;neg;
3369;Маета; разг.-сниж. ;ГОРЕ; 9.1. Эмоциональное состояние.;neg;
3370;Маетно; разг.-сниж. ;БЕСПОКОЙСТВО; 1.1. Эмоциональное состояние.;neg;
3371;Маетный; разг. ;БЕСПОКОЙСТВО; 1.6. Эмоциональная характеризация.;neg;
3374;Мажорность ;0;РАДОСТЬ; 30.7. Эмоциональное качество.;pos;
3377;Макиавеллиевский; книжн. ;НЕВЕРИЕ; 22.6. Эмоциональная характеризация.;neg;
3378;Макиавеллизм; книжн. ;НЕВЕРИЕ; 22.7. Эмоциональное качество.;neg;
3379;Макиавеллизм; книжн. ;НЕИСКРЕННОСТЬ; 24.7. Эмоциональное качество.;neg;
3380;Малоавторитетный ;0;НЕВЕРИЕ; 22.6. Эмоциональная характеризация.;neg;
3381;Малоавторитетный ;0;СОМНЕНИЕ; 32.6. Эмоциональная характеризация.;neg;
3382;Маловер ;0;НЕВЕРИЕ; 22.8. Человек как средоточие и носитель эмоций.;neg;
3383;Маловерие ;0;НЕВЕРИЕ; 22.7. Эмоциональное качество.;neg;
3384;Малодоступный ;0;ОДИНОЧЕСТВО; 27.6. Эмоциональная характеризация.;neg;
3385;Малодушествовать; книжн. ;СТРАХ; 34.5. Внешнее выражение эмоций.;neg;
3388;Малодушничать; разг. ;СТРАХ; 34.1. Эмоциональное состояние.;neg;
3389;Малодушный ;0;СМИРЕНИЕ; 31.6. Эмоциональная характеризация.;pos;
3390;Малодушный ;0;СТРАХ; 34.5. Внешнее выражение эмоций.;neg;
3391;Малодушный ;0;СТРАХ; 34.6. Эмоциональная характеризация.;neg;
3392;Малообщительность ;0;ОДИНОЧЕСТВО; 27.7. Эмоциональное качество.;neg;
3393;Малообщительный ;0;ОДИНОЧЕСТВО; 27.5. Внешнее выражение эмоций.;neg;
3394;Малообщительный ;0;ОДИНОЧЕСТВО; 27.6. Эмоциональная характеризация.;neg;
3395;Малопривлекательный ;0;НЕПРИЯЗНЬ; 25.6. Эмоциональная характеризация.;neg;
3396;Малопритязательность ;0;СМИРЕНИЕ; 31.7. Эмоциональное качество.;pos;
3397;Малопритязательный ;0;СМИРЕНИЕ; 31.6. Эмоциональная характеризация.;pos;
3398;Малоприятный ;0;НЕПРИЯЗНЬ; 25.6. Эмоциональная характеризация.;neg;
3399;Мандраж; разг.-сниж. ;БЕСПОКОЙСТВО; 1.1. Эмоциональное состояние.;neg;
3401;Манерный; разг. ;НЕИСКРЕННОСТЬ; 24.5. Внешнее выражение эмоций.;neg;
3402;Маниакальный ;0;ВЛЕЧЕНИЕ; 6.6. Эмоциональная характеризация.;pos;
3404;Маниловщина; книжн. ;НАДЕЖДА; 20.7. Эмоциональное качество.;pos;
3405;Мания ;0;ЛЮБОВЬ; 18.2. Эмоциональное отношение.;pos;
3406;Мания; неодобр. ;ВЛЕЧЕНИЕ; 6.1. Эмоциональное состояние.;pos;
3407;Манкирование; устар. ;НЕПРИЯЗНЬ; 25.2. Эмоциональное отношение.;neg;
3408;Манкировать; несов. и сов., устар. ;НЕПРИЯЗНЬ; 25.2. Эмоциональное отношение.;neg;
3409;Манкировка; устар. ;НЕПРИЯЗНЬ; 25.2. Эмоциональное отношение.;neg;
3414;Манящий; книжн. ;ВЛЕЧЕНИЕ; 6.4. Эмоциональное воздействие.;pos;
3415;Манящий; книжн. ;ВЛЕЧЕНИЕ; 6.6. Эмоциональная характеризация.;pos;
3426;Меднолобый; разг. ;НАСТОЙЧИВОСТЬ; 21.6. Эмоциональная характеризация.;pos;
3430;Медоточивый ;0;НЕИСКРЕННОСТЬ; 24.5. Внешнее выражение эмоций.;neg;
3431;Медоточивый ;0;НЕИСКРЕННОСТЬ; 24.6. Эмоциональная характеризация.;neg;
3432;Меланхолик ;0;ГРУСТЬ; 10.8. Человек как средоточие и носитель эмоций.;neg;
3433;Меланхолически ;0;ГРУСТЬ; 10.5. Внешнее выражение эмоций.;neg;
3434;Меланхолический ;0;ГРУСТЬ; 10.1. Эмоциональное состояние.;neg;
3435;Меланхолический ;0;ГРУСТЬ; 10.4. Эмоциональное воздействие.;neg;
3436;Меланхолический ;0;ГРУСТЬ; 10.5. Внешнее выражение эмоций.;neg;
3437;Меланхолический ;0;ГРУСТЬ; 10.6. Эмоциональная характеризация.;neg;
3438;Меланхоличка ;0;ГРУСТЬ; 10.8. Человек как средоточие и носитель эмоций.;neg;
3439;Меланхолично ;0;ГРУСТЬ; 10.5. Внешнее выражение эмоций.;neg;
3440;Меланхоличность ;0;ГРУСТЬ; 10.1. Эмоциональное состояние.;neg;
3441;Меланхоличность ;0;ГРУСТЬ; 10.7. Эмоциональное качество.;neg;
3442;Меланхоличный ;0;ГРУСТЬ; 10.1. Эмоциональное состояние.;neg;
3443;Меланхоличный ;0;ГРУСТЬ; 10.4. Эмоциональное воздействие.;neg;
3444;Меланхоличный ;0;ГРУСТЬ; 10.5. Внешнее выражение эмоций.;neg;
3445;Меланхоличный ;0;ГРУСТЬ; 10.6. Эмоциональная характеризация.;neg;
3446;Меланхолия ;0;ГРУСТЬ; 10.1. Эмоциональное состояние.;neg;
3448;Мельтешня; разг.-сниж. ;БЕСПОКОЙСТВО; 1.5. Внешнее выражение эмоций.;neg;
3449;Мерехлюндия; устар. ;ГРУСТЬ; 10.1. Эмоциональное состояние.;neg;
3450;Мерзавец; разг. ;НЕПРИЯЗНЬ; 25.6. Эмоциональная характеризация.;neg;
3451;Мерзавец; разг. ;НЕПРИЯЗНЬ; 25.8. Человек как средоточие и носитель эмоций.;neg;
3452;Мерзавка; разг.-сниж. ;НЕПРИЯЗНЬ; 25.8. Человек как средоточие и носитель эмоций.;neg;
3453;Мерзить; разг.-сниж. ;НЕПРИЯЗНЬ; 25.4. Эмоциональное воздействие.;neg;
3454;Мерзкий; разг. ;НЕПРИЯЗНЬ; 25.4. Эмоциональное воздействие.;neg;
3455;Мерзкий; разг. ;НЕПРИЯЗНЬ; 25.6. Эмоциональная характеризация.;neg;
3456;Мерзко; разг. ;НЕПРИЯЗНЬ; 25.1. Эмоциональное состояние.;neg;
3457;Мерзопакостно ;0;НЕПРИЯЗНЬ; 25.1. Эмоциональное состояние.;neg;
3458;Мерзопакостный; разг. ;НЕПРИЯЗНЬ; 25.6. Эмоциональная характеризация.;neg;
3459;Мерзостно ;0;НЕПРИЯЗНЬ; 25.1. Эмоциональное состояние.;neg;
3460;Мерзостный ;0;НЕПРИЯЗНЬ; 25.6. Эмоциональная характеризация.;neg;
3461;Мерзость ;0;НЕПРИЯЗНЬ; 25.7. Эмоциональное качество.;neg;
3465;Месть ;0;ЖЕСТОКОСТЬ; 15.5. Внешнее выражение эмоций.;neg;
3466;Месть ;0;ЗЛОСТЬ; 16.5. Внешнее выражение эмоций.;neg;
3471;Мечта ;0;ЖЕЛАНИЕ; 14.1. Эмоциональное состояние.;pos;
3472;Мечта ;0;НАДЕЖДА; 20.1. Эмоциональное состояние.;pos;
3473;Мечта ;0;НАДЕЖДА; 20.2. Эмоциональное отношение.;pos;
3474;Мечтание ;0;НАДЕЖДА; 20.1. Эмоциональное состояние.;pos;
3475;Мечтатель ;0;НАДЕЖДА; 20.8. Человек как средоточие и носитель эмоций.;pos;
3476;Мечтательно ;0;НАДЕЖДА; 20.5. Внешнее выражение эмоций.;pos;
3477;Мечтательность ;0;ЖЕЛАНИЕ; 14.7. Эмоциональное качество.;pos;
3478;Мечтательность ;0;НАДЕЖДА; 20.7. Эмоциональное качество.;pos;
3479;Мечтательный ;0;ЖЕЛАНИЕ; 14.6. Эмоциональная характеризация.;pos;
3480;Мечтательный ;0;НАДЕЖДА; 20.6. Эмоциональная характеризация.;pos;
3481;Мечтать ;0;НАДЕЖДА; 20.2. Эмоциональное отношение.;pos;
3483;Мизантроп; книжн. ;НЕПРИЯЗНЬ; 25.8. Человек как средоточие и носитель эмоций.;neg;
3484;Мизантропический; книжн. ;НЕПРИЯЗНЬ; 25.1. Эмоциональное состояние.;neg;
3485;Мизантропический; книжн. ;НЕПРИЯЗНЬ; 25.6. Эмоциональная характеризация.;neg;
3486;Мизантропия; книжн. ;НЕПРИЯЗНЬ; 25.2. Эмоциональное отношение.;neg;
3487;Мизантропия; книжн. ;НЕПРИЯЗНЬ; 25.7. Эмоциональное качество.;neg;
3488;Мизерабельный; устар. ;ЖАЛОСТЬ; 13.4. Эмоциональное воздействие.;neg;
3489;Мизерабельный; устар. ;ЖАЛОСТЬ; 13.6. Эмоциональная характеризация.;neg;
3490;Милаша; разг. ;ЛЮБОВЬ; 18.8. Человек как средоточие и носитель эмоций.;pos;
3491;Милашка; разг.-сниж. ;ЛЮБОВЬ; 18.8. Человек как средоточие и носитель эмоций.;pos;
3492;Милая; разг. ;ЛЮБОВЬ; 18.8. Человек как средоточие и носитель эмоций.;pos;
3493;Миленок; разг.-сниж. ;ЛЮБОВЬ; 18.8. Человек как средоточие и носитель эмоций.;pos;
3494;Миленочек; разг.-сниж. ;ЛЮБОВЬ; 18.8. Человек как средоточие и носитель эмоций.;pos;
3495;Миленький ;0;ЛЮБОВЬ; 18.5. Внешнее выражение эмоций.;pos;
3496;Миленький ;0;ЛЮБОВЬ; 18.6. Эмоциональная характеризация.;pos;
3497;Миленький; разг.-сниж. ;ЛЮБОВЬ; 18.8. Человек как средоточие и носитель эмоций.;pos;
3498;Милка; разг. ;ЛЮБОВЬ; 18.8. Человек как средоточие и носитель эмоций.;pos;
3499;Мило ;0;ОДОБРЕНИЕ; 28.5. Внешнее выражение эмоций.;pos;
3500;Миловать; разг.-сниж. ;ЛЮБОВЬ; 18.5. Внешнее выражение эмоций.;pos;
3501;Миловаться ;0;ЛЮБОВЬ; 18.5. Внешнее выражение эмоций.;pos;
3502;Милок; разг.-сниж. ;ЛЮБОВЬ; 18.8. Человек как средоточие и носитель эмоций.;pos;
3515;Милостивец; устар. ;ДОБРОТА; 11.8. Человек как средоточие и носитель эмоций.;pos;
3516;Милостивица; устар. ;ДОБРОТА; 11.8. Человек как средоточие и носитель эмоций.;pos;
3517;Милостиво; устар. ;ДОБРОТА; 11.5. Внешнее выражение эмоций.;pos;
3518;Милостивый; устар. ;ДОБРОТА; 11.2. Эмоциональное отношение.;pos;
3519;Милостивый; устар. ;ДОБРОТА; 11.6. Эмоциональная характеризация.;pos;
3522;Милушка; трад.-поэт. ;ЛЮБОВЬ; 18.8. Человек как средоточие и носитель эмоций.;pos;
3523;Милый ;0;ВЛЕЧЕНИЕ; 6.6. Эмоциональная характеризация.;pos;
3524;Милый ;0;ЛЮБОВЬ; 18.5. Внешнее выражение эмоций.;pos;
3525;Милый ;0;ЛЮБОВЬ; 18.6. Эмоциональная характеризация.;pos;
3526;Милый ;0;ЛЮБОВЬ; 18.8. Человек как средоточие и носитель эмоций.;pos;
3527;Милый ;0;ОДОБРЕНИЕ; 28.6. Эмоциональная характеризация.;pos;
3528;Миляга; разг.-сниж. ;ВЛЕЧЕНИЕ; 6.8. Человек как средоточие и носитель эмоций.;pos;
3529;Миляга; разг.-сниж. ;ЛЮБОВЬ; 18.8. Человек как средоточие и носитель эмоций.;pos;
3540;Мирволить; устар. ;ДОБРОТА; 11.2. Эмоциональное отношение.;pos;
3541;Мирительный; разг. ;СПОКОЙСТВИЕ; 33.2. Эмоциональное отношение.;pos;
3542;Мирить ;0;ДРУЖБА; 12.4. Эмоциональное воздействие.;pos;
3543;Мирить ;0;СМИРЕНИЕ; 31.4. Эмоциональное воздействие.;pos;
3544;Мириться ;0;СМИРЕНИЕ; 31.3. Становление эмоционального состояния и отношения.;pos;
3545;Мирно ;0;СПОКОЙСТВИЕ; 33.1. Эмоциональное состояние.;pos;
3546;Мирно ;0;СПОКОЙСТВИЕ; 33.5. Внешнее выражение эмоций.;pos;
3547;Мирный ;0;ДРУЖБА; 12.1. Эмоциональное состояние.;pos;
3548;Мирный ;0;ДРУЖБА; 12.6. Эмоциональная характеризация.;pos;
3549;Мирный ;0;СПОКОЙСТВИЕ; 33.1. Эмоциональное состояние.;pos;
3550;Мирный ;0;СПОКОЙСТВИЕ; 33.6. Эмоциональная характеризация.;pos;
3551;Мирово; разг.-сниж. ;УДИВЛЕНИЕ; 38.5. Внешнее выражение эмоций.;pos;
3552;Миролюбиво ;0;СПОКОЙСТВИЕ; 33.5. Внешнее выражение эмоций.;pos;
3553;Миролюбивый ;0;ДРУЖБА; 12.1. Эмоциональное состояние.;pos;
3554;Миролюбивый ;0;ДРУЖБА; 12.6. Эмоциональная характеризация.;pos;
3555;Миролюбивый ;0;СПОКОЙСТВИЕ; 33.2. Эмоциональное отношение.;pos;
3556;Миролюбивый ;0;СПОКОЙСТВИЕ; 33.6. Эмоциональная характеризация.;pos;
3557;Миролюбие ;0;ДРУЖБА; 12.7. Эмоциональное качество.;pos;
3558;Миролюбие ;0;СПОКОЙСТВИЕ; 33.7. Эмоциональное качество.;pos;
3559;Миротворный ;0;СПОКОЙСТВИЕ; 33.2. Эмоциональное отношение.;pos;
3560;Миротворчество ;0;СПОКОЙСТВИЕ; 33.5. Внешнее выражение эмоций.;pos;
3567;Мнительность ;0;НЕВЕРИЕ; 22.7. Эмоциональное качество.;neg;
3568;Мнительность ;0;СОМНЕНИЕ; 32.7. Эмоциональное качество.;neg;
3569;Мнительный ;0;НЕВЕРИЕ; 22.1. Эмоциональное состояние.;neg;
3570;Мнительный ;0;НЕВЕРИЕ; 22.6. Эмоциональная характеризация.;neg;
3571;Мнительный ;0;СОМНЕНИЕ; 32.1. Эмоциональное состояние.;neg;
3572;Мнительный ;0;СОМНЕНИЕ; 32.6. Эмоциональная характеризация.;neg;
3573;Мнить; устар. ;НАДЕЖДА; 20.2. Эмоциональное отношение.;pos;
3574;Многострадальный ;0;ГОРЕ; 9.1. Эмоциональное состояние.;neg;
3575;Многострадальный ;0;ГОРЕ; 9.6. Эмоциональная характеризация.;neg;
3576;Многотерпеливость; устар. ;СМИРЕНИЕ; 31.7. Эмоциональное качество.;pos;
3577;Многотерпеливый; устар. ;СМИРЕНИЕ; 31.6. Эмоциональная характеризация.;pos;
3578;Многоуважаемый ;0;УВАЖЕНИЕ; 37.2. Эмоциональное отношение.;pos;
3579;Многоуважаемый ;0;УВАЖЕНИЕ; 37.6. Эмоциональная характеризация.;pos;
3580;Могутный;разг.-сниж. ;БЕССТРАШИЕ; 2.6. Эмоциональная характеризация.;pos;
3582;Может; разг. ;НАДЕЖДА; 20.2. Эмоциональное отношение.;pos;
3585;Молодецкий; разг. ;БЕССТРАШИЕ; 2.6. Эмоциональная характеризация.;pos;
3586;Молодечество ;0;БЕССТРАШИЕ; 2.7. Эмоциональное качество.;pos;
3593;Моральный ;0;ЧУВСТВО; 39.6. Эмоциональная характеризация.;pos;
3596;Мразь; разг., презр. ;НЕПРИЯЗНЬ; 25.6. Эмоциональная характеризация.;neg;
3597;Мразь; разг., презр. ;НЕПРИЯЗНЬ; 25.8. Человек как средоточие и носитель эмоций.;neg;
3600;Мрачить; сов., устар. ;ГРУСТЬ; 10.4. Эмоциональное воздействие.;neg;
3609;Мстивый; разг.-сниж. ;ЗЛОСТЬ; 16.6. Эмоциональная характеризация.;neg;
3610;Мстительность ;0;ЗЛОСТЬ; 16.7. Эмоциональное качество.;neg;
3611;Мстительный ;0;ЗЛОСТЬ; 16.1. Эмоциональное состояние.;neg;
3612;Мстительный ;0;ЗЛОСТЬ; 16.6. Эмоциональная характеризация.;neg;
3613;Мстить ;0;ЗЛОСТЬ; 16.5. Внешнее выражение эмоций.;neg;
3614;Мстить ;0;ОБИДА; 26.2. Эмоциональное отношение.;neg;
3615;Мужаться ;0;БЕССТРАШИЕ; 2.3. Становление эмоционального состояния и отношения.;pos;
3616;Мужененавистнический ;0;НЕПРИЯЗНЬ; 25.2. Эмоциональное отношение.;neg;
3617;Мужественно ;0;БЕССТРАШИЕ; 2.6. Эмоциональная характеризация.;pos;
3618;Мужественность ;0;БЕССТРАШИЕ; 2.7. Эмоциональное качество.;pos;
3619;Мужественный ;0;БЕССТРАШИЕ; 2.1. Эмоциональное состояние.;pos;
3620;Мужественный ;0;БЕССТРАШИЕ; 2.6. Эмоциональная характеризация.;pos;
3621;Мужество ;0;БЕССТРАШИЕ; 2.7. Эмоциональное качество.;pos;
3624;Мука ;0;ГОРЕ; 9.1. Эмоциональное состояние.;neg;
3625;Мурыжить; разг.-сниж. ;ГОРЕ; 9.4. Эмоциональное воздействие.;neg;
3630;Муторно; разг. ;ГРУСТЬ; 10.1. Эмоциональное состояние.;neg;
3632;Муторный; разг. ;ГРУСТЬ; 10.4. Эмоциональное воздействие.;neg;
3633;Муторный; разг. ;ГРУСТЬ; 10.5. Внешнее выражение эмоций.;neg;
3634;Муторный; разг. ;НЕДОВОЛЬСТВО; 23.6. Эмоциональная характеризация.;neg;
3635;Мучать; разг. ;ГОРЕ; 9.4. Эмоциональное воздействие.;neg;
3636;Мучение ;0;ГОРЕ; 9.1. Эмоциональное состояние.;neg;
3638;Мученик ;0;ГОРЕ; 9.8. Человек как средоточие и носитель эмоций.;neg;
3639;Мученица ;0;ГОРЕ; 9.8. Человек как средоточие и носитель эмоций.;neg;
3640;Мученический ;0;ГОРЕ; 9.5. Внешнее выражение эмоций.;neg;
3641;Мученический ;0;ГОРЕ; 9.6. Эмоциональная характеризация.;neg;
3642;Мученичество ;0;ГОРЕ; 9.1. Эмоциональное состояние.;neg;
3643;Мучитель ;0;ГОРЕ; 9.8. Человек как средоточие и носитель эмоций.;neg;
3644;Мучитель ;0;ЖЕСТОКОСТЬ; 15.8. Человек как средоточие и носитель эмоций.;neg;
3645;Мучительница ;0;ГОРЕ; 9.8. Человек как средоточие и носитель эмоций.;neg;
3646;Мучительно ;0;ГОРЕ; 9.1. Эмоциональное состояние.;neg;
3647;Мучительно ;0;СТРАХ; 34.5. Внешнее выражение эмоций.;neg;
3648;Мучительность ;0;ГОРЕ; 9.7. Эмоциональное качество.;neg;
3649;Мучительный ;0;ГОРЕ; 9.4. Эмоциональное воздействие.;neg;
3650;Мучительный ;0;ГОРЕ; 9.6. Эмоциональная характеризация.;neg;
3651;Мучительный ;0;СТРАХ; 34.6. Эмоциональная характеризация.;neg;
3652;Мучительство ;0;ГОРЕ; 9.4. Эмоциональное воздействие.;neg;
3653;Мщение ;0;ЖЕСТОКОСТЬ; 15.5. Внешнее выражение эмоций.;neg;
3654;Мщение ;0;ЗЛОСТЬ; 16.5. Внешнее выражение эмоций.;neg;
3655;Мымра; ;ГРУСТЬ; 10.8. Человек как средоточие и носитель эмоций.;neg;
3656;Мытарство; разг.-сниж. ;ГОРЕ; 9.1. Эмоциональное состояние.;neg;
3661;Мягкосердечие ;0;ДОБРОТА; 11.7. Эмоциональное качество.;pos;
3662;Мягкосердечно ;0;ДОБРОТА; 11.5. Внешнее выражение эмоций.;pos;
3663;Мягкосердечность ;0;ДОБРОТА; 11.7. Эмоциональное качество.;pos;
3664;Мягкосердечный ;0;ДОБРОТА; 11.1. Эмоциональное состояние.;pos;
3665;Мягкосердечный ;0;ДОБРОТА; 11.2. Эмоциональное отношение.;pos;
3666;Мягкосердечный ;0;ДОБРОТА; 11.6. Эмоциональная характеризация.;pos;
3667;Мягкосердый; устар. ;ДОБРОТА; 11.2. Эмоциональное отношение.;pos;
3668;Мягкосердый; устар. ;ДОБРОТА; 11.6. Эмоциональная характеризация.;pos;
3671;Мягкотелость; разг., пренебр. ;ДОБРОТА; 11.7. Эмоциональное качество.;pos;
3672;Мягкотелость; разг., пренебр. ;СМИРЕНИЕ; 31.7. Эмоциональное качество.;pos;
3673;Мягкотелый; разг., пренебр. ;СМИРЕНИЕ; 31.6. Эмоциональная характеризация.;pos;
3680;Набалованный ;0;ДОБРОТА; 11.1. Эмоциональное состояние.;pos;
3684;Набедоваться ;0;ГОРЕ; 9.1. Эмоциональное состояние.;neg;
3685;Набедствоваться ;0;ГОРЕ; 9.1. Эмоциональное состояние.;neg;
3686;Набузить; разг. ;НЕПРИЯЗНЬ; 25.5. Внешнее выражение эмоций.;neg;
3687;Набычиться; сов., разг.-сниж. ;ГРУСТЬ; 10.3. Становление эмоционального состояния и отношения.;neg;
3688;Навеселиться; сов. ;РАДОСТЬ; 30.3. Становление эмоционального состояния и отношения.;pos;
3689;Навидаться; сов., разг. ;ГРУСТЬ; 10.3. Становление эмоционального состояния и отношения.;neg;
3690;Наволноваться; сов. ;БЕСПОКОЙСТВО; 1.3. Становление эмоционального состояния и отношения.;neg;
3691;Навязчиво ;0;ГРУСТЬ; 10.5. Внешнее выражение эмоций.;neg;
3699;Наглец; разг. ;БЕССТЫДСТВО; 3.8. Человек как средоточие и носитель эмоций.;neg;
3700;Нагло ;0;БЕССТЫДСТВО; 3.5. Внешнее выражение эмоций.;neg;
3701;Наглость ;0;БЕССТЫДСТВО; 3.7. Эмоциональное качество.;neg;
3702;Наглость ;0;ВЫСОКОМЕРИЕ; 8.7. Эмоциональное качество.;neg;
3703;Наглый ;0;БЕССТЫДСТВО; 3.6. Эмоциональная характеризация.;neg;
3704;Наглый ;0;ВЫСОКОМЕРИЕ; 8.5. Внешнее выражение эмоций.;neg;
3705;Наглый ;0;ВЫСОКОМЕРИЕ; 8.6. Эмоциональная характеризация.;neg;
3706;Надежда ;0;НАДЕЖДА; 20.1. Эмоциональное состояние.;pos;
3707;Надежда ;0;НАДЕЖДА; 20.2. Эмоциональное отношение.;pos;
3708;Надежность ;0;ВЕРА; 5.7. Эмоциональное качество.;pos;
3709;Надежный ;0;ВЕРА; 5.6. Эмоциональная характеризация.;pos;
3710;Надежный ;0;НАДЕЖДА; 20.6. Эмоциональная характеризация.;pos;
3711;Надивить ;0;УДИВЛЕНИЕ; 38.4. Эмоциональное воздействие.;pos;
3712;Надивиться ;0;УДИВЛЕНИЕ; 38.3. Становление эмоционального состояния и отношения.;pos;
3713;Надивоваться ;0;УДИВЛЕНИЕ; 38.3. Становление эмоционального состояния и отношения.;pos;
3718;Надменно ;0;ВЫСОКОМЕРИЕ; 8.5. Внешнее выражение эмоций.;neg;
3719;Надменность ;0;ВЫСОКОМЕРИЕ; 8.7. Эмоциональное качество.;neg;
3720;Надменный ;0;ВЫСОКОМЕРИЕ; 8.2. Эмоциональное отношение.;neg;
3721;Надменный ;0;ВЫСОКОМЕРИЕ; 8.5. Внешнее выражение эмоций.;neg;
3722;Надменный ;0;ВЫСОКОМЕРИЕ; 8.6. Эмоциональная характеризация.;neg;
3723;Надобность; устар. ;НАДЕЖДА; 20.7. Эмоциональное качество.;pos;
3724;Надобный; устар. ;НАДЕЖДА; 20.6. Эмоциональная характеризация.;pos;
3725;Надоеда; разг. ;ГРУСТЬ; 10.8. Человек как средоточие и носитель эмоций.;neg;
3726;Надоедала; разг.-сниж. ;ГРУСТЬ; 10.8. Человек как средоточие и носитель эмоций.;neg;
3727;Надоедливо ;0;ГРУСТЬ; 10.5. Внешнее выражение эмоций.;neg;
3728;Надоедливость ;0;ГРУСТЬ; 10.7. Эмоциональное качество.;neg;
3729;Надоедливый ;0;ГРУСТЬ; 10.4. Эмоциональное воздействие.;neg;
3730;Надоедливый ;0;ГРУСТЬ; 10.6. Эмоциональная характеризация.;neg;
3731;Надоедный; разг.-сниж. ;ГРУСТЬ; 10.4. Эмоциональное воздействие.;neg;
3732;Надоедный; разг.-сниж. ;ГРУСТЬ; 10.6. Эмоциональная характеризация.;neg;
3733;Надокучить; сов., разг.-сниж. ;ГРУСТЬ; 10.4. Эмоциональное воздействие.;neg;
3736;Надоумить; сов., разг. ;БЕСПОКОЙСТВО; 1.4. Эмоциональное воздействие.;neg;
3737;Надругание ;0;ОБИДА; 26.2. Эмоциональное отношение.;neg;
3738;Надругательство; книжн. ;ОБИДА; 26.5. Внешнее выражение эмоций.;neg;
3739;Надругаться; книжн. ;ОБИДА; 26.2. Эмоциональное отношение.;neg;
3748;Назойливо ;0;ГРУСТЬ; 10.5. Внешнее выражение эмоций.;neg;
3754;Назола; разг.-сниж. ;ГРУСТЬ; 10.1. Эмоциональное состояние.;neg;
3755;Назола; разг.-сниж. ;ГРУСТЬ; 10.8. Человек как средоточие и носитель эмоций.;neg;
3756;Наивничать ;0;ИСКРЕННОСТЬ; 17.5. Внешнее выражение эмоций.;pos;
3757;Наивно ;0;ИСКРЕННОСТЬ; 17.5. Внешнее выражение эмоций.;pos;
3758;Наивность ;0;ИСКРЕННОСТЬ; 17.7. Эмоциональное качество.;pos;
3759;Наивность ;0;СМИРЕНИЕ; 31.7. Эмоциональное качество.;pos;
3760;Наивный ;0;ИСКРЕННОСТЬ; 17.6. Эмоциональная характеризация.;pos;
3761;Наивный ;0;СМИРЕНИЕ; 31.6. Эмоциональная характеризация.;pos;
3762;Наигранность ;0;НЕИСКРЕННОСТЬ; 24.7. Эмоциональное качество.;neg;
3763;Наигранный ;0;НЕИСКРЕННОСТЬ; 24.6. Эмоциональная характеризация.;neg;
3764;Наитие; книжн. ;ВДОХНОВЕНИЕ; 4.1. Эмоциональное состояние.;pos;
3768;Наклонность ;0;ВЛЕЧЕНИЕ; 6.2. Эмоциональное отношение.;pos;
3769;Наклонность ;0;ВЛЕЧЕНИЕ; 6.7. Эмоциональное качество.;pos;
3770;Наклонность ;0;ЛЮБОВЬ; 18.2. Эмоциональное отношение.;pos;
3771;Накричать ;0;НЕДОВОЛЬСТВО; 23.5. Внешнее выражение эмоций.;neg;
3772;Налюбоваться ;0;ОДОБРЕНИЕ; 28.2. Эмоциональное отношение.;pos;
3773;Намаять; сов., разг.-сниж. ;ГОРЕ; 9.4. Эмоциональное воздействие.;neg;
3774;Намерение ;0;ЖЕЛАНИЕ; 14.1. Эмоциональное состояние.;pos;
3775;Наморить; сов., разг.-сниж. ;ГОРЕ; 9.4. Эмоциональное воздействие.;neg;
3776;Намориться; сов., разг.-сниж. ;ГОРЕ; 9.3. Становление эмоционального состояния и отношения.;neg;
3777;Намучиться; сов. ;ГОРЕ; 9.1. Эмоциональное состояние.;neg;
3778;Намучиться; сов. ;ГРУСТЬ; 10.3. Становление эмоционального состояния и отношения.;neg;
3779;Намыкаться; сов. ;ГОРЕ; 9.3. Становление эмоционального состояния и отношения.;neg;
3780;Намыкаться; сов., разг. ;ГРУСТЬ; 10.3. Становление эмоционального состояния и отношения.;neg;
3781;Намытариться ;0;ГОРЕ; 9.3. Становление эмоционального состояния и отношения.;neg;
3782;Намытариться; сов., разг.-сниж. ;ГРУСТЬ; 10.3. Становление эмоционального состояния и отношения.;neg;
3783;Наперсник; устар. ;ДРУЖБА; 12.8. Человек как средоточие и носитель эмоций.;pos;
3784;Наперсница; устар. ;ДРУЖБА; 12.8. Человек как средоточие и носитель эмоций.;pos;
3785;Наперсница; устар. ;ЛЮБОВЬ; 18.8. Человек как средоточие и носитель эмоций.;pos;
3786;Наплакаться ;0;ГОРЕ; 9.3. Становление эмоционального состояния и отношения.;neg;
3787;Наплевательский; разг. ;РАВНОДУШИЕ; 29.5. Внешнее выражение эмоций.;neg;
3788;Наплевательский; разг. ;РАВНОДУШИЕ; 29.6. Эмоциональная характеризация.;neg;
3791;Напор; разг. ;НАСТОЙЧИВОСТЬ; 21.7. Эмоциональное качество.;pos;
3792;Напористо; разг. ;НАСТОЙЧИВОСТЬ; 21.5. Внешнее выражение эмоций.;pos;
3793;Напористость; разг. ;НАСТОЙЧИВОСТЬ; 21.7. Эмоциональное качество.;pos;
3794;Напористый; разг. ;НАСТОЙЧИВОСТЬ; 21.6. Эмоциональная характеризация.;pos;
3795;Наприниматься ;0;ГОРЕ; 9.1. Эмоциональное состояние.;neg;
3796;Напряг; разг. -сниж. ;БЕСПОКОЙСТВО; 1.1. Эмоциональное состояние.;neg;
3797;Напряжение ;0;БЕСПОКОЙСТВО; 1.1. Эмоциональное состояние.;neg;
3798;Напряженность ;0;БЕСПОКОЙСТВО; 1.1. Эмоциональное состояние.;neg;
3799;Напряженный ;0;БЕСПОКОЙСТВО; 1.6. Эмоциональная характеризация.;neg;
3800;Напряженный ;0;ГОРЕ; 9.4. Эмоциональное воздействие.;neg;
3803;Напуганный; разг. ;СТРАХ; 34.1. Эмоциональное состояние.;neg;
3804;Напугать; сов. ;СТРАХ; 34.4. Эмоциональное воздействие.;neg;
3805;Напугаться; сов. ;СТРАХ; 34.3. Становление эмоционального состояния и отношения.;neg;
3806;Напускной; разг. ;НЕИСКРЕННОСТЬ; 22.5. Внешнее выражение эмоций.;neg;
3807;Напускной; разг. ;НЕИСКРЕННОСТЬ; 22.6. Эмоциональная характеризация.;neg;
3808;Напыщенно ;0;ВЫСОКОМЕРИЕ; 8.5. Внешнее выражение эмоций.;neg;
3809;Напыщенность ;0;ВЫСОКОМЕРИЕ; 8.5. Внешнее выражение эмоций.;neg;
3810;Напыщенный ;0;ВЫСОКОМЕРИЕ; 8.5. Внешнее выражение эмоций.;neg;
3811;Нарадоваться; сов. ;РАДОСТЬ; 30.3. Становление эмоционального состояния и отношения.;pos;
3812;Нарекание ;0;НЕПРИЯЗНЬ; 25.5. Внешнее выражение эмоций.;neg;
3813;Нарочито ;0;НЕИСКРЕННОСТЬ; 24.5. Внешнее выражение эмоций.;neg;
3814;Наругаться ;0;НЕПРИЯЗНЬ; 25.5. Внешнее выражение эмоций.;neg;
3815;Наскучаться ;0;ГРУСТЬ; 10.1. Эмоциональное состояние.;neg;
3816;Наслаждение ;0;СЧАСТЬЕ; 36.1. Эмоциональное состояние.;pos;
3817;Насмелиться; сов., разг.-сниж. ;БЕССТРАШИЕ; 2.3. Становление эмоционального состояния и отношения.;pos;
3819;Насмешить; сов. ;РАДОСТЬ; 30.4. Эмоциональное воздействие.;pos;
3827;Настойчиво ;0;НАСТОЙЧИВОСТЬ; 21.5. Внешнее выражение эмоций.;pos;
3828;Настойчивость ;0;НАСТОЙЧИВОСТЬ; 21.7. Эмоциональное качество.;pos;
3829;Настойчивый ;0;НАСТОЙЧИВОСТЬ; 21.2. Эмоциональное отношение.;pos;
3830;Настойчивый ;0;НАСТОЙЧИВОСТЬ; 21.5. Внешнее выражение эмоций.;pos;
3831;Настойчивый ;0;НАСТОЙЧИВОСТЬ; 21.6. Эмоциональная характеризация.;pos;
3832;Настороженный ;0;БЕСПОКОЙСТВО; 1.1. Эмоциональное состояние.;neg;
3833;Настоятельно ;0;НАСТОЙЧИВОСТЬ; 21.5. Внешнее выражение эмоций.;pos;
3834;Настоятельный ;0;НАСТОЙЧИВОСТЬ; 21.2. Эмоциональное отношение.;pos;
3835;Настоятельный ;0;НАСТОЙЧИВОСТЬ; 21.6. Эмоциональная характеризация.;pos;
3837;Настрадаться ;0;ГОРЕ; 9.3. Становление эмоционального состояния и отношения.;neg;
3838;Настращать; сов. ;СТРАХ; 34.4. Эмоциональное воздействие.;neg;
3839;Настроение ;0;ЧУВСТВО; 39.1. Эмоциональное состояние.;pos;
3841;Настырно; разг.-сниж. ;НАСТОЙЧИВОСТЬ; 21.5. Внешнее выражение эмоций.;pos;
3845;Насупившись ;0;ГРУСТЬ; 10.5. Внешнее выражение эмоций.;neg;
3846;Насупливаться ;0;ГРУСТЬ; 10.5. Внешнее выражение эмоций.;neg;
3847;Насупясь ;0;ГРУСТЬ; 10.5. Внешнее выражение эмоций.;neg;
3848;Натерпеться ;0;ГОРЕ; 9.3. Становление эмоционального состояния и отношения.;neg;
3849;Натерпеться; сов., разг. ;ГРУСТЬ; 10.3. Становление эмоционального состояния и отношения.;neg;
3850;Натешиться ;0;ОБИДА; 26.2. Эмоциональное отношение.;neg;
3851;Натомиться ;0;ГОРЕ; 9.3. Становление эмоционального состояния и отношения.;neg;
3852;Натосковаться ;0;ГРУСТЬ; 10.3. Становление эмоционального состояния и отношения.;neg;
3853;Натужность ;0;НЕИСКРЕННОСТЬ; 24.7. Эмоциональное качество.;neg;
3854;Натужный ;0;НЕИСКРЕННОСТЬ; 24.6. Эмоциональная характеризация.;neg;
3860;Наущение; устар. ;БЕСПОКОЙСТВО; 1.4. Эмоциональное воздействие.;neg;
3861;Нахал; разг. ;БЕССТЫДСТВО; 3.8. Человек как средоточие и носитель эмоций.;neg;
3862;Нахалка; разг. ;БЕССТЫДСТВО; 3.8. Человек как средоточие и носитель эмоций.;neg;
3863;Нахальничать ;0;БЕССТЫДСТВО; 3.5. Внешнее выражение эмоций.;neg;
3864;Нахально; разг. ;БЕССТЫДСТВО; 3.5. Внешнее выражение эмоций.;neg;
3865;Нахальный; разг. ;БЕССТЫДСТВО; 3.6. Эмоциональная характеризация.;neg;
3866;Нахальный; разг. ;ВЫСОКОМЕРИЕ; 8.5. Внешнее выражение эмоций.;neg;
3867;Нахальный; разг. ;ВЫСОКОМЕРИЕ; 8.6. Эмоциональная характеризация.;neg;
3868;Нахальство ;0;БЕССТЫДСТВО; 3.7. Эмоциональное качество.;neg;
3869;Нахальство ;0;ВЫСОКОМЕРИЕ; 8.7. Эмоциональное качество.;neg;
3870;Нахмуренный ;0;ГРУСТЬ; 10.5. Внешнее выражение эмоций.;neg;
3871;Нахмуренный ;0;ДОБРОТА; 11.5. Внешнее выражение эмоций.;pos;
3874;Нахохотаться ;0;РАДОСТЬ; 30.5. Внешнее выражение эмоций.;pos;
3875;Нахрап; разг.-сниж. ;БЕССТЫДСТВО; 3.7. Эмоциональное качество.;neg;
3876;Нахраписто; разг.-сниж. ;БЕССТЫДСТВО; 3.5. Внешнее выражение эмоций.;neg;
3877;Нахрапистость; разг.-сниж. ;БЕССТЫДСТВО; 3.7. Эмоциональное качество.;neg;
3878;Нахрапистый; разг.-сниж. ;БЕССТЫДСТВО; 3.6. Эмоциональная характеризация.;neg;
3879;Нахрапистый; разг.-сниж. ;ВЫСОКОМЕРИЕ; 8.5. Внешнее выражение эмоций.;neg;
3880;Нахрапистый; разг.-сниж. ;ВЫСОКОМЕРИЕ; 8.6. Эмоциональная характеризация.;neg;
3881;Нахрапом; разг.-сниж. ;БЕССТЫДСТВО; 3.5. Внешнее выражение эмоций.;neg;
3882;Начальственный ;0;ВЫСОКОМЕРИЕ; 8.6. Эмоциональная характеризация.;neg;
3883;Начистоту; разг. ;ИСКРЕННОСТЬ; 17.5. Внешнее выражение эмоций.;pos;
3887;Наянливо; разг.-сниж. ;ГРУСТЬ; 10.5. Внешнее выражение эмоций.;neg;
3888;Наянливость; разг.-сниж. ;ГРУСТЬ; 10.7. Эмоциональное качество.;neg;
3889;Наянливый; разг.-сниж. ;ГРУСТЬ; 10.6. Эмоциональная характеризация.;neg;
3890;Небеззаботный ;0;ДОБРОТА; 11.6. Эмоциональная характеризация.;pos;
3891;Небезобидный ;0;ОБИДА; 26.6. Эмоциональная характеризация.;neg;
3892;Небезразлично ;0;ЛЮБОПЫТСТВО; 19.1. Эмоциональное состояние.;pos;
3893;Небезразличный ;0;ЛЮБОПЫТСТВО; 19.1. Эмоциональное состояние.;pos;
3894;Небезразличный ;0;ЛЮБОПЫТСТВО; 19.4. Эмоциональное воздействие.;pos;
3895;Небезразличный ;0;ЛЮБОПЫТСТВО; 19.6. Эмоциональная характеризация.;pos;
3896;Небезразличный ;0;УДИВЛЕНИЕ; 38.1. Эмоциональное состояние.;pos;
3897;Небезразличный ;0;УДИВЛЕНИЕ; 38.6. Эмоциональная характеризация.;pos;
3898;Небезуспешный ;0;СЧАСТЬЕ; 36.1. Эмоциональное состояние.;pos;
3899;Небезучастный ;0;ЛЮБОПЫТСТВО; 19.1. Эмоциональное состояние.;pos;
3900;Небезучастный ;0;ЛЮБОПЫТСТВО; 19.6. Эмоциональная характеризация.;pos;
3901;Небезучастный ;0;УДИВЛЕНИЕ; 38.1. Эмоциональное состояние.;pos;
3902;Небезучастный ;0;УДИВЛЕНИЕ; 38.6. Эмоциональная характеризация.;pos;
3903;Небезынтересный ;0;ЛЮБОПЫТСТВО; 19.1. Эмоциональное состояние.;pos;
3904;Небезынтересный ;0;ЛЮБОПЫТСТВО; 19.6. Эмоциональная характеризация.;pos;
3905;Небезынтересный ;0;УДИВЛЕНИЕ; 38.6. Эмоциональная характеризация.;pos;
3906;Небескорыстный ;0;ЛЮБОПЫТСТВО; 19.6. Эмоциональная характеризация.;pos;
3907;Неблаговидность ;0;НЕДОВОЛЬСТВО; 23.7. Эмоциональное качество.;neg;
3908;Неблаговидный ;0;НЕДОВОЛЬСТВО; 23.5. Внешнее выражение эмоций.;neg;
3909;Неблаговидный ;0;НЕПРИЯЗНЬ; 25.6. Эмоциональная характеризация.;neg;
3910;Неблаговидный ;0;НЕДОВОЛЬСТВО; 23.6. Эмоциональная характеризация.;neg;
3911;Неблагожелательность ;0;НЕПРИЯЗНЬ; 25.7. Эмоциональное качество.;neg;
3912;Неблагожелательный ;0;НЕПРИЯЗНЬ; 25.1. Эмоциональное состояние.;neg;
3913;Неблагожелательный ;0;НЕПРИЯЗНЬ; 25.6. Эмоциональная характеризация.;neg;
3914;Неблагонадежность; устар. ;НЕВЕРИЕ; 22.7. Эмоциональное качество.;neg;
3915;Неблагонадежность; устар. ;СОМНЕНИЕ; 32.7. Эмоциональное качество.;neg;
3916;Неблагонадежный; устар. ;НЕВЕРИЕ; 22.6. Эмоциональная характеризация.;neg;
3917;Неблагонадежный; устар. ;СОМНЕНИЕ; 32.6. Эмоциональная характеризация.;neg;
3918;Неблагонамеренность; устар. ;НЕВЕРИЕ; 22.7. Эмоциональное качество.;neg;
3919;Неблагонамеренность; устар. ;СОМНЕНИЕ; 32.7. Эмоциональное качество.;neg;
3920;Неблагонамеренный; устар. ;НЕВЕРИЕ; 22.6. Эмоциональная характеризация.;neg;
3921;Неблагонамеренный; устар. ;СОМНЕНИЕ; 32.6. Эмоциональная характеризация.;neg;
3922;Неблагопристойность ;0;НЕДОВОЛЬСТВО; 23.7. Эмоциональное качество.;neg;
3923;Неблагопристойный ;0;НЕДОВОЛЬСТВО; 23.5. Внешнее выражение эмоций.;neg;
3924;Неблагопристойный ;0;НЕДОВОЛЬСТВО; 23.6. Эмоциональная характеризация.;neg;
3925;Неблагоприятно ;0;НЕДОВОЛЬСТВО; 23.5. Внешнее выражение эмоций.;neg;
3926;Неблагоприятный ;0;НЕДОВОЛЬСТВО; 23.6. Эмоциональная характеризация.;neg;
3927;Неблагосклонность ;0;НЕДОВОЛЬСТВО; 23.7. Эмоциональное качество.;neg;
3928;Неблагосклонный ;0;НЕДОВОЛЬСТВО; 23.2. Эмоциональное отношение.;neg;
3929;Неблагосклонный ;0;НЕДОВОЛЬСТВО; 23.6. Эмоциональная характеризация.;neg;
3930;Неблагосклонный ;0;НЕПРИЯЗНЬ; 25.2. Эмоциональное отношение.;neg;
3932;Небрежение; устар. ;НЕПРИЯЗНЬ; 25.2. Эмоциональное отношение.;neg;
3933;Небречь; устар. ;НЕПРИЯЗНЬ; 25.2. Эмоциональное отношение.;neg;
3935;Неважно ;0;РАВНОДУШИЕ; 29.5. Внешнее выражение эмоций.;neg;
3936;Неважный ;0;НЕДОВОЛЬСТВО; 23.6. Эмоциональная характеризация.;neg;
3937;Невежливый ;0;ВЫСОКОМЕРИЕ; 8.5. Внешнее выражение эмоций.;neg;
3938;Невежливый ;0;ВЫСОКОМЕРИЕ; 8.6. Эмоциональная характеризация.;neg;
3939;Невезучесть; разг. ;ГОРЕ; 9.7. Эмоциональное качество.;neg;
3940;Невезучий; разг. ;ГОРЕ; 9.1. Эмоциональное состояние.;neg;
3941;Невезучий; разг. ;ГОРЕ; 9.6. Эмоциональная характеризация.;neg;
3942;Неверие ;0;НЕВЕРИЕ; 22.2. Эмоциональное отношение.;neg;
3943;Неверность ;0;НЕВЕРИЕ; 22.7. Эмоциональное качество.;neg;
3944;Неверный; разг. ;НЕВЕРИЕ; 22.6. Эмоциональная характеризация.;neg;
3945;Неверный; разг. ;СОМНЕНИЕ; 32.6. Эмоциональная характеризация.;neg;
3946;Невероятный ;0;УДИВЛЕНИЕ; 38.6. Эмоциональная характеризация.;pos;
3947;Неверующий ;0;НЕВЕРИЕ; 22.6. Эмоциональная характеризация.;neg;
3948;Невесело ;0;ГРУСТЬ; 10.1. Эмоциональное состояние.;neg;
3949;Невесело ;0;ГРУСТЬ; 10.5. Внешнее выражение эмоций.;neg;
3950;Невеселый ;0;ГРУСТЬ; 10.1. Эмоциональное состояние.;neg;
3951;Невеселый ;0;ГРУСТЬ; 10.4. Эмоциональное воздействие.;neg;
3952;Невеселый ;0;ГРУСТЬ; 10.6. Эмоциональная характеризация.;neg;
3953;Невзгода ;0;ГОРЕ; 9.1. Эмоциональное состояние.;neg;
3954;Невзлюбить; разг. ;НЕПРИЯЗНЬ; 25.2. Эмоциональное отношение.;neg;
3955;Невзрачный ;0;ЖАЛОСТЬ; 13.6. Эмоциональная характеризация.;neg;
3956;Невзыскательно ;0;ДОБРОТА; 11.5. Внешнее выражение эмоций.;pos;
3957;Невзыскательность ;0;ДОБРОТА; 11.7. Эмоциональное качество.;pos;
3958;Невзыскательный ;0;ДОБРОТА; 11.2. Эмоциональное отношение.;pos;
3959;Невзыскательный ;0;ДОБРОТА; 11.6. Эмоциональная характеризация.;pos;
3960;Невзыскательный ;0;СМИРЕНИЕ; 31.6. Эмоциональная характеризация.;pos;
3961;Невиданный ;0;УДИВЛЕНИЕ; 38.6. Эмоциональная характеризация.;pos;
3962;Невинно ;0;ИСКРЕННОСТЬ; 17.5. Внешнее выражение эмоций.;pos;
3963;Невинный ;0;ИСКРЕННОСТЬ; 17.1. Эмоциональное состояние.;pos;
3964;Невинный ;0;ИСКРЕННОСТЬ; 17.6. Эмоциональная характеризация.;pos;
3965;Невменяемость ;0;БЕСПОКОЙСТВО; 1.7. Эмоциональное качество.;neg;
3966;Невменяемый ;0;БЕСПОКОЙСТВО; 1.1. Эмоциональное состояние.;neg;
3967;Невменяемый ;0;БЕСПОКОЙСТВО; 1.5. Внешнее выражение эмоций.;neg;
3968;Невменяемый ;0;БЕСПОКОЙСТВО; 1.6. Эмоциональная характеризация.;neg;
3969;Невмоготу; разг. ;ГОРЕ; 9.1. Эмоциональное состояние.;neg;
3970;Невмочь; разг. ;ГОРЕ; 9.1. Эмоциональное состояние.;neg;
3971;Невнимание ;0;РАВНОДУШИЕ; 29.1. Эмоциональное состояние.;neg;
3972;Невнимание ;0;РАВНОДУШИЕ; 29.5. Внешнее выражение эмоций.;neg;
3973;Невнимание ;0;РАВНОДУШИЕ; 29.7. Эмоциональное качество.;neg;
3974;Невнимательно ;0;РАВНОДУШИЕ; 29.5. Внешнее выражение эмоций.;neg;
3975;Невнимательность ;0;РАВНОДУШИЕ; 29.2. Эмоциональное отношение.;neg;
3976;Невнимательность ;0;РАВНОДУШИЕ; 29.7. Эмоциональное качество.;neg;
3977;Невнимательный ;0;РАВНОДУШИЕ; 29.2. Эмоциональное отношение.;neg;
3978;Невнимательный ;0;РАВНОДУШИЕ; 29.5. Внешнее выражение эмоций.;neg;
3979;Невнимательный ;0;РАВНОДУШИЕ; 29.6. Эмоциональная характеризация.;neg;
3980;Невозможно; разг. ;ГОРЕ; 9.1. Эмоциональное состояние.;neg;
3981;Невозможный; разг. ;ГОРЕ; 9.6. Эмоциональная характеризация.;neg;
3982;Невозможный; разг. ;НЕПРИЯЗНЬ; 25.6. Эмоциональная характеризация.;neg;
3983;Невозмутимо ;0;СПОКОЙСТВИЕ; 33.5. Внешнее выражение эмоций.;pos;
3984;Невозмутимость ;0;СПОКОЙСТВИЕ; 33.7. Эмоциональное качество.;pos;
3985;Невозмутимый ;0;СПОКОЙСТВИЕ; 33.6. Эмоциональная характеризация.;pos;
3987;Невтерпеж; разг.-сниж. ;ГОРЕ; 9.1. Эмоциональное состояние.;neg;
3988;Невыносимо ;0;ГОРЕ; 9.1. Эмоциональное состояние.;neg;
3989;Невыносимость ;0;ГОРЕ; 9.1. Эмоциональное состояние.;neg;
3990;Невыносимый ;0;ГОРЕ; 9.4. Эмоциональное воздействие.;neg;
3991;Невыносимый ;0;ГОРЕ; 9.6. Эмоциональная характеризация.;neg;
3992;Невыносимый ;0;НЕПРИЯЗНЬ; 25.6. Эмоциональная характеризация.;neg;
3994;Негативизм ;0;НЕДОВОЛЬСТВО; 23.2. Эмоциональное отношение.;neg;
3995;Негативно; книжн. ;НЕДОВОЛЬСТВО; 23.5. Внешнее выражение эмоций.;neg;
3996;Негативный; книжн. ;НЕДОВОЛЬСТВО; 23.6. Эмоциональная характеризация.;neg;
3997;Неглижирование; устар. ;НЕПРИЯЗНЬ; 25.2. Эмоциональное отношение.;neg;
3998;Неглижировать; устар. ;НЕПРИЯЗНЬ; 25.2. Эмоциональное отношение.;neg;
3999;Негодник; разг. ;НЕПРИЯЗНЬ; 25.8. Человек как средоточие и носитель эмоций.;neg;
4000;Негодный ;0;НЕПРИЯЗНЬ; 25.6. Эмоциональная характеризация.;neg;
4001;Негодование ;0;ЗЛОСТЬ; 16.1. Эмоциональное состояние.;neg;
4002;Негодование ;0;НЕДОВОЛЬСТВО; 23.1. Эмоциональное состояние.;neg;
4003;Негодовать ;0;ЗЛОСТЬ; 16.5. Внешнее выражение эмоций.;neg;
4004;Негодовать ;0;НЕДОВОЛЬСТВО; 23.1. Эмоциональное состояние.;neg;
4005;Негодующий ;0;НЕДОВОЛЬСТВО; 23.1. Эмоциональное состояние.;neg;
4006;Негодующий ;0;НЕДОВОЛЬСТВО; 23.5. Внешнее выражение эмоций.;neg;
4007;Негодующий ;0;НЕДОВОЛЬСТВО; 23.6. Эмоциональная характеризация.;neg;
4008;Негодяй; разг.-сниж. ;НЕПРИЯЗНЬ; 25.8. Человек как средоточие и носитель эмоций.;neg;
4009;Негодяйка; разг.-сниж. ;НЕПРИЯЗНЬ; 25.8. Человек как средоточие и носитель эмоций.;neg;
4010;Негуманность ;0;ЖЕСТОКОСТЬ; 15.7. Эмоциональное качество.;neg;
4011;Негуманный ;0;ЖЕСТОКОСТЬ; 15.2. Эмоциональное отношение.;neg;
4012;Негуманный ;0;ЖЕСТОКОСТЬ; 15.5. Внешнее выражение эмоций.;neg;
4013;Негуманный ;0;ЖЕСТОКОСТЬ; 15.6. Эмоциональная характеризация.;neg;
4014;Неделикатно ;0;БЕССТЫДСТВО; 3.5. Внешнее выражение эмоций.;neg;
4015;Неделикатность ;0;БЕССТЫДСТВО; 3.7. Эмоциональное качество.;neg;
4016;Неделикатность ;0;ВЫСОКОМЕРИЕ; 8.7. Эмоциональное качество.;neg;
4017;Неделикатный ;0;БЕССТЫДСТВО; 3.6. Эмоциональная характеризация.;neg;
4018;Неделикатный ;0;ВЫСОКОМЕРИЕ; 8.5. Внешнее выражение эмоций.;neg;
4019;Неделикатный ;0;ВЫСОКОМЕРИЕ; 8.6. Эмоциональная характеризация.;neg;
4020;Недоброжелатель ;0;ВРАЖДА; 7.8. Человек как средоточие и носитель эмоций.;neg;
4021;Недоброжелатель ;0;ЗЛОСТЬ; 16.8. Человек как средоточие и носитель эмоций.;neg;
4022;Недоброжелатель ;0;НЕПРИЯЗНЬ; 25.6. Эмоциональная характеризация.;neg;
4023;Недоброжелатель ;0;НЕПРИЯЗНЬ; 25.8. Человек как средоточие и носитель эмоций.;neg;
4024;Недоброжелательно ;0;НЕПРИЯЗНЬ; 25.5. Внешнее выражение эмоций.;neg;
4025;Недоброжелательность ;0;ВРАЖДА; 7.7. Эмоциональное качество.;neg;
4026;Недоброжелательность ;0;ЗЛОСТЬ; 16.7. Эмоциональное качество.;neg;
4027;Недоброжелательность ;0;НЕПРИЯЗНЬ; 25.2. Эмоциональное отношение.;neg;
4028;Недоброжелательный ;0;ВРАЖДА; 7.1. Эмоциональное состояние.;neg;
4029;Недоброжелательный ;0;ВРАЖДА; 7.6. Эмоциональная характеризация.;neg;
4030;Недоброжелательный ;0;ЗЛОСТЬ; 16.1. Эмоциональное состояние.;neg;
4031;Недоброжелательный ;0;ЗЛОСТЬ; 16.6. Эмоциональная характеризация.;neg;
4032;Недоброжелательный ;0;НЕПРИЯЗНЬ; 25.1. Эмоциональное состояние.;neg;
4033;Недоброжелательный ;0;НЕПРИЯЗНЬ; 25.2. Эмоциональное отношение.;neg;
4034;Недоброжелательный ;0;НЕПРИЯЗНЬ; 25.5. Внешнее выражение эмоций.;neg;
4035;Недоброжелательный ;0;НЕПРИЯЗНЬ; 25.6. Эмоциональная характеризация.;neg;
4036;Недоброжелательство ;0;НЕПРИЯЗНЬ; 25.2. Эмоциональное отношение.;neg;
4037;Недоброта ;0;ЗЛОСТЬ; 16.7. Эмоциональное качество.;neg;
4038;Недоброхот; устар. ;ВРАЖДА; 7.8. Человек как средоточие и носитель эмоций.;neg;
4039;Недоброхот; устар. ;НЕПРИЯЗНЬ; 25.8. Человек как средоточие и носитель эмоций.;neg;
4040;Недоброхотный; устар. ;НЕПРИЯЗНЬ; 25.1. Эмоциональное состояние.;neg;
4041;Недоброхотный; устар. ;НЕПРИЯЗНЬ; 25.2. Эмоциональное отношение.;neg;
4042;Недоброхотство; устар. ;НЕПРИЯЗНЬ; 25.2. Эмоциональное отношение.;neg;
4043;Недобрый ;0;ГОРЕ; 9.4. Эмоциональное воздействие.;neg;
4044;Недобрый ;0;ЗЛОСТЬ; 16.6. Эмоциональная характеризация.;neg;
4045;Недобрый ;0;НЕПРИЯЗНЬ; 25.2. Эмоциональное отношение.;neg;
4046;Недоверие ;0;НЕВЕРИЕ; 22.2. Эмоциональное отношение.;neg;
4047;Недоверие ;0;НЕВЕРИЕ; 22.7. Эмоциональное качество.;neg;
4048;Недоверие ;0;СОМНЕНИЕ; 32.2. Эмоциональное отношение.;neg;
4049;Недоверчиво ;0;НЕВЕРИЕ; 22.5. Внешнее выражение эмоций.;neg;
4050;Недоверчивость ;0;НЕВЕРИЕ; 22.7. Эмоциональное качество.;neg;
4051;Недоверчивость ;0;СОМНЕНИЕ; 32.7. Эмоциональное качество.;neg;
4052;Недоверчивый ;0;НЕВЕРИЕ; 22.2. Эмоциональное отношение.;neg;
4053;Недоверчивый ;0;НЕВЕРИЕ; 22.6. Эмоциональная характеризация.;neg;
4054;Недоверчивый ;0;СОМНЕНИЕ; 32.2. Эмоциональное отношение.;neg;
4055;Недоверчивый ;0;СОМНЕНИЕ; 32.6. Эмоциональная характеризация.;neg;
4056;Недовольно ;0;НЕДОВОЛЬСТВО; 23.2. Эмоциональное отношение.;neg;
4057;Недовольно ;0;НЕДОВОЛЬСТВО; 23.5. Внешнее выражение эмоций.;neg;
4058;Недовольный ;0;НЕДОВОЛЬСТВО; 23.2. Эмоциональное отношение.;neg;
4059;Недовольный ;0;НЕДОВОЛЬСТВО; 23.5. Внешнее выражение эмоций.;neg;
4060;Недовольный ;0;НЕДОВОЛЬСТВО; 23.6. Эмоциональная характеризация.;neg;
4061;Недовольство ;0;БЕСПОКОЙСТВО; 1.1. Эмоциональное состояние.;neg;
4062;Недовольство ;0;НЕДОВОЛЬСТВО; 23.2. Эмоциональное отношение.;neg;
4063;Недовольство ;0;НЕДОВОЛЬСТВО; 23.5. Внешнее выражение эмоций.;neg;
4064;Недовольство ;0;НЕДОВОЛЬСТВО; 23.7. Эмоциональное качество.;neg;
4065;Недолюбливать ;0;НЕПРИЯЗНЬ; 25.2. Эмоциональное отношение.;neg;
4066;Недоля; устар. ;ГОРЕ; 9.1. Эмоциональное состояние.;neg;
4067;Недопустимость ;0;НЕДОВОЛЬСТВО; 23.7. Эмоциональное качество.;neg;
4068;Недопустимый ;0;НЕДОВОЛЬСТВО; 23.6. Эмоциональная характеризация.;neg;
4069;Недоразумение ;0;ВРАЖДА; 7.1. Эмоциональное состояние.;neg;
4070;Недостойный; разг. ;НЕПРИЯЗНЬ; 25.6. Эмоциональная характеризация.;neg;
4071;Недоступный ;0;ВЫСОКОМЕРИЕ; 8.2. Эмоциональное отношение.;neg;
4072;Недоступный ;0;ВЫСОКОМЕРИЕ; 8.5. Внешнее выражение эмоций.;neg;
4073;Недоступный ;0;ВЫСОКОМЕРИЕ; 8.6. Эмоциональная характеризация.;neg;
4074;Недоступный ;0;ОДИНОЧЕСТВО; 27.6. Эмоциональная характеризация.;neg;
4075;Недотрога; разг. ;ОБИДА; 26.8. Человек как средоточие и носитель эмоций.;neg;
4076;Недотыка; разг.-сниж. ;ОБИДА; 26.8. Человек как средоточие и носитель эмоций.;neg;
4077;Недоумевать ;0;УДИВЛЕНИЕ; 38.1. Эмоциональное состояние.;pos;
4078;Недоумевающий ;0;УДИВЛЕНИЕ; 38.1. Эмоциональное состояние.;pos;
4079;Недоумевающий ;0;УДИВЛЕНИЕ; 38.5. Внешнее выражение эмоций.;pos;
4080;Недоумение ;0;СОМНЕНИЕ; 32.1. Эмоциональное состояние.;neg;
4081;Недоумение ;0;УДИВЛЕНИЕ; 38.1. Эмоциональное состояние.;pos;
4082;Недоуменно ;0;УДИВЛЕНИЕ; 38.5. Внешнее выражение эмоций.;pos;
4083;Недоуменный ;0;СОМНЕНИЕ; 32.1. Эмоциональное состояние.;neg;
4084;Недоуменный ;0;УДИВЛЕНИЕ; 38.1. Эмоциональное состояние.;pos;
4085;Недоуменный; разг. ;УДИВЛЕНИЕ; 38.1. Эмоциональное состояние.;pos;
4086;Недруг ;0;ВРАЖДА; 7.8. Человек как средоточие и носитель эмоций.;neg;
4087;Недруг ;0;НЕПРИЯЗНЬ; 25.6. Эмоциональная характеризация.;neg;
4088;Недруг ;0;НЕПРИЯЗНЬ; 25.8. Человек как средоточие и носитель эмоций.;neg;
4089;Недружелюбие ;0;ВРАЖДА; 7.7. Эмоциональное качество.;neg;
4090;Недружелюбие ;0;НЕПРИЯЗНЬ; 25.2. Эмоциональное отношение.;neg;
4091;Недружелюбно ;0;НЕПРИЯЗНЬ; 25.5. Внешнее выражение эмоций.;neg;
4092;Недружелюбность ;0;НЕПРИЯЗНЬ; 25.2. Эмоциональное отношение.;neg;
4093;Недружелюбный ;0;ВРАЖДА; 7.1. Эмоциональное состояние.;neg;
4094;Недружелюбный ;0;ВРАЖДА; 7.6. Эмоциональная характеризация.;neg;
4095;Недружелюбный ;0;НЕПРИЯЗНЬ; 25.1. Эмоциональное состояние.;neg;
4096;Недружелюбный ;0;НЕПРИЯЗНЬ; 25.2. Эмоциональное отношение.;neg;
4097;Недружелюбный ;0;НЕПРИЯЗНЬ; 25.5. Внешнее выражение эмоций.;neg;
4098;Недружелюбный ;0;НЕПРИЯЗНЬ; 25.6. Эмоциональная характеризация.;neg;
4099;Недружественно ;0;НЕПРИЯЗНЬ; 25.5. Внешнее выражение эмоций.;neg;
4100;Недружественный ;0;НЕПРИЯЗНЬ; 25.1. Эмоциональное состояние.;neg;
4101;Недружественный ;0;НЕПРИЯЗНЬ; 25.2. Эмоциональное отношение.;neg;
4102;Недружественный ;0;НЕПРИЯЗНЬ; 25.6. Эмоциональная характеризация.;neg;
4103;Недуг ;0;ГОРЕ; 9.1. Эмоциональное состояние.;neg;
4104;Недурно ;0;СЧАСТЬЕ; 36.1. Эмоциональное состояние.;pos;
4105;Неестественно ;0;НЕИСКРЕННОСТЬ; 24.5. Внешнее выражение эмоций.;neg;
4108;Нежелание ;0;НЕВЕРИЕ; 22.1. Эмоциональное состояние.;neg;
4109;Нежелательный ;0;НЕВЕРИЕ; 22.6. Эмоциональная характеризация.;neg;
4110;Нежить ;0;ДОБРОТА; 11.2. Эмоциональное отношение.;pos;
4111;Нежить ;0;ДОБРОТА; 11.4. Эмоциональное воздействие.;pos;
4112;Нежить ;0;ЛЮБОВЬ; 18.4. Эмоциональное воздействие.;pos;
4113;Нежить ;0;ЛЮБОВЬ; 18.5. Внешнее выражение эмоций.;pos;
4114;Нежить ;0;РАДОСТЬ; 30.4. Эмоциональное воздействие.;pos;
4115;Нежить ;0;СЧАСТЬЕ; 36.4. Эмоциональное воздействие.;pos;
4116;Нежиться ;0;СЧАСТЬЕ; 36.1. Эмоциональное состояние.;pos;
4117;Нежничанье ;0;ЛЮБОВЬ; 18.5. Внешнее выражение эмоций.;pos;
4118;Нежничать ;0;ЛЮБОВЬ; 18.5. Внешнее выражение эмоций.;pos;
4119;Нежно ;0;ЛЮБОВЬ; 18.5. Внешнее выражение эмоций.;pos;
4120;Нежность ;0;ЛЮБОВЬ; 18.1. Эмоциональное состояние.;pos;
4121;Нежность ;0;ЛЮБОВЬ; 18.5. Внешнее выражение эмоций.;pos;
4122;Нежность ;0;ЛЮБОВЬ; 18.7. Эмоциональное качество.;pos;
4123;Нежность ;0;СЧАСТЬЕ; 36.7. Эмоциональное качество.;pos;
4124;Нежный ;0;ЛЮБОВЬ; 18.1. Эмоциональное состояние.;pos;
4125;Нежный ;0;ЛЮБОВЬ; 18.5. Внешнее выражение эмоций.;pos;
4126;Нежный ;0;ЛЮБОВЬ; 18.6. Эмоциональная характеризация.;pos;
4127;Незадачливый; разг. ;ГОРЕ; 9.1. Эмоциональное состояние.;neg;
4128;Незадачливый; разг. ;ГОРЕ; 9.6. Эмоциональная характеризация.;neg;
4129;Незаинтересованный ;0;РАВНОДУШИЕ; 29.2. Эмоциональное отношение.;neg;
4130;Незащищенность ;0;ЧУВСТВО; 39.7. Эмоциональное качество.;pos;
4131;Незащищенный ;0;ЧУВСТВО; 39.6. Эмоциональная характеризация.;pos;
4132;Незлобиво ;0;СМИРЕНИЕ; 31.5. Внешнее выражение эмоций.;pos;
4133;Незлобивость ;0;ДОБРОТА; 11.7. Эмоциональное качество.;pos;
4134;Незлобивость ;0;СМИРЕНИЕ; 31.7. Эмоциональное качество.;pos;
4135;Незлобивый ;0;СМИРЕНИЕ; 31.6. Эмоциональная характеризация.;pos;
4136;Незлобивый и Незлобивый; книжн. ;ДОБРОТА; 11.6. Эмоциональная характеризация.;pos;
4137;Незлобие ;0;ДОБРОТА; 11.1. Эмоциональное состояние.;pos;
4138;Незлобие; устар. ;ДОБРОТА; 11.7. Эмоциональное качество.;pos;
4139;Незлобие; устар. ;СМИРЕНИЕ; 31.7. Эмоциональное качество.;pos;
4140;Незлобливый; разг. ;ДОБРОТА; 11.6. Эмоциональная характеризация.;pos;
4141;Незлобно ;0;ДОБРОТА; 11.5. Внешнее выражение эмоций.;pos;
4142;Незлобно ;0;СМИРЕНИЕ; 31.5. Внешнее выражение эмоций.;pos;
4143;Незлобность ;0;СМИРЕНИЕ; 31.7. Эмоциональное качество.;pos;
4144;Незлобный ;0;ДОБРОТА; 11.6. Эмоциональная характеризация.;pos;
4145;Незлобный ;0;СМИРЕНИЕ; 31.6. Эмоциональная характеризация.;pos;
4146;Незлой ;0;ДОБРОТА; 11.6. Эмоциональная характеризация.;pos;
4147;Незлопамятность ;0;ДОБРОТА; 11.7. Эмоциональное качество.;pos;
4148;Незлопамятный ;0;ДОБРОТА; 11.6. Эмоциональная характеризация.;pos;
4151;Неинтересно ;0;ГРУСТЬ; 10.1. Эмоциональное состояние.;neg;
4152;Неинтересный ;0;ГРУСТЬ; 10.4. Эмоциональное воздействие.;neg;
4153;Неинтересный ;0;ГРУСТЬ; 10.5. Внешнее выражение эмоций.;neg;
4154;Неинтересный ;0;ГРУСТЬ; 10.6. Эмоциональная характеризация.;neg;
4155;Неискренне ;0;НЕИСКРЕННОСТЬ; 24.5. Внешнее выражение эмоций.;neg;
4156;Неискренний ;0;НЕИСКРЕННОСТЬ; 24.6. Эмоциональная характеризация.;neg;
4157;Неискренно ;0;НЕИСКРЕННОСТЬ; 24.5. Внешнее выражение эмоций.;neg;
4158;Неискренность ;0;НЕИСКРЕННОСТЬ; 24.7. Эмоциональное качество.;neg;
4159;Неискушенность ;0;СМИРЕНИЕ; 31.7. Эмоциональное качество.;pos;
4160;Неискушенный ;0;ИСКРЕННОСТЬ; 17.1. Эмоциональное состояние.;pos;
4161;Неискушенный ;0;ИСКРЕННОСТЬ; 17.6. Эмоциональная характеризация.;pos;
4162;Неискушенный ;0;СМИРЕНИЕ; 31.6. Эмоциональная характеризация.;pos;
4163;Неисполнимость ;0;ЖЕЛАНИЕ; 14.7. Эмоциональное качество.;pos;
4164;Неисполнимый ;0;ЖЕЛАНИЕ; 14.6. Эмоциональная характеризация.;pos;
4165;Неистовость ;0;БЕСПОКОЙСТВО; 1.1. Эмоциональное состояние.;neg;
4166;Неистовость ;0;БЕСПОКОЙСТВО; 1.5. Внешнее выражение эмоций.;neg;
4167;Неистовость ;0;БЕСПОКОЙСТВО; 1.7. Эмоциональное качество.;neg;
4169;Неистовство ;0;БЕСПОКОЙСТВО; 1.1. Эмоциональное состояние.;neg;
4170;Неистовство ;0;ЖЕСТОКОСТЬ; 15.5. Внешнее выражение эмоций.;neg;
4171;Неистовствовать ;0;БЕСПОКОЙСТВО; 1.1. Эмоциональное состояние.;neg;
4172;Неистовствовать ;0;БЕСПОКОЙСТВО; 1.5. Внешнее выражение эмоций.;neg;
4173;Неистовствовать ;0;ЖЕСТОКОСТЬ; 15.1. Эмоциональное состояние.;neg;
4174;Неистовый ;0;БЕСПОКОЙСТВО; 1.1. Эмоциональное состояние.;neg;
4175;Неистовый ;0;БЕСПОКОЙСТВО; 1.5. Внешнее выражение эмоций.;neg;
4176;Неистовый ;0;БЕСПОКОЙСТВО; 1.6. Эмоциональная характеризация.;neg;
4177;Неколебимо; высок. ;БЕССТРАШИЕ; 2.5. Внешнее выражение эмоций.;pos;
4178;Неколебимость; высок. ;БЕССТРАШИЕ; 2.7. Эмоциональное качество.;pos;
4179;Неколебимый; высок. ;БЕССТРАШИЕ; 2.6. Эмоциональная характеризация.;pos;
4180;Некоммуникабельность ;0;ОДИНОЧЕСТВО; 27.7. Эмоциональное качество.;neg;
4181;Некоммуникабельный ;0;ОДИНОЧЕСТВО; 27.5. Внешнее выражение эмоций.;neg;
4182;Некоммуникабельный ;0;ОДИНОЧЕСТВО; 27.6. Эмоциональная характеризация.;neg;
4183;Неконтактность; разг. ;ОДИНОЧЕСТВО; 27.7. Эмоциональное качество.;neg;
4184;Неконтактный ;0;ОДИНОЧЕСТВО; 27.5. Внешнее выражение эмоций.;neg;
4185;Неконтактный ;0;ОДИНОЧЕСТВО; 27.6. Эмоциональная характеризация.;neg;
4186;Неконфликтность ;0;СМИРЕНИЕ; 31.7. Эмоциональное качество.;pos;
4187;Неконфликтность ;0;СПОКОЙСТВИЕ; 33.7. Эмоциональное качество.;pos;
4188;Неконфликтный ;0;СМИРЕНИЕ; 31.1. Эмоциональное состояние.;pos;
4189;Неконфликтный ;0;СМИРЕНИЕ; 31.6. Эмоциональная характеризация.;pos;
4190;Неконфликтный ;0;СПОКОЙСТВИЕ; 33.2. Эмоциональное отношение.;pos;
4191;Неконфликтный ;0;СПОКОЙСТВИЕ; 33.6. Эмоциональная характеризация.;pos;
4192;Некорректность ;0;ВЫСОКОМЕРИЕ; 8.7. Эмоциональное качество.;neg;
4193;Некорректный ;0;ВЫСОКОМЕРИЕ; 8.6. Эмоциональная характеризация.;neg;
4194;Некультурный ;0;ВЫСОКОМЕРИЕ; 8.5. Внешнее выражение эмоций.;neg;
4195;Некультурный ;0;ВЫСОКОМЕРИЕ; 8.6. Эмоциональная характеризация.;neg;
4196;Неладица; устар. ;ВРАЖДА; 7.1. Эмоциональное состояние.;neg;
4197;Нелады; разг. ;ВРАЖДА; 7.1. Эмоциональное состояние.;neg;
4198;Неласковость ;0;ГРУСТЬ; 10.7. Эмоциональное качество.;neg;
4199;Неласковость ;0;НЕПРИЯЗНЬ; 25.7. Эмоциональное качество.;neg;
4200;Неласковый ;0;ГРУСТЬ; 10.5. Внешнее выражение эмоций.;neg;
4201;Неласковый ;0;НЕПРИЯЗНЬ; 25.6. Эмоциональная характеризация.;neg;
4202;Нелегко ;0;ГОРЕ; 9.1. Эмоциональное состояние.;neg;
4203;Нелепость ;0;УДИВЛЕНИЕ; 38.6. Эмоциональная характеризация.;pos;
4204;Нелепый ;0;УДИВЛЕНИЕ; 38.6. Эмоциональная характеризация.;pos;
4205;Нелестно ;0;НЕДОВОЛЬСТВО; 23.5. Внешнее выражение эмоций.;neg;
4206;Нелестный ;0;НЕДОВОЛЬСТВО; 23.6. Эмоциональная характеризация.;neg;
4207;Нелицемерный ;0;ИСКРЕННОСТЬ; 17.6. Эмоциональная характеризация.;pos;
4208;Неловкий ;0;СТЫД; 35.5. Внешнее выражение эмоций.;neg;
4209;Неловко; разг. ;СТЫД; 35.1. Эмоциональное состояние.;neg;
4210;Неловкость ;0;СТЫД; 35.7. Эмоциональное качество.;neg;
4211;Нелояльность ;0;НЕВЕРИЕ; 22.7. Эмоциональное качество.;neg;
4212;Нелояльность ;0;СОМНЕНИЕ; 32.7. Эмоциональное качество.;neg;
4213;Нелояльный ;0;НЕВЕРИЕ; 22.6. Эмоциональная характеризация.;neg;
4214;Нелояльный ;0;СОМНЕНИЕ; 32.2. Эмоциональное отношение.;neg;
4215;Нелояльный ;0;СОМНЕНИЕ; 32.6. Эмоциональная характеризация.;neg;
4216;Нелюбезность ;0;НЕПРИЯЗНЬ; 25.7. Эмоциональное качество.;neg;
4217;Нелюбезный ;0;ВЫСОКОМЕРИЕ; 8.5. Внешнее выражение эмоций.;neg;
4218;Нелюбезный ;0;ВЫСОКОМЕРИЕ; 8.6. Эмоциональная характеризация.;neg;
4219;Нелюбезный ;0;НЕПРИЯЗНЬ; 25.6. Эмоциональная характеризация.;neg;
4220;Нелюбимый ;0;НЕПРИЯЗНЬ; 25.2. Эмоциональное отношение.;neg;
4221;Нелюбимый ;0;НЕПРИЯЗНЬ; 25.6. Эмоциональная характеризация.;neg;
4222;Нелюбовь ;0;НЕПРИЯЗНЬ; 25.1. Эмоциональное состояние.;neg;
4223;Нелюбый; разг.-сниж. ;НЕПРИЯЗНЬ; 25.2. Эмоциональное отношение.;neg;
4224;Нелюбый; разг.-сниж. ;НЕПРИЯЗНЬ; 25.6. Эмоциональная характеризация.;neg;
4225;Нелюдим ;0;ОДИНОЧЕСТВО; 27.8. Человек как средоточие и носитель эмоций.;neg;
4226;Нелюдимка ;0;ОДИНОЧЕСТВО; 27.8. Человек как средоточие и носитель эмоций.;neg;
4227;Нелюдимо ;0;ОДИНОЧЕСТВО; 27.1. Эмоциональное состояние.;neg;
4228;Нелюдимость ;0;ОДИНОЧЕСТВО; 27.7. Эмоциональное качество.;neg;
4229;Нелюдимый ;0;ОДИНОЧЕСТВО; 27.2. Эмоциональное отношение.;neg;
4230;Нелюдимый ;0;ОДИНОЧЕСТВО; 27.6. Эмоциональная характеризация.;neg;
4231;Неметь ;0;УДИВЛЕНИЕ; 38.5. Внешнее выражение эмоций.;pos;
4232;Немилосердие ;0;ЖЕСТОКОСТЬ; 15.7. Эмоциональное качество.;neg;
4233;Немилосердно ;0;ЖЕСТОКОСТЬ; 15.5. Внешнее выражение эмоций.;neg;
4234;Немилосердный; книжн. ;ЖЕСТОКОСТЬ; 15.5. Внешнее выражение эмоций.;neg;
4235;Немилосердный; книжн. ;ЖЕСТОКОСТЬ; 15.6. Эмоциональная характеризация.;neg;
4236;Немилостивый ;0;НЕПРИЯЗНЬ; 25.5. Внешнее выражение эмоций.;neg;
4237;Немилостивый ;0;ЖЕСТОКОСТЬ; 15.6. Эмоциональная характеризация.;neg;
4238;Немилостивый ;0;НЕПРИЯЗНЬ; 25.2. Эмоциональное отношение.;neg;
4239;Немилость ;0;НЕПРИЯЗНЬ; 25.2. Эмоциональное отношение.;neg;
4240;Немилый; разг. ;НЕПРИЯЗНЬ; 25.2. Эмоциональное отношение.;neg;
4241;Немилый; разг. ;НЕПРИЯЗНЬ; 25.6. Эмоциональная характеризация.;neg;
4242;Ненавидеть ;0;НЕПРИЯЗНЬ; 25.2. Эмоциональное отношение.;neg;
4243;Ненавистник ;0;ЗЛОСТЬ; 16.8. Человек как средоточие и носитель эмоций.;neg;
4244;Ненавистник ;0;НЕПРИЯЗНЬ; 25.6. Эмоциональная характеризация.;neg;
4245;Ненавистник ;0;НЕПРИЯЗНЬ; 25.8. Человек как средоточие и носитель эмоций.;neg;
4246;Ненавистница ;0;НЕПРИЯЗНЬ; 25.6. Эмоциональная характеризация.;neg;
4247;Ненавистница ;0;НЕПРИЯЗНЬ; 25.8. Человек как средоточие и носитель эмоций.;neg;
4248;Ненавистничать ;0;НЕПРИЯЗНЬ; 25.1. Эмоциональное состояние.;neg;
4249;Ненавистнический ;0;НЕПРИЯЗНЬ; 25.2. Эмоциональное отношение.;neg;
4250;Ненавистничество ;0;НЕПРИЯЗНЬ; 25.1. Эмоциональное состояние.;neg;
4251;Ненавистный ;0;НЕПРИЯЗНЬ; 25.2. Эмоциональное отношение.;neg;
4252;Ненавистный ;0;НЕПРИЯЗНЬ; 25.4. Эмоциональное воздействие.;neg;
4253;Ненавистный ;0;НЕПРИЯЗНЬ; 25.5. Внешнее выражение эмоций.;neg;
4254;Ненавистный ;0;НЕПРИЯЗНЬ; 25.6. Эмоциональная характеризация.;neg;
4255;Ненависть ;0;НЕПРИЯЗНЬ; 25.1. Эмоциональное состояние.;neg;
4256;Ненаглядная; разг. ;ЛЮБОВЬ; 18.8. Человек как средоточие и носитель эмоций.;pos;
4257;Ненаглядный; разг. ;ЛЮБОВЬ; 18.5. Внешнее выражение эмоций.;pos;
4258;Ненаглядный; разг. ;ЛЮБОВЬ; 18.6. Эмоциональная характеризация.;pos;
4259;Ненаглядный; разг. ;ЛЮБОВЬ; 18.8. Человек как средоточие и носитель эмоций.;pos;
4260;Ненаглядный; устар. ;ОДОБРЕНИЕ; 28.6. Эмоциональная характеризация.;pos;
4261;Ненадежность ;0;НЕВЕРИЕ; 22.7. Эмоциональное качество.;neg;
4262;Ненадежность ;0;СОМНЕНИЕ; 32.7. Эмоциональное качество.;neg;
4263;Ненадежный ;0;НЕВЕРИЕ; 22.6. Эмоциональная характеризация.;neg;
4264;Ненадежный ;0;СОМНЕНИЕ; 32.6. Эмоциональная характеризация.;neg;
4268;Ненатурально ;0;НЕИСКРЕННОСТЬ; 24.5. Внешнее выражение эмоций.;neg;
4269;Ненатуральность ;0;НЕИСКРЕННОСТЬ; 24.7. Эмоциональное качество.;neg;
4270;Ненатуральный ;0;НЕИСКРЕННОСТЬ; 24.6. Эмоциональная характеризация.;neg;
4271;Необузданность ;0;БЕСПОКОЙСТВО; 1.7. Эмоциональное качество.;neg;
4272;Необузданность ;0;ЗЛОСТЬ; 16.7. Эмоциональное качество.;neg;
4273;Необузданный ;0;БЕСПОКОЙСТВО; 1.6. Эмоциональная характеризация.;neg;
4274;Необузданный ;0;ЗЛОСТЬ; 16.6. Эмоциональная характеризация.;neg;
4275;Необходимость ;0;НАДЕЖДА; 20.7. Эмоциональное качество.;pos;
4276;Необходимый ;0;НАДЕЖДА; 20.6. Эмоциональная характеризация.;pos;
4277;Необщительность ;0;ОДИНОЧЕСТВО; 27.7. Эмоциональное качество.;neg;
4278;Необщительный ;0;ОДИНОЧЕСТВО; 27.5. Внешнее выражение эмоций.;neg;
4279;Необщительный ;0;ОДИНОЧЕСТВО; 27.6. Эмоциональная характеризация.;neg;
4281;Необыкновенный ;0;УДИВЛЕНИЕ; 38.6. Эмоциональная характеризация.;pos;
4282;Необычный ;0;УДИВЛЕНИЕ; 38.6. Эмоциональная характеризация.;pos;
4283;Неодобрение ;0;НЕДОВОЛЬСТВО; 23.2. Эмоциональное отношение.;neg;
4284;Неодобрение ;0;НЕПРИЯЗНЬ; 25.2. Эмоциональное отношение.;neg;
4285;Неодобрительно ;0;НЕДОВОЛЬСТВО; 23.5. Внешнее выражение эмоций.;neg;
4286;Неодобрительность ;0;НЕДОВОЛЬСТВО; 23.2. Эмоциональное отношение.;neg;
4287;Неодобрительный ;0;НЕДОВОЛЬСТВО; 23.2. Эмоциональное отношение.;neg;
4288;Неодобрительный ;0;НЕДОВОЛЬСТВО; 23.6. Эмоциональная характеризация.;neg;
4289;Неодобрительный ;0;НЕПРИЯЗНЬ; 25.1. Эмоциональное состояние.;neg;
4290;Неодобрительный ;0;НЕПРИЯЗНЬ; 25.2. Эмоциональное отношение.;neg;
4291;Неодобрительный ;0;НЕПРИЯЗНЬ; 25.5. Внешнее выражение эмоций.;neg;
4292;Неомраченный ;0;РАДОСТЬ; 30.5. Внешнее выражение эмоций.;pos;
4293;Неомраченный ;0;РАДОСТЬ; 30.6. Эмоциональная характеризация.;pos;
4294;Неомраченный ;0;СПОКОЙСТВИЕ; 33.5. Внешнее выражение эмоций.;pos;
4295;Неординарный ;0;УДИВЛЕНИЕ; 38.6. Эмоциональная характеризация.;pos;
4302;Неотвязно; разг. ;ГРУСТЬ; 10.5. Внешнее выражение эмоций.;neg;
4303;Неотвязность; разг. ;ГРУСТЬ; 10.7. Эмоциональное качество.;neg;
4304;Неотвязный; разг. ;ГРУСТЬ; 10.4. Эмоциональное воздействие.;neg;
4311;Неотзывчиво ;0;РАВНОДУШИЕ; 29.5. Внешнее выражение эмоций.;neg;
4312;Неотзывчивость ;0;РАВНОДУШИЕ; 29.7. Эмоциональное качество.;neg;
4313;Неотзывчивый ;0;РАВНОДУШИЕ; 29.2. Эмоциональное отношение.;neg;
4314;Неотзывчивый ;0;РАВНОДУШИЕ; 29.6. Эмоциональная характеризация.;neg;
4317;Неотразимость ;0;ВЛЕЧЕНИЕ; 6.7. Эмоциональное качество.;pos;
4318;Неотразимость ;0;ОДОБРЕНИЕ; 28.7. Эмоциональное качество.;pos;
4319;Неотразимый ;0;ВЛЕЧЕНИЕ; 6.6. Эмоциональная характеризация.;pos;
4320;Неотразимый ;0;ОДОБРЕНИЕ; 28.6. Эмоциональная характеризация.;pos;
4321;Неотступно ;0;НАСТОЙЧИВОСТЬ; 21.5. Внешнее выражение эмоций.;pos;
4322;Неотступный ;0;НАСТОЙЧИВОСТЬ; 21.2. Эмоциональное отношение.;pos;
4323;Неотступный ;0;НАСТОЙЧИВОСТЬ; 21.6. Эмоциональная характеризация.;pos;
4324;Неохота; разг. ;НЕВЕРИЕ; 22.1. Эмоциональное состояние.;neg;
4325;Неохотно ;0;НЕВЕРИЕ; 22.5. Внешнее выражение эмоций.;neg;
4326;Непереносимо ;0;ГОРЕ; 9.1. Эмоциональное состояние.;neg;
4327;Непереносимый ;0;ГОРЕ; 9.4. Эмоциональное воздействие.;neg;
4328;Непереносимый ;0;ГОРЕ; 9.6. Эмоциональная характеризация.;neg;
4329;Непереносимый ;0;НЕПРИЯЗНЬ; 25.6. Эмоциональная характеризация.;neg;
4330;Непереносно; разг. ;ГОРЕ; 9.1. Эмоциональное состояние.;neg;
4331;Непереносный; разг. ;ГОРЕ; 9.4. Эмоциональное воздействие.;neg;
4332;Непереносный; разг. ;ГОРЕ; 9.6. Эмоциональная характеризация.;neg;
4333;Непереносный; доза. ;НЕПРИЯЗНЬ; 25.6. Эмоциональная характеризация.;neg;
4334;Неповторимый ;0;УДИВЛЕНИЕ; 38.6. Эмоциональная характеризация.;pos;
4335;Неподатливость ;0;НАСТОЙЧИВОСТЬ; 21.7. Эмоциональное качество.;pos;
4339;Непозволительность ;0;НЕДОВОЛЬСТВО; 23.7. Эмоциональное качество.;neg;
4340;Непозволительный ;0;НЕДОВОЛЬСТВО; 23.6. Эмоциональная характеризация.;neg;
4341;Непокладистость; разг. ;НАСТОЙЧИВОСТЬ; 21.7. Эмоциональное качество.;pos;
4342;Непокладистый; разг. ;НАСТОЙЧИВОСТЬ; 21.2. Эмоциональное отношение.;pos;
4343;Непокладистый; разг. ;НАСТОЙЧИВОСТЬ; 21.5. Внешнее выражение эмоций.;pos;
4344;Непокладистый; разг. ;НАСТОЙЧИВОСТЬ; 21.6. Эмоциональная характеризация.;pos;
4345;Непокойно; устар. ;БЕСПОКОЙСТВО; 1.1. Эмоциональное состояние.;neg;
4346;Непокойный; устар. ;БЕСПОКОЙСТВО; 1.1. Эмоциональное состояние.;neg;
4347;Непокойный; устар. ;БЕСПОКОЙСТВО; 1.6. Эмоциональная характеризация.;neg;
4348;Непоколебимо ;0;БЕССТРАШИЕ; 2.6. Эмоциональная характеризация.;pos;
4349;Непоколебимость ;0;БЕССТРАШИЕ; 2.7. Эмоциональное качество.;pos;
4350;Непоколебимость ;0;НАСТОЙЧИВОСТЬ; 21.7. Эмоциональное качество.;pos;
4351;Непоколебимый ;0;БЕССТРАШИЕ; 2.6. Эмоциональная характеризация.;pos;
4352;Непоколебимый ;0;НАСТОЙЧИВОСТЬ; 21.6. Эмоциональная характеризация.;pos;
4353;Непокоримый ;0;НАСТОЙЧИВОСТЬ; 21.2. Эмоциональное отношение.;pos;
4354;Непокорливость; разг.-сниж. ;НАСТОЙЧИВОСТЬ; 21.7. Эмоциональное качество.;pos;
4355;Непокорливый; разг.-сниж. ;НАСТОЙЧИВОСТЬ; 21.2. Эмоциональное отношение.;pos;
4356;Непокорливый; разг.-сниж. ;НАСТОЙЧИВОСТЬ; 21.6. Эмоциональная характеризация.;pos;
4357;Непокорно ;0;НАСТОЙЧИВОСТЬ; 21.5. Внешнее выражение эмоций.;pos;
4358;Непокорность ;0;НАСТОЙЧИВОСТЬ; 21.7. Эмоциональное качество.;pos;
4359;Непокорный ;0;НАСТОЙЧИВОСТЬ; 21.2. Эмоциональное отношение.;pos;
4360;Непокорный ;0;НАСТОЙЧИВОСТЬ; 21.5. Внешнее выражение эмоций.;pos;
4361;Непокорный ;0;НАСТОЙЧИВОСТЬ; 21.6. Эмоциональная характеризация.;pos;
4362;Непокорство; устар. ;НАСТОЙЧИВОСТЬ; 21.7. Эмоциональное качество.;pos;
4363;Неполадки; разг. ;ВРАЖДА; 7.1. Эмоциональное состояние.;neg;
4364;Неполитичный; устар. ;ВЫСОКОМЕРИЕ; 8.5. Внешнее выражение эмоций.;neg;
4365;Неполитичный; устар. ;ВЫСОКОМЕРИЕ; 8.6. Эмоциональная характеризация.;neg;
4367;Непорочный; книжн. ;ИСКРЕННОСТЬ; 17.6. Эмоциональная характеризация.;pos;
4368;Непорядочность ;0;НЕДОВОЛЬСТВО; 23.7. Эмоциональное качество.;neg;
4369;Непорядочный ;0;НЕДОВОЛЬСТВО; 23.5. Внешнее выражение эмоций.;neg;
4370;Непорядочный ;0;НЕДОВОЛЬСТВО; 23.6. Эмоциональная характеризация.;neg;
4380;Непосредственность ;0;ИСКРЕННОСТЬ; 17.7. Эмоциональное качество.;pos;
4381;Непосредственный ;0;ИСКРЕННОСТЬ; 17.6. Эмоциональная характеризация.;pos;
4382;Непостоянный ;0;НЕВЕРИЕ; 22.6. Эмоциональная характеризация.;neg;
4383;Непостоянный ;0;СОМНЕНИЕ; 32.6. Эмоциональная характеризация.;neg;
4384;Непостоянство ;0;НЕВЕРИЕ; 22.7. Эмоциональное качество.;neg;
4385;Непостоянство ;0;СОМНЕНИЕ; 32.7. Эмоциональное качество.;neg;
4386;Непочтительно ;0;НЕДОВОЛЬСТВО; 23.5. Внешнее выражение эмоций.;neg;
4387;Непочтительность ;0;ВЫСОКОМЕРИЕ; 8.7. Эмоциональное качество.;neg;
4388;Непочтительность ;0;НЕДОВОЛЬСТВО; 23.7. Эмоциональное качество.;neg;
4389;Непочтительный ;0;ВЫСОКОМЕРИЕ; 8.5. Внешнее выражение эмоций.;neg;
4390;Непочтительный ;0;ВЫСОКОМЕРИЕ; 8.6. Эмоциональная характеризация.;neg;
4391;Непочтительный ;0;НЕДОВОЛЬСТВО; 23.5. Внешнее выражение эмоций.;neg;
4392;Непочтительный ;0;НЕДОВОЛЬСТВО; 23.6. Эмоциональная характеризация.;neg;
4394;Непревзойденность ;0;УДИВЛЕНИЕ; 38.7. Эмоциональное качество.;pos;
4395;Непревзойденный ;0;УДИВЛЕНИЕ; 38.6. Эмоциональная характеризация.;pos;
4396;Непреклонно ;0;БЕССТРАШИЕ; 2.6. Эмоциональная характеризация.;pos;
4397;Непреклонность ;0;БЕССТРАШИЕ; 2.7. Эмоциональное качество.;pos;
4398;Непреклонный ;0;БЕССТРАШИЕ; 2.6. Эмоциональная характеризация.;pos;
4399;Непрекословие; устар. ;СМИРЕНИЕ; 31.7. Эмоциональное качество.;pos;
4400;Непрекословно; устар. ;СМИРЕНИЕ; 31.5. Внешнее выражение эмоций.;pos;
4401;Непрекословный; устар. ;СМИРЕНИЕ; 31.1. Эмоциональное состояние.;pos;
4402;Непрекословный; устар. ;СМИРЕНИЕ; 31.6. Эмоциональная характеризация.;pos;
4403;Неприветливо ;0;ГРУСТЬ; 10.5. Внешнее выражение эмоций.;neg;
4404;Неприветливость ;0;ГРУСТЬ; 10.7. Эмоциональное качество.;neg;
4405;Неприветливость ;0;НЕПРИЯЗНЬ; 25.7. Эмоциональное качество.;neg;
4406;Неприветливый ;0;ГРУСТЬ; 10.5. Внешнее выражение эмоций.;neg;
4407;Неприветливый ;0;НЕПРИЯЗНЬ; 25.1. Эмоциональное состояние.;neg;
4408;Неприветный ;0;НЕПРИЯЗНЬ; 25.1. Эмоциональное состояние.;neg;
4409;Неприглядный ;0;НЕДОВОЛЬСТВО; 23.5. Внешнее выражение эмоций.;neg;
4410;Неприглядный ;0;НЕДОВОЛЬСТВО; 23.6. Эмоциональная характеризация.;neg;
4411;Неприличие ;0;СТЫД; 35.7. Эмоциональное качество.;neg;
4412;Неприличный ;0;СТЫД; 35.1. Эмоциональное состояние.;neg;
4413;Неприличный ;0;СТЫД; 35.5. Внешнее выражение эмоций.;neg;
4414;Неприличный ;0;СТЫД; 35.6. Эмоциональная характеризация.;neg;
4415;Непримиримость ;0;ВРАЖДА; 7.7. Эмоциональное качество.;neg;
4416;Непримиримый ;0;ВРАЖДА; 7.2. Эмоциональное отношение.;neg;
4417;Непримиримый ;0;ВРАЖДА; 7.6. Эмоциональная характеризация.;neg;
4418;Непринужденно ;0;ИСКРЕННОСТЬ; 17.5. Внешнее выражение эмоций.;pos;
4419;Непринужденность ;0;ИСКРЕННОСТЬ; 17.7. Эмоциональное качество.;pos;
4420;Непринужденный ;0;ИСКРЕННОСТЬ; 17.6. Эмоциональная характеризация.;pos;
4421;Непристойность ;0;ВЫСОКОМЕРИЕ; 8.7. Эмоциональное качество.;neg;
4422;Непристойность ;0;СТЫД; 35.5. Внешнее выражение эмоций.;neg;
4423;Непристойность ;0;СТЫД; 35.7. Эмоциональное качество.;neg;
4424;Непристойный ;0;ВЫСОКОМЕРИЕ; 8.5. Внешнее выражение эмоций.;neg;
4425;Непристойный ;0;ВЫСОКОМЕРИЕ; 8.6. Эмоциональная характеризация.;neg;
4426;Непристойный ;0;НЕДОВОЛЬСТВО; 23.5. Внешнее выражение эмоций.;neg;
4427;Непристойный ;0;НЕДОВОЛЬСТВО; 23.6. Эмоциональная характеризация.;neg;
4428;Непристойный ;0;СТЫД; 35.1. Эмоциональное состояние.;neg;
4429;Непристойный ;0;СТЫД; 35.5. Внешнее выражение эмоций.;neg;
4430;Непристойный ;0;СТЫД; 35.6. Эмоциональная характеризация.;neg;
4433;Непритворный ;0;ИСКРЕННОСТЬ; 17.6. Эмоциональная характеризация.;pos;
4434;Непритязательность ;0;СМИРЕНИЕ; 31.7. Эмоциональное качество.;pos;
4435;Непритязательный ;0;СМИРЕНИЕ; 31.1. Эмоциональное состояние.;pos;
4436;Непритязательный ;0;СМИРЕНИЕ; 31.6. Эмоциональная характеризация.;pos;
4437;Неприхотливость ;0;СМИРЕНИЕ; 31.7. Эмоциональное качество.;pos;
4438;Неприхотливый ;0;СМИРЕНИЕ; 31.1. Эмоциональное состояние.;pos;
4439;Неприхотливый ;0;СМИРЕНИЕ; 31.6. Эмоциональная характеризация.;pos;
4440;Неприязненно ;0;НЕПРИЯЗНЬ; 25.5. Внешнее выражение эмоций.;neg;
4441;Неприязненность ;0;ВРАЖДА; 7.7. Эмоциональное качество.;neg;
4442;Неприязненность ;0;НЕПРИЯЗНЬ; 25.1. Эмоциональное состояние.;neg;
4443;Неприязненность ;0;НЕПРИЯЗНЬ; 25.2. Эмоциональное отношение.;neg;
4444;Неприязненность ;0;НЕПРИЯЗНЬ; 25.7. Эмоциональное качество.;neg;
4445;Неприязненный ;0;ВРАЖДА; 7.1. Эмоциональное состояние.;neg;
4446;Неприязненный ;0;ВРАЖДА; 7.2. Эмоциональное отношение.;neg;
4447;Неприязненный ;0;ВРАЖДА; 7.6. Эмоциональная характеризация.;neg;
4448;Неприязненный ;0;НЕПРИЯЗНЬ; 25.1. Эмоциональное состояние.;neg;
4449;Неприязненный ;0;НЕПРИЯЗНЬ; 25.5. Внешнее выражение эмоций.;neg;
4450;Неприязнь ;0;НЕПРИЯЗНЬ; 25.2. Эмоциональное отношение.;neg;
4451;Неприятель ;0;НЕПРИЯЗНЬ; 25.6. Эмоциональная характеризация.;neg;
4452;Неприятель ;0;НЕПРИЯЗНЬ; 25.8. Человек как средоточие и носитель эмоций.;neg;
4453;Неприятно ;0;ГОРЕ; 9.1. Эмоциональное состояние.;neg;
4454;Неприятно ;0;НЕДОВОЛЬСТВО; 23.1. Эмоциональное состояние.;neg;
4455;Неприятно ;0;ОБИДА; 26.1. Эмоциональное состояние.;neg;
4456;Неприятный ;0;НЕДОВОЛЬСТВО; 23.4. Эмоциональное воздействие.;neg;
4457;Неприятный ;0;НЕДОВОЛЬСТВО; 23.6. Эмоциональная характеризация.;neg;
4458;Неприятный ;0;НЕПРИЯЗНЬ; 25.6. Эмоциональная характеризация.;neg;
4459;Неприятный ;0;ОБИДА; 26.6. Эмоциональная характеризация.;neg;
4465;Неравнодушие ;0;ЛЮБОВЬ; 18.7. Эмоциональное качество.;pos;
4466;Неравнодушие ;0;ЛЮБОПЫТСТВО; 19.1. Эмоциональное состояние.;pos;
4467;Неравнодушие ;0;ЛЮБОПЫТСТВО; 19.7. Эмоциональное качество.;pos;
4468;Неравнодушный ;0;ЛЮБОВЬ; 18.1. Эмоциональное состояние.;pos;
4469;Неравнодушный ;0;ЛЮБОВЬ; 18.5. Внешнее выражение эмоций.;pos;
4470;Неравнодушный ;0;ЛЮБОВЬ; 18.6. Эмоциональная характеризация.;pos;
4471;Неравнодушный ;0;ЛЮБОПЫТСТВО; 19.6. Эмоциональная характеризация.;pos;
4472;Нерадостно ;0;ГРУСТЬ; 10.1. Эмоциональное состояние.;neg;
4473;Нерадостно ;0;ГРУСТЬ; 10.5. Внешнее выражение эмоций.;neg;
4474;Нерадостный ;0;ГРУСТЬ; 10.1. Эмоциональное состояние.;neg;
4475;Нерадостный ;0;ГРУСТЬ; 10.5. Внешнее выражение эмоций.;neg;
4476;Нерадостный ;0;ГРУСТЬ; 10.6. Эмоциональная характеризация.;neg;
4477;Неразговорчивый ;0;ОДИНОЧЕСТВО; 27.5. Внешнее выражение эмоций.;neg;
4478;Неразговорчивый ;0;ОДИНОЧЕСТВО; 27.6. Эмоциональная характеризация.;neg;
4482;Неразлучный ;0;ДРУЖБА; 12.2. Эмоциональное отношение.;pos;
4483;Неразлучный ;0;ДРУЖБА; 12.6. Эмоциональная характеризация.;pos;
4484;Неразрывный ;0;ДРУЖБА; 12.2. Эмоциональное отношение.;pos;
4485;Нерасположение ;0;НЕПРИЯЗНЬ; 25.2. Эмоциональное отношение.;neg;
4486;Нерасположенный ;0;НЕПРИЯЗНЬ; 25.1. Эмоциональное состояние.;neg;
4487;Нерасположенный ;0;НЕПРИЯЗНЬ; 25.2. Эмоциональное отношение.;neg;
4488;Нервировать ;0;БЕСПОКОЙСТВО; 1.4. Эмоциональное воздействие.;neg;
4489;Нервировать ;0;НЕДОВОЛЬСТВО; 23.4. Эмоциональное воздействие.;neg;
4490;Нервически; сов. ;НЕДОВОЛЬСТВО; 23.3. Становление эмоционального состояния и отношения.;neg;
4491;Нервический; устар. ;БЕСПОКОЙСТВО; 1.6. Эмоциональная характеризация.;neg;
4492;Нервический; устар. ;НЕДОВОЛЬСТВО; 23.6. Эмоциональная характеризация.;neg;
4493;Нервничать ;0;БЕСПОКОЙСТВО; 1.1. Эмоциональное состояние.;neg;
4494;Нервничать ;0;НЕДОВОЛЬСТВО; 23.1. Эмоциональное состояние.;neg;
4495;Нервно ;0;НЕДОВОЛЬСТВО; 23.5. Внешнее выражение эмоций.;neg;
4496;Нервность ;0;БЕСПОКОЙСТВО; 1.7. Эмоциональное качество.;neg;
4497;Нервность ;0;НЕДОВОЛЬСТВО; 23.7. Эмоциональное качество.;neg;
4498;Нервный ;0;БЕСПОКОЙСТВО; 1.1. Эмоциональное состояние.;neg;
4499;Нервный ;0;БЕСПОКОЙСТВО; 1.6. Эмоциональная характеризация.;neg;
4500;Нервный ;0;НЕДОВОЛЬСТВО; 23.6. Эмоциональная характеризация.;neg;
4501;Нервозно ;0;НЕДОВОЛЬСТВО; 23.5. Внешнее выражение эмоций.;neg;
4502;Нервозность ;0;БЕСПОКОЙСТВО; 1.7. Эмоциональное качество.;neg;
4503;Нервозность ;0;НЕДОВОЛЬСТВО; 23.7. Эмоциональное качество.;neg;
4504;Нервозный ;0;БЕСПОКОЙСТВО; 1.6. Эмоциональная характеризация.;neg;
4505;Нервозный ;0;НЕДОВОЛЬСТВО; 23.6. Эмоциональная характеризация.;neg;
4506;Нервотрепка; разг. ;БЕСПОКОЙСТВО; 1.1. Эмоциональное состояние.;neg;
4512;Нерешимость ;0;СОМНЕНИЕ; 32.1. Эмоциональное состояние.;neg;
4513;Нерешительно ;0;СОМНЕНИЕ; 32.5. Внешнее выражение эмоций.;neg;
4514;Нерешительность ;0;СМИРЕНИЕ; 31.7. Эмоциональное качество.;pos;
4515;Нерешительность ;0;СОМНЕНИЕ; 32.1. Эмоциональное состояние.;neg;
4516;Нерешительность ;0;СОМНЕНИЕ; 32.7. Эмоциональное качество.;neg;
4517;Нерешительный ;0;СОМНЕНИЕ; 32.1. Эмоциональное состояние.;neg;
4518;Нерешительный ;0;СОМНЕНИЕ; 32.5. Внешнее выражение эмоций.;neg;
4519;Нерешительный ;0;СОМНЕНИЕ; 32.6. Эмоциональная характеризация.;neg;
4520;Неробкий ;0;БЕССТРАШИЕ; 2.1. Эмоциональное состояние.;pos;
4521;Неробкий ;0;БЕССТРАШИЕ; 2.6. Эмоциональная характеризация.;pos;
4522;Неровность ;0;БЕСПОКОЙСТВО; 1.7. Эмоциональное качество.;neg;
4532;Несгибаемость ;0;БЕССТРАШИЕ; 2.7. Эмоциональное качество.;pos;
4533;Несгибаемый ;0;БЕССТРАШИЕ; 2.6. Эмоциональная характеризация.;pos;
4534;Несговорный; разг.-сниж. ;НАСТОЙЧИВОСТЬ; 21.2. Эмоциональное отношение.;pos;
4535;Несговорный; разг.-сниж. ;НАСТОЙЧИВОСТЬ; 21.6. Эмоциональная характеризация.;pos;
4536;Несговорчивость ;0;НАСТОЙЧИВОСТЬ; 21.7. Эмоциональное качество.;pos;
4537;Несговорчивый ;0;НАСТОЙЧИВОСТЬ; 21.2. Эмоциональное отношение.;pos;
4538;Несговорчивый ;0;НАСТОЙЧИВОСТЬ; 21.5. Внешнее выражение эмоций.;pos;
4539;Несговорчивый ;0;НАСТОЙЧИВОСТЬ; 21.6. Эмоциональная характеризация.;pos;
4544;Несемейный ;0;ОДИНОЧЕСТВО; 27.2. Эмоциональное отношение.;neg;
4546;Несимпатичный ;0;НЕПРИЯЗНЬ; 25.6. Эмоциональная характеризация.;neg;
4547;Нескованно ;0;ИСКРЕННОСТЬ; 17.5. Внешнее выражение эмоций.;pos;
4550;Нескромность ;0;БЕССТЫДСТВО; 3.7. Эмоциональное качество.;neg;
4551;Нескромность ;0;ВЫСОКОМЕРИЕ; 8.7. Эмоциональное качество.;neg;
4552;Нескромность ;0;СТЫД; 35.7. Эмоциональное качество.;neg;
4553;Нескромный ;0;БЕССТЫДСТВО; 3.6. Эмоциональная характеризация.;neg;
4554;Нескромный ;0;ВЫСОКОМЕРИЕ; 8.5. Внешнее выражение эмоций.;neg;
4555;Нескромный ;0;ВЫСОКОМЕРИЕ; 8.6. Эмоциональная характеризация.;neg;
4556;Нескромный ;0;СТЫД; 35.5. Внешнее выражение эмоций.;neg;
4557;Нескромный ;0;СТЫД; 35.6. Эмоциональная характеризация.;neg;
4561;Неслухмяный; разг.-сниж. ;НАСТОЙЧИВОСТЬ; 21.6. Эмоциональная характеризация.;pos;
4562;Неслыханный ;0;УДИВЛЕНИЕ; 38.6. Эмоциональная характеризация.;pos;
4563;Несмело ;0;СТРАХ; 34.5. Внешнее выражение эмоций.;neg;
4564;Несмелость ;0;СТРАХ; 34.7. Эмоциональное качество.;neg;
4565;Несмелый ;0;СТРАХ; 34.6. Эмоциональная характеризация.;neg;
4566;Несносно ;0;ГОРЕ; 9.1. Эмоциональное состояние.;neg;
4567;Несносный ;0;ГОРЕ; 9.4. Эмоциональное воздействие.;neg;
4568;Несносный ;0;ГОРЕ; 9.6. Эмоциональная характеризация.;neg;
4569;Несносный ;0;ГРУСТЬ; 10.4. Эмоциональное воздействие.;neg;
4570;Несносный ;0;ГРУСТЬ; 10.6. Эмоциональная характеризация.;neg;
4571;Несогласие ;0;ВРАЖДА; 7.1. Эмоциональное состояние.;neg;
4572;Несокрушимость ;0;БЕССТРАШИЕ; 2.7. Эмоциональное качество.;pos;
4573;Несокрушимый ;0;БЕССТРАШИЕ; 2.6. Эмоциональная характеризация.;pos;
4574;Несообщительность; устар. ;ОДИНОЧЕСТВО; 27.7. Эмоциональное качество.;neg;
4575;Несообщительный; устар. ;ОДИНОЧЕСТВО; 27.5. Внешнее выражение эмоций.;neg;
4576;Несообщительный; устар. ;ОДИНОЧЕСТВО; 27.6. Эмоциональная характеризация.;neg;
4577;Неспокойно ;0;БЕСПОКОЙСТВО; 1.1. Эмоциональное состояние.;neg;
4578;Неспокойный ;0;БЕСПОКОЙСТВО; 1.1. Эмоциональное состояние.;neg;
4579;Неспокойный ;0;БЕСПОКОЙСТВО; 1.5. Внешнее выражение эмоций.;neg;
4580;Неспокойный ;0;БЕСПОКОЙСТВО; 1.6. Эмоциональная характеризация.;neg;
4581;Несравненно ;0;УДИВЛЕНИЕ; 38.5. Внешнее выражение эмоций.;pos;
4582;Несравненный ;0;УДИВЛЕНИЕ; 38.6. Эмоциональная характеризация.;pos;
4583;Нестерпимо ;0;ГОРЕ; 9.1. Эмоциональное состояние.;neg;
4584;Нестерпимость ;0;ГОРЕ; 9.1. Эмоциональное состояние.;neg;
4585;Нестерпимость ;0;НЕПРИЯЗНЬ; 25.7. Эмоциональное качество.;neg;
4586;Нестерпимый ;0;ГОРЕ; 9.4. Эмоциональное воздействие.;neg;
4587;Нестерпимый ;0;ГОРЕ; 9.6. Эмоциональная характеризация.;neg;
4588;Нестерпимый ;0;НЕПРИЯЗНЬ; 25.6. Эмоциональная характеризация.;neg;
4589;Несуетный; разг. ;СПОКОЙСТВИЕ; 33.5. Внешнее выражение эмоций.;pos;
4590;Несуетный; разг. ;СПОКОЙСТВИЕ; 33.6. Эмоциональная характеризация.;pos;
4591;Несчастливец ;0;ГОРЕ; 9.8. Человек как средоточие и носитель эмоций.;neg;
4592;Несчастливица ;0;ГОРЕ; 9.8. Человек как средоточие и носитель эмоций.;neg;
4593;Несчастливый ;0;ГОРЕ; 9.1. Эмоциональное состояние.;neg;
4594;Несчастливый ;0;ГОРЕ; 9.6. Эмоциональная характеризация.;neg;
4595;Несчастный ;0;ГОРЕ; 9.1. Эмоциональное состояние.;neg;
4596;Несчастный ;0;ГОРЕ; 9.4. Эмоциональное воздействие.;neg;
4597;Несчастный ;0;ГОРЕ; 9.5. Внешнее выражение эмоций.;neg;
4598;Несчастный ;0;ГОРЕ; 9.6. Эмоциональная характеризация.;neg;
4599;Несчастный ;0;ЖАЛОСТЬ; 13.6. Эмоциональная характеризация.;neg;
4600;Несчастный ;0;НЕПРИЯЗНЬ; 25.1. Эмоциональное состояние.;neg;
4601;Несчастье ;0;ГОРЕ; 9.1. Эмоциональное состояние.;neg;
4602;Нетактичность ;0;ВЫСОКОМЕРИЕ; 8.7. Эмоциональное качество.;neg;
4603;Нетактичный ;0;ВЫСОКОМЕРИЕ; 8.5. Внешнее выражение эмоций.;neg;
4604;Нетактичный ;0;ВЫСОКОМЕРИЕ; 8.6. Эмоциональная характеризация.;neg;
4611;Нетерпеливость ;0;НАСТОЙЧИВОСТЬ; 21.7. Эмоциональное качество.;pos;
4612;Нетерпеливый ;0;НАСТОЙЧИВОСТЬ; 21.5. Внешнее выражение эмоций.;pos;
4613;Нетерпеливый ;0;НАСТОЙЧИВОСТЬ; 21.6. Эмоциональная характеризация.;pos;
4614;Нетерпимо ;0;ГОРЕ; 9.1. Эмоциональное состояние.;neg;
4615;Нетерпимость ;0;ГОРЕ; 9.1. Эмоциональное состояние.;neg;
4616;Нетерпимость ;0;НАСТОЙЧИВОСТЬ; 21.7. Эмоциональное качество.;pos;
4617;Нетерпимость ;0;НЕПРИЯЗНЬ; 25.7. Эмоциональное качество.;neg;
4618;Нетерпимый ;0;ГОРЕ; 9.6. Эмоциональная характеризация.;neg;
4621;Неторопливый ;0;СПОКОЙСТВИЕ; 33.6. Эмоциональная характеризация.;pos;
4629;Нетрусливый ;0;БЕССТРАШИЕ; 2.1. Эмоциональное состояние.;pos;
4630;Нетрусливый ;0;БЕССТРАШИЕ; 2.6. Эмоциональная характеризация.;pos;
4631;Неуважение ;0;ВЫСОКОМЕРИЕ; 8.2. Эмоциональное отношение.;neg;
4632;Неуважение ;0;НЕДОВОЛЬСТВО; 23.2. Эмоциональное отношение.;neg;
4633;Неуважение ;0;НЕПРИЯЗНЬ; 25.2. Эмоциональное отношение.;neg;
4634;Неуважительно ;0;НЕДОВОЛЬСТВО; 23.5. Внешнее выражение эмоций.;neg;
4635;Неуважительность ;0;ВЫСОКОМЕРИЕ; 8.7. Эмоциональное качество.;neg;
4636;Неуважительность ;0;НЕПРИЯЗНЬ; 25.7. Эмоциональное качество.;neg;
4637;Неуважительный ;0;НЕДОВОЛЬСТВО; 23.5. Внешнее выражение эмоций.;neg;
4638;Неуважительный ;0;НЕДОВОЛЬСТВО; 23.6. Эмоциональная характеризация.;neg;
4639;Неуважительный ;0;НЕПРИЯЗНЬ; 25.6. Эмоциональная характеризация.;neg;
4640;Неуверенно ;0;СОМНЕНИЕ; 32.5. Внешнее выражение эмоций.;neg;
4641;Неуверенность ;0;СОМНЕНИЕ; 32.1. Эмоциональное состояние.;neg;
4642;Неуверенность ;0;СОМНЕНИЕ; 32.7. Эмоциональное качество.;neg;
4643;Неуверенный ;0;НЕВЕРИЕ; 22.6. Эмоциональная характеризация.;neg;
4644;Неуверенный ;0;СОМНЕНИЕ; 32.1. Эмоциональное состояние.;neg;
4645;Неуверенный ;0;СОМНЕНИЕ; 32.6. Эмоциональная характеризация.;neg;
4646;Неугодный ;0;НЕВЕРИЕ; 22.6. Эмоциональная характеризация.;neg;
4647;Неугомонный ;0;БЕСПОКОЙСТВО; 1.6. Эмоциональная характеризация.;neg;
4648;Неудачливость ;0;ГОРЕ; 9.7. Эмоциональное качество.;neg;
4649;Неудачливый ;0;ГОРЕ; 9.1. Эмоциональное состояние.;neg;
4650;Неудачливый ;0;ГОРЕ; 9.6. Эмоциональная характеризация.;neg;
4651;Неудачный ;0;ГОРЕ; 9.1. Эмоциональное состояние.;neg;
4652;Неудачный ;0;ГОРЕ; 9.6. Эмоциональная характеризация.;neg;
4653;Неудержимый ;0;БЕССТРАШИЕ; 2.6. Эмоциональная характеризация.;pos;
4657;Неудобство ;0;СТЫД; 35.1. Эмоциональное состояние.;neg;
4658;Неудовлетворение ;0;НЕДОВОЛЬСТВО; 23.2. Эмоциональное отношение.;neg;
4659;Неудовлетворенность ;0;БЕСПОКОЙСТВО; 1.7. Эмоциональное качество.;neg;
4660;Неудовлетворенность ;0;НЕДОВОЛЬСТВО; 23.2. Эмоциональное отношение.;neg;
4661;Неудовлетворенный ;0;НЕДОВОЛЬСТВО; 23.6. Эмоциональная характеризация.;neg;
4662;Неудовольствие ;0;НЕДОВОЛЬСТВО; 23.1. Эмоциональное состояние.;neg;
4663;Неуемный; разг. ;БЕСПОКОЙСТВО; 1.6. Эмоциональная характеризация.;neg;
4664;Неуживчивость ;0;ВРАЖДА; 7.7. Эмоциональное качество.;neg;
4665;Неуживчивость ;0;ОДИНОЧЕСТВО; 27.7. Эмоциональное качество.;neg;
4666;Неуживчивый ;0;ВРАЖДА; 7.6. Эмоциональная характеризация.;neg;
4667;Неуживчивый ;0;ОДИНОЧЕСТВО; 27.6. Эмоциональная характеризация.;neg;
4679;Неуломный; устар. ;НАСТОЙЧИВОСТЬ; 21.5. Внешнее выражение эмоций.;pos;
4680;Неуломный; устар. ;НАСТОЙЧИВОСТЬ; 21.6. Эмоциональная характеризация.;pos;
4681;Неулыбчивый ;0;ГРУСТЬ; 10.5. Внешнее выражение эмоций.;neg;
4682;Неумолимость ;0;ЖЕСТОКОСТЬ; 15.7. Эмоциональное качество.;neg;
4683;Неумолимый ;0;ЖЕСТОКОСТЬ; 15.6. Эмоциональная характеризация.;neg;
4684;Неунывающий ;0;РАДОСТЬ; 30.1. Эмоциональное состояние.;pos;
4685;Неунывающий ;0;РАДОСТЬ; 30.6. Эмоциональная характеризация.;pos;
4686;Неуравновешенность ;0;БЕСПОКОЙСТВО; 1.7. Эмоциональное качество.;neg;
4687;Неуравновешенный ;0;БЕСПОКОЙСТВО; 1.6. Эмоциональная характеризация.;neg;
4688;Неуравновешенный ;0;ЗЛОСТЬ; 16.6. Эмоциональная характеризация.;neg;
4689;Неуравновешенный ;0;НЕДОВОЛЬСТВО; 23.6. Эмоциональная характеризация.;neg;
4690;Неурядица; разг. ;ВРАЖДА; 7.1. Эмоциональное состояние.;neg;
4698;Неустрашимо ;0;БЕССТРАШИЕ; 2.6. Эмоциональная характеризация.;pos;
4699;Неустрашимость ;0;БЕССТРАШИЕ; 2.7. Эмоциональное качество.;pos;
4700;Неустрашимый; книжн. ;БЕССТРАШИЕ; 2.1. Эмоциональное состояние.;pos;
4701;Неустрашимый; книжн. ;БЕССТРАШИЕ; 2.6. Эмоциональная характеризация.;pos;
4702;Неуступчивость ;0;НАСТОЙЧИВОСТЬ; 21.7. Эмоциональное качество.;pos;
4703;Неуступчивый ;0;НАСТОЙЧИВОСТЬ; 21.2. Эмоциональное отношение.;pos;
4704;Неуступчивый ;0;НАСТОЙЧИВОСТЬ; 21.5. Внешнее выражение эмоций.;pos;
4705;Неуступчивый ;0;НАСТОЙЧИВОСТЬ; 21.6. Эмоциональная характеризация.;pos;
4706;Неутешительный ;0;ГОРЕ; 9.4. Эмоциональное воздействие.;neg;
4707;Неутешительный ;0;ГОРЕ; 9.6. Эмоциональная характеризация.;neg;
4708;Неутешительный ;0;ГРУСТЬ; 10.6. Эмоциональная характеризация.;neg;
4709;Неутешно ;0;ГРУСТЬ; 10.5. Внешнее выражение эмоций.;neg;
4710;Неутешный ;0;ГОРЕ; 9.1. Эмоциональное состояние.;neg;
4711;Неутешный ;0;ГОРЕ; 9.6. Эмоциональная характеризация.;neg;
4712;Неутешный ;0;ГРУСТЬ; 10.6. Эмоциональная характеризация.;neg;
4713;Неутомимый ;0;НАСТОЙЧИВОСТЬ; 21.6. Эмоциональная характеризация.;pos;
4714;Неучтивость ;0;ВЫСОКОМЕРИЕ; 8.7. Эмоциональное качество.;neg;
4715;Неучтивость ;0;НЕПРИЯЗНЬ; 25.7. Эмоциональное качество.;neg;
4716;Неучтивый ;0;ВЫСОКОМЕРИЕ; 8.5. Внешнее выражение эмоций.;neg;
4717;Неучтивый ;0;ВЫСОКОМЕРИЕ; 8.6. Эмоциональная характеризация.;neg;
4718;Неучтивый ;0;НЕПРИЯЗНЬ; 25.6. Эмоциональная характеризация.;neg;
4720;Нехитрый ;0;ИСКРЕННОСТЬ; 17.6. Эмоциональная характеризация.;pos;
4721;Нехитрый ;0;СМИРЕНИЕ; 31.6. Эмоциональная характеризация.;pos;
4722;Нехороший ;0;ЗЛОСТЬ; 16.6. Эмоциональная характеризация.;neg;
4723;Нехорошо ;0;НЕДОВОЛЬСТВО; 23.1. Эмоциональное состояние.;neg;
4725;Нехотя ;0;НЕВЕРИЕ; 22.5. Внешнее выражение эмоций.;neg;
4727;Нецеремонно ;0;БЕССТЫДСТВО; 3.5. Внешнее выражение эмоций.;neg;
4728;Нецеремонность ;0;БЕССТЫДСТВО; 3.7. Эмоциональное качество.;neg;
4729;Нецеремонность ;0;ВЫСОКОМЕРИЕ; 8.7. Эмоциональное качество.;neg;
4730;Нецеремонный ;0;БЕССТЫДСТВО; 3.6. Эмоциональная характеризация.;neg;
4731;Нецеремонный ;0;ВЫСОКОМЕРИЕ; 8.5. Внешнее выражение эмоций.;neg;
4732;Нецеремонный ;0;ВЫСОКОМЕРИЕ; 8.6. Эмоциональная характеризация.;neg;
4733;Нечеловеческий ;0;ЖЕСТОКОСТЬ; 15.6. Эмоциональная характеризация.;neg;
4734;Нечистосердсчие;0;НЕИСКРЕННОСТЬ; 24.7. Эмоциональное качество.;neg;
4735;Нечистосердечный ;0;НЕИСКРЕННОСТЬ; 24.6. Эмоциональная характеризация.;neg;
4738;Нечувствительность ;0;РАВНОДУШИЕ; 29.7. Эмоциональное качество.;neg;
4739;Нечувствительный ;0;РАВНОДУШИЕ; 29.6. Эмоциональная характеризация.;neg;
4740;Нечуткий ;0;ЗЛОСТЬ; 16.1. Эмоциональное состояние.;neg;
4741;Нечуткий ;0;ЗЛОСТЬ; 16.6. Эмоциональная характеризация.;neg;
4742;Нечуткий ;0;РАВНОДУШИЕ; 29.6. Эмоциональная характеризация.;neg;
4743;Нечутко ;0;РАВНОДУШИЕ; 29.5. Внешнее выражение эмоций.;neg;
4744;Нечуткость ;0;ЗЛОСТЬ; 16.7. Эмоциональное качество.;neg;
4745;Нечуткость ;0;РАВНОДУШИЕ; 29.2. Эмоциональное отношение.;neg;
4746;Нечуткость ;0;РАВНОДУШИЕ; 29.7. Эмоциональное качество.;neg;
4747;Нещадно ;0;ЖЕСТОКОСТЬ; 15.5. Внешнее выражение эмоций.;neg;
4748;Нещадный ;0;ЖЕСТОКОСТЬ; 15.6. Эмоциональная характеризация.;neg;
4749;Низкопоклонник ;0;НЕИСКРЕННОСТЬ; 24.8. Человек как средоточие и носитель эмоций.;neg;
4750;Никнуть ;0;ГРУСТЬ; 10.3. Становление эмоционального состояния и отношения.;neg;
4751;Никчемный; разг. ;НЕПРИЯЗНЬ; 25.6. Эмоциональная характеризация.;neg;
4752;Никчемушный; разг.-сниж. ;НЕПРИЯЗНЬ; 25.6. Эмоциональная характеризация.;neg;
4754;Ниспровергатель ;0;НЕПРИЯЗНЬ; 25.8. Человек как средоточие и носитель эмоций.;neg;
4755;Ничто ;0;НЕПРИЯЗНЬ; 25.8. Человек как средоточие и носитель эмоций.;neg;
4756;Ничтожество ;0;НЕПРИЯЗНЬ; 25.8. Человек как средоточие и носитель эмоций.;neg;
4757;Ничтожный ;0;НЕПРИЯЗНЬ; 25.6. Эмоциональная характеризация.;neg;
4760;Нормализация; книжн. ;СПОКОЙСТВИЕ; 33.2. Эмоциональное отношение.;pos;
4761;Нормализовать; несов. и сов., книжн. ;СПОКОЙСТВИЕ; 33.4. Эмоциональное воздействие.;pos;
4762;Нормализоваться; весов. и сов., книжн. ;СПОКОЙСТВИЕ; 33.3. Становление эмоционального состояния и отношения.;pos;
4763;Норовистый; разг. ;НАСТОЙЧИВОСТЬ; 21.6. Эмоциональная характеризация.;pos;
4764;Ностальгический ;0;ГРУСТЬ; 10.1. Эмоциональное состояние.;neg;
4765;Ностальгический ;0;ГРУСТЬ; 10.4. Эмоциональное воздействие.;neg;
4766;Ностальгический ;0;ГРУСТЬ; 10.6. Эмоциональная характеризация.;neg;
4767;Ностальгия ;0;ГРУСТЬ; 10.1. Эмоциональное состояние.;neg;
4774;Нравственный ;0;ЧУВСТВО; 39.6. Эмоциональная характеризация.;pos;
4776;Нудиться; устар., разг.-сниж. ;ГРУСТЬ; 10.1. Эмоциональное состояние.;neg;
4777;Нудно; разг. ;ГРУСТЬ; 10.1. Эмоциональное состояние.;neg;
4778;Нудно; разг. ;ГРУСТЬ; 10.5. Внешнее выражение эмоций.;neg;
4779;Нудный; разг. ;ГРУСТЬ; 10.4. Эмоциональное воздействие.;neg;
4780;Нудный; разг. ;ГРУСТЬ; 10.5. Внешнее выражение эмоций.;neg;
4781;Нудный; разг. ;ГРУСТЬ; 10.6. Эмоциональная характеризация.;neg;
4782;Нуждаться ;0;ГОРЕ; 9.1. Эмоциональное состояние.;neg;
4783;Нужность ;0;НАДЕЖДА; 20.7. Эмоциональное качество.;pos;
4784;Нужный ;0;НАДЕЖДА; 20.6. Эмоциональная характеризация.;pos;
4785;Нутром; разг.-сниж. ;ЧУВСТВО; 39.5. Внешнее выражение эмоций.;pos;
4786;Нытик; разг. ;ГРУСТЬ; 10.8. Человек как средоточие и носитель эмоций.;neg;
4787;Нытик; разг. ;НЕВЕРИЕ; 22.8. Человек как средоточие и носитель эмоций.;neg;
4788;Ныть ;0;ЖАЛОСТЬ; 13.5. Внешнее выражение эмоций.;neg;
4789;Нытье; разг., неодобр. ;ЖАЛОСТЬ; 13.5. Внешнее выражение эмоций.;neg;
4793;Нюх; устар. ;ЧУВСТВО; 39.7. Эмоциональное качество.;pos;
4797;Обалдевать; разг.-сниж. ;СЧАСТЬЕ; 36.1. Эмоциональное состояние.;pos;
4798;Обалделый; разг.-сниж. ;ОДОБРЕНИЕ; 28.1. Эмоциональное состояние.;pos;
4799;Обалденно; разг.-сниж. ;ВДОХНОВЕНИЕ; 4.6. Эмоциональная характеризация.;pos;
4800;Обалденно; разг.-сниж. ;УДИВЛЕНИЕ; 38.5. Внешнее выражение эмоций.;pos;
4801;Обалденный; разг.-сниж. ;ВДОХНОВЕНИЕ; 4.6. Эмоциональная характеризация.;pos;
4802;Обалденный; разг.-сниж. ;ОДОБРЕНИЕ; 28.6. Эмоциональная характеризация.;pos;
4803;Обалденный; разг.-сниж. ;УДИВЛЕНИЕ; 38.6. Эмоциональная характеризация.;pos;
4804;Обаяние ;0;ЛЮБОВЬ; 18.7. Эмоциональное качество.;pos;
4805;Обаяние ;0;ОДОБРЕНИЕ; 28.7. Эмоциональное качество.;pos;
4806;Обаятельно ;0;ОДОБРЕНИЕ; 28.5. Внешнее выражение эмоций.;pos;
4807;Обаятельность ;0;ВЛЕЧЕНИЕ; 6.7. Эмоциональное качество.;pos;
4808;Обаятельность ;0;ЛЮБОВЬ; 18.7. Эмоциональное качество.;pos;
4809;Обаятельность ;0;ОДОБРЕНИЕ; 28.7. Эмоциональное качество.;pos;
4810;Обаятельный ;0;ВЛЕЧЕНИЕ; 6.6. Эмоциональная характеризация.;pos;
4811;Обаятельный ;0;ЛЮБОВЬ; 18.1. Эмоциональное состояние.;pos;
4812;Обаятельный ;0;ОДОБРЕНИЕ; 28.6. Эмоциональная характеризация.;pos;
4813;Обвинение ;0;НЕДОВОЛЬСТВО; 23.5. Внешнее выражение эмоций.;neg;
4814;Обворожительно ;0;ОДОБРЕНИЕ; 28.5. Внешнее выражение эмоций.;pos;
4815;Обворожительность ;0;ОДОБРЕНИЕ; 28.7. Эмоциональное качество.;pos;
4816;Обворожительный ;0;ОДОБРЕНИЕ; 28.4. Эмоциональное воздействие.;pos;
4817;Обворожительный ;0;ОДОБРЕНИЕ; 28.6. Эмоциональная характеризация.;pos;
4818;Обездоленный ;0;ГОРЕ; 9.1. Эмоциональное состояние.;neg;
4819;Обездоленный ;0;ГОРЕ; 9.6. Эмоциональная характеризация.;neg;
4820;Оберегатель ;0;ДОБРОТА; 11.8. Человек как средоточие и носитель эмоций.;pos;
4821;Оберегать ;0;ДОБРОТА; 11.2. Эмоциональное отношение.;pos;
4824;Обеспокоенно ;0;БЕСПОКОЙСТВО; 1.1. Эмоциональное состояние.;neg;
4825;Обеспокоенный ;0;БЕСПОКОЙСТВО; 1.1. Эмоциональное состояние.;neg;
4826;Обида ;0;ОБИДА; 26.1. Эмоциональное состояние.;neg;
4827;Обида ;0;ОБИДА; 26.5. Внешнее выражение эмоций.;neg;
4828;Обидно ;0;ОБИДА; 26.1. Эмоциональное состояние.;neg;
4829;Обидный ;0;ОБИДА; 26.6. Эмоциональная характеризация.;neg;
4830;Обидный; разг. ;НЕПРИЯЗНЬ; 25.6. Эмоциональная характеризация.;neg;
4831;Обидчивость ;0;ОБИДА; 26.7. Эмоциональное качество.;neg;
4832;Обидчивый ;0;ОБИДА; 26.6. Эмоциональная характеризация.;neg;
4833;Обидчик ;0;ОБИДА; 26.8. Человек как средоточие и носитель эмоций.;neg;
4834;Обидчица ;0;ОБИДА; 26.8. Человек как средоточие и носитель эмоций.;neg;
4835;Обиженный ;0;ОБИДА; 26.1. Эмоциональное состояние.;neg;
4836;Обиженный ;0;ОБИДА; 26.5. Внешнее выражение эмоций.;neg;
4837;Облагодетельствовать; сов. ;ДОБРОТА; 11.4. Эмоциональное воздействие.;pos;
4838;Обласкать ;0;ЛЮБОВЬ; 18.5. Внешнее выражение эмоций.;pos;
4843;Обличитель ;0;НЕПРИЯЗНЬ; 25.6. Эмоциональная характеризация.;neg;
4844;Обличитель ;0;НЕПРИЯЗНЬ; 25.8. Человек как средоточие и носитель эмоций.;neg;
4845;Обличительница ;0;НЕПРИЯЗНЬ; 25.6. Эмоциональная характеризация.;neg;
4846;Обличительница ;0;НЕПРИЯЗНЬ; 25.8. Человек как средоточие и носитель эмоций.;neg;
4848;Обломовщина ;0;РАВНОДУШИЕ; 29.1. Эмоциональное состояние.;neg;
4849;Обнадеживающий ;0;НАДЕЖДА; 20.4. Эмоциональное воздействие.;pos;
4850;Обнаженка; разг. ;ЧУВСТВО; 39.5. Внешнее выражение эмоций.;pos;
4851;Обоготворение ;0;ЛЮБОВЬ; 18.2. Эмоциональное отношение.;pos;
4852;Ободрение ;0;РАДОСТЬ; 30.4. Эмоциональное воздействие.;pos;
4853;Ободрительный ;0;РАДОСТЬ; 30.4. Эмоциональное воздействие.;pos;
4854;Ободрительный ;0;РАДОСТЬ; 30.5. Внешнее выражение эмоций.;pos;
4855;Ободряющий ;0;РАДОСТЬ; 30.5. Внешнее выражение эмоций.;pos;
4856;Ободряющий ;0;РАДОСТЬ; 30.4. Эмоциональное воздействие.;pos;
4857;Обожание ;0;ЛЮБОВЬ; 18.2. Эмоциональное отношение.;pos;
4858;Обожатель; разг. ;ЛЮБОВЬ; 18.8. Человек как средоточие и носитель эмоций.;pos;
4859;Обожатель; устар. ;ОДОБРЕНИЕ; 28.8. Человек как средоточие и носитель эмоций.;pos;
4860;Обожательница; разг. ;ЛЮБОВЬ; 18.8. Человек как средоточие и носитель эмоций.;pos;
4861;Обожательница; устар. ;ОДОБРЕНИЕ; 28.8. Человек как средоточие и носитель эмоций.;pos;
4862;Обожать; разг. ;ЛЮБОВЬ; 18.2. Эмоциональное отношение.;pos;
4863;Обозлить; сов. ;ЗЛОСТЬ; 16.4. Эмоциональное воздействие.;neg;
4864;Обольститель ;0;ВЛЕЧЕНИЕ; 6.8. Человек как средоточие и носитель эмоций.;pos;
4865;Обольститель ;0;ЛЮБОВЬ; 18.8. Человек как средоточие и носитель эмоций.;pos;
4866;Обольститель ;0;ЧУВСТВО; 39.8. Человек как средоточие и носитель эмоций.;pos;
4867;Обольстительница ;0;ВЛЕЧЕНИЕ; 6.8. Человек как средоточие и носитель эмоций.;pos;
4868;Обольстительница ;0;ЛЮБОВЬ; 18.8. Человек как средоточие и носитель эмоций.;pos;
4869;Обольстительница ;0;ЧУВСТВО; 39.8. Человек как средоточие и носитель эмоций.;pos;
4870;Обольстительно ;0;ЧУВСТВО; 39.5. Внешнее выражение эмоций.;pos;
4871;Обольстительность ;0;ВЛЕЧЕНИЕ; 6.7. Эмоциональное качество.;pos;
4872;Обольстительность ;0;ЛЮБОВЬ; 18.7. Эмоциональное качество.;pos;
4873;Обольстительность ;0;ЧУВСТВО; 39.7. Эмоциональное качество.;pos;
4874;Обольстительный ;0;ВЛЕЧЕНИЕ; 6.4. Эмоциональное воздействие.;pos;
4875;Обольстительный ;0;ВЛЕЧЕНИЕ; 6.6. Эмоциональная характеризация.;pos;
4876;Обольстительный ;0;ЛЮБОВЬ; 18.4. Эмоциональное воздействие.;pos;
4877;Обольстительный ;0;ЛЮБОВЬ; 18.5. Внешнее выражение эмоций.;pos;
4878;Обольстительный ;0;ЛЮБОВЬ; 18.6. Эмоциональная характеризация.;pos;
4879;Обольстительный ;0;ЧУВСТВО; 39.4. Эмоциональное воздействие.;pos;
4880;Обольстительный ;0;ЧУВСТВО; 39.6. Эмоциональная характеризация.;pos;
4881;Обольщение ;0;ВЛЕЧЕНИЕ; 6.6. Эмоциональная характеризация.;pos;
4882;Обольщение ;0;ОДОБРЕНИЕ; 28.4. Эмоциональное воздействие.;pos;
4883;Обольщение ;0;ЧУВСТВО; 39.2. Эмоциональное отношение.;pos;
4884;Обособленно ;0;ОДИНОЧЕСТВО; 27.5. Внешнее выражение эмоций.;neg;
4885;Обособленность ;0;ОДИНОЧЕСТВО; 27.7. Эмоциональное качество.;neg;
4886;Обособленный ;0;ОДИНОЧЕСТВО; 27.2. Эмоциональное отношение.;neg;
4887;Обособленный ;0;ОДИНОЧЕСТВО; 27.6. Эмоциональная характеризация.;neg;
4895;Обрадованный ;0;РАДОСТЬ; 30.5. Внешнее выражение эмоций.;pos;
4896;Обрадоваться; сов. ;РАДОСТЬ; 30.3. Становление эмоционального состояния и отношения.;pos;
4897;Обременительно ;0;ГОРЕ; 9.1. Эмоциональное состояние.;neg;
4898;Обременительный ;0;ГОРЕ; 9.6. Эмоциональная характеризация.;neg;
4899;Обротать; сов., разг.-сниж. ;СПОКОЙСТВИЕ; 33.4. Эмоциональное воздействие.;pos;
4900;Обругать ;0;НЕПРИЯЗНЬ; 25.5. Внешнее выражение эмоций.;neg;
4901;Обругиваться ;0;НЕПРИЯЗНЬ; 25.5. Внешнее выражение эмоций.;neg;
4902;Обрыднуть; сов., разг.-сниж. ;ГРУСТЬ; 10.3. Становление эмоционального состояния и отношения.;neg;
4903;Обрыднуть; сов., разг.-сниж. ;НЕПРИЯЗНЬ; 25.3. Становление эмоционального состояния и отношения.;neg;
4909;Обхохотаться ;0;РАДОСТЬ; 30.5. Внешнее выражение эмоций.;pos;
4910;Общаться ;0;ДРУЖБА; 12.2. Эмоциональное отношение.;pos;
4911;Общежительность; устар. ;ДРУЖБА; 12.7. Эмоциональное качество.;pos;
4912;Общежительный; устар. ;ДРУЖБА; 12.2. Эмоциональное отношение.;pos;
4913;Общежительный; устар. ;ДРУЖБА; 12.6. Эмоциональная характеризация.;pos;
4917;Общительность ;0;ДРУЖБА; 12.7. Эмоциональное качество.;pos;
4918;Общительный ;0;ДРУЖБА; 12.2. Эмоциональное отношение.;pos;
4919;Общительный ;0;ДРУЖБА; 12.6. Эмоциональная характеризация.;pos;
4924;Овация ;0;ОДОБРЕНИЕ; 28.5. Внешнее выражение эмоций.;pos;
4928;Оглашенный; разг.-сниж. ;БЕССТРАШИЕ; 2.6. Эмоциональная характеризация.;pos;
4929;Оглоед; разг.-сниж. ;НЕПРИЯЗНЬ; 25.8. Человек как средоточие и носитель эмоций.;neg;
4930;Оглушить; сов., разг. ;ГОРЕ; 9.4. Эмоциональное воздействие.;neg;
4947;Огорчение ;0;БЕСПОКОЙСТВО; 1.1. Эмоциональное состояние.;neg;
4948;Огорчение ;0;ГОРЕ; 9.1. Эмоциональное состояние.;neg;
4949;Огорченный ;0;БЕСПОКОЙСТВО; 1.1. Эмоциональное состояние.;neg;
4950;Огорченный ;0;ГОРЕ; 9.1. Эмоциональное состояние.;neg;
4951;Огорченный ;0;ГОРЕ; 9.4. Эмоциональное воздействие.;neg;
4952;Огорченный ;0;ГОРЕ; 9.6. Эмоциональная характеризация.;neg;
4953;Огорчительно ;0;ГОРЕ; 9.1. Эмоциональное состояние.;neg;
4954;Огорчительно ;0;ОБИДА; 26.1. Эмоциональное состояние.;neg;
4955;Огорчительный ;0;ГОРЕ; 9.4. Эмоциональное воздействие.;neg;
4956;Огорчительный ;0;ГОРЕ; 9.6. Эмоциональная характеризация.;neg;
4957;Огорчительный ;0;ОБИДА; 26.1. Эмоциональное состояние.;neg;
4958;Огорчительный ;0;ОБИДА; 26.6. Эмоциональная характеризация.;neg;
4965;Одержимость ;0;ВДОХНОВЕНИЕ; 4.1. Эмоциональное состояние.;pos;
4966;Одержимость ;0;ВЛЕЧЕНИЕ; 6.7. Эмоциональное качество.;pos;
4967;Одержимый ;0;ВЛЕЧЕНИЕ; 6.1. Эмоциональное состояние.;pos;
4968;Одержимый ;0;ВЛЕЧЕНИЕ; 6.2. Эмоциональное отношение.;pos;
4970;Одинехонек; разг. ;ОДИНОЧЕСТВО; 27.8. Человек как средоточие и носитель эмоций.;neg;
4971;Одинешенек; разг. ;ОДИНОЧЕСТВО; 27.8. Человек как средоточие и носитель эмоций.;neg;
4972;Один-одинехонек; разг. ;ОДИНОЧЕСТВО; 27.8. Человек как средоточие и носитель эмоций.;neg;
4973;Один-одинешенек; разг. ;ОДИНОЧЕСТВО; 27.8. Человек как средоточие и носитель эмоций. ;neg;
4974;Одинокий ;0;ОДИНОЧЕСТВО; 27.1. Эмоциональное состояние.;neg;
4975;Одинокий ;0;ОДИНОЧЕСТВО; 27.6. Эмоциональная характеризация.;neg;
4976;Одиноко ;0;ОДИНОЧЕСТВО; 27.1. Эмоциональное состояние.;neg;
4977;Одиночество ;0;ОДИНОЧЕСТВО; 27.1. Эмоциональное состояние.;neg;
4978;Одиночка ;0;ОДИНОЧЕСТВО; 27.8. Человек как средоточие и носитель эмоций.;neg;
4979;Одиночный ;0;ОДИНОЧЕСТВО; 27.6. Эмоциональная характеризация.;neg;
4980;Одиозность; книжн. ;НЕПРИЯЗНЬ; 25.7. Эмоциональное качество.;neg;
4981;Одиозный; книжн. ;НЕПРИЯЗНЬ; 25.6. Эмоциональная характеризация.;neg;
4986;Одобрение ;0;ОДОБРЕНИЕ; 28.2. Эмоциональное отношение.;pos;
4987;Одобрение ;0;ОДОБРЕНИЕ; 28.5. Внешнее выражение эмоций.;pos;
4988;Одобрительно ;0;ОДОБРЕНИЕ; 28.5. Внешнее выражение эмоций.;pos;
4989;Одобрительный ;0;ОДОБРЕНИЕ; 28.5. Внешнее выражение эмоций.;pos;
4990;Одобрительный ;0;ОДОБРЕНИЕ; 28.6. Эмоциональная характеризация.;pos;
4992;Одолжение ;0;ДОБРОТА; 11.7. Эмоциональное качество.;pos;
4993;Одухотворение ;0;ВДОХНОВЕНИЕ; 4.1. Эмоциональное состояние.;pos;
4994;Одухотворенность ;0;ВДОХНОВЕНИЕ; 4.1. Эмоциональное состояние.;pos;
4995;Одухотворенность ;0;ВДОХНОВЕНИЕ; 4.7. Эмоциональное качество.;pos;
4996;Одухотворенный ;0;ВДОХНОВЕНИЕ; 4.1. Эмоциональное состояние.;pos;
4997;Одухотворенный ;0;ВДОХНОВЕНИЕ; 4.5. Внешнее выражение эмоций.;pos;
4998;Одухотворенный ;0;ВДОХНОВЕНИЕ; 4.6. Эмоциональная характеризация.;pos;
4999;Одушевление; книжн. ;ВДОХНОВЕНИЕ; 4.1. Эмоциональное состояние.;pos;
5000;Одушевленный; книжн. ;ВДОХНОВЕНИЕ; 4.1. Эмоциональное состояние.;pos;
5001;Одушевленный; книжн. ;ВДОХНОВЕНИЕ; 4.5. Внешнее выражение эмоций.;pos;
5002;Одушевленный; книжн. ;ВДОХНОВЕНИЕ; 4.6. Эмоциональная характеризация.;pos;
5003;Одушевляющий; устар. ;ВДОХНОВЕНИЕ; 4.4. Эмоциональное воздействие.;pos;
5004;Ожесточение ;0;ЖЕСТОКОСТЬ; 15.1. Эмоциональное состояние.;neg;
5005;Ожесточение и Ожесточенье ;0;ЗЛОСТЬ; 16.1. Эмоциональное состояние.;neg;
5006;Ожесточенность ;0;ЖЕСТОКОСТЬ; 15.7. Эмоциональное качество.;neg;
5007;Ожесточенный ;0;ЖЕСТОКОСТЬ; 15.1. Эмоциональное состояние.;neg;
5008;Ожесточенный ;0;ЖЕСТОКОСТЬ; 15.6. Эмоциональная характеризация.;neg;
5009;Ожесточенный ;0;ЗЛОСТЬ; 16.1. Эмоциональное состояние.;neg;
5010;Ожесточенный ;0;ЗЛОСТЬ; 16.6. Эмоциональная характеризация.;neg;
5014;Оживленно ;0;РАДОСТЬ; 30.1. Эмоциональное состояние.;pos;
5015;Оживленно ;0;РАДОСТЬ; 30.5. Внешнее выражение эмоций.;pos;
5016;Оживленность ;0;РАДОСТЬ; 30.1. Эмоциональное состояние.;pos;
5017;Оживленность ;0;РАДОСТЬ; 30.7. Эмоциональное качество.;pos;
5027;Озаботиться; сов. ;ДОБРОТА; 11.2. Эмоциональное отношение.;pos;
5031;Озадаченно ;0;УДИВЛЕНИЕ; 38.5. Внешнее выражение эмоций.;pos;
5032;Озадаченность ;0;УДИВЛЕНИЕ; 38.1. Эмоциональное состояние.;pos;
5033;Озадаченный ;0;УДИВЛЕНИЕ; 38.1. Эмоциональное состояние.;pos;
5034;Озадаченный ;0;УДИВЛЕНИЕ; 38.5. Внешнее выражение эмоций.;pos;
5035;Озарение; высок. ;ВДОХНОВЕНИЕ; 4.1. Эмоциональное состояние.;pos;
5036;Озверевший; разг. ;ЖЕСТОКОСТЬ; 15.3. Становление эмоционального состояния и отношения.;neg;
5037;Озверелый; разг. ;ЖЕСТОКОСТЬ; 15.3. Становление эмоционального состояния и отношения.;neg;
5038;Озверение; разг. ;ЖЕСТОКОСТЬ; 15.3. Становление эмоционального состояния и отношения.;neg;
5039;Озлить; сов., разг.-сниж. ;ЗЛОСТЬ; 16.4. Эмоциональное воздействие.;neg;
5040;Озлобление ;0;ЖЕСТОКОСТЬ; 15.1. Эмоциональное состояние.;neg;
5041;Озлобление ;0;ЗЛОСТЬ; 16.1. Эмоциональное состояние.;neg;
5042;Озлобленность ;0;ЖЕСТОКОСТЬ; 15.7. Эмоциональное качество.;neg;
5043;Озлобленность ;0;ЗЛОСТЬ; 16.7. Эмоциональное качество.;neg;
5044;Озлобленный ;0;ЖЕСТОКОСТЬ; 15.1. Эмоциональное состояние.;neg;
5045;Озлобленный ;0;ЖЕСТОКОСТЬ; 15.6. Эмоциональная характеризация.;neg;
5046;Озлобленный ;0;ЗЛОСТЬ; 16.1. Эмоциональное состояние.;neg;
5047;Озлобленный ;0;ЗЛОСТЬ; 16.3. Становление эмоционального состояния и отношения.;neg;
5048;Озорной ;0;БЕССТРАШИЕ; 2.6. Эмоциональная характеризация.;pos;
5049;Озорной ;0;РАДОСТЬ; 30.6. Эмоциональная характеризация.;pos;
5053;Оконфуженный ;0;СТЫД; 35.1. Эмоциональное состояние.;neg;
5054;Оконфузить; сов., разг. ;СТЫД; 35.4. Эмоциональное воздействие.;neg;
5055;Оконфузиться; сов., разг. ;СТЫД; 35.3. Становление эмоционального состояния и отношения.;neg;
5060;Окрыляющий ;0;ВДОХНОВЕНИЕ; 4.4. Эмоциональное воздействие.;pos;
5064;Омерзение ;0;НЕПРИЯЗНЬ; 25.1. Эмоциональное состояние.;neg;
5065;Омерзение и Омерзенье ;0;НЕПРИЯЗНЬ; 25.2. Эмоциональное отношение.;neg;
5066;Омерзение и Омерзенье ;0;НЕПРИЯЗНЬ; 25.3. Становление эмоционального состояния и отношения.;neg;
5067;Омерзеть; сов., разг. ;НЕПРИЯЗНЬ; 25.3. Становление эмоционального состояния и отношения.;neg;
5068;Омерзительно ;0;НЕПРИЯЗНЬ; 25.1. Эмоциональное состояние.;neg;
5069;Омерзительность ;0;НЕПРИЯЗНЬ; 25.7. Эмоциональное качество.;neg;
5070;Омерзительный ;0;НЕПРИЯЗНЬ; 25.6. Эмоциональная характеризация.;neg;
5071;Омраченный ;0;ГРУСТЬ; 10.1. Эмоциональное состояние.;neg;
5073;Опасаться ;0;СТРАХ; 34.2. Эмоциональное отношение.;neg;
5074;Опасение ;0;СТРАХ; 34.1. Эмоциональное состояние.;neg;
5075;Опаска; разг. ;СТРАХ; 34.1. Эмоциональное состояние.;neg;
5076;Опаскудеть; сов., разг.-сниж. ;НЕПРИЯЗНЬ; 25.3. Становление эмоционального состояния и отношения.;neg;
5077;Опасливо; разг. ;СТРАХ; 34.5. Внешнее выражение эмоций.;neg;
5078;Опасливость; разг. ;СТРАХ; 34.7. Эмоциональное качество.;neg;
5079;Опасливый; разг. ;СТРАХ; 34.1. Эмоциональное состояние.;neg;
5080;Опасливый; разг. ;СТРАХ; 34.6. Эмоциональная характеризация.;neg;
5081;Опасный ;0;ГОРЕ; 9.4. Эмоциональное воздействие.;neg;
5084;Опекать ;0;ДОБРОТА; 11.2. Эмоциональное отношение.;pos;
5085;Опекать ;0;ДОБРОТА; 11.5. Внешнее выражение эмоций.;pos;
5086;Опечаленно ;0;ГРУСТЬ; 10.5. Внешнее выражение эмоций.;neg;
5087;Опечаленный ;0;ГОРЕ; 9.1. Эмоциональное состояние.;neg;
5088;Опечаленный ;0;ГОРЕ; 9.5. Внешнее выражение эмоций.;neg;
5089;Опечаленный ;0;ГРУСТЬ; 10.1. Эмоциональное состояние.;neg;
5090;Опечаленный ;0;ГРУСТЬ; 10.3. Становление эмоционального состояния и отношения.;neg;
5091;Опечаленный ;0;ГРУСТЬ; 10.6. Эмоциональная характеризация.;neg;
5092;Опечалиться; сов. ;ГРУСТЬ; 10.3. Становление эмоционального состояния и отношения.;neg;
5094;Опостылеть; сов., разг. ;ГРУСТЬ; 10.3. Становление эмоционального состояния и отношения.;neg;
5095;Опостылеть; сов., разг. ;ГРУСТЬ; 10.4. Эмоциональное воздействие.;neg;
5096;Опостылеть; сов., разг. ;НЕПРИЯЗНЬ; 25.3. Становление эмоционального состояния и отношения.;neg;
5097;Опостынуть; сов., разг.-сниж. ;ГРУСТЬ; 10.3. Становление эмоционального состояния и отношения.;neg;
5098;Опостыть; сов., разг.-сниж. ;ГРУСТЬ; 10.3. Становление эмоционального состояния и отношения.;neg;
5101;Опротиветь; сов. ;НЕПРИЯЗНЬ; 25.3. Становление эмоционального состояния и отношения.;neg;
5102;Оптимизм ;0;НАДЕЖДА; 20.7. Эмоциональное качество.;pos;
5103;Оптимизм ;0;РАДОСТЬ; 30.1. Эмоциональное состояние.;pos;
5104;Оптимизм ;0;РАДОСТЬ; 30.7. Эмоциональное качество.;pos;
5105;Оптимист ;0;НАДЕЖДА; 20.8. Человек как средоточие и носитель эмоций.;pos;
5106;Оптимист ;0;РАДОСТЬ; 30.8. Человек как средоточие и носитель эмоций.;pos;
5107;Оптимистически ;0;РАДОСТЬ; 30.5. Внешнее выражение эмоций.;pos;
5108;Оптимистический ;0;НАДЕЖДА; 20.1. Эмоциональное состояние.;pos;
5109;Оптимистический ;0;НАДЕЖДА; 20.6. Эмоциональная характеризация.;pos;
5110;Оптимистический ;0;РАДОСТЬ; 30.6. Эмоциональная характеризация.;pos;
5111;Оптимистично ;0;РАДОСТЬ; 30.5. Внешнее выражение эмоций.;pos;
5112;Оптимистичность ;0;НАДЕЖДА; 20.7. Эмоциональное качество.;pos;
5113;Оптимистичность ;0;РАДОСТЬ; 30.7. Эмоциональное качество.;pos;
5114;Оптимистичный ;0;НАДЕЖДА; 20.1. Эмоциональное состояние.;pos;
5115;Оптимистичный ;0;НАДЕЖДА; 20.6. Эмоциональная характеризация.;pos;
5116;Оптимистичный ;0;РАДОСТЬ; 30.6. Эмоциональная характеризация.;pos;
5117;Опупеть; сов., разг. ;УДИВЛЕНИЕ; 38.3. Становление эмоционального состояния и отношения.;pos;
5125;Оригинальность ;0;УДИВЛЕНИЕ; 38.7. Эмоциональное качество.;pos;
5126;Оригинальный ;0;УДИВЛЕНИЕ; 38.6. Эмоциональная характеризация.;pos;
5128;Оробелый; разг. ;СТРАХ; 34.1. Эмоциональное состояние.;neg;
5130;Осатаневший; разг. ;ЖЕСТОКОСТЬ; 15.3. Становление эмоционального состояния и отношения.;neg;
5131;Осатанелый; разг. ;ЖЕСТОКОСТЬ; 15.3. Становление эмоционального состояния и отношения.;neg;
5132;Осатанелый; разг. ;ЗЛОСТЬ; 16.3. Становление эмоционального состояния и отношения.;neg;
5135;Освежиться; сов., разг. ;СПОКОЙСТВИЕ; 33.3. Становление эмоционального состояния и отношения.;pos;
5136;Освирепевший; разг. ;ЖЕСТОКОСТЬ; 15.3. Становление эмоционального состояния и отношения.;neg;
5137;Освирепелый; разг. ;ЖЕСТОКОСТЬ; 15.3. Становление эмоционального состояния и отношения.;neg;
5138;Освирепелый; разг. ;ЗЛОСТЬ; 16.3. Становление эмоционального состояния и отношения.;neg;
5141;Осердить; сов., разг.-сниж. ;ЗЛОСТЬ; 16.4. Эмоциональное воздействие.;neg;
5142;Осиротелый ;0;ОДИНОЧЕСТВО; 27.3. Становление эмоционального состояния и отношения.;neg;
5143;Осиротелый ;0;ОДИНОЧЕСТВО; 27.6. Эмоциональная характеризация.;neg;
5144;Осиротить ;0;ОДИНОЧЕСТВО; 27.4. Эмоциональное воздействие.;neg;
5145;Оскандалить; сов., разг. ;СТЫД; 35.4. Эмоциональное воздействие.;neg;
5146;Оскандалиться; сов., разг. ;СТЫД; 35.3. Становление эмоционального состояния и отношения.;neg;
5147;Осквернение ;0;ЖЕСТОКОСТЬ; 15.5. Внешнее выражение эмоций.;neg;
5148;Оскверненный ;0;ЖЕСТОКОСТЬ; 15.3. Становление эмоционального состояния и отношения.;neg;
5149;Оскверненный ;0;ЖЕСТОКОСТЬ; 15.6. Эмоциональная характеризация.;neg;
5151;Оскорбитель ;0;ОБИДА; 26.8. Человек как средоточие и носитель эмоций.;neg;
5152;Оскорбительница ;0;ОБИДА; 26.8. Человек как средоточие и носитель эмоций.;neg;
5153;Оскорбительно ;0;ОБИДА; 26.1. Эмоциональное состояние.;neg;
5154;Оскорбительность ;0;ОБИДА; 26.7. Эмоциональное качество.;neg;
5155;Оскорбительный ;0;ОБИДА; 26.6. Эмоциональная характеризация.;neg;
5156;Оскорбление ;0;ОБИДА; 26.1. Эмоциональное состояние.;neg;
5157;Оскорбление ;0;ОБИДА; 26.2. Эмоциональное отношение.;neg;
5158;Оскорбление ;0;ОБИДА; 26.5. Внешнее выражение эмоций.;neg;
5159;Оскорбленный ;0;ОБИДА; 26.1. Эмоциональное состояние.;neg;
5160;Оскорбленный ;0;ОБИДА; 26.6. Эмоциональная характеризация.;neg;
5161;Ославиться; сов., разг. ;СТЫД; 35.3. Становление эмоционального состояния и отношения.;neg;
5164;Осмеяние ;0;РАДОСТЬ; 30.5. Внешнее выражение эмоций.;pos;
5165;Оставленный ;0;ОДИНОЧЕСТВО; 27.1. Эмоциональное состояние.;neg;
5166;Остервеневший ;0;ЖЕСТОКОСТЬ; 15.3. Становление эмоционального состояния и отношения.;neg;
5167;Остервенелый ;0;БЕСПОКОЙСТВО; 1.5. Внешнее выражение эмоций.;neg;
5168;Остервенелый ;0;БЕСПОКОЙСТВО; 1.6. Эмоциональная характеризация.;neg;
5169;Остервенелый ;0;ЖЕСТОКОСТЬ; 15.3. Становление эмоционального состояния и отношения.;neg;
5170;Остервенелый ;0;ЗЛОСТЬ; 16.3. Становление эмоционального состояния и отношения.;neg;
5171;Остервенение ;0;ЗЛОСТЬ; 16.1. Эмоциональное состояние.;neg;
5172;Остервененный ;0;ЖЕСТОКОСТЬ; 15.3. Становление эмоционального состояния и отношения.;neg;
5175;Осторожничать ;0;ДОБРОТА; 11.5. Внешнее выражение эмоций.;pos;
5176;Осторожность ;0;ДОБРОТА; 11.7. Эмоциональное качество.;pos;
5177;Осторожность ;0;СТРАХ; 34.7. Эмоциональное качество.;neg;
5178;Осторожный ;0;ДОБРОТА; 11.6. Эмоциональная характеризация.;pos;
5179;Осточертеть; сов., разг. ;ГРУСТЬ; 10.4. Эмоциональное воздействие.;neg;
5180;Осточертеть; сов., разг. ;НЕПРИЯЗНЬ; 25.3. Становление эмоционального состояния и отношения.;neg;
5181;Острастка ;0;СТРАХ; 34.4. Эмоциональное воздействие.;neg;
5189;Остыть; сов. ;НЕПРИЯЗНЬ; 25.3. Становление эмоционального состояния и отношения.;neg;
5190;Осудительный ;0;НЕДОВОЛЬСТВО; 23.2. Эмоциональное отношение.;neg;
5191;Осудительный ;0;НЕДОВОЛЬСТВО; 23.5. Внешнее выражение эмоций.;neg;
5192;Осуждать ;0;НЕДОВОЛЬСТВО; 23.2. Эмоциональное отношение.;neg;
5193;Осуждение ;0;НЕДОВОЛЬСТВО; 23.2. Эмоциональное отношение.;neg;
5194;Осуждение ;0;НЕПРИЯЗНЬ; 25.2. Эмоциональное отношение.;neg;
5195;Осчастливить; сов. ;РАДОСТЬ; 30.4. Эмоциональное воздействие.;pos;
5199;Отблагодарить; сов. ;ДОБРОТА; 11.5. Внешнее выражение эмоций.;pos;
5200;Отвага ;0;БЕССТРАШИЕ; 2.7. Эмоциональное качество.;pos;
5201;Отважно ;0;БЕССТРАШИЕ; 2.6. Эмоциональная характеризация.;pos;
5202;Отважность ;0;БЕССТРАШИЕ; 2.7. Эмоциональное качество.;pos;
5203;Отважный ;0;БЕССТРАШИЕ; 2.1. Эмоциональное состояние.;pos;
5204;Отважный ;0;БЕССТРАШИЕ; 2.5. Внешнее выражение эмоций.;pos;
5205;Отважный ;0;БЕССТРАШИЕ; 2.6. Эмоциональная характеризация.;pos;
5206;Отвергнутый ;0;ОДИНОЧЕСТВО; 27.3. Становление эмоционального состояния и отношения.;neg;
5207;Отвергнутый ;0;ОДИНОЧЕСТВО; 27.6. Эмоциональная характеризация.;neg;
5208;Отверженец ;0;НЕПРИЯЗНЬ; 25.8. Человек как средоточие и носитель эмоций.;neg;
5209;Отверженец; книжн. ;ОДИНОЧЕСТВО; 27.8. Человек как средоточие и носитель эмоций.;neg;
5210;Отверженность ;0;ОДИНОЧЕСТВО; 27.7. Эмоциональное качество.;neg;
5211;Отверженный ;0;НЕПРИЯЗНЬ; 25.2. Эмоциональное отношение.;neg;
5212;Отверженный ;0;ОДИНОЧЕСТВО; 27.3. Становление эмоционального состояния и отношения.;neg;
5213;Отверженный ;0;ОДИНОЧЕСТВО; 27.6. Эмоциональная характеризация.;neg;
5214;Отверженный ;0;ОДИНОЧЕСТВО; 27.8. Человек как средоточие и носитель эмоций.;neg;
5218;Отвратительно ;0;НЕПРИЯЗНЬ; 25.1. Эмоциональное состояние.;neg;
5219;Отвратительный ;0;НЕПРИЯЗНЬ; 25.4. Эмоциональное воздействие.;neg;
5220;Отвратительный ;0;НЕПРИЯЗНЬ; 25.6. Эмоциональная характеризация.;neg;
5221;Отвратно; разг. ;НЕПРИЯЗНЬ; 25.1. Эмоциональное состояние.;neg;
5222;Отвратный; разг. ;НЕПРИЯЗНЬ; 25.6. Эмоциональная характеризация.;neg;
5223;Отвращение ;0;НЕПРИЯЗНЬ; 25.2. Эмоциональное отношение.;neg;
5232;Отзывчиво ;0;ДОБРОТА; 11.5. Внешнее выражение эмоций.;pos;
5244;Откровение ;0;ИСКРЕННОСТЬ; 17.5. Внешнее выражение эмоций.;pos;
5245;Откровенничать ;0;ИСКРЕННОСТЬ; 17.5. Внешнее выражение эмоций.;pos;
5246;Откровенно ;0;ИСКРЕННОСТЬ; 17.5. Внешнее выражение эмоций.;pos;
5247;Откровенность ;0;ИСКРЕННОСТЬ; 17.7. Эмоциональное качество.;pos;
5255;Отлюбить ;0;ЛЮБОВЬ; 18.3. Становление эмоционального состояния и отношения.;pos;
5257;Отместка; разг. ;ЖЕСТОКОСТЬ; 15.5. Внешнее выражение эмоций.;neg;
5260;Отмщение; книжн.  ;ЖЕСТОКОСТЬ; 15.5. Внешнее выражение эмоций.;neg;
5269;Оторопь; разг. ;СТЫД; 35.1. Эмоциональное состояние.;neg;
5270;Отпетый ;0;БЕССТРАШИЕ; 2.6. Эмоциональная характеризация.;pos;
5271;Отплата; разг. ;ЖЕСТОКОСТЬ; 15.5. Внешнее выражение эмоций.;neg;
5273;Отповедь ;0;НЕПРИЯЗНЬ; 25.5. Внешнее выражение эмоций.;neg;
5276;Отрада ;0;РАДОСТЬ; 30.1. Эмоциональное состояние.;pos;
5277;Отрада ;0;СЧАСТЬЕ; 36.1. Эмоциональное состояние.;pos;
5278;Отрадно ;0;РАДОСТЬ; 30.1. Эмоциональное состояние.;pos;
5279;Отрадный ;0;РАДОСТЬ; 30.4. Эмоциональное воздействие.;pos;
5280;Отрадный ;0;СЧАСТЬЕ; 36.6. Эмоциональная характеризация.;pos;
5282;Отрешенно ;0;РАВНОДУШИЕ; 29.5. Внешнее выражение эмоций.;neg;
5283;Отрешенность ;0;ОДИНОЧЕСТВО; 27.1. Эмоциональное состояние.;neg;
5284;Отрешенность ;0;РАВНОДУШИЕ; 29.7. Эмоциональное качество.;neg;
5285;Отрешенный ;0;ОДИНОЧЕСТВО; 27.1. Эмоциональное состояние.;neg;
5286;Отрешенный ;0;ОДИНОЧЕСТВО; 27.2. Эмоциональное отношение.;neg;
5287;Отрешенный ;0;РАВНОДУШИЕ; 29.5. Внешнее выражение эмоций.;neg;
5292;Отрицательно ;0;НЕДОВОЛЬСТВО; 23.5. Внешнее выражение эмоций.;neg;
5297;Отругать ;0;НЕПРИЯЗНЬ; 25.5. Внешнее выражение эмоций.;neg;
5298;Отругиваться ;0;НЕПРИЯЗНЬ; 25.5. Внешнее выражение эмоций.;neg;
5299;Отсмеиваться ;0;РАДОСТЬ; 30.5. Внешнее выражение эмоций.;pos;
5304;Отталкивающий ;0;НЕПРИЯЗНЬ; 25.4. Эмоциональное воздействие.;neg;
5305;Отталкивающий ;0;НЕПРИЯЗНЬ; 25.5. Внешнее выражение эмоций.;neg;
5306;Отталкивающий ;0;НЕПРИЯЗНЬ; 25.6. Эмоциональная характеризация.;neg;
5307;Отходчивость ;0;ДОБРОТА; 11.7. Эмоциональное качество.;pos;
5308;Отходчивость ;0;СПОКОЙСТВИЕ; 33.7. Эмоциональное качество.;pos;
5309;Отходчивый ;0;ДОБРОТА; 11.6. Эмоциональная характеризация.;pos;
5310;Отходчивый ;0;СПОКОЙСТВИЕ; 33.6. Эмоциональная характеризация.;pos;
5311;Отчаяние ;0;ГРУСТЬ; 10.1. Эмоциональное состояние.;neg;
5312;Отчаяние и Отчаянье ;0;НЕВЕРИЕ; 22.1. Эмоциональное состояние.;neg;
5313;Отчаянно ;0;БЕССТРАШИЕ; 2.5. Внешнее выражение эмоций.;pos;
5314;Отчаянно ;0;НЕВЕРИЕ; 22.5. Внешнее выражение эмоций.;neg;
5324;Отчудить; сов., разг. ;ОДИНОЧЕСТВО; 27.4. Эмоциоальное воздействие.;neg;
5329;Отчужденно ;0;ОДИНОЧЕСТВО; 27.5. Внешнее выражение эмоций.;neg;
5330;Отчужденность ;0;ВРАЖДА; 7.7. Эмоциональное качество.;neg;
5331;Отчужденность ;0;ОДИНОЧЕСТВО; 27.1. Эмоциональное состояние.;neg;
5332;Отчужденность ;0;ОДИНОЧЕСТВО; 27.7. Эмоциональное качество.;neg;
5333;Отчужденный ;0;ВРАЖДА; 7.1. Эмоциональное состояние.;neg;
5337;Отчураться ;0;ОДИНОЧЕСТВО; 27.5. Внешнее выражение эмоций.;neg;
5338;Отчураться ; разг.-сниж. ;ОДИНОЧЕСТВО; 27.3. Становление эмоционального состояния и отношения.;neg;
5341;Отшепенец; пренебр. ;ОДИНОЧЕСТВО; 27.8. Человек как средоточие и носитель эмоций.;neg;
5342;Отщепенка; пренебр. ;ОДИНОЧЕСТВО; 27.8. Человек как средоточие и носитель эмоций.;neg;
5344;Офигенно; разг.-сниж. ;УДИВЛЕНИЕ; 38.5. Внешнее выражение эмоций.;pos;
5345;Офигенный; разг.-сниж. ;УДИВЛЕНИЕ; 38.6. Эмоциональная характеризация.;pos;
5346;Офигительно; разг.-сниж. ;УДИВЛЕНИЕ; 38.5. Внешнее выражение эмоций.;pos;
5347;Офигительный; разг.-сниж. ;УДИВЛЕНИЕ; 38.6. Эмоциональная характеризация.;pos;
5348;Охаивание; разг.-сниж. ;НЕДОВОЛЬСТВО; 23.2. Эмоциональное отношение.;neg;
5349;Охаивание; разг.-сниж. ;НЕДОВОЛЬСТВО; 23.5. Внешнее выражение эмоций.;neg;
5350;Охальник; разг.-сниж. ;БЕССТЫДСТВО; 3.8. Человек как средоточие и носитель эмоций.;neg;
5351;Охальницкий; разг.-сниж. ;ВЫСОКОМЕРИЕ; 8.5. Внешнее выражение эмоций.;neg;
5352;Охальницкий; разг.-сниж. ;ВЫСОКОМЕРИЕ; 8.6. Эмоциональная характеризация.;neg;
5353;Охальничать; разг.-сниж. ;БЕССТЫДСТВО; 3.5. Внешнее выражение эмоций.;neg;
5354;Охальнический; разг.-сниж. ;ВЫСОКОМЕРИЕ; 8.5. Внешнее выражение эмоций.;neg;
5355;Охальнический; разг.-сниж. ;ВЫСОКОМЕРИЕ; 8.6. Эмоциональная характеризация.;neg;
5356;Охальный; разг.-сниж. ;БЕССТЫДСТВО; 3.6. Эмоциональная характеризация.;neg;
5357;Охальный; разг.-сниж. ;ВЫСОКОМЕРИЕ; 8.5. Внешнее выражение эмоций.;neg;
5358;Охальный; разг.-сниж. ;ВЫСОКОМЕРИЕ; 8.6. Эмоциональная характеризация.;neg;
5359;Охаметь; сов., разг. ;БЕССТЫДСТВО; 3.3. Становление эмоционального состояния и отношения.;neg;
5373;Охотливый; разг. ;ВЛЕЧЕНИЕ; 6.2. Эмоциональное отношение.;pos;
5374;Охотливый; разг. ;ВЛЕЧЕНИЕ; 6.4. Эмоциональное воздействие.;pos;
5375;Охотливый; разг. ;ВЛЕЧЕНИЕ; 6.6. Эмоциональная характеризация.;pos;
5376;Охотливый; разг. ;ЖЕЛАНИЕ; 14.2. Эмоциональное отношение.;pos;
5377;Охотливый; разг. ;НАДЕЖДА; 20.6. Эмоциональная характеризация.;pos;
5378;Охотник; разг. ;ЖЕЛАНИЕ; 14.8. Человек как средоточие и носитель эмоций.;pos;
5380;Охотно ;0;ЖЕЛАНИЕ; 14.5. Внешнее выражение эмоций.;pos;
5381;Охотный; устар. ;ВЛЕЧЕНИЕ; 6.2. Эмоциональное отношение.;pos;
5382;Охочий; разг. ;ВЛЕЧЕНИЕ; 6.2. Эмоциональное отношение.;pos;
5383;Охочий; разг. ;ВЛЕЧЕНИЕ; 6.4. Эмоциональное воздействие.;pos;
5384;Охочий; разг. ;ЖЕЛАНИЕ; 14.2. Эмоциональное отношение.;pos;
5385;Охочий; разг. ;ЖЕЛАНИЕ; 14.6. Эмоциональная характеризация.;pos;
5386;Охранять ;0;ДОБРОТА; 11.2. Эмоциональное отношение.;pos;
5387;Очарование ;0;ОДОБРЕНИЕ; 28.4. Эмоциональное воздействие.;pos;
5388;Очарование ;0;ОДОБРЕНИЕ; 28.8. Человек как средоточие и носитель эмоций.;pos;
5389;Очарованный ;0;ОДОБРЕНИЕ; 28.1. Эмоциональное состояние.;pos;
5390;Очарованный ;0;ОДОБРЕНИЕ; 28.4. Эмоциональное воздействие.;pos;
5391;Очарованный ;0;ОДОБРЕНИЕ; 28.5. Внешнее выражение эмоций.;pos;
5392;Очарованный ;0;ОДОБРЕНИЕ; 28.7. Эмоциональное качество.;pos;
5393;Очарователь ;0;ЛЮБОВЬ; 18.8. Человек как средоточие и носитель эмоций.;pos;
5394;Очаровательница ;0;ОДОБРЕНИЕ; 28.8. Человек как средоточие и носитель эмоций.;pos;
5395;Очаровательно ;0;ОДОБРЕНИЕ; 28.5. Внешнее выражение эмоций.;pos;
5396;Очаровательность ;0;ОДОБРЕНИЕ; 28.4. Эмоциональное воздействие.;pos;
5397;Очаровательность ;0;ОДОБРЕНИЕ; 28.6. Эмоциональная характеризация.;pos;
5398;Очаровательность ;0;ОДОБРЕНИЕ; 28.7. Эмоциональное качество.;pos;
5399;Очаровательный ;0;ОДОБРЕНИЕ; 28.4. Эмоциональное воздействие.;pos;
5400;Очаровательный ;0;ОДОБРЕНИЕ; 28.6. Эмоциональная характеризация.;pos;
5401;Очаровашка; разг.-сниж. ;ОДОБРЕНИЕ; 28.8. Человек как средоточие и носитель эмоций.;pos;
5409;Очертенеть; сов., разг.-сниж. ;ГРУСТЬ; 10.3. Становление эмоционального;neg;
5410;Очертенеть; сов., разг.-сниж. ;НЕПРИЯЗНЬ; 25.3. Становление эмоционального состояния и отношения.;neg;
5412;Очертеть; сов., разг.-сниж. ;ГРУСТЬ; 10.3. Становление эмоционального состояния и отношения.;neg;
5413;Очертеть; сов., разг.-сниж. ;НЕПРИЯЗНЬ; 25.3. Становление эмоционального состояния и отношения.;neg;
5414;Ошеломительность ;0;УДИВЛЕНИЕ; 38.7. Эмоциональное качество.;pos;
5415;Ошеломительный ;0;БЕСПОКОЙСТВО; 1.4. Эмоциональное воздействие.;neg;
5416;Ошеломительный ;0;УДИВЛЕНИЕ; 38.4. Эмоциональное воздействие.;pos;
5417;Ошеломительный ;0;УДИВЛЕНИЕ; 38.6. Эмоциональная характеризация.;pos;
5418;Ошеломление ;0;БЕСПОКОЙСТВО; 1.1. Эмоциональное состояние.;neg;
5419;Ошеломление ;0;БЕСПОКОЙСТВО; 1.4. Эмоциональное воздействие.;neg;
5420;Ошеломление ;0;УДИВЛЕНИЕ; 38.1. Эмоциональное состояние.;pos;
5421;Ошеломленный ;0;БЕСПОКОЙСТВО; 1.1. Эмоциональное состояние.;neg;
5422;Ошеломленный ;0;ОДОБРЕНИЕ; 28.2. Эмоциональное отношение.;pos;
5423;Ошеломленный ;0;УДИВЛЕНИЕ; 38.1. Эмоциональное состояние.;pos;
5424;Ошеломленный ;0;УДИВЛЕНИЕ; 38.5. Внешнее выражение эмоций.;pos;
5425;Ошеломляющий ;0;БЕСПОКОЙСТВО; 1.4. Эмоциональное воздействие.;neg;
5427;Ошикать ;0;НЕПРИЯЗНЬ; 25.5. Внешнее выражение эмоций.;neg;
5436;Пагуба ;0;ГОРЕ; 9.4. Эмоциональное воздействие.;neg;
5437;Пагубно ;0;ГОРЕ; 9.4. Эмоциональное воздействие.;neg;
5438;Пагубность ;0;ГОРЕ; 9.4. Эмоциональное воздействие.;neg;
5439;Пагубный ;0;ГОРЕ; 9.4. Эмоциональное воздействие.;neg;
5440;Пагубный ;0;ГОРЕ; 9.6. Эмоциональная характеризация.;neg;
5441;Падкий ;0;ВЛЕЧЕНИЕ; 6.2. Эмоциональное отношение.;pos;
5442;Падкий ;0;ВЛЕЧЕНИЕ; 6.4. Эмоциональное воздействие.;pos;
5443;Падла; разг.-сниж. ;НЕПРИЯЗНЬ; 25.8. Человек как средоточие и носитель эмоций.;neg;
5445;Пай-мальчик; разг., ирон. ;СМИРЕНИЕ; 31.8. Человек как средоточие и носитель эмоций.;pos;
5446;Паинька; разг., ирон. ;СМИРЕНИЕ; 31.8. Человек как средоточие и носитель эмоций.;pos;
5448;Пакостливый; разг. ;НЕПРИЯЗНЬ; 25.6. Эмоциональная характеризация.;neg;
5449;Пакостничать; разг. ;НЕПРИЯЗНЬ; 25.4. Эмоциональное воздействие.;neg;
5450;Пакостно; разг. ;БЕССТЫДСТВО; 3.5. Внешнее выражение эмоций.;neg;
5451;Пакостно; разг. ;НЕПРИЯЗНЬ; 25.5. Внешнее выражение эмоций.;neg;
5452;Пакостно; разг. ;ГРУСТЬ; 10.5. Внешнее выражение эмоций.;neg;
5453;Пакостный; разг. ;БЕССТЫДСТВО; 3.6. Эмоциональная характеризация.;neg;
5454;Пакостный; разг. ;НЕПРИЯЗНЬ; 25.6. Эмоциональная характеризация.;neg;
5455;Пакость; разг. ;НЕПРИЯЗНЬ; 25.5. Внешнее выражение эмоций.;neg;
5460;Палачество ;0;ЖЕСТОКОСТЬ; 15.2. Эмоциональное отношение.;neg;
5462;Памятозлобие; устар. ;ЗЛОСТЬ; 16.7. Эмоциональное качество.;neg;
5463;Памятозлобный; устар. ;ЗЛОСТЬ; 16.6. Эмоциональная характеризация.;neg;
5466;Панибратский ;0;БЕССТЫДСТВО; 3.6. Эмоциональная характеризация.;neg;
5467;Панибратство ;0;БЕССТЫДСТВО; 3.7. Эмоциональное качество.;neg;
5468;Паника ;0;БЕСПОКОЙСТВО; 1.1. Эмоциональное состояние.;neg;
5469;Паника ;0;СТРАХ; 34.1. Эмоциональное состояние.;neg;
5470;Паникер ;0;СТРАХ; 34.8. Человек как средоточие и носитель эмоций.;neg;
5471;Паникерский ;0;СТРАХ; 34.6. Эмоциональная характеризация.;neg;
5472;Паникерство ;0;СТРАХ; 34.5. Внешнее выражение эмоций.;neg;
5473;Паникерствовать ;0;СТРАХ; 34.1. Эмоциональное состояние.;neg;
5474;Паникерствовать ;0;СТРАХ; 34.5. Внешнее выражение эмоций.;neg;
5475;Паникерша ;0;СТРАХ; 34.8. Человек как средоточие и носитель эмоций.;neg;
5476;Паниковать ;0;СТРАХ; 34.1. Эмоциональное состояние.;neg;
5479;Панически ;0;СТРАХ; 34.5. Внешнее выражение эмоций.;neg;
5480;Панический ;0;ГОРЕ; 9.6. Эмоциональная характеризация.;neg;
5481;Панический ;0;СТРАХ; 34.4. Эмоциональное воздействие.;neg;
5482;Панический ;0;СТРАХ; 34.6. Эмоциональная характеризация.;neg;
5484;Парий; устар., книжн. ;ОДИНОЧЕСТВО; 27.8. Человек как средоточие и носитель эмоций.;neg;
5492;Паршивец; разг.-сниж., оран. ;НЕПРИЯЗНЬ; 25.8. Человек как средоточие и носитель эмоций.;neg;
5493;Паршиво; разг. ;ГРУСТЬ; 10.1. Эмоциональное состояние.;neg;
5494;Паскуда; разг.-сниж., груб. ;НЕПРИЯЗНЬ; 25.8. Человек как средоточие и носитель эмоций.;neg;
5495;Паскудить; разг.-сниж., груб. ;ЗЛОСТЬ; 16.4. Эмоциональное воздействие.;neg;
5496;Паскудничать; разг, -сниж., груб. ;ЗЛОСТЬ; 16.4. Эмоциональное воздействие.;neg;
5497;Паскудно; разг.-сниж., груб. ;НЕПРИЯЗНЬ; 25.1. Эмоциональное состояние.;neg;
5498;Паскудный; разг.-сниж., груб. ;НЕПРИЯЗНЬ; 25.6. Эмоциональная характеризация.;neg;
5499;Паскудство; разг.-сниж., груб. ;НЕПРИЯЗНЬ; 25.7. Эмоциональное качество.;neg;
5503;Пассивный ;0;РАВНОДУШИЕ; 29.6. Эмоциональная характеризация.;neg;
5504;Пассия; разг. ;ЛЮБОВЬ; 18.8. Человек как средоточие и носитель эмоций.;pos;
5505;Патетика ;0;ВДОХНОВЕНИЕ; 4.5. Внешнее выражение эмоций.;pos;
5506;Патетический ;0;ВДОХНОВЕНИЕ; 4.1. Эмоциональное состояние.;pos;
5507;Патетический ;0;ВДОХНОВЕНИЕ; 4.5. Внешнее выражение эмоций.;pos;
5508;Патетический ;0;ВДОХНОВЕНИЕ; 4.6. Эмоциональная характеризация.;pos;
5509;Патетичность ;0;ВДОХНОВЕНИЕ; 4.5. Внешнее выражение эмоций.;pos;
5510;Патетичность ;0;ВДОХНОВЕНИЕ; 4.7. Эмоциональное качество.;pos;
5511;Патетичный ;0;ЛЮБОВЬ; 18.1. Эмоциональное состояние.;pos;
5512;Патетичный ;0;ВДОХНОВЕНИЕ; 4.1. Эмоциональное состояние.;pos;
5513;Патетичный ;0;ВДОХНОВЕНИЕ; 4.5. Внешнее выражение эмоций.;pos;
5514;Патетичный ;0;ВДОХНОВЕНИЕ; 4.6. Эмоциональная характеризация.;pos;
5518;Патриот ;0;ЛЮБОВЬ; 18.8. Человек как средоточие и носитель эмоций.;pos;
5519;Патриотизм ;0;ЛЮБОВЬ; 18.2. Эмоциональное отношение.;pos;
5520;Патриотичность ;0;ЛЮБОВЬ; 18.7. Эмоциональное качество.;pos;
5521;Патриотка ;0;ЛЮБОВЬ; 18.8. Человек как средоточие и носитель эмоций.;pos;
5526;Патронировать ;0;ДОБРОТА; 11.2. Эмоциональное отношение.;pos;
5527;Патронировать ;0;ДОБРОТА; 11.5. Внешнее выражение эмоций.;pos;
5528;Пафос ;0;ВДОХНОВЕНИЕ; 4.1. Эмоциональное состояние.;pos;
5529;Пафос ;0;ВДОХНОВЕНИЕ; 4.7. Эмоциональное качество.;pos;
5530;Пафосный ;0;ВДОХНОВЕНИЕ; 4.1. Эмоциональное состояние.;pos;
5531;Пафосный ;0;ВДОХНОВЕНИЕ; 4.5. Внешнее выражение эмоций.;pos;
5532;Пафосный ;0;ВДОХНОВЕНИЕ; 4.6. Эмоциональная характеризация.;pos;
5533;Пацификация; книжн. ;СМИРЕНИЕ; 31.4. Эмоциональное воздействие.;pos;
5534;Пацификация; книжн. ;СПОКОЙСТВИЕ; 33.2. Эмоциональное отношение.;pos;
5542;Пенять ;0;ЖАЛОСТЬ; 13.5. Внешнее выражение эмоций.;neg;
5543;Пенять ;0;НЕДОВОЛЬСТВО; 23.5. Внешнее выражение эмоций.;neg;
5545;Перебежчик ;0;НЕВЕРИЕ; 22.8. Человек как средоточие и носитель эмоций.;neg;
5548;Перебиваться; разг. ;ГОРЕ; 9.1. Эмоциональное состояние.;neg;
5550;Перебранить ;0;НЕПРИЯЗНЬ; 25.4. Эмоциональное воздействие.;neg;
5551;Перебранка ;0;НЕПРИЯЗНЬ; 25.5. Внешнее выражение эмоций.;neg;
5554;Перебулгачить; сов., разг.-сниж. ;БЕСПОКОЙСТВО; 1.4. Эмоциональное воздействие.;neg;
5557;Переведать; сов. ;ГОРЕ; 9.1. Эмоциональное состояние.;neg;
5560;Перевидать; сов., разг. ;ГРУСТЬ; 10.3. Становление эмоционального состояния и отношения.;neg;
5561;Перевозбудиться; сов. ;БЕСПОКОЙСТВО; 1.3. Становление эмоционального;neg;
5562;Переволновать; сов. ;БЕСПОКОЙСТВО; 1.4. Эмоциональное воздействие.;neg;
5563;Переволноваться; сов. ;БЕСПОКОЙСТВО; 1.3. Становление эмоционального состояния и отношения.;neg;
5564;Перевоспалиться; сов., разг.-сниж. ;БЕСПОКОЙСТВО; 1.3. Становление эмоционального состояния и отношения.;neg;
5570;Переживать ;0;БЕСПОКОЙСТВО; 1.1. Эмоциональное состояние.;neg;
5571;Переиспытаться; сов. ;ГОРЕ; 9.3. Становление эмоционального состояния и отношения.;neg;
5572;Переконфузить; сов., разг. ;СТЫД; 35.4. Эмоциональное воздействие.;neg;
5573;Переконфузиться; сов., разг. ;СТЫД; 35.3. Становление эмоционального состояния и отношения.;neg;
5574;Перекоробить; сов., разг. ;НЕДОВОЛЬСТВО; 23.4. Эмоциональное воздействие.;neg;
5575;Перекоры; разг. ;НЕПРИЯЗНЬ; 25.5. Внешнее выражение эмоций.;neg;
5576;Перекоряться; разг. ;НЕПРИЯЗНЬ; 25.5. Внешнее выражение эмоций.;neg;
5577;Перекручиваться; разг. ;ГОРЕ; 9.1. Эмоциональное состояние.;neg;
5578;перенандражировать; сов.,разг.-сниж. ;БЕСПОКОЙСТВО; 1.3. Становление эмоционального состояния и отношения.;neg;
5579;перенаяться; сов. ;ГОРЕ; 9.3. Становление эмоционального состояния и отношения.;neg;
5581;Переметнуться; сов., неодобр. ;НЕВЕРИЕ; 22.2. Эмоциональное отношение.;neg;
5582;Переметчик; устар. ;НЕВЕРИЕ; 22.8. Человек как средоточие и носитель эмоций.;neg;
5584;Перемирие ;0;СМИРЕНИЕ; 31.2. Эмоциональное отношение.;pos;
5585;Перемирить; сов. ;СМИРЕНИЕ; 31.4. Эмоциональное воздействие.;pos;
5586;Перемогаться; разг. -сниж. ;ГОРЕ; 9.1. Эмоциональное состояние.;neg;
5588;Перемучить; сов. ;ГОРЕ; 9.4. Эмоциональное воздействие.;neg;
5589;Перемучиться; сов. ;ГОРЕ; 9.3. Становление эмоционального состояния и отношения.;neg;
5590;Перенервничать; сов. ;БЕСПОКОЙСТВО; 1.3. Становление эмоционального состояния и отношения.;neg;
5591;Перенервничать; сов. ;НЕДОВОЛЬСТВО; 23.3. Становление эмоционального состояния и отношения.;neg;
5592;Переполох ;0;БЕСПОКОЙСТВО; 1.1. Эмоциональное состояние.;neg;
5593;Переполох ;0;СТРАХ; 34.1. Эмоциональное состояние.;neg;
5594;Переполошить; сов., разг. ;БЕСПОКОЙСТВО; 1.4. Эмоциональное воздействие.;neg;
5595;Переполошиться; сов., разг. ;БЕСПОКОЙСТВО; 1.3. Становление эмоционального состояния и отношения.;neg;
5596;Переполошный ;0;БЕСПОКОЙСТВО; 1.6. Эмоциональная характеризация.;neg;
5597;Перепуг; разг. ;СТРАХ; 34.1. Эмоциональное состояние.;neg;
5598;Перепуганный ;0;СТРАХ; 34.1. Эмоциональное состояние.;neg;
5599;Перепугать; сов. ;СТРАХ; 34.4. Эмоциональное воздействие.;neg;
5600;Перепугаться; сов. ;СТРАХ; 34.3. Становление эмоционального состояния и отношения.;neg;
5601;Переругиваться ;0;НЕПРИЯЗНЬ; 25.5. Внешнее выражение эмоций.;neg;
5602;Пересмеивание ;0;РАДОСТЬ; 30.4. Эмоциональное воздействие.;pos;
5603;Пересмеиваться ;0;РАДОСТЬ; 30.5. Внешнее выражение эмоций.;pos;
5604;Пересмех ;0;РАДОСТЬ; 30.1. Эмоциональное состояние.;pos;
5605;Пересмешки ;0;РАДОСТЬ; 30.1. Эмоциональное состояние.;pos;
5606;Пересмешник ;0;РАДОСТЬ; 30.8. Человек как средоточие и носитель эмоций.;pos;
5607;Пересмешница ;0;РАДОСТЬ; 30.8. Человек как средоточие и носитель эмоций.;pos;
5608;Перестрадать; сов. ;ГОРЕ; 9.1. Эмоциональное состояние.;neg;
5609;Перестрадать; сов. ;ГРУСТЬ; 10.3. Становление эмоционального состояния и отношения.;neg;
5610;Пересуд ;0;НЕПРИЯЗНЬ; 25.5. Внешнее выражение эмоций.;neg;
5611;Перетерпеть; сов. ;ГОРЕ; 9.1. Эмоциональное состояние.;neg;
5612;Перетерпеть; сов. ;ГРУСТЬ; 10.3. Становление эмоционального состояния и отношения.;neg;
5613;Перетерпеть; сов. ;СМИРЕНИЕ; 31.2. Эмоциональное отношение.;pos;
5614;Перетревожить; сов. ;БЕСПОКОЙСТВО; 1.4. Эмоциональное воздействие.;neg;
5615;Перетревожиться ;0;БЕСПОКОЙСТВО; 1.2. Эмоциональное отношение.;neg;
5616;Перетревожиться; сов. ;БЕСПОКОЙСТВО; 1.3. Становление эмоционального состояния и отношения.;neg;
5617;Перетрусить; сов. ;СТРАХ; 34.1. Эмоциональное состояние.;neg;
5618;Перетрухнуть; сов. ;СТРАХ; 34.1. Эмоциональное состояние.;neg;
5619;Перетрястись; сов. ;СТРАХ; 34.1. Эмоциональное состояние.;neg;
5621;Переутомленный ;0;ГРУСТЬ; 10.6. Эмоциональная характеризация.;neg;
5623;Перехихикиваться ;0;РАДОСТЬ; 30.5. Внешнее выражение эмоций.;pos;
5628;Перецеловать; сов. ;ЛЮБОВЬ; 18.5. Внешнее выражение эмоций.;pos;
5629;Перецеловаться; сов. ;ЛЮБОВЬ; 18.5. Внешнее выражение эмоций.;pos;
5630;Перечувствовать; сов. ;ГОРЕ; 9.1. Эмоциональное состояние.;neg;
5632;Пессимизм ;0;ГРУСТЬ; 10.1. Эмоциональное состояние.;neg;
5633;Пессимизм ;0;ГРУСТЬ; 10.7. Эмоциональное качество.;neg;
5634;Пессимизм ;0;НЕВЕРИЕ; 22.1. Эмоциональное состояние.;neg;
5635;Пессимизм ;0;НЕВЕРИЕ; 22.7. Эмоциональное качество.;neg;
5636;Пессимист ;0;ГРУСТЬ; 10.8. Человек как средоточие и носитель эмоций.;neg;
5637;Пессимист ;0;НЕВЕРИЕ; 22.8. Человек как средоточие и носитель эмоций.;neg;
5638;Пессимистически ;0;ГРУСТЬ; 10.5. Внешнее выражение эмоций.;neg;
5639;Пессимистически ;0;НЕВЕРИЕ; 22.5. Внешнее выражение эмоций.;neg;
5640;Пессимистический ;0;ГРУСТЬ; 10.1. Эмоциональное состояние.;neg;
5641;Пессимистический ;0;ГРУСТЬ; 10.6. Эмоциональная характеризация.;neg;
5642;Пессимистический ;0;НЕВЕРИЕ; 22.1. Эмоциональное состояние.;neg;
5643;Пессимистический ;0;НЕВЕРИЕ; 22.6. Эмоциональная характеризация.;neg;
5644;Пессимистично ;0;ГРУСТЬ; 10.5. Внешнее выражение эмоций.;neg;
5645;Пессимистично ;0;НЕВЕРИЕ; 22.5. Внешнее выражение эмоций.;neg;
5646;Пессимистичность ;0;ГРУСТЬ; 10.7. Эмоциональное качество.;neg;
5647;Пессимистичный ;0;ГРУСТЬ; 10.1. Эмоциональное состояние.;neg;
5648;Пессимистичный ;0;ГРУСТЬ; 10.6. Эмоциональная характеризация.;neg;
5649;Пессимистичный ;0;НЕВЕРИЕ; 22.1. Эмоциональное состояние.;neg;
5650;Пессимистичный ;0;НЕВЕРИЕ; 22.6. Эмоциональная характеризация.;neg;
5651;Пессимистка ;0;ГРУСТЬ; 10.8. Человек как средоточие и носитель эмоций.;neg;
5652;Петушиться ;0;БЕССТРАШИЕ; 2.5. Внешнее выражение эмоций.;pos;
5653;Петушком ;0;РАДОСТЬ; 30.5. Внешнее выражение эмоций.;pos;
5655;Печалование; устар. ;ЖАЛОСТЬ; 13.5. Внешнее выражение эмоций.;neg;
5658;Печаловаться; устар. ;ГРУСТЬ; 10.1. Эмоциональное состояние.;neg;
5659;Печаловаться; устар. ;ДОБРОТА; 11.2. Эмоциональное отношение.;pos;
5666;Печально ;0;ГОРЕ; 9.1. Эмоциональное состояние.;neg;
5667;Печально ;0;ГРУСТЬ; 10.1. Эмоциональное состояние.;neg;
5668;Печально ;0;ГРУСТЬ; 10.5. Внешнее выражение эмоций.;neg;
5669;Печальный ;0;ГОРЕ; 9.1. Эмоциональное состояние.;neg;
5670;Печальный ;0;ГРУСТЬ; 10.1. Эмоциональное состояние.;neg;
5671;Печальный ;0;ГРУСТЬ; 10.4. Эмоциональное воздействие.;neg;
5672;Печальный ;0;ГРУСТЬ; 10.5. Внешнее выражение эмоций.;neg;
5673;Печальный ;0;ГРУСТЬ; 10.6. Эмоциональная характеризация.;neg;
5674;Печорин ;0;РАВНОДУШИЕ; 29.8. Человек как средоточие и носитель эмоций.;neg;
5678;Пиетет; книжн. ;УВАЖЕНИЕ; 37.1. Эмоциональное состояние.;pos;
5679;Пикантно ;0;ВЛЕЧЕНИЕ; 6.4. Эмоциональное воздействие.;pos;
5682;Пикантный ;0;ВЛЕЧЕНИЕ; 6.6. Эмоциональная характеризация.;pos;
5683;Пикантный ;0;ЛЮБОПЫТСТВО; 19.4. Эмоциональное воздействие.;pos;
5684;Пикантный ;0;ЛЮБОПЫТСТВО; 19.6. Эмоциональная характеризация.;pos;
5685;Пикантный ;0;ЧУВСТВО; 39.4. Эмоциональное воздействие.;pos;
5686;Пикантный ;0;ЧУВСТВО; 39.6. Эмоциональная характеризация.;pos;
5689;Плакальщик ;0;ЖАЛОСТЬ; 13.8. Человек как средоточие и носитель эмоций.;neg;
5690;Плакать ;0;ГОРЕ; 9.5. Внешнее выражение эмоций.;neg;
5692;Плакаться ;0;ЖАЛОСТЬ; 13.5. Внешнее выражение эмоций.;neg;
5693;Плаксиво ;0;ЖАЛОСТЬ; 13.5. Внешнее выражение эмоций.;neg;
5697;Пламенно ;0;ЛЮБОВЬ; 18.5. Внешнее выражение эмоций.;pos;
5707;Платонизм ;0;ВЛЕЧЕНИЕ; 6.2. Эмоциональное отношение.;pos;
5708;Платонический ;0;ВЛЕЧЕНИЕ; 6.6. Эмоциональная характеризация.;pos;
5709;Платонический ;0;ЛЮБОВЬ; 18.5. Внешнее выражение эмоций.;pos;
5710;Платонический ;0;ЛЮБОВЬ; 18.6. Эмоциональная характеризация.;pos;
5711;Платонический ;0;ЧУВСТВО; 39.6. Эмоциональная характеризация.;pos;
5712;Плач ;0;ГОРЕ; 9.5. Внешнее выражение эмоций.;neg;
5713;Плачевно ;0;ГРУСТЬ; 10.5. Внешнее выражение эмоций.;neg;
5714;Плачевность ;0;ГОРЕ; 9.7. Эмоциональное качество.;neg;
5715;Плачевный ;0;ЖАЛОСТЬ; 13.6. Эмоциональная характеризация.;neg;
5723;Пленительно ;0;ОДОБРЕНИЕ; 28.5. Внешнее выражение эмоций.;pos;
5724;Пленительность ;0;ЛЮБОВЬ; 18.7. Эмоциональное качество.;pos;
5725;Пленительность ;0;ОДОБРЕНИЕ; 28.7. Эмоциональное качество.;pos;
5726;Пленительный ;0;ВЛЕЧЕНИЕ; 6.4. Эмоциональное воздействие.;pos;
5727;Пленительный ;0;ВЛЕЧЕНИЕ; 6.6. Эмоциональная характеризация.;pos;
5728;Пленительный ;0;ЛЮБОВЬ; 18.4. Эмоциональное воздействие.;pos;
5729;Пленительный ;0;ОДОБРЕНИЕ; 28.6. Эмоциональная характеризация.;pos;
5730;Пленяющий ;0;ОДОБРЕНИЕ; 28.4. Эмоциональное воздействие.;pos;
5735;Плохо ;0;ГОРЕ; 9.1. Эмоциональное состояние.;neg;
5736;Плохой ;0;НЕДОВОЛЬСТВО; 23.6. Эмоциональная характеризация.;neg;
5744;Побегушки; разг.-сниж. ;БЕСПОКОЙСТВО; 1.5. Внешнее выражение эмоций.;neg;
5748;Побесить; сов. ;ЗЛОСТЬ; 16.4. Эмоциональное воздействие.;neg;
5749;Побеситься; сов. ;ЗЛОСТЬ; 16.5. Внешнее выражение эмоций.;neg;
5750;Побеспокоиться; сов. ;ДОБРОТА; 11.5. Внешнее выражение эмоций.;pos;
5753;Поблаженствовать; сов. ;СЧАСТЬЕ; 36.1. Эмоциональное состояние.;pos;
5754;Поблажка; разг. ;ДОБРОТА; 11.2. Эмоциональное отношение.;pos;
5755;Поблажка; разг. ;ДОБРОТА; 11.7. Эмоциональное качество.;pos;
5757;Поборник ;0;ДОБРОТА; 11.8. Человек как средоточие и носитель эмоций.;pos;
5758;Поборница ;0;ДОБРОТА; 11.8. Человек как средоточие и носитель эмоций.;pos;
5759;Побояться; сов. ;СТРАХ; 34.1. Эмоциональное состояние.;neg;
5760;Побранить; сов. ;НЕПРИЯЗНЬ; 25.5. Внешнее выражение эмоций.;neg;
5761;Побудительный ;0;НАДЕЖДА; 20.4. Эмоциональное воздействие.;pos;
5762;Побуждающий ;0;НАДЕЖДА; 20.4. Эмоциональное воздействие.;pos;
5763;Побуждение ;0;ЖЕЛАНИЕ; 14.2. Эмоциональное отношение.;pos;
5764;Побуждение ;0;НАДЕЖДА; 20.4. Эмоциональное воздействие.;pos;
5765;Повадиться; сов., разг., неодобр. ;РАВНОДУШИЕ; 29.3. Становление эмоционального состояния и отношения.;neg;
5773;Поверить; сов. ;ВЕРА; 5.2. Эмоциональное отношение.;pos;
5774;Поверить; сов. ;ВЕРА; 5.3. Становление эмоционального состояния и отношения.;pos;
5775;Повериться; сов. ;ВЕРА; 5.3. Становление эмоционального состояния и отношения.;pos;
5776;Повеселелый ;0;РАДОСТЬ; 30.3. Становление эмоционального состояния и отношения.;pos;
5777;Повеселеть; сов. ;РАДОСТЬ; 30.3. Становление эмоционального состояния и отношения.;pos;
5778;Повеселить; сов. ;РАДОСТЬ; 30.4. Эмоциональное воздействие.;pos;
5779;Повеселиться; сов. ;РАДОСТЬ; 30.1. Эмоциональное состояние.;pos;
5781;Повинный; устар. ;СТЫД; 35.5. Внешнее выражение эмоций.;neg;
5782;Повиноваться; несов. и сов. ;СМИРЕНИЕ; 31.2. Эмоциональное отношение.;pos;
5783;Повиновение ;0;СМИРЕНИЕ; 31.7. Эмоциональное качество.;pos;
5785;Поганец; разг.-сниж., бран. ;НЕПРИЯЗНЬ; 25.8. Человек как средоточие и носитель эмоций.;neg;
5791;Погань; разг.-сниж. ;НЕПРИЯЗНЬ; 25.8. Человек как средоточие и носитель эмоций.;neg;
5792;Погибель; разг.-сниж. ;ГОРЕ; 9.4. Эмоциональное воздействие.;neg;
5793;Погибельность; разг.-сниж. ;ГОРЕ; 9.4. Эмоциональное воздействие.;neg;
5794;Погибельный; устар. ;ГОРЕ; 9.4. Эмоциональное воздействие.;neg;
5795;Погибельный; устар. ;ГОРЕ; 9.6. Эмоциональная характеризация.;neg;
5796;Поглянуться; сов.,разг.-сниж. ;ЛЮБОВЬ; 18.2. Эмоциональное отношение.;pos;
5797;Поглянуться; сов.,разг.-сниж. ;ЛЮБОВЬ; 18.3. Становление эмоционального состояния и отношения.;pos;
5798;Поглянуться; сов., разг.-сниж. ;ОДОБРЕНИЕ; 28.3. Становление эмоционального состояния и отношения.;pos;
5799;Погневаться; сов. ;ЗЛОСТЬ; 16.1. Эмоциональное состояние.;neg;
5800;Погневаться; сов. ;ЗЛОСТЬ; 16.3. Становление эмоционального состояния и отношения.;neg;
5804;Погоревать; сов. ;ГОРЕ; 9.1. Эмоциональное состояние.;neg;
5805;Погорячиться; сов. ;БЕСПОКОЙСТВО; 1.1. Эмоциональное состояние.;neg;
5806;Погорячиться; сов. ;БЕСПОКОЙСТВО; 1.3. Становление эмоционального состояния и отношения.;neg;
5807;Погромный; разг. ;НЕДОВОЛЬСТВО; 23.6. Эмоциональная характеризация.;neg;
5808;Погрустить; сов. ;ГРУСТЬ; 10.3. Становление эмоционального состояния и отношения.;neg;
5809;Погрустнеть; сов., разг. ;ГРУСТЬ; 10.3. Становление эмоционального состояния и отношения.;neg;
5813;Подавленно ;0;ГРУСТЬ; 10.4. Эмоциональное воздействие.;neg;
5814;Подавленность ;0;ГРУСТЬ; 10.1. Эмоциональное состояние.;neg;
5815;Подавленный ;0;ГРУСТЬ; 10.1. Эмоциональное состояние.;neg;
5816;Подавленный ;0;ГРУСТЬ; 10.6. Эмоциональная характеризация.;neg;
5821;Подбодриться; сов. ;РАДОСТЬ; 30.3. Становление эмоционального состояния и отношения.;pos;
5822;Подверженность ;0;ВЛЕЧЕНИЕ; 6.7. Эмоциональное качество.;pos;
5823;Подверженный ;0;ВЛЕЧЕНИЕ; 6.2. Эмоциональное отношение.;pos;
5824;Подвижнический ;0;БЕССТРАШИЕ; 2.6. Эмоциональная характеризация.;pos;
5825;Подвижнический ;0;ДОБРОТА; 11.6. Эмоциональная характеризация.;pos;
5826;Подвижничество ;0;БЕССТРАШИЕ; 2.7. Эмоциональное качество.;pos;
5828;Подгадить; сов., разг.-сниж. ;НЕВЕРИЕ; 22.2. Эмоциональное отношение.;neg;
5829;Подговор; разг.-сниж. ;БЕСПОКОЙСТВО; 1.4. Эмоциональное воздействие.;neg;
5830;Подговорщик; разг.-сниж. ;БЕСПОКОЙСТВО; 1.8. Человек как средоточие и носитель эмоций.;neg;
5835;Поддразнивание ;0;ЗЛОСТЬ; 16.5. Внешнее выражение эмоций.;neg;
5836;Подивить; сов. ;УДИВЛЕНИЕ; 38.4. Эмоциональное воздействие.;pos;
5837;Подивиться; сов., разг. ;УДИВЛЕНИЕ; 38.2. Эмоциональное отношение.;pos;
5838;Подивиться; сов., разг. ;УДИВЛЕНИЕ; 38.3. Становление эмоционального состояния и отношения.;pos;
5840;Подковырка ;0;ЗЛОСТЬ; 16.5. Внешнее выражение эмоций.;neg;
5842;Подкузьмить; сов., разг.-сниж. ;НЕВЕРИЕ; 22.2. Эмоциональное отношение.;neg;
5843;Подкупающий ;0;ВЛЕЧЕНИЕ; 6.4. Эмоциональное воздействие.;pos;
5844;Подкупающий ;0;ОДОБРЕНИЕ; 28.2. Эмоциональное отношение.;pos;
5845;Подкупающий ;0;ОДОБРЕНИЕ; 28.4. Эмоциональное воздействие.;pos;
5847;Подлеть; разг.-сниж. ;ЗЛОСТЬ; 16.4. Эмоциональное воздействие.;neg;
5848;Подлец ;0;НЕПРИЯЗНЬ; 25.8. Человек как средоточие и носитель эмоций.;neg;
5849;Подлиза; разг. ;НЕИСКРЕННОСТЬ; 24.8. Человек как средоточие и носитель эмоций.;neg;
5850;Подлипала; разг.-сниж. ;НЕИСКРЕННОСТЬ; 24.8. Человек как средоточие и носитель эмоций.;neg;
5853;Подличать ;0;ЗЛОСТЬ; 16.4. Эмоциональное воздействие.;neg;
5854;Подлый ;0;НЕПРИЯЗНЬ; 25.6. Эмоциональная характеризация.;neg;
5855;Подлюга; разг.-сниж. и Подлюка, разг.-сниж. ;НЕПРИЯЗНЬ; 25.8. Человек как средоточие и носитель эмоций.;neg;
5856;Подлянка; разг.-сниж. ;НЕПРИЯЗНЬ; 25.8. Человек как средоточие и носитель эмоций.;neg;
5857;Подлячка; разг.-сниж. ;НЕПРИЯЗНЬ; 25.8. Человек как средоточие и носитель эмоций.;neg;
5859;Поднажать; сов., разг.-сниж. ;НАДЕЖДА; 20.4. Эмоциональное воздействие.;pos;
5860;Подначка; разг.-сниж. ;БЕСПОКОЙСТВО; 1.4. Эмоциональное воздействие.;neg;
5861;Подобострастие ;0;НЕИСКРЕННОСТЬ; 24.7. Эмоциональное качество.;neg;
5862;Подобострастный ;0;НЕИСКРЕННОСТЬ; 24.6. Эмоциональная характеризация.;neg;
5863;По-доброму; разг. ;СПОКОЙСТВИЕ; 33.5. Внешнее выражение эмоций.;pos;
5864;Подобру; разг.-сниж. ;СПОКОЙСТВИЕ; 33.5. Внешнее выражение эмоций.;pos;
5865;Подозревать ;0;НЕВЕРИЕ; 22.2. Эмоциональное отношение.;neg;
5866;Подозреваться ;0;НЕВЕРИЕ; 22.2. Эмоциональное отношение.;neg;
5867;Подозрение ;0;НЕВЕРИЕ; 22.2. Эмоциональное отношение.;neg;
5868;Подозрительно ;0;НЕВЕРИЕ; 22.5. Внешнее выражение эмоций.;neg;
5869;Подозрительность ;0;НЕВЕРИЕ; 22.2. Эмоциональное отношение.;neg;
5870;Подозрительность ;0;НЕВЕРИЕ; 22.7. Эмоциональное качество.;neg;
5871;Подозрительность ;0;СОМНЕНИЕ; 32.7. Эмоциональное качество.;neg;
5872;Подозрительный ;0;НЕВЕРИЕ; 22.1. Эмоциональное состояние.;neg;
5873;Подозрительный ;0;НЕВЕРИЕ; 22.4. Эмоциональное воздействие.;neg;
5874;Подозрительный ;0;НЕВЕРИЕ; 22.6. Эмоциональная характеризация.;neg;
5875;Подозрительный ;0;СОМНЕНИЕ; 32.6. Эмоциональная характеризация.;neg;
5876;Подонок; разг., бран. ;НЕПРИЯЗНЬ; 25.8. Человек как средоточие и носитель эмоций.;neg;
5877;Подопечный ;0;ДОБРОТА; 11.6. Эмоциональная характеризация.;pos;
5878;Подосадовать ;0;ГРУСТЬ; 10.1. Эмоциональное состояние.;neg;
5881;Подруга ;0;ДРУЖБА; 12.8. Человек как средоточие и носитель эмоций.;pos;
5882;Подруга ;0;ЛЮБОВЬ; 18.8. Человек как средоточие и носитель эмоций.;pos;
5883;Подруженька ;0;ДРУЖБА; 12.8. Человек как средоточие и носитель эмоций.;pos;
5884;Подружить; сов. ;ДРУЖБА; 12.4. Эмоциональное воздействие.;pos;
5885;Подружиться; сов. ;ДРУЖБА; 12.3. Становление эмоционального состояния и отношения.;pos;
5886;Подружка; разг. ;ДРУЖБА; 12.8. Человек как средоточие и носитель эмоций.;pos;
5887;Подружка; разг. ;ЛЮБОВЬ; 18.8. Человек как средоточие и носитель эмоций.;pos;
5889;Подсознательно ;0;ЧУВСТВО; 39.5. Внешнее выражение эмоций.;pos;
5890;Подсознательный ;0;ЧУВСТВО; 39.6. Эмоциональная характеризация.;pos;
5891;Подстрекатель ;0;БЕСПОКОЙСТВО; 1.8. Человек как средоточие и носитель эмоций.;neg;
5892;Подстрекательство ;0;БЕСПОКОЙСТВО; 1.4. Эмоциональное воздействие.;neg;
5893;Подтрунивание ;0;РАДОСТЬ; 30.5. Внешнее выражение эмоций.;pos;
5896;Подфартить; разг.-сниж. ;СЧАСТЬЕ; 36.3. Становление эмоционального состояния и отношения.;pos;
5897;Подхалим ;0;НЕИСКРЕННОСТЬ; 24.8. Человек как средоточие и носитель эмоций.;neg;
5898;Подхихикивать ;0;РАДОСТЬ;" 30.5. Внешнее выражение	эмоций.";pos;
5902;Поехидничать; сов. ;ЗЛОСТЬ; 16.5. Внешнее выражение эмоций.;neg;
5903;Пожалиться; сов., разг.-сниж. ;ЖАЛОСТЬ; 13.5. Внешнее выражение эмоций.;neg;
5904;Пожалобиться; сов., разг.-сниж. ;ЖАЛОСТЬ; 13.5. Внешнее выражение эмоций.;neg;
5905;Пожаловаться; сов. ;ЖАЛОСТЬ; 13.5. Внешнее выражение эмоций.;neg;
5906;Пожелание ;0;ЖЕЛАНИЕ; 14.1. Эмоциональное состояние.;pos;
5907;Пожелание ;0;ЖЕЛАНИЕ; 14.5. Внешнее выражение эмоций.;pos;
5908;Пожелать; сов. ;ЖЕЛАНИЕ; 14.5. Внешнее выражение эмоций.;pos;
5909;Пожелаться; сов., разг. ;ЖЕЛАНИЕ; 14.3. Становление эмоционального состояния и отношения.;pos;
5912;Позабавить; сов. ;РАДОСТЬ; 30.4. Эмоциональное воздействие.;pos;
5913;Позабавиться; сов. ;РАДОСТЬ; 30.1. Эмоциональное состояние.;pos;
5914;Позавидовать; сов. ;НЕДОВОЛЬСТВО; 23.2. Эмоциональное отношение.;neg;
5915;Позитивно; книжн. ;ОДОБРЕНИЕ; 28.5. Внешнее выражение эмоций.;pos;
5916;Позитивный; книжн. ;ОДОБРЕНИЕ; 28.6. Эмоциональная характеризация.;pos;
5917;Позлить; сов. ;ЗЛОСТЬ; 16.4. Эмоциональное воздействие.;neg;
5918;Позлиться; сов. ;ЗЛОСТЬ; 16.1. Эмоциональное состояние.;neg;
5919;Позлорадствовать; сов. ;ЗЛОСТЬ; 16.5. Внешнее выражение эмоций.;neg;
5920;Позлословить; сов. ;ЗЛОСТЬ; 16.5. Внешнее выражение эмоций.;neg;
5921;Позор ;0;СТЫД; 35.1. Эмоциональное состояние.;neg;
5922;Позорище; разг. ;СТЫД; 35.5. Внешнее выражение эмоций.;neg;
5923;Позорно ;0;СТЫД; 35.5. Внешнее выражение эмоций.;neg;
5924;Позорный ;0;СТЫД; 35.4. Эмоциональное воздействие.;neg;
5925;Позорный ;0;СТЫД; 35.5. Внешнее выражение эмоций.;neg;
5926;Позорный ;0;СТЫД; 35.6. Эмоциональная характеризация.;neg;
5928;Позорящий ;0;СТЫД; 35.4. Эмоциональное воздействие.;neg;
5930;Поиздеваться; сов. ;ЗЛОСТЬ; 16.4. Эмоциональное воздействие.;neg;
5931;Поизмываться; сов. ;ЗЛОСТЬ; 16.4. Эмоциональное воздействие.;neg;
5932;Поинтересоваться; сов. ;ЛЮБОПЫТСТВО; 19.2. Эмоциональное отношение.;pos;
5935;Показной ;0;НЕИСКРЕННОСТЬ; 24.6. Эмоциональная характеризация.;neg;
5940;Поквитаться; сов., разг. ;ЖЕСТОКОСТЬ; 15.2. Эмоциональное отношение.;neg;
5946;Покладистость ;0;СМИРЕНИЕ; 31.7. Эмоциональное качество.;pos;
5947;Покладистый ;0;СМИРЕНИЕ; 31.1. Эмоциональное состояние.;pos;
5948;Покладистый ;0;СМИРЕНИЕ; 31.6. Эмоциональная характеризация.;pos;
5949;Покладливый; устар. ;СМИРЕНИЕ; 31.1. Эмоциональное состояние.;pos;
5950;Покладливый; устар. ;СМИРЕНИЕ; 31.6. Эмоциональная характеризация.;pos;
5951;Поклон ;0;ДОБРОТА; 11.5. Внешнее выражение эмоций.;pos;
5952;Поклонение ;0;ОДОБРЕНИЕ; 28.2. Эмоциональное отношение.;pos;
5954;Поклонник ;0;ЛЮБОВЬ; 18.8. Человек как средоточие и носитель эмоций.;pos;
5955;Поклонник ;0;ОДОБРЕНИЕ; 28.8. Человек как средоточие и носитель эмоций.;pos;
5956;Поклонница ;0;ЛЮБОВЬ; 18.8. Человек как средоточие и носитель эмоций.;pos;
5957;Поклонница ;0;ОДОБРЕНИЕ; 28.8. Человек как средоточие и носитель эмоций.;pos;
5958;Поклонный; трад.-поэт. ;СМИРЕНИЕ; 31.6. Эмоциональная характеризация.;pos;
5960;Поклоняться ;0;ОДОБРЕНИЕ; 28.2. Эмоциональное отношение.;pos;
5962;Покой ;0;СПОКОЙСТВИЕ; 33.1. Эмоциональное состояние.;pos;
5963;Покойно ;0;СПОКОЙСТВИЕ; 33.1. Эмоциональное состояние.;pos;
5964;Покойно ;0;СПОКОЙСТВИЕ; 33.5. Внешнее выражение эмоций.;pos;
5967;Покоить ;0;ЛЮБОВЬ; 18.2. Эмоциональное отношение.;pos;
5970;Покор ;0;НЕПРИЯЗНЬ; 25.5. Внешнее выражение эмоций.;neg;
5971;Покоритель ;0;СМИРЕНИЕ; 31.8. Человек как средоточие и носитель эмоций.;pos;
5972;Покорительница ;0;СМИРЕНИЕ; 31.8. Человек как средоточие и носитель эмоций.;pos;
5976;Покорливый; устар. ;СМИРЕНИЕ; 31.1. Эмоциональное состояние.;pos;
5977;Покорливый; устар. ;СМИРЕНИЕ; 31.6. Эмоциональная характеризация.;pos;
5978;Покорно ;0;СМИРЕНИЕ; 31.5. Внешнее выражение эмоций.;pos;
5979;Покорность ;0;СМИРЕНИЕ; 31.7. Эмоциональное качество.;pos;
5980;Покорный ;0;СМИРЕНИЕ; 31.1. Эмоциональное состояние.;pos;
5981;Покорный ;0;СМИРЕНИЕ; 31.6. Эмоциональная характеризация.;pos;
5982;Покорствовать; устар. ;СМИРЕНИЕ; 31.2. Эмоциональное отношение.;pos;
5983;Покорыстоваться; сов., разг.-сниж. ;НАДЕЖДА; 20.2. Эмоциональное отношение.;pos;
5984;Покоряющий ;0;ОДОБРЕНИЕ; 28.4. Эмоциональное воздействие.;pos;
5986;Покровитель ;0;ДОБРОТА; 11.8. Человек как средоточие и носитель эмоций.;pos;
5987;Покровительственно ;0;ВЫСОКОМЕРИЕ; 8.5. Внешнее выражение эмоций.;neg;
5988;Покровительственный ;0;ВЫСОКОМЕРИЕ; 8.2. Эмоциональное отношение.;neg;
5989;Покровительственный ;0;ВЫСОКОМЕРИЕ; 8.6. Эмоциональная характеризация.;neg;
5990;Покровительство ;0;ДОБРОТА; 11.2. Эмоциональное отношение.;pos;
5991;Покровительство ;0;ДОБРОТА; 11.5. Внешнее выражение эмоций.;pos;
5992;Покровительство ;0;ОДОБРЕНИЕ; 28.2. Эмоциональное отношение.;pos;
5993;Покровительствовать ;0;ДОБРОТА; 11.2. Эмоциональное отношение.;pos;
5994;Покручиниться ;0;ГРУСТЬ; 10.1. Эмоциональное состояние.;neg;
5995;Поладить; сов., разг. ;ДРУЖБА; 12.2. Эмоциональное отношение.;pos;
5996;Поласкать ;0;ЛЮБОВЬ; 18.5. Внешнее выражение эмоций.;pos;
5997;Поласкаться ;0;ЛЮБОВЬ; 18.5. Внешнее выражение эмоций.;pos;
5998;Полгоря ;0;ГОРЕ; 9.1. Эмоциональное состояние.;neg;
6001;Поликовать ;0;РАДОСТЬ; 30.1. Эмоциональное состояние.;pos;
6004;Положительно ;0;ОДОБРЕНИЕ; 28.5. Внешнее выражение эмоций.;pos;
6005;Положительный ;0;ОДОБРЕНИЕ; 28.5. Внешнее выражение эмоций.;pos;
6006;Положительный ;0;ОДОБРЕНИЕ; 28.6. Эмоциональная характеризация.;pos;
6009;Полуживой ;0;ГОРЕ; 9.5. Внешнее выражение эмоций.;neg;
6010;Полумертвый ;0;ГОРЕ; 9.5. Внешнее выражение эмоций.;neg;
6011;Полуобнять; сов. ;ЛЮБОВЬ; 18.5. Внешнее выражение эмоций.;pos;
6012;Полуулыбка ;0;РАДОСТЬ; 30.5. Внешнее выражение эмоций.;pos;
6013;Польститься; сов.,разг.-сниж. ;НАДЕЖДА; 20.2. Эмоциональное отношение.;pos;
6014;Польщенный ;0;ЖЕЛАНИЕ; 14.3. Становление эмоционального состояния и отношения.;pos;
6015;Полюбить; сов. ;ВЛЕЧЕНИЕ; 6.3. Становление эмоционального состояния и отношения.;pos;
6016;Полюбить; сов. ;ЛЮБОВЬ; 18.2. Эмоциональное отношение.;pos;
6017;Полюбиться; сов. ;ЛЮБОВЬ; 18.3. Становление эмоционального состояния и отношения.;pos;
6018;Полюбиться; сов. ;ЛЮБОВЬ; 18.4. Эмоциональное воздействие.;pos;
6019;Полюбиться; сов. ;ОДОБРЕНИЕ; 28.3. Становление эмоционального состояния и отношения.;pos;
6020;Полюбоваться ;0;ЛЮБОВЬ; 18.2. Эмоциональное отношение.;pos;
6021;Полюбовник; разг., сниж. ;ЛЮБОВЬ; 18.8. Человек как средоточие и носитель эмоций.;pos;
6022;Полюбовница; разг.-сниж. ;ЛЮБОВЬ; 18.8. Человек как средоточие и носитель эмоций.;pos;
6023;Полюбовно; разг. ;СПОКОЙСТВИЕ; 33.5. Внешнее выражение эмоций.;pos;
6024;Полюбовный; разг. ;ЛЮБОВЬ; 18.5. Внешнее выражение эмоций.;pos;
6025;Полюбовный; разг. ;ЛЮБОВЬ; 18.6. Эмоциональная характеризация.;pos;
6026;Полюбовный; разг. ;СПОКОЙСТВИЕ; 33.2. Эмоциональное отношение.;pos;
6027;Полюбовный; разг. ;СПОКОЙСТВИЕ; 33.6. Эмоциональная характеризация.;pos;
6028;Полюбопытствовать ;0;ЛЮБОПЫТСТВО; 19.5. Внешнее выражение эмоций.;pos;
6029;Поманить; сов. ;ВЛЕЧЕНИЕ; 6.1. Эмоциональное состояние.;pos;
6034;Помиловаться ;0;ЛЮБОВЬ; 18.5. Внешнее выражение эмоций.;pos;
6038;Помириться; сов. ;СМИРЕНИЕ; 31.3. Становление эмоционального состояния и отношения.;pos;
6040;Помучить; сов. ;ГОРЕ; 9.4. Эмоциональное воздействие.;neg;
6041;Помучиться; сов. ;ГОРЕ; 9.1. Эмоциональное состояние.;neg;
6042;Помучиться; сов. ;ГРУСТЬ; 10.3. Становление эмоционального состояния и отношения.;neg;
6043;Помытариться; сов., разг.-сниж. ;ГРУСТЬ; 10.3. Становление эмоционального состояния и отношения.;neg;
6044;Понадеяться; сов. ;НАДЕЖДА; 20.2. Эмоциональное отношение.;pos;
6045;Понервничать; сов. ;БЕСПОКОЙСТВО; 1.1. Эмоциональное состояние.;neg;
6046;Понимающий ;0;ДОБРОТА; 11.6. Эмоциональная характеризация.;pos;
6048;Поносный; устар. ;ОБИДА; 26.6. Эмоциональная характеризация.;neg;
6049;Поношение ;0;ОБИДА; 26.2. Эмоциональное отношение.;neg;
6050;Поношение ;0;ОБИДА; 26.5. Внешнее выражение эмоций.;neg;
6052;Поношение; устар. ;СТЫД; 35.5. Внешнее выражение эмоций.;neg;
6053;Понравиться; сов. ;ЛЮБОВЬ; 18.3. Становление эмоционального состояния и отношения.;pos;
6054;Понравиться; сов. ;ОДОБРЕНИЕ; 28.3. Становление эмоционального состояния и отношения.;pos;
6055;Понуриться; сов., разг. ;ГРУСТЬ; 10.3. Становление эмоционального состояния и отношения.;neg;
6056;Понуриться; сов., разг. ;ГРУСТЬ; 10.5. Внешнее выражение эмоций.;neg;
6057;Понуро ;0;ГРУСТЬ; 10.5. Внешнее выражение эмоций.;neg;
6058;Понурость ;0;ГРУСТЬ; 10.1. Эмоциональное состояние.;neg;
6059;Понурый ;0;ГРУСТЬ; 10.5. Внешнее выражение эмоций.;neg;
6060;Понурый ;0;ГРУСТЬ; 10.6. Эмоциональная характеризация.;neg;
6063;Поощрение ;0;ОДОБРЕНИЕ; 28.5. Внешнее выражение эмоций.;pos;
6064;Поощрение ;0;РАДОСТЬ; 30.4. Эмоциональное воздействие.;pos;
6065;Поощрительный ;0;ОДОБРЕНИЕ; 28.5. Внешнее выражение эмоций.;pos;
6066;Поощрительный ;0;ОДОБРЕНИЕ; 28.6. Эмоциональная характеризация.;pos;
6067;Поощрительный ;0;РАДОСТЬ; 30.4. Эмоциональное воздействие.;pos;
6068;Попенять; сов., разг. ;ЖАЛОСТЬ; 13.5. Внешнее выражение эмоций.;neg;
6073;Попечение ;0;ДОБРОТА; 11.1. Эмоциональное состояние.;pos;
6074;Попечение ;0;ДОБРОТА; 11.2. Эмоциональное отношение.;pos;
6075;Попечитель ;0;ДОБРОТА; 11.8. Человек как средоточие и носитель эмоций.;pos;
6076;Попечительница ;0;ДОБРОТА; 11.8. Человек как средоточие и носитель эмоций.;pos;
6077;Попечительность ;0;ДОБРОТА; 11.7. Эмоциональное качество.;pos;
6078;Попечительный; устар. ;ДОБРОТА; 11.6. Эмоциональная характеризация.;pos;
6079;Попечительский; устар. ;ДОБРОТА; 11.2. Эмоциональное отношение.;pos;
6080;Попечительство ;0;ДОБРОТА; 11.2. Эмоциональное отношение.;pos;
6081;Попечительство ;0;ДОБРОТА; 11.5. Внешнее выражение эмоций.;pos;
6082;Поплакать ;0;ГОРЕ; 9.5. Внешнее выражение эмоций.;neg;
6083;Поплакаться; сов., разг. ;ЖАЛОСТЬ; 13.5. Внешнее выражение эмоций.;neg;
6084;Поползновение ;0;ЖЕЛАНИЕ; 14.1. Эмоциональное состояние.;pos;
6085;Попомнить; сов., разг. ;ЖЕСТОКОСТЬ; 15.2. Эмоциональное отношение.;neg;
6086;Попрание; устар. ;НЕПРИЯЗНЬ; 25.2. Эмоциональное отношение.;neg;
6087;Попрек ;0;НЕПРИЯЗНЬ; 25.5. Внешнее выражение эмоций.;neg;
6088;Попугать; сов. ;СТРАХ; 34.4. Эмоциональное воздействие.;neg;
6097;Порадеть; сов., разг.-сниж. ;ДОБРОТА; 11.2. Эмоциональное отношение.;pos;
6098;Порадовать; сов. ;РАДОСТЬ; 30.4. Эмоциональное воздействие.;pos;
6099;Порадоваться; сов. ;РАДОСТЬ; 30.1. Эмоциональное состояние.;pos;
6100;Порадоваться; сов. ;РАДОСТЬ; 30.3. Становление эмоционального состояния и отношения.;pos;
6101;Поражающий ;0;УДИВЛЕНИЕ; 38.4. Эмоциональное воздействие.;pos;
6102;Пораженный ;0;УДИВЛЕНИЕ; 38.1. Эмоциональное состояние.;pos;
6103;Пораженный ;0;УДИВЛЕНИЕ; 38.2. Эмоциональное отношение.;pos;
6104;Поразвеселить; сов. ;РАДОСТЬ; 30.4. Эмоциональное воздействие.;pos;
6105;Поразвлечь; сов. ;РАДОСТЬ; 30.4. Эмоциональное воздействие.;pos;
6106;Поразвлечься; сов. ;РАДОСТЬ; 30.1. Эмоциональное состояние.;pos;
6107;Поразительность ;0;УДИВЛЕНИЕ; 38.7. Эмоциональное качество.;pos;
6108;Поразительный ;0;УДИВЛЕНИЕ; 38.4. Эмоциональное воздействие.;pos;
6109;Поразительный ;0;УДИВЛЕНИЕ; 38.6. Эмоциональная характеризация.;pos;
6114;Порекомендовать; сов. ;ОДОБРЕНИЕ; 28.5. Внешнее выражение эмоций.;pos;
6115;Порицание ;0;НЕДОВОЛЬСТВО; 23.2. Эмоциональное отношение.;neg;
6116;Порицание ;0;НЕДОВОЛЬСТВО; 23.5. Внешнее выражение эмоций.;neg;
6117;Порицание ;0;НЕПРИЯЗНЬ; 25.5. Внешнее выражение эмоций.;neg;
6118;Порицание ;0;СТЫД; 35.4. Эмоциональное воздействие.;neg;
6119;Порицатель ;0;НЕПРИЯЗНЬ; 25.8. Человек как средоточие и носитель эмоций.;neg;
6120;Порицательный ;0;НЕПРИЯЗНЬ; 25.1. Эмоциональное состояние.;neg;
6121;Порицать ;0;НЕПРИЯЗНЬ; 25.5. Внешнее выражение эмоций.;neg;
6122;Порицать ;0;НЕДОВОЛЬСТВО; 23.2. Эмоциональное отношение.;neg;
6123;Порицающий ;0;НЕДОВОЛЬСТВО; 23.2. Эмоциональное отношение.;neg;
6124;Порицающий ;0;НЕДОВОЛЬСТВО; 23.5. Внешнее выражение эмоций.;neg;
6126;Порочность ;0;НЕДОВОЛЬСТВО; 23.7. Эмоциональное качество.;neg;
6127;Порочный ;0;БЕССТЫДСТВО; 3.6. Эмоциональная характеризация.;neg;
6128;Порочный ;0;ЧУВСТВО; 39.6. Эмоциональная характеризация.;pos;
6129;Поругание; книжн. ;ОБИДА; 26.5. Внешнее выражение эмоций.;neg;
6130;Поругание; книжн. ;СТЫД; 35.4. Эмоциональное воздействие.;neg;
6131;Поруганный ;0;ЖЕСТОКОСТЬ; 15.6. Эмоциональная характеризация.;neg;
6132;Поруганный ;0;ОБИДА; 26.1. Эмоциональное состояние.;neg;
6133;Поруганный ;0;ОБИДА; 26.6. Эмоциональная характеризация.;neg;
6134;Поругать; сов. ;НЕПРИЯЗНЬ; 25.5. Внешнее выражение эмоций.;neg;
6135;Поругать; сов. ;СТЫД; 35.4. Эмоциональное воздействие.;neg;
6136;Поругаться; сов. ;НЕПРИЯЗНЬ; 25.5. Внешнее выражение эмоций.;neg;
6137;Поруха; разг. ;ГОРЕ; 9.1. Эмоциональное состояние.;neg;
6140;Порывистость ;0;ВДОХНОВЕНИЕ; 4.7. Эмоциональное качество.;pos;
6141;Порывистость ;0;ВЛЕЧЕНИЕ; 6.7. Эмоциональное качество.;pos;
6142;Порывистый ;0;ВЛЕЧЕНИЕ; 6.1. Эмоциональное состояние.;pos;
6143;Порывистый ;0;ВДОХНОВЕНИЕ; 4.1. Эмоциональное состояние.;pos;
6144;Порывный; разг.-сниж. ;ВЛЕЧЕНИЕ; 6.1. Эмоциональное состояние.;pos;
6145;Порывчатый; разг.-сниж. ;ВЛЕЧЕНИЕ; 6.1. Эмоциональное состояние.;pos;
6146;Посетовать; сов., разг. ;ЖАЛОСТЬ; 13.5. Внешнее выражение эмоций.;neg;
6147;Поскучать ;0;ГРУСТЬ; 10.1. Эмоциональное состояние.;neg;
6148;Послушание ;0;СМИРЕНИЕ; 31.1. Эмоциональное состояние.;pos;
6149;Послушание ;0;СМИРЕНИЕ; 31.7. Эмоциональное качество.;pos;
6150;Послушаться; сов. ;СМИРЕНИЕ; 31.2. Эмоциональное отношение.;pos;
6151;Послушливо; устар. ;СМИРЕНИЕ; 31.5. Внешнее выражение эмоций.;pos;
6152;Послушливость; устар., разг. ;СМИРЕНИЕ; 31.7. Эмоциональное качество.;pos;
6153;Послушливый; устар.,разг. ;СМИРЕНИЕ; 31.1. Эмоциональное состояние.;pos;
6154;Послушливый; устар., разг. ;СМИРЕНИЕ; 31.6. Эмоциональная характеризация.;pos;
6155;Послушно ;0;СМИРЕНИЕ; 31.5. Внешнее выражение эмоций.;pos;
6156;Послушный ;0;СМИРЕНИЕ; 31.1. Эмоциональное состояние.;pos;
6157;Послушный ;0;СМИРЕНИЕ; 31.6. Эмоциональная характеризация.;pos;
6158;Посмеиваться ;0;РАДОСТЬ; 30.1. Эмоциональное состояние.;pos;
6159;Посмешить; сов. ;РАДОСТЬ; 30.4. Эмоциональное воздействие.;pos;
6163;Посмеяться; сов. ;РАДОСТЬ; 30.5. Внешнее выражение эмоций.;pos;
6164;Посовеститься; сов. ;СТЫД; 35.1. Эмоциональное состояние.;neg;
6165;Посрамить; сов., разг. ;СТЫД; 35.4. Эмоциональное воздействие.;neg;
6166;Посрамиться; сов., разг. ;СТЫД; 35.3. Становление эмоционального состояния и отношения.;neg;
6167;Посрамление; устар. ;СТЫД; 35.1. Эмоциональное состояние.;neg;
6168;Посрамление; устар. ;СТЫД; 35.5. Внешнее выражение эмоций.;neg;
6169;Посредственность ;0;НЕДОВОЛЬСТВО; 23.7. Эмоциональное качество.;neg;
6170;Посредственный ;0;НЕДОВОЛЬСТВО; 23.6. Эмоциональная характеризация.;neg;
6174;Постоянный ;0;ВЕРА; 5.6. Эмоциональная характеризация.;pos;
6175;Постоянство ;0;ВЕРА; 5.7. Эмоциональное качество.;pos;
6176;Постращать; сов. ;СТРАХ; 34.4. Эмоциональное воздействие.;neg;
6177;Постыдить; сов., устар. ;СТЫД; 35.4. Эмоциональное воздействие.;neg;
6178;Постыдно ;0;СТЫД; 35.5. Внешнее выражение эмоций.;neg;
6179;Постыдный ;0;СТЫД; 35.5. Внешнее выражение эмоций.;neg;
6180;Постыдный ;0;СТЫД; 35.6. Эмоциональная характеризация.;neg;
6181;Постылый; разг. ;ГРУСТЬ; 10.5. Внешнее выражение эмоций.;neg;
6182;Постылый; разг. ;ГРУСТЬ; 10.6. Эмоциональная характеризация.;neg;
6183;Постылый; разг. ;НЕПРИЯЗНЬ; 25.6. Эмоциональная характеризация.;neg;
6184;Посчастливиться ;0;СЧАСТЬЕ; 36.3. Становление эмоционального состояния и отношения.;pos;
6186;Потакание; разг. ;ДОБРОТА; 11.2. Эмоциональное отношение.;pos;
6187;Потакание; разг. ;ДОБРОТА; 11.7. Эмоциональное качество.;pos;
6188;Потакатель; устар., разг. ;ДОБРОТА; 11.8. Человек как средоточие и носитель эмоций.;pos;
6189;Потакать; разг. ;ДОБРОТА; 11.2. Эмоциональное отношение.;pos;
6190;Потакать; разг. ;ДОБРОТА; 11.5. Внешнее выражение эмоций.;pos;
6191;Потаковщик; устар., разг. ;ДОБРОТА; 11.8. Человек как средоточие и носитель эмоций.;pos;
6192;Потатчик; устар., разг. ;ДОБРОТА; 11.8. Человек как средоточие и носитель эмоций.;pos;
6193;Потачка; разг. ;ДОБРОТА; 11.2. Эмоциональное отношение.;pos;
6194;Потачка; разг. ;ДОБРОТА; 11.7. Эмоциональное качество.;pos;
6195;Потворство ;0;ДОБРОТА; 11.2. Эмоциональное отношение.;pos;
6196;Потворство ;0;ДОБРОТА; 11.5. Внешнее выражение эмоций.;pos;
6197;Потворство ;0;ДОБРОТА; 11.7. Эмоциональное качество.;pos;
6198;Потворствовать ;0;ДОБРОТА; 11.2. Эмоциональное отношение.;pos;
6199;Потворствовать ;0;ДОБРОТА; 11.5. Внешнее выражение эмоций.;pos;
6200;Потворщик; устар. ;ДОБРОТА; 11.8. Человек как средоточие и носитель эмоций.;pos;
6204;Потерянность ;0;БЕСПОКОЙСТВО; 1.1. Эмоциональное состояние.;neg;
6205;Потерянный ;0;БЕСПОКОЙСТВО; 1.1. Эмоциональное состояние.;neg;
6206;Потерянный ;0;ОДИНОЧЕСТВО; 27.3. Становление эмоционального сотояния и отношения.;neg;
6207;Потеха ;0;РАДОСТЬ; 30.1. Эмоциональное состояние.;pos;
6208;Потешаться; разг. ;ОБИДА; 26.2. Эмоциональное отношение.;neg;
6209;Потешаться; разг. ;РАДОСТЬ; 30.1. Эмоциональное состояние.;pos;
6210;Потешник ;0;РАДОСТЬ; 30.8. Человек как средоточие и носитель эмоций.;pos;
6211;Потешный ;0;РАДОСТЬ; 30.6. Эмоциональная характеризация.;pos;
6214;Потосковать; сов. ;ГРУСТЬ; 10.1. Эмоциональное состояние.;neg;
6215;Потрафить; сов. ;РАДОСТЬ; 30.1. Эмоциональное состояние.;pos;
6216;Потребность ;0;ЖЕЛАНИЕ; 14.1. Эмоциональное состояние.;pos;
6217;Потребность ;0;НАДЕЖДА; 20.7. Эмоциональное качество.;pos;
6218;Потребный ;0;НАДЕЖДА; 20.6. Эмоциональная характеризация.;pos;
6219;Потревожить; сов. ;БЕСПОКОЙСТВО; 1.4. Эмоциональное воздействие.;neg;
6220;Потревожиться; сов. ;БЕСПОКОЙСТВО; 1.2. Эмоциональное отношение.;neg;
6221;Потрясающе; разг. ;УДИВЛЕНИЕ; 38.5. Внешнее выражение эмоций.;pos;
6225;Потрясение ;0;БЕСПОКОЙСТВО; 1.1. Эмоциональное состояние.;neg;
6226;Потрясение ;0;ГОРЕ; 9.1. Эмоциональное состояние.;neg;
6227;Потрясенный ;0;БЕСПОКОЙСТВО; 1.3. Становление эмоционального состояния и отношения.;neg;
6232;Потужить; сов. ;ГРУСТЬ; 10.1. Эмоциональное состояние.;neg;
6233;Потусторонний ;0;ВРАЖДА; 7.6. Эмоциональная характеризация.;neg;
6235;Поусомниться; сов., устар. ;СОМНЕНИЕ; 32.2. Эмоциональное отношение.;neg;
6236;Поусомниться; сов., устар. ;СОМНЕНИЕ; 32.3. Становление эмоционального состояния и отношения.;neg;
6237;Поуспокоиться; сов. ;СПОКОЙСТВИЕ; 33.3. Становление эмоционального состояния и отношения.;pos;
6238;Поухаживать; сов. ;ЛЮБОВЬ; 18.5. Внешнее выражение эмоций.;pos;
6239;Похабный; разг.-сниж. ;СТЫД; 35.5. Внешнее выражение эмоций.;neg;
6240;Похабный; разг.-сниж. ;СТЫД; 35.6. Эмоциональная характеризация.;neg;
6241;Похабство; разг.-сниж. ;СТЫД; 35.5. Внешнее выражение эмоций.;neg;
6242;Похаять; сов. ;НЕПРИЯЗНЬ; 25.5. Внешнее выражение эмоций.;neg;
6243;Похвала ;0;ОДОБРЕНИЕ; 28.5. Внешнее выражение эмоций.;pos;
6244;Похваливать ;0;ОДОБРЕНИЕ; 28.5. Внешнее выражение эмоций.;pos;
6245;Похвальба; разг.-сниж. ;ОДОБРЕНИЕ; 28.5. Внешнее выражение эмоций.;pos;
6246;Похвально ;0;ОДОБРЕНИЕ; 28.5. Внешнее выражение эмоций.;pos;
6247;Похвальный ;0;ОДОБРЕНИЕ; 28.5. Внешнее выражение эмоций.;pos;
6248;Похвальный ;0;ОДОБРЕНИЕ; 28.6. Эмоциональная характеризация.;pos;
6250;По-хорошему; разг. ;СПОКОЙСТВИЕ; 33.5. Внешнее выражение эмоций.;pos;
6257;Поцапаться; разг. ;ВРАЖДА; 7.5. Внешнее выражение эмоций.;neg;
6258;Поцелуй ;0;ЛЮБОВЬ; 18.5. Внешнее выражение эмоций.;pos;
6259;Поцелуйный ;0;ЛЮБОВЬ; 18.5. Внешнее выражение эмоций.;pos;
6260;По-человечески; разг. ;ЛЮБОВЬ; 18.5. Внешнее выражение эмоций.;pos;
6262;Почести ;0;УВАЖЕНИЕ; 37.5. Внешнее выражение эмоций.;pos;
6263;Почет ;0;УВАЖЕНИЕ; 37.1. Эмоциональное состояние.;pos;
6264;Почет ;0;УВАЖЕНИЕ; 37.5. Внешнее выражение эмоций.;pos;
6265;Почетный ;0;УВАЖЕНИЕ; 37.6. Эмоциональная характеризация.;pos;
6266;Почитание ;0;УВАЖЕНИЕ; 37.2. Эмоциональное отношение.;pos;
6267;Почитатель ;0;ЛЮБОВЬ; 18.8. Человек как средоточие и носитель эмоций.;pos;
6268;Почитатель ;0;ОДОБРЕНИЕ; 28.8. Человек как средоточие и носитель эмоций.;pos;
6269;Почитатель ;0;УВАЖЕНИЕ; 37.8. Человек как средоточие и носитель эмоций.;pos;
6270;Почитательница ;0;ОДОБРЕНИЕ; 28.8. Человек как средоточие и носитель эмоций.;pos;
6271;Почитательница ;0;УВАЖЕНИЕ; 37.8. Человек как средоточие и носитель эмоций.;pos;
6272;Почитать ;0;УВАЖЕНИЕ; 37.2. Эмоциональное отношение.;pos;
6273;Почтение ;0;УВАЖЕНИЕ; 37.2. Эмоциональное отношение.;pos;
6274;Почтеннейший; устар. ;УВАЖЕНИЕ; 37.6. Эмоциональная характеризация.;pos;
6275;Почтенность ;0;УВАЖЕНИЕ; 37.7. Эмоциональное качество.;pos;
6276;Почтенный ;0;УВАЖЕНИЕ; 37.6. Эмоциональная характеризация.;pos;
6277;Почтительно ;0;УВАЖЕНИЕ; 37.5. Внешнее выражение эмоций.;pos;
6278;Почтительность ;0;УВАЖЕНИЕ; 37.1. Эмоциональное состояние.;pos;
6279;Почтительность ;0;УВАЖЕНИЕ; 37.2. Эмоциональное отношение.;pos;
6280;Почтительность ;0;УВАЖЕНИЕ; 37.7. Эмоциональное качество.;pos;
6281;Почтительный ;0;УВАЖЕНИЕ; 37.6. Эмоциональная характеризация.;pos;
6282;Почтить; устар. ;УВАЖЕНИЕ; 37.2. Эмоциональное отношение.;pos;
6283;Пощада ;0;ЖАЛОСТЬ; 13.5. Внешнее выражение эмоций.;neg;
6284;Пощадить ;0;ЖАЛОСТЬ; 13.2. Эмоциональное отношение.;neg;
6285;Пощечина ;0;ОБИДА; 26.5. Внешнее выражение эмоций.;neg;
6288;Поэтический ;0;ЧУВСТВО; 39.6. Эмоциональная характеризация.;pos;
6291;Поэтичность ;0;ВДОХНОВЕНИЕ; 4.7. Эмоциональное качество.;pos;
6292;Поэтичный ;0;ЧУВСТВО; 39.6. Эмоциональная характеризация.;pos;
6293;Правдиво ;0;ИСКРЕННОСТЬ; 17.5. Внешнее выражение эмоций.;pos;
6294;Правдивость ;0;ИСКРЕННОСТЬ; 17.7. Эмоциональное качество.;pos;
6295;Правдивый ;0;ИСКРЕННОСТЬ; 17.6. Эмоциональная характеризация.;pos;
6299;Празднично ;0;РАДОСТЬ; 30.5. Внешнее выражение эмоций.;pos;
6302;Превознесение ;0;ОДОБРЕНИЕ; 28.5. Внешнее выражение эмоций.;pos;
6303;Превозношение ;0;ОДОБРЕНИЕ; 28.5. Внешнее выражение эмоций.;pos;
6304;Преданно ;0;ВЕРА; 5.1. Эмоциональное состояние.;pos;
6305;Преданно ;0;ВЕРА; 5.5. Внешнее выражение эмоций.;pos;
6306;Преданность ;0;ВЕРА; 5.2. Эмоциональное отношение.;pos;
6307;Преданность ;0;ВЕРА; 5.7. Эмоциональное качество.;pos;
6308;Преданный ;0;ВЕРА; 5.1. Эмоциональное состояние.;pos;
6309;Преданный ;0;ВЕРА; 5.2. Эмоциональное отношение.;pos;
6310;Преданный ;0;ВЕРА; 5.6. Эмоциональная характеризация.;pos;
6311;Предатель ;0;НЕВЕРИЕ; 22.8. Человек как средоточие и носитель эмоций.;neg;
6312;Предательски ;0;НЕВЕРИЕ; 22.5. Внешнее выражение эмоций.;neg;
6313;Предательский ;0;НЕВЕРИЕ; 22.6. Эмоциональная характеризация.;neg;
6314;Предательство ;0;НЕВЕРИЕ; 22.5. Внешнее выражение эмоций.;neg;
6315;Предательство ;0;НЕВЕРИЕ; 22.7. Эмоциональное качество.;neg;
6316;Предвидение ;0;ЧУВСТВО; 39.2. Эмоциональное отношение.;pos;
6317;Предвидеть ;0;ЧУВСТВО; 39.2. Эмоциональное отношение.;pos;
6318;Предвкушать ;0;СЧАСТЬЕ; 36.1. Эмоциональное состояние.;pos;
6319;Предвкушать ;0;СЧАСТЬЕ; 36.2. Эмоциональное отношение.;pos;
6320;Предвкушение ;0;НАДЕЖДА; 20.2. Эмоциональное отношение.;pos;
6321;Предвкушение ;0;СЧАСТЬЕ; 36.2. Эмоциональное отношение.;pos;
6323;Предосторожность ;0;ДОБРОТА; 11.5. Внешнее выражение эмоций.;pos;
6324;Предосудительность ;0;НЕДОВОЛЬСТВО; 23.7. Эмоциональное качество.;neg;
6325;Предосудительный ;0;НЕДОВОЛЬСТВО; 23.6. Эмоциональная характеризация.;neg;
6326;Предосудительный ;0;НЕПРИЯЗНЬ; 25.6. Эмоциональная характеризация.;neg;
6327;Предощущение; высок. ;ЧУВСТВО; 39.2. Эмоциональное отношение.;pos;
6328;Предпочтение ;0;УВАЖЕНИЕ; 37.2. Эмоциональное отношение.;pos;
6329;Предпочтительность ;0;УВАЖЕНИЕ; 37.2. Эмоциональное отношение.;pos;
6330;Предпочтительный ;0;УВАЖЕНИЕ; 37.6. Эмоциональная характеризация.;pos;
6331;Предрасполагать ;0;ЖЕЛАНИЕ; 14.4. Эмоциональное воздействие.;pos;
6332;Предрасположение ;0;ВЛЕЧЕНИЕ; 6.7. Эмоциональное качество.;pos;
6333;Предрасположенность ;0;ВЛЕЧЕНИЕ; 6.2. Эмоциональное отношение.;pos;
6334;Предрасположенность ;0;ВЛЕЧЕНИЕ; 6.7. Эмоциональное качество.;pos;
6335;Предрасположенный ;0;ВЛЕЧЕНИЕ; 6.2. Эмоциональное отношение.;pos;
6336;Представительность ;0;УВАЖЕНИЕ; 37.7. Эмоциональное качество.;pos;
6337;Представительный ;0;УВАЖЕНИЕ; 37.6. Эмоциональная характеризация.;pos;
6339;Предубеждение ;0;НЕПРИЯЗНЬ; 25.2. Эмоциональное отношение.;neg;
6340;Предубежденность ;0;НЕПРИЯЗНЬ; 25.2. Эмоциональное отношение.;neg;
6341;Предубежденность ;0;НЕПРИЯЗНЬ; 25.7. Эмоциональное качество.;neg;
6342;Предубежденный ;0;НЕПРИЯЗНЬ; 25.1. Эмоциональное состояние.;neg;
6343;Предупредительность ;0;ДОБРОТА; 11.5. Внешнее выражение эмоций.;pos;
6344;Предупредительность ;0;ДОБРОТА; 11.7. Эмоциональное качество.;pos;
6345;Предчаяние; устар., книжн. ;ЧУВСТВО; 39.2. Эмоциональное отношение.;pos;
6346;Предчувствие ;0;ЧУВСТВО; 39.2. Эмоциональное отношение.;pos;
6347;Предчувствовать ;0;ЧУВСТВО; 39.2. Эмоциональное отношение.;pos;
6348;Презрение ;0;НЕПРИЯЗНЬ; 25.2. Эмоциональное отношение.;neg;
6349;Презренный ;0;НЕПРИЯЗНЬ; 25.1. Эмоциональное состояние.;neg;
6350;Презренный ;0;НЕПРИЯЗНЬ; 25.4. Эмоциональное воздействие.;neg;
6351;Презренный ;0;НЕПРИЯЗНЬ; 25.6. Эмоциональная характеризация.;neg;
6352;Презрительно ;0;НЕПРИЯЗНЬ; 25.5. Внешнее выражение эмоций.;neg;
6353;Презрительность ;0;НЕПРИЯЗНЬ; 25.2. Эмоциональное отношение.;neg;
6354;Презрительность ;0;НЕПРИЯЗНЬ; 25.7. Эмоциональное качество.;neg;
6355;Презрительный ;0;НЕПРИЯЗНЬ; 25.1. Эмоциональное состояние.;neg;
6356;Презрительный ;0;НЕПРИЯЗНЬ; 25.5. Внешнее выражение эмоций.;neg;
6357;Презрительный ;0;НЕПРИЯЗНЬ; 25.6. Эмоциональная характеризация.;neg;
6358;Презрительный ;0;НЕПРИЯЗНЬ; 25.4. Эмоциональное воздействие.;neg;
6359;Преклонение ;0;УВАЖЕНИЕ; 37.2. Эмоциональное отношение.;pos;
6360;Прекраснодушие ;0;ВДОХНОВЕНИЕ; 4.1. Эмоциональное состояние.;pos;
6361;Прекраснодушие ;0;ВДОХНОВЕНИЕ; 4.7. Эмоциональное качество.;pos;
6362;Прекраснодушие; книжн., ирон. ;ЧУВСТВО; 39.7. Эмоциональное качество.;pos;
6363;Прекраснодушный ;0;ВДОХНОВЕНИЕ; 4.1. Эмоциональное состояние.;pos;
6364;Прекраснодушный ;0;ВДОХНОВЕНИЕ; 4.6. Эмоциональная характеризация.;pos;
6365;Прекраснодушный; книжн. ;ЧУВСТВО; 39.6. Эмоциональная характеризация.;pos;
6366;Прелестник; устар. ;ЛЮБОВЬ; 18.8. Человек как средоточие и носитель эмоций.;pos;
6367;Прелестник; устар. ;ЧУВСТВО; 39.8. Человек как средоточие и носитель эмоций.;pos;
6368;Прелестница; устар. ;ЛЮБОВЬ; 18.8. Человек как средоточие и носитель эмоций.;pos;
6369;Прелестница; устар. ;ЧУВСТВО; 39.8. Человек как средоточие и носитель эмоций.;pos;
6370;Прелестно ;0;ОДОБРЕНИЕ; 28.5. Внешнее выражение эмоций.;pos;
6371;Прелестный ;0;ВЛЕЧЕНИЕ; 6.6. Эмоциональная характеризация.;pos;
6372;Прелестный ;0;ОДОБРЕНИЕ; 28.6. Эмоциональная характеризация.;pos;
6373;Прелесть ;0;ВЛЕЧЕНИЕ; 6.7. Эмоциональное качество.;pos;
6374;Прелесть ;0;ЛЮБОВЬ; 18.1. Эмоциональное состояние.;pos;
6375;Прелесть ;0;ОДОБРЕНИЕ; 28.7. Эмоциональное качество.;pos;
6376;Прельщение; устар. ;ВЛЕЧЕНИЕ; 6.2. Эмоциональное отношение.;pos;
6379;Прельстительный; устар. ;ВЛЕЧЕНИЕ; 6.4. Эмоциональное воздействие.;pos;
6380;Прельстительный; устар. ;ВЛЕЧЕНИЕ; 6.6. Эмоциональная характеризация.;pos;
6381;Прельстительный; устар. ;ЛЮБОВЬ; 18.6. Эмоциональная характеризация.;pos;
6382;Прельстительный; устар. ;ОДОБРЕНИЕ; 28.4. Эмоциональное воздействие.;pos;
6383;Прельстительный; устар. ;ОДОБРЕНИЕ; 28.6. Эмоциональная характеризация.;pos;
6384;Прельститься; сов. ;ЛЮБОВЬ; 18.2. Эмоциональное отношение.;pos;
6386;Прелюбопытный ;0;УДИВЛЕНИЕ; 38.1. Эмоциональное состояние.;pos;
6387;Пренебрежение ;0;ВЫСОКОМЕРИЕ; 8.2. Эмоциональное отношение.;neg;
6388;Пренебрежение ;0;НЕПРИЯЗНЬ; 25.2. Эмоциональное отношение.;neg;
6389;Пренебрежительно ;0;НЕПРИЯЗНЬ; 25.5. Внешнее выражение эмоций.;neg;
6390;Пренебрежительность ;0;ВЫСОКОМЕРИЕ; 8.7. Эмоциональное качество.;neg;
6391;Пренебрежительный ;0;ВЫСОКОМЕРИЕ; 8.1. Эмоциональное состояние.;neg;
6392;Пренебрежительный ;0;НЕПРИЯЗНЬ; 25.1. Эмоциональное состояние.;neg;
6393;Пренебрежительный ;0;НЕПРИЯЗНЬ; 25.6. Эмоциональная характеризация.;neg;
6397;Престиж ;0;УВАЖЕНИЕ; 37.7. Эмоциональное качество.;pos;
6407;Преуспевание ;0;СЧАСТЬЕ; 36.1. Эмоциональное состояние.;pos;
6408;Преуспевающий ;0;СЧАСТЬЕ; 36.6. Эмоциональная характеризация.;pos;
6409;Преуспеяние; устар. ;СЧАСТЬЕ; 36.1. Эмоциональное состояние.;pos;
6411;Приближенность ;0;ДРУЖБА; 12.2. Эмоциональное отношение.;pos;
6412;Приближенный ;0;ДРУЖБА; 12.6. Эмоциональная характеризация.;pos;
6424;Приверженец ;0;ВЕРА; 5.6. Эмоциональная характеризация.;pos;
6425;Приверженность ;0;ВЕРА; 5.2. Эмоциональное отношение.;pos;
6426;Приверженность ;0;ВЕРА; 5.7. Эмоциональное качество.;pos;
6427;Приверженность ;0;ЛЮБОВЬ; 18.2. Эмоциональное отношение.;pos;
6428;Приверженный ;0;ВЕРА; 5.2. Эмоциональное отношение.;pos;
6429;Приверженный ;0;ВЕРА; 5.6. Эмоциональная характеризация.;pos;
6430;Приверженный ;0;ВЛЕЧЕНИЕ; 6.2. Эмоциональное отношение.;pos;
6431;Приверженный ;0;ВЛЕЧЕНИЕ; 6.4. Эмоциональное воздействие.;pos;
6432;Привет ;0;ДРУЖБА; 12.5. Внешнее выражение эмоций.;pos;
6433;Приветить ;0;ДРУЖБА; 12.2. Эмоциональное отношение.;pos;
6434;Приветливо ;0;ЛЮБОВЬ; 18.5. Внешнее выражение эмоций.;pos;
6435;Приветливость ;0;ДРУЖБА; 12.7. Эмоциональное качество.;pos;
6436;Приветливость ;0;ЛЮБОВЬ; 18.7. Эмоциональное качество.;pos;
6437;Приветливый ;0;ДОБРОТА; 11.5. Внешнее выражение эмоций.;pos;
6438;Приветливый ;0;ДОБРОТА; 11.6. Эмоциональная характеризация.;pos;
6439;Приветливый ;0;ДРУЖБА; 12.1. Эмоциональное состояние.;pos;
6440;Приветливый ;0;ДРУЖБА; 12.4. Эмоциональное воздействие.;pos;
6441;Приветливый ;0;ДРУЖБА; 12.6. Эмоциональная характеризация.;pos;
6442;Приветливый ;0;ЛЮБОВЬ; 18.6. Эмоциональная характеризация.;pos;
6443;Приветно; устар. ;ЛЮБОВЬ; 18.5. Внешнее выражение эмоций.;pos;
6444;Приветный; устар. ;ДОБРОТА; 11.5. Внешнее выражение эмоций.;pos;
6445;Приветный; устар. ;ДРУЖБА; 12.1. Эмоциональное состояние.;pos;
6446;Приветный; устар. ;ДРУЖБА; 12.6. Эмоциональная характеризация.;pos;
6447;Приветный; устар. ;ЛЮБОВЬ; 18.5. Внешнее выражение эмоций.;pos;
6448;Приветствовать ;0;ДРУЖБА; 12.5. Внешнее выражение эмоций.;pos;
6449;Приветствовать ;0;ОДОБРЕНИЕ; 28.5. Внешнее выражение эмоций.;pos;
6450;Привлекательно ;0;ВЛЕЧЕНИЕ; 6.4. Эмоциональное воздействие.;pos;
6451;Привлекательно ;0;ОДОБРЕНИЕ; 28.5. Внешнее выражение эмоций.;pos;
6452;Привлекательность ;0;ВЛЕЧЕНИЕ; 6.7. Эмоциональное качество.;pos;
6453;Привлекательный ;0;ВЛЕЧЕНИЕ; 6.4. Эмоциональное воздействие.;pos;
6454;Привлекательный ;0;ВЛЕЧЕНИЕ; 6.6. Эмоциональная характеризация.;pos;
6455;Привлекательный ;0;ЛЮБОПЫТСТВО; 19.4. Эмоциональное воздействие.;pos;
6456;Привлекательный ;0;ОДОБРЕНИЕ; 28.6. Эмоциональная характеризация.;pos;
6457;Привлекающий ;0;ВЛЕЧЕНИЕ; 6.4. Эмоциональное воздействие.;pos;
6458;Привлекающий ;0;ОДОБРЕНИЕ; 28.2. Эмоциональное отношение.;pos;
6459;Приворотить; сов. ;ЛЮБОВЬ; 18.4. Эмоциональное воздействие.;pos;
6463;Привязанность ;0;ЛЮБОВЬ; 18.2. Эмоциональное отношение.;pos;
6464;Привязанность ;0;ЛЮБОВЬ; 18.6. Эмоциональная характеризация.;pos;
6465;Привязанность ;0;ЛЮБОВЬ; 18.8. Человек как средоточие и носитель эмоций.;pos;
6466;Привязанный ;0;ЛЮБОВЬ; 18.2. Эмоциональное отношение.;pos;
6476;Пригорюниться; сов., разг. ;ГРУСТЬ; 10.3. Становление эмоционального состояния и отношения.;neg;
6477;Пригрозить; сов. ;СТРАХ; 34.4. Эмоциональное воздействие.;neg;
6478;Пригрозить; сов. ;СТРАХ; 34.5. Внешнее выражение эмоций.;neg;
6483;Придира ;0;НЕПРИЯЗНЬ; 25.8. Человек как средоточие и носитель эмоций.;neg;
6484;Придирка ;0;НЕПРИЯЗНЬ; 25.5. Внешнее выражение эмоций.;neg;
6485;Придирки ;0;НЕДОВОЛЬСТВО; 23.5. Внешнее выражение эмоций.;neg;
6486;Придирчивость ;0;НАСТОЙЧИВОСТЬ; 21.7. Эмоциональное качество.;pos;
6487;Придирчивость ;0;НЕПРИЯЗНЬ; 25.7. Эмоциональное качество.;neg;
6488;Придирчивый ;0;НАСТОЙЧИВОСТЬ; 21.2. Эмоциональное отношение.;pos;
6489;Придирчивый ;0;НАСТОЙЧИВОСТЬ; 21.6. Эмоциональная характеризация.;pos;
6490;Придирчивый ;0;НЕПРИЯЗНЬ; 25.6. Эмоциональная характеризация.;neg;
6491;Придуриваться; разг.-сниж. ;НЕИСКРЕННОСТЬ; 24.5. Внешнее выражение эмоций.;neg;
6492;Признание ;0;ОДОБРЕНИЕ; 28.2. Эмоциональное отношение.;pos;
6493;Признание ;0;УВАЖЕНИЕ; 37.2. Эмоциональное отношение.;pos;
6494;Признанность ;0;УВАЖЕНИЕ; 37.7. Эмоциональное качество.;pos;
6495;Признанный ;0;УВАЖЕНИЕ; 37.2. Эмоциональное отношение.;pos;
6496;Признанный ;0;УВАЖЕНИЕ; 37.6. Эмоциональная характеризация.;pos;
6497;Признательность ;0;ДОБРОТА; 11.1. Эмоциональное состояние.;pos;
6498;Признательный ;0;ДОБРОТА; 11.1. Эмоциональное состояние.;pos;
6499;Признательный ;0;ДОБРОТА; 11.5. Внешнее выражение эмоций.;pos;
6500;Признательный ;0;УВАЖЕНИЕ; 37.2. Эмоциональное отношение.;pos;
6501;Признательный ;0;УВАЖЕНИЕ; 37.6. Эмоциональная характеризация.;pos;
6502;Призрачно ;0;НАДЕЖДА; 20.5. Внешнее выражение эмоций.;pos;
6503;Призрачность ;0;ЖЕЛАНИЕ; 14.7. Эмоциональное качество.;pos;
6504;Призрачность ;0;НАДЕЖДА; 20.7. Эмоциональное качество.;pos;
6505;Призрачный ;0;ЖЕЛАНИЕ; 14.6. Эмоциональная характеризация.;pos;
6506;Призрачный ;0;НАДЕЖДА; 20.6. Эмоциональная характеризация.;pos;
6507;Призрение ;0;ДОБРОТА; 11.2. Эмоциональное отношение.;pos;
6509;Прикрывать; разг. ;ДОБРОТА; 11.2. Эмоциональное отношение.;pos;
6510;Прикрытие; роза. ;ДОБРОТА; 11.2. Эмоциональное отношение.;pos;
6511;Прилакомить; сов., устар., разг.-сниж. ;ВЛЕЧЕНИЕ; 6.4. Эмоциональное воздействие.;pos;
6512;Приласкаться ;0;ЛЮБОВЬ; 18.5. Внешнее выражение эмоций.;pos;
6513;Приластиться ;0;ЛЮБОВЬ; 18.5. Внешнее выражение эмоций.;pos;
6519;Приличие ;0;ОДОБРЕНИЕ; 28.7. Эмоциональное качество.;pos;
6520;Прилично ;0;ОДОБРЕНИЕ; 28.5. Внешнее выражение эмоций.;pos;
6521;Приличный ;0;ОДОБРЕНИЕ; 28.6. Эмоциональная характеризация.;pos;
6526;Приманчивый; устар. ;ВЛЕЧЕНИЕ; 6.4. Эмоциональное воздействие.;pos;
6527;Приметный ;0;ВЛЕЧЕНИЕ; 6.4. Эмоциональное воздействие.;pos;
6528;Приметный ;0;ЛЮБОПЫТСТВО; 19.4. Эмоциональное воздействие.;pos;
6529;Примечательный ;0;ЛЮБОПЫТСТВО; 19.4. Эмоциональное воздействие.;pos;
6530;Примечательный ;0;УДИВЛЕНИЕ; 38.6. Эмоциональная характеризация.;pos;
6531;Примиренность ;0;СПОКОЙСТВИЕ; 33.1. Эмоциональное состояние.;pos;
6532;Примиренный ;0;СПОКОЙСТВИЕ; 33.6. Эмоциональная характеризация.;pos;
6533;Примирительность ;0;ДРУЖБА; 12.7. Эмоциональное качество.;pos;
6534;Примирительность ;0;СПОКОЙСТВИЕ; 33.7. Эмоциональное качество.;pos;
6535;Примирительный ;0;ДРУЖБА; 12.6. Эмоциональная характеризация.;pos;
6536;Примиряющий ;0;СПОКОЙСТВИЕ; 33.2. Эмоциональное отношение.;pos;
6537;Примитивный ;0;ЖЕСТОКОСТЬ; 15.6. Эмоциональная характеризация.;neg;
6539;Приниженно ;0;ОБИДА; 26.5. Внешнее выражение эмоций.;neg;
6540;Приниженность ;0;ОБИДА; 26.1. Эмоциональное состояние.;neg;
6541;Приниженность ;0;ОБИДА; 26.7. Эмоциональное качество.;neg;
6546;Принужденно ;0;НЕИСКРЕННОСТЬ; 24.5. Внешнее выражение эмоций.;neg;
6547;Принужденность ;0;НЕИСКРЕННОСТЬ; 24.7. Эмоциональное качество.;neg;
6550;Приобвыкнуть; сов. ;ЛЮБОВЬ; 18.2. Эмоциональное отношение.;pos;
6551;Приохотить; сов., разг. ;ВЛЕЧЕНИЕ; 6.4. Эмоциональное воздействие.;pos;
6552;Приохотить; сов., разг. ;ЛЮБОВЬ; 18.4. Эмоциональное воздействие.;pos;
6553;Приохотиться; сов., разг. ;ВЛЕЧЕНИЕ; 6.3. Становление эмоционального состояния и отношения.;pos;
6554;Приохотиться; сов., разг. ;ЛЮБОВЬ; 18.3. Становление эмоционального состояния и отношения.;pos;
6555;Припеваючи ;0;РАДОСТЬ; 30.5. Внешнее выражение эмоций.;pos;
6566;Припомнить; сов., разг. ;ЖЕСТОКОСТЬ; 15.2. Эмоциональное отношение.;neg;
6567;Припугнуть; сов., разг. ;СТРАХ; 34.4. Эмоциональное воздействие.;neg;
6568;Приревновать; сов. ;СОМНЕНИЕ; 32.2. Эмоциональное отношение.;neg;
6572;Прискорбие; устар. ;ГОРЕ; 9.1. Эмоциональное состояние.;neg;
6573;Прискорбно ;0;ГОРЕ; 9.1. Эмоциональное состояние.;neg;
6574;Прискорбно ;0;ОБИДА; 26.1. Эмоциональное состояние.;neg;
6575;Прискорбность; устар. ;ОБИДА; 26.7. Эмоциональное качество.;neg;
6576;Прискорбный ;0;ГОРЕ; 9.4. Эмоциональное воздействие.;neg;
6577;Прискорбный ;0;ГОРЕ; 9.5. Внешнее выражение эмоций.;neg;
6578;Прискорбный ;0;ГРУСТЬ; 10.5. Внешнее выражение эмоций.;neg;
6579;Прискорбный ;0;ОБИДА; 26.6. Эмоциональная характеризация.;neg;
6580;Присмиреть; сов. ;СМИРЕНИЕ; 31.3. Становление эмоционального состояния и отношения.;pos;
6581;Присмиреть; сов. ;СПОКОЙСТВИЕ; 33.3. Становление эмоционального состояния и отношения.;pos;
6584;Приставучий; разг.-сниж. ;ГРУСТЬ; 10.6. Эмоциональная характеризация.;neg;
6586;Пристойно ;0;ОДОБРЕНИЕ; 28.5. Внешнее выражение эмоций.;pos;
6587;Пристойность ;0;ОДОБРЕНИЕ; 28.7. Эмоциональное качество.;pos;
6588;Пристойный ;0;ОДОБРЕНИЕ; 28.6. Эмоциональная характеризация.;pos;
6589;Пристрастие ;0;ВЛЕЧЕНИЕ; 6.1. Эмоциональное состояние.;pos;
6590;Пристрастие ;0;ВЛЕЧЕНИЕ; 6.2. Эмоциональное отношение.;pos;
6591;Пристрастие ;0;ЛЮБОВЬ; 18.2. Эмоциональное отношение.;pos;
6592;Пристрастить; сов. ;ВЛЕЧЕНИЕ; 6.4. Эмоциональное воздействие.;pos;
6593;Пристрастить; сов. ;ЛЮБОВЬ; 18.4. Эмоциональное воздействие.;pos;
6594;Пристраститься; сов. ;ВЛЕЧЕНИЕ; 6.3. Становление эмоционального состояния и отношения.;pos;
6595;Пристраститься; сов., разг. ;ЛЮБОВЬ; 18.3. Становление эмоционального состояния и отношения.;pos;
6596;Пристрастный ;0;ВЛЕЧЕНИЕ; 6.2. Эмоциональное отношение.;pos;
6597;Пристрастный ;0;ВЛЕЧЕНИЕ; 6.4. Эмоциональное воздействие.;pos;
6598;Пристыженный ;0;СТЫД; 35.4. Эмоциональное воздействие.;neg;
6600;Притвора; разг. ;НЕИСКРЕННОСТЬ; 24.8. Человек как средоточие и носитель эмоций.;neg;
6601;Притворность ;0;НЕИСКРЕННОСТЬ; 24.7. Эмоциональное качество.;neg;
6602;Притворный ;0;НЕИСКРЕННОСТЬ; 24.5. Внешнее выражение эмоций.;neg;
6603;Притворный ;0;НЕИСКРЕННОСТЬ; 24.6. Эмоциональная характеризация.;neg;
6604;Притворство ;0;НЕИСКРЕННОСТЬ; 24.5. Внешнее выражение эмоций.;neg;
6605;Притворство ;0;НЕИСКРЕННОСТЬ; 24.7. Эмоциональное качество.;neg;
6606;Притворствовать ;0;НЕИСКРЕННОСТЬ; 24.5. Внешнее выражение эмоций.;neg;
6607;Притворщик ;0;НЕИСКРЕННОСТЬ; 24.8. Человек как средоточие и носитель эмоций.;neg;
6608;Притворщица ;0;НЕИСКРЕННОСТЬ; 24.8. Человек как средоточие и носитель эмоций.;neg;
6609;Притворяшка; разг. ;НЕИСКРЕННОСТЬ; 24.8. Человек как средоточие и носитель эмоций.;neg;
6619;Притягательность ;0;ВЛЕЧЕНИЕ; 6.7. Эмоциональное качество.;pos;
6623;Притягивающий ;0;ВЛЕЧЕНИЕ; 6.4. Эмоциональное воздействие.;pos;
6624;Притягивающий ;0;ОДОБРЕНИЕ; 28.2. Эмоциональное отношение.;pos;
6625;Притязание ;0;ЖЕЛАНИЕ; 14.1. Эмоциональное состояние.;pos;
6626;Прихотливость ;0;ЖЕЛАНИЕ; 14.7. Эмоциональное качество.;pos;
6627;Прихотливость ;0;НАДЕЖДА; 20.7. Эмоциональное качество.;pos;
6628;Прихотливый ;0;ЖЕЛАНИЕ; 14.6. Эмоциональная характеризация.;pos;
6633;Причитать ;0;ГОРЕ; 9.5. Внешнее выражение эмоций.;neg;
6634;Причуда ;0;ЖЕЛАНИЕ; 14.1. Эмоциональное состояние.;pos;
6635;Причудливость ;0;УДИВЛЕНИЕ; 38.7. Эмоциональное качество.;pos;
6636;Причудливый ;0;УДИВЛЕНИЕ; 38.1. Эмоциональное состояние.;pos;
6637;Причудливый ;0;УДИВЛЕНИЕ; 38.6. Эмоциональная характеризация.;pos;
6638;Причудник; устар. ;НАДЕЖДА; 20.8. Человек как средоточие и носитель эмоций.;pos;
6639;Причудница; устар. ;НАДЕЖДА; 20.8. Человек как средоточие и носитель эмоций.;pos;
6646;Приязненно; устар. ;ДОБРОТА; 11.5. Внешнее выражение эмоций.;pos;
6647;Приязненность; устар. ;ОДОБРЕНИЕ; 28.7. Эмоциональное качество.;pos;
6648;Приязненный; устар. ;ДОБРОТА; 11.2. Эмоциональное отношение.;pos;
6649;Приязненный; устар. ;ДОБРОТА; 11.6. Эмоциональная характеризация.;pos;
6650;Приязненный; устар. ;ДРУЖБА; 12.1. Эмоциональное состояние.;pos;
6651;Приязненный; устар. ;ДРУЖБА; 12.6. Эмоциональная характеризация.;pos;
6652;Приязненный; устар. ;ОДОБРЕНИЕ; 28.6. Эмоциональная характеризация.;pos;
6653;Приязнь ;0;ДОБРОТА; 11.5. Внешнее выражение эмоций.;pos;
6654;Приязнь ;0;ДРУЖБА; 12.2. Эмоциональное отношение.;pos;
6655;Приятель ;0;ДРУЖБА; 12.8. Человек как средоточие и носитель эмоций.;pos;
6656;Приятельский ;0;ДРУЖБА; 12.2. Эмоциональное отношение.;pos;
6657;Приятельский ;0;ДРУЖБА; 12.6. Эмоциональная характеризация.;pos;
6658;Приятельство; разг. ;ДРУЖБА; 12.2. Эмоциональное отношение.;pos;
6659;Приятельствовать ;0;ДРУЖБА; 12.2. Эмоциональное отношение.;pos;
6660;Приятно ;0;СЧАСТЬЕ; 36.1. Эмоциональное состояние.;pos;
6661;Приятность ;0;СЧАСТЬЕ; 36.1. Эмоциональное состояние.;pos;
6662;Приятность ;0;СЧАСТЬЕ; 36.7. Эмоциональное качество.;pos;
6663;Приятный ;0;ВЛЕЧЕНИЕ; 6.6. Эмоциональная характеризация.;pos;
6664;Приятный ;0;ЛЮБОВЬ; 18.4. Эмоциональное воздействие.;pos;
6665;Приятный ;0;ЛЮБОВЬ; 18.6. Эмоциональная характеризация.;pos;
6666;Приятный ;0;ОДОБРЕНИЕ; 28.6. Эмоциональная характеризация.;pos;
6667;Приятный ;0;СЧАСТЬЕ; 36.4. Эмоциональное воздействие.;pos;
6668;Приятственный. разг.-сниж. ;0;СЧАСТЬЕ; 36.6. Эмоциональная характеризация.;pos;
6673;Пробрюзжать ;0;НЕДОВОЛЬСТВО; 23.5. Внешнее выражение эмоций.;neg;
6675;Пробурчать ;0;НЕДОВОЛЬСТВО; 23.5. Внешнее выражение эмоций.;neg;
6676;Проверенный ;0;ВЕРА; 5.6. Эмоциональная характеризация.;pos;
6678;Провещать ;0;ВЫСОКОМЕРИЕ; 8.5. Внешнее выражение эмоций.;neg;
6679;Провидение; высок. ;ЧУВСТВО; 39.7. Эмоциональное качество.;pos;
6680;Провидеть; высок. ;ЧУВСТВО; 39.2. Эмоциональное отношение.;pos;
6685;Проворчать ;0;НЕДОВОЛЬСТВО; 23.5. Внешнее выражение эмоций.;neg;
6686;Прогневать; сов., устар. ;ЗЛОСТЬ; 16.4. Эмоциональное воздействие.;neg;
6687;Прогневаться; сов. ;ЗЛОСТЬ; 16.3. Становление эмоционального состояния и отношения.;neg;
6688;Прогневаться; сов. ;НЕДОВОЛЬСТВО; 23.1. Эмоциональное состояние.;neg;
6697;Прозорливость ;0;ЧУВСТВО; 39.7. Эмоциональное качество.;pos;
6698;Прозрение ;0;ЧУВСТВО; 39.7. Эмоциональное качество.;pos;
6700;Произволение; устар. ;НАДЕЖДА; 20.2. Эмоциональное отношение.;pos;
6707;Проклятие ;0;ГОРЕ; 9.6. Эмоциональная характеризация.;neg;
6708;Проклятие ;0;ЗЛОСТЬ; 16.5. Внешнее выражение эмоций.;neg;
6709;Проклятие ;0;НЕПРИЯЗНЬ; 25.5. Внешнее выражение эмоций.;neg;
6710;Проклятущий; разг., бран. ;НЕДОВОЛЬСТВО; 23.6. Эмоциональная характеризация.;neg;
6711;Проклятущий; разг., бран. ;НЕПРИЯЗНЬ; 25.6. Эмоциональная характеризация.;neg;
6712;Проклятый ;0;НЕДОВОЛЬСТВО; 23.6. Эмоциональная характеризация.;neg;
6713;Проклятый ;0;НЕПРИЯЗНЬ; 25.6. Эмоциональная характеризация.;neg;
6714;Пролюбить; сов. ;ЛЮБОВЬ; 18.2. Эмоциональное отношение.;pos;
6716;Промаяться; сов. ;ГОРЕ; 9.1. Эмоциональное состояние.;neg;
6717;Промаячить; сов. ;ГОРЕ; 9.1. Эмоциональное состояние.;neg;
6723;Проникновенно ;0;ЧУВСТВО; 39.5. Внешнее выражение эмоций.;pos;
6724;Проникновенность ;0;ИСКРЕННОСТЬ; 17.7. Эмоциональное качество.;pos;
6728;Проныть; сов. ;ЖАЛОСТЬ; 13.5. Внешнее выражение эмоций.;neg;
6729;Проплакать; сов. ;ГОРЕ; 9.5. Внешнее выражение эмоций.;neg;
6730;Проплакаться; сов. ;ГОРЕ; 9.5. Внешнее выражение эмоций.;neg;
6731;Прореагировать; сов. ;ДОБРОТА; 11.2. Эмоциональное отношение.;pos;
6741;Прослезиться ;0;ГОРЕ; 9.5. Внешнее выражение эмоций.;neg;
6744;Простецкий; разг. ;ИСКРЕННОСТЬ; 17.6. Эмоциональная характеризация.;pos;
6746;Просто ;0;ИСКРЕННОСТЬ; 17.5. Внешнее выражение эмоций.;pos;
6751;Простодушие ;0;ИСКРЕННОСТЬ; 17.7. Эмоциональное качество.;pos;
6752;Простодушие ;0;СМИРЕНИЕ; 31.7. Эмоциональное качество.;pos;
6753;Простодушно ;0;ИСКРЕННОСТЬ; 17.5. Внешнее выражение эмоций.;pos;
6754;Простодушность ;0;ИСКРЕННОСТЬ; 17.7. Эмоциональное качество.;pos;
6755;Простодушный ;0;ВЕРА; 5.6. Эмоциональная характеризация.;pos;
6756;Простодушный ;0;ИСКРЕННОСТЬ; 17.1. Эмоциональное состояние.;pos;
6757;Простодушный ;0;ИСКРЕННОСТЬ; 17.6. Эмоциональная характеризация.;pos;
6758;Простодушный ;0;СМИРЕНИЕ; 31.6. Эмоциональная характеризация.;pos;
6764;Простосердечие ;0;ДОБРОТА; 11.7. Эмоциональное качество.;pos;
6765;Простосердечие ;0;ИСКРЕННОСТЬ; 17.7. Эмоциональное качество.;pos;
6766;Простосердечно ;0;ИСКРЕННОСТЬ; 17.5. Внешнее выражение эмоций.;pos;
6767;Простосердечность ;0;ИСКРЕННОСТЬ; 17.7. Эмоциональное качество.;pos;
6768;Простосердечность ;0;СМИРЕНИЕ; 31.7. Эмоциональное качество.;pos;
6769;Простосердечный ;0;ДОБРОТА; 11.5. Внешнее выражение эмоций.;pos;
6770;Простосердечный ;0;ДОБРОТА; 11.6. Эмоциональная характеризация.;pos;
6771;Простосердечный ;0;ИСКРЕННОСТЬ; 17.6. Эмоциональная характеризация.;pos;
6772;Простосердечный ;0;СМИРЕНИЕ; 31.6. Эмоциональная характеризация.;pos;
6774;Прострация; книжн. ;ГРУСТЬ; 10.1. Эмоциональное состояние.;neg;
6775;Прострация; книжн. ;РАВНОДУШИЕ; 29.1. Эмоциональное состояние.;neg;
6780;Простяга ;0;ИСКРЕННОСТЬ; 17.8. Человек как средоточие и носитель эмоций.;pos;
6781;Протеже ;0;ДОБРОТА; 11.8. Человек как средоточие и носитель эмоций.;pos;
6782;Протежировать; книжн. ;ДОБРОТА; 11.2. Эмоциональное отношение.;pos;
6784;Протекция ;0;ДОБРОТА; 11.2. Эмоциональное отношение.;pos;
6785;Протерпеть; сов. ;СМИРЕНИЕ; 31.2. Эмоциональное отношение.;pos;
6788;Противник ;0;НЕПРИЯЗНЬ; 25.8. Человек как средоточие и носитель эмоций.;neg;
6789;Противно ;0;НЕПРИЯЗНЬ; 25.1. Эмоциональное состояние.;neg;
6790;Противный ;0;НЕПРИЯЗНЬ; 25.6. Эмоциональная характеризация.;neg;
6791;Протомить; сов. ;ГРУСТЬ; 10.4. Эмоциональное воздействие.;neg;
6792;Профанация ;0;ЖЕСТОКОСТЬ; 15.5. Внешнее выражение эмоций.;neg;
6793;Профанирование ;0;ЖЕСТОКОСТЬ; 15.5. Внешнее выражение эмоций.;neg;
6794;Профанировать; несов. и сов., книжн. ;ЖЕСТОКОСТЬ; 15.5. Внешнее выражение эмоций.;neg;
6801;Прочувствованно ;0;ЧУВСТВО; 39.5. Внешнее выражение эмоций.;pos;
6805;Пруха; разг.-сниж., груб. ;СЧАСТЬЕ; 36.1. Эмоциональное состояние.;pos;
6809;Прямодушие ;0;ИСКРЕННОСТЬ; 17.7. Эмоциональное качество.;pos;
6810;Прямодушный ;0;ИСКРЕННОСТЬ; 17.1. Эмоциональное состояние.;pos;
6811;Прямодушный ;0;ИСКРЕННОСТЬ; 17.5. Внешнее выражение эмоций.;pos;
6812;Прямодушный ;0;ИСКРЕННОСТЬ; 17.6. Эмоциональная характеризация.;pos;
6816;Прямота ;0;ИСКРЕННОСТЬ; 17.7. Эмоциональное качество.;pos;
6817;Психануть; сов., разг. ;НЕДОВОЛЬСТВО; 23.3. Становление эмоционального состояния и отношения.;neg;
6818;Психастения ;0;СОМНЕНИЕ; 32.1. Эмоциональное состояние.;neg;
6819;Психованный; разг.-сниж. ;БЕСПОКОЙСТВО; 1.5. Внешнее выражение эмоций.;neg;
6820;Психованный; разг.-сниж. ;БЕСПОКОЙСТВО; 1.6. Эмоциональная характеризация.;neg;
6821;Психовать; разг. ;НЕДОВОЛЬСТВО; 23.1. Эмоциональное состояние.;neg;
6825;Пугануть; сов., разг.-сниж. ;СТРАХ; 34.4. Эмоциональное воздействие.;neg;
6826;Пуганый; разг. ;СТРАХ; 34.6. Эмоциональная характеризация.;neg;
6827;Пугающий ;0;СТРАХ; 34.4. Эмоциональное воздействие.;neg;
6828;Пугливость ;0;СТРАХ; 34.7. Эмоциональное качество.;neg;
6829;Пугливый ;0;СТРАХ; 34.6. Эмоциональная характеризация.;neg;
6830;Пугнуть; сов. ;СТРАХ; 34.4. Эмоциональное воздействие.;neg;
6832;Пунктик; разг., шутл. ;ВЛЕЧЕНИЕ; 6.1. Эмоциональное состояние.;pos;
6836;Путать; разг. ;ВЛЕЧЕНИЕ; 6.4. Эмоциональное воздействие.;pos;
6858;Пытливо; разг. ;УДИВЛЕНИЕ; 38.5. Внешнее выражение эмоций.;pos;
6859;Пытливость ;0;ЛЮБОПЫТСТВО; 19.7. Эмоциональное качество.;pos;
6860;Пытливость ;0;УДИВЛЕНИЕ; 38.7. Эмоциональное качество.;pos;
6861;Пытливый ;0;ЛЮБОПЫТСТВО; 19.1. Эмоциональное состояние.;pos;
6862;Пытливый ;0;ЛЮБОПЫТСТВО; 19.6. Эмоциональная характеризация.;pos;
6863;Пытливый ;0;УДИВЛЕНИЕ; 38.6. Эмоциональная характеризация.;pos;
6864;Пышный ;0;ВЫСОКОМЕРИЕ; 8.5. Внешнее выражение эмоций.;neg;
6873;Равнодушие ;0;ГРУСТЬ; 10.7. Эмоциональное качество.;neg;
6874;Равнодушие ;0;РАВНОДУШИЕ; 29.1. Эмоциональное состояние.;neg;
6875;Равнодушие ;0;РАВНОДУШИЕ; 29.2. Эмоциональное отношение.;neg;
6876;Равнодушие ;0;РАВНОДУШИЕ; 29.7. Эмоциональное качество.;neg;
6877;Равнодушно ;0;РАВНОДУШИЕ; 29.5. Внешнее выражение эмоций.;neg;
6878;Равнодушный ;0;РАВНОДУШИЕ; 29.1. Эмоциональное состояние.;neg;
6879;Равнодушный ;0;РАВНОДУШИЕ; 29.5. Внешнее выражение эмоций.;neg;
6880;Равнодушный ;0;РАВНОДУШИЕ; 29.6. Эмоциональная характеризация.;neg;
6881;Рад ;0;ЖЕЛАНИЕ; 14.1. Эмоциональное состояние.;pos;
6882;Рад ;0;РАДОСТЬ; 30.1. Эмоциональное состояние.;pos;
6883;Радетель; устар. ;ДОБРОТА; 11.8. Человек как средоточие и носитель эмоций.;pos;
6884;Радетельница; устар. ;ДОБРОТА; 11.8. Человек как средоточие и носитель эмоций.;pos;
6885;Радетельный; устар. ;ДОБРОТА; 11.2. Эмоциональное отношение.;pos;
6886;Радетельный; устар. ;ДОБРОТА; 11.6. Эмоциональная характеризация.;pos;
6887;Радеть; разг. ;ДОБРОТА; 11.2. Эмоциональное отношение.;pos;
6888;Радостно ;0;РАДОСТЬ; 30.1. Эмоциональное состояние.;pos;
6889;Радостно ;0;РАДОСТЬ; 30.5. Внешнее выражение эмоций.;pos;
6890;Радостный ;0;РАДОСТЬ; 30.1. Эмоциональное состояние.;pos;
6891;Радостный ;0;РАДОСТЬ; 30.5. Внешнее выражение эмоций.;pos;
6892;Радостный ;0;РАДОСТЬ; 30.6. Эмоциональная характеризация.;pos;
6893;Радость ;0;РАДОСТЬ; 30.1. Эмоциональное состояние.;pos;
6895;Радушие ;0;ДОБРОТА; 11.5. Внешнее выражение эмоций.;pos;
6896;Радушие ;0;ДОБРОТА; 11.7. Эмоциональное качество.;pos;
6897;Радушно ;0;ДОБРОТА; 11.5. Внешнее выражение эмоций.;pos;
6898;Радушный ;0;ДОБРОТА; 11.1. Эмоциональное состояние.;pos;
6899;Радушный ;0;ДОБРОТА; 11.5. Внешнее выражение эмоций.;pos;
6900;Радушный ;0;ДОБРОТА; 11.6. Эмоциональная характеризация.;pos;
6901;Раж; разг. ;БЕСПОКОЙСТВО; 1.1. Эмоциональное состояние отношения.;neg;
6904;Разбитной ;0;РАДОСТЬ; 30.6. Эмоциональная характеризация.;pos;
6905;Разборчивость ;0;ЖЕЛАНИЕ; 14.7. Эмоциональное качество.;pos;
6906;Разборчивый ;0;ЖЕЛАНИЕ; 14.6. Эмоциональная характеризация.;pos;
6907;Разбраниться; сов. ;НЕПРИЯЗНЬ; 25.5. Внешнее выражение эмоций.;neg;
6912;Развеселить; сов. ;РАДОСТЬ; 30.4. Эмоциональное воздействие.;pos;
6913;Развеселиться; сов. ;РАДОСТЬ; 30.3. Становление эмоционального состояния и отношения.;pos;
6914;Развеселый; разг. ;РАДОСТЬ; 30.1. Эмоциональное состояние.;pos;
6915;Развеселый; разг. ;РАДОСТЬ; 30.6. Эмоциональная характеризация.;pos;
6918;Развлечение ;0;РАДОСТЬ; 30.1. Эмоциональное состояние.;pos;
6919;Развлечение ;0;РАДОСТЬ; 30.4. Эмоциональное воздействие.;pos;
6920;Развоеваться; сов. ;ЗЛОСТЬ; 16.5. Внешнее выражение эмоций.;neg;
6921;Развоеваться; сов., разг. ;НЕДОВОЛЬСТВО; 23.3. Становление эмоционального состояния и отношения.;neg;
6922;Разволновать; сов. ;БЕСПОКОЙСТВО; 1.4. Эмоциональное воздействие.;neg;
6923;Разволноваться; сов. ;БЕСПОКОЙСТВО; 1.3. Становление эмоционального состояния и отношения.;neg;
6924;Развыться; сов. ;ГОРЕ; 9.5. Внешнее выражение эмоций.;neg;
6925;Развязно ;0;БЕССТЫДСТВО; 3.5. Внешнее выражение эмоций.;neg;
6926;Развязность ;0;БЕССТЫДСТВО; 3.7. Эмоциональное качество.;neg;
6927;Развязность ;0;ВЫСОКОМЕРИЕ; 8.7. Эмоциональное качество.;neg;
6928;Развязный ;0;БЕССТЫДСТВО; 3.5. Внешнее выражение эмоций.;neg;
6929;Развязный ;0;БЕССТЫДСТВО; 3.6. Эмоциональная характеризация.;neg;
6930;Развязный ;0;ВЫСОКОМЕРИЕ; 8.5. Внешнее выражение эмоций.;neg;
6931;Развязный ;0;ВЫСОКОМЕРИЕ; 8.6. Эмоциональная характеризация.;neg;
6932;Разгневанно ;0;ЗЛОСТЬ; 16.5. Внешнее выражение эмоций.;neg;
6933;Разгневанный ;0;ЗЛОСТЬ; 16.1. Эмоциональное состояние.;neg;
6934;Разгневать; сов. ;ЗЛОСТЬ; 16.4. Эмоциональное воздействие.;neg;
6935;Разгневаться ;0;ЗЛОСТЬ; 16.3. Становление эмоционального состояния и отношения.;neg;
6941;Разгромность; разг. ;НЕДОВОЛЬСТВО; 23.7. Эмоциональное качество.;neg;
6942;Разгромный; разг. ;НЕДОВОЛЬСТВО; 23.6. Эмоциональная характеризация.;neg;
6947;Разделенный ;0;ЛЮБОВЬ; 18.6. Эмоциональная характеризация.;pos;
6948;Раздерганный; верен. ;БЕСПОКОЙСТВО; 1.6. Эмоциональная характеризация.;neg;
6949;Раздирательный; устар. ;ГОРЕ; 9.4. Эмоциональное воздействие.;neg;
6950;Раздирательный; устар. ;ГОРЕ; 9.5. Внешнее выражение эмоций.;neg;
6951;Раздирательный; устар. ;СТРАХ; 34.4. Эмоциональное воздействие.;neg;
6952;Раздирательный; устар. ;СТРАХ; 34.6. Эмоциональная характеризация.;neg;
6953;Раздирать; верен. ;ГОРЕ; 9.4. Эмоциональное воздействие.;neg;
6954;Раздирать; верен. ;СОМНЕНИЕ; 32.4. Эмоциональное воздействие.;neg;
6955;Раздирающий ;0;ГОРЕ; 9.4. Эмоциональное воздействие.;neg;
6956;Раздирающий ;0;ГОРЕ; 9.5. Внешнее выражение эмоций.;neg;
6957;Раздирающий ;0;ГОРЕ; 9.6. Эмоциональная характеризация.;neg;
6958;Раздор; верен. ;ВРАЖДА; 7.1. Эмоциональное состояние.;neg;
6960;Раздосадованный ;0;ГРУСТЬ; 10.1. Эмоциональное состояние.;neg;
6961;Раздосадованный ;0;ГРУСТЬ; 10.5. Внешнее выражение эмоций.;neg;
6962;Раздосадованный ;0;НЕДОВОЛЬСТВО; 23.6. Эмоциональная характеризация.;neg;
6963;Раздосадовать; сов. ;ГРУСТЬ; 10.4. Эмоциональное воздействие.;neg;
6964;Раздосадовать; сов. ;НЕДОВОЛЬСТВО; 23.4. Эмоциональное воздействие.;neg;
6965;Раздосадоваться; сов. ;ГРУСТЬ; 10.3. Становление эмоционального состояния и отношения.;neg;
6966;Раздосадоваться; сов. ;ЗЛОСТЬ; 16.3. Становление эмоционального состояния и отношения.;neg;
6967;Раздражающий ;0;ЗЛОСТЬ; 16.4. Эмоциональное воздействие.;neg;
6968;Раздражение ;0;БЕСПОКОЙСТВО; 1.1. Эмоциональное состояние.;neg;
6969;Раздражение ;0;ЗЛОСТЬ; 16.1. Эмоциональное состояние.;neg;
6970;Раздражение ;0;НЕДОВОЛЬСТВО; 23.1. Эмоциональное состояние.;neg;
6971;Раздражение ;0;НЕДОВОЛЬСТВО; 23.2. Эмоциональное отношение.;neg;
6972;Раздраженно ;0;ЗЛОСТЬ; 16.5. Внешнее выражение эмоций.;neg;
6973;Раздраженно ;0;НЕДОВОЛЬСТВО; 23.5. Внешнее выражение эмоций.;neg;
6974;Раздраженность ;0;БЕСПОКОЙСТВО; 1.7. Эмоциональное качество.;neg;
6975;Раздраженность ;0;ЗЛОСТЬ; 16.7. Эмоциональное качество.;neg;
6976;Раздраженность ;0;НЕДОВОЛЬСТВО; 23.1. Эмоциональное состояние.;neg;
6977;Раздраженный ;0;БЕСПОКОЙСТВО; 1.1. Эмоциональное состояние.;neg;
6978;Раздраженный ;0;ЗЛОСТЬ; 16.1. Эмоциональное состояние.;neg;
6979;Раздраженный ;0;НЕДОВОЛЬСТВО; 23.6. Эмоциональная характеризация.;neg;
6980;Раздражительность ;0;БЕСПОКОЙСТВО; 1.7. Эмоциональное качество.;neg;
6981;Раздражительность ;0;ЗЛОСТЬ; 16.7. Эмоциональное качество.;neg;
6982;Раздражительный ;0;БЕСПОКОЙСТВО; 1.6. Эмоциональная характеризация.;neg;
6983;Раздражительный ;0;ЗЛОСТЬ; 16.6. Эмоциональная характеризация.;neg;
6986;Раздружить; сов. ;ОДИНОЧЕСТВО; 27.4. Эмоциональное воздействие.;neg;
6987;Раздружиться; сов. ;ОДИНОЧЕСТВО; 27.3. Становление эмоционального состояния и отношения.;neg;
6988;Раздумывать ;0;СОМНЕНИЕ; 32.2. Эмоциональное отношение.;neg;
6990;Разжалобиться; сов., разг. ;ДОБРОТА; 11.3. Становление эмоционального состояния и отношения.;pos;
6992;Разительность ;0;УДИВЛЕНИЕ; 38.7. Эмоциональное качество.;pos;
6993;Разительный; разг. ;УДИВЛЕНИЕ; 38.4. Эмоциональное воздействие.;pos;
6994;Разительный; разг. ;УДИВЛЕНИЕ; 38.6. Эмоциональная характеризация.;pos;
6997;Разлад ;0;ВРАЖДА; 7.1. Эмоциональное состояние.;neg;
6998;Разлад ;0;СОМНЕНИЕ; 32.1. Эмоциональное состояние.;neg;
6999;Разладица; устар., разг. ;ВРАЖДА; 7.1. Эмоциональное состояние.;neg;
7002;Разлихой; разг. ;БЕССТРАШИЕ; 2.6. Эмоциональная характеризация.;pos;
7003;Разлучник ;0;ОДИНОЧЕСТВО; 27.8. Человек как средоточие и носитель эмоций.;neg;
7004;Разлюбить; сов. ;НЕПРИЯЗНЬ; 25.3. Становление эмоционального состояния и отношения.;neg;
7005;Разлютоваться; сов., разг.-сниж. ;ЗЛОСТЬ; 16.3. Становление эмоционального состояния и отношения.;neg;
7007;Размирье; устар. ;ВРАЖДА; 7.1. Эмоциональное состояние.;neg;
7008;Размолвка ;0;ВРАЖДА; 7.1. Эмоциональное состояние.;neg;
7009;Размолвка ;0;НЕПРИЯЗНЬ; 25.1. Эмоциональное состояние.;neg;
7010;Размолвка ;0;НЕПРИЯЗНЬ; 25.2. Эмоциональное отношение.;neg;
7017;Разнервничаться; сов. ;БЕСПОКОЙСТВО; 1.3. Становление эмоционального состояния и отношения.;neg;
7018;Разнервничаться; сов. ;НЕДОВОЛЬСТВО; 23.3. Становление эмоционального состояния и отношения.;neg;
7020;Разносный; разг. ;НЕДОВОЛЬСТВО; 23.6. Эмоциональная характеризация.;neg;
7021;Разнузданность ;0;БЕССТЫДСТВО; 3.7. Эмоциональное качество.;neg;
7024;Разнюниться; сов., разг. ;ГОРЕ; 9.5. Внешнее выражение эмоций.;neg;
7025;Разобидеться; сов., разг. ;ОБИДА; 26.3. Становление эмоционального состояния и отношения.;neg;
7026;Разобиженный; разг. ;ОБИДА; 26.1. Эмоциональное состояние.;neg;
7027;Разобиженный; разг. ;ОБИДА; 26.3. Становление эмоционального состояния и отношения.;neg;
7028;Разобщенность ;0;ОДИНОЧЕСТВО; 27.1. Эмоциональное состояние.;neg;
7029;Разобщенность ;0;ОДИНОЧЕСТВО; 27.2. Эмоциональное отношение.;neg;
7030;Разобщенность ;0;ОДИНОЧЕСТВО; 27.7. Эмоциональное качество.;neg;
7031;Разобщенный ;0;ОДИНОЧЕСТВО; 27.2. Эмоциональное отношение.;neg;
7032;Разобщенный ;0;ОДИНОЧЕСТВО; 27.6. Эмоциональная характеризация.;neg;
7033;Разогорчить; сов., разг. ;ГОРЕ; 9.4. Эмоциональное воздействие.;neg;
7034;Разогорчиться; сов., разг. ;БЕСПОКОЙСТВО; 1.3. Становление эмоционального состояния и отношения.;neg;
7035;Разогорчиться; сов., разг. ;ГРУСТЬ; 10.3. Становление эмоционального состояния и отношения.;neg;
7036;Разозлить; сов. ;ЗЛОСТЬ; 16.4. Эмоциональное воздействие.;neg;
7037;Разозлиться; сов. ;ЗЛОСТЬ; 16.3. Становление эмоционального состояния и отношения.;neg;
7038;Разойтись; сов., разг. ;НЕДОВОЛЬСТВО; 23.3. Становление эмоционального состояния и отношения.;neg;
7039;Разонравиться; сов. ;НЕПРИЯЗНЬ; 25.2. Эмоциональное отношение.;neg;
7041;Разохотить; сов. ;ЖЕЛАНИЕ; 14.4. Эмоциональное воздействие.;pos;
7043;Разочарование ;0;НЕВЕРИЕ; 22.2. Эмоциональное отношение.;neg;
7044;Разочарованность ;0;НЕВЕРИЕ; 22.7. Эмоциональное качество.;neg;
7045;Разочарованность ;0;СОМНЕНИЕ; 32.7. Эмоциональное качество.;neg;
7046;Разочарованный ;0;НЕВЕРИЕ; 22.2. Эмоциональное отношение.;neg;
7047;Разочарованный ;0;НЕВЕРИЕ; 22.6. Эмоциональная характеризация.;neg;
7048;Разочарованный ;0;РАВНОДУШИЕ; 29.1. Эмоциональное состояние.;neg;
7049;Разочарованный ;0;РАВНОДУШИЕ; 29.6. Эмоциональная характеризация.;neg;
7050;Разочарованный ;0;СОМНЕНИЕ; 32.1. Эмоциональное состояние.;neg;
7051;Разочарованный ;0;СОМНЕНИЕ; 32.6. Эмоциональная характеризация.;neg;
7054;Разругать ;0;НЕПРИЯЗНЬ; 25.5. Внешнее выражение эмоций.;neg;
7055;Разругаться ;0;НЕПРИЯЗНЬ; 25.5. Внешнее выражение эмоций.;neg;
7056;Разрушительно; книжн. ;ГОРЕ; 9.4. Эмоциональное воздействие.;neg;
7057;Разрушительный ;0;ГОРЕ; 9.4. Эмоциональное воздействие.;neg;
7058;Разрушительный ;0;ГОРЕ; 9.6. Эмоциональная характеризация.;neg;
7060;Разрюмиться; сов. ;ГОРЕ; 9.5. Внешнее выражение эмоций.;neg;
7061;Разуважить; сов. ;УВАЖЕНИЕ; 37.2. Эмоциональное отношение.;pos;
7062;Разудалый; разг. ;БЕССТРАШИЕ; 2.6. Эмоциональная характеризация.;pos;
7063;Разутешить; сов., разг. ;РАДОСТЬ; 30.4. Эмоциональное воздействие.;pos;
7068;Разъединение ;0;ВРАЖДА; 7.1. Эмоциональное состояние.;neg;
7069;Разъединенность ;0;ОДИНОЧЕСТВО; 27.2. Эмоциональное отношение.;neg;
7070;Разъединенность ;0;ОДИНОЧЕСТВО; 27.7. Эмоциональное качество.;neg;
7071;Разъединенность ;0;ВРАЖДА; 7.1. Эмоциональное состояние.;neg;
7072;Разъединенный ;0;ВРАЖДА; 7.2. Эмоциональное отношение.;neg;
7073;Разъединенный ;0;ОДИНОЧЕСТВО; 27.2. Эмоциональное отношение.;neg;
7074;Разъединенный ;0;ОДИНОЧЕСТВО; 27.6. Эмоциональная характеризация.;neg;
7075;Разъяренно ;0;ЗЛОСТЬ; 16.5. Внешнее выражение эмоций.;neg;
7081;Ранимость ;0;ОБИДА; 26.7. Эмоциональное качество.;neg;
7082;Ранимость ;0;ЧУВСТВО; 39.7. Эмоциональное качество.;pos;
7083;Ранимый ;0;ОБИДА; 26.6. Эмоциональная характеризация.;neg;
7084;Ранимый ;0;ЧУВСТВО; 39.6. Эмоциональная характеризация.;pos;
7090;Расквитаться; разг. ;ЖЕСТОКОСТЬ; 15.2. Эмоциональное отношение.;neg;
7092;Раскованно ;0;ИСКРЕННОСТЬ; 17.5. Внешнее выражение эмоций.;pos;
7093;Раскованность ;0;ИСКРЕННОСТЬ; 17.7. Эмоциональное качество.;pos;
7094;Раскованный ;0;ИСКРЕННОСТЬ; 17.6. Эмоциональная характеризация.;pos;
7104;Располагающий ;0;ВЛЕЧЕНИЕ; 6.4. Эмоциональное воздействие.;pos;
7105;Располагающий ;0;ОДОБРЕНИЕ; 28.2. Эмоциональное отношение.;pos;
7106;Расположение ;0;ВЛЕЧЕНИЕ; 6.1. Эмоциональное состояние.;pos;
7107;Расположение ;0;ВЛЕЧЕНИЕ; 6.2. Эмоциональное отношение.;pos;
7108;Расположение ;0;ОДОБРЕНИЕ; 28.2. Эмоциональное отношение.;pos;
7109;Расположение ;0;ЧУВСТВО; 39.1. Эмоциональное состояние.;pos;
7110;Расположение ;0;ЧУВСТВО; 39.2. Эмоциональное отношение.;pos;
7111;Расположенность ;0;ОДОБРЕНИЕ; 28.7. Эмоциональное качество.;pos;
7112;Расположенный ;0;ДОБРОТА; 11.2. Эмоциональное отношение.;pos;
7113;Расположенный ;0;ДОБРОТА; 11.6. Эмоциональная характеризация.;pos;
7114;Расположенный ;0;ДРУЖБА; 12.2. Эмоциональное отношение.;pos;
7115;Расположенный ;0;ДРУЖБА; 12.6. Эмоциональная характеризация.;pos;
7121;Распотешиться; сов., разг. ;РАДОСТЬ; 30.3. Становление эмоционального состояния и отношения.;pos;
7122;Распря; устар. ;ВРАЖДА; 7.1. Эмоциональное состояние.;neg;
7123;Распря; устар. ;НЕПРИЯЗНЬ; 25.2. Эмоциональное отношение.;neg;
7124;Распсиховаться; сов., разг.-сниж. ;НЕДОВОЛЬСТВО; 23.3. Становление эмоционального состояния и отношения.;neg;
7129;Рассвирепеть; сов. ;ЗЛОСТЬ; 16.3. Становление эмоционального состояния и отношения.;neg;
7130;Рассвирепеть; сов., разг. ;ЖЕСТОКОСТЬ; 15.3. Становление эмоционального состояния и отношения.;neg;
7131;Рассерженный ;0;ЗЛОСТЬ; 16.1. Эмоциональное состояние.;neg;
7132;Рассерженный ;0;ЗЛОСТЬ; 16.3. Становление эмоционального состояния и отношения.;neg;
7133;Рассерчать; сов. ;ЗЛОСТЬ; 16.3. Становление эмоционального состояния и отношения.;neg;
7135;Расслабуха; разг.-сниж. ;СЧАСТЬЕ; 36.1. Эмоциональное состояние.;pos;
7136;Рассмешить; сов. ;РАДОСТЬ; 30.4. Эмоциональное воздействие.;pos;
7137;Рассмеяться; сов. ;РАДОСТЬ; 30.5. Внешнее выражение эмоций.;pos;
7138;Рассорить; сов. ;НЕПРИЯЗНЬ; 25.4. Эмоциональное воздействие.;neg;
7139;Рассориться; сов. ;НЕПРИЯЗНЬ; 25.2. Эмоциональное отношение.;neg;
7140;Расстроенный ;0;ГОРЕ; 9.1. Эмоциональное состояние.;neg;
7141;Расстроенный ;0;ГОРЕ; 9.5. Внешнее выражение эмоций.;neg;
7142;Расстроенный ;0;ГРУСТЬ; 10.1. Эмоциональное состояние.;neg;
7143;Расстройство; разг. ;БЕСПОКОЙСТВО; 1.1. Эмоциональное состояние.;neg;
7144;Расстройство; разг. ;ГОРЕ; 9.1. Эмоциональное состояние.;neg;
7145;Рассчитывать ;0;НАДЕЖДА; 20.2. Эмоциональное отношение.;pos;
7148;Растерянность ;0;СТЫД; 35.1. Эмоциональное состояние.;neg;
7150;Растеряться; сов. ;СТЫД; 35.3. Становление эмоционального состояния и отношения.;neg;
7151;Растленный ;0;БЕССТЫДСТВО; 3.6. Эмоциональная характеризация.;neg;
7153;Растосковаться; сов. ;ГРУСТЬ; 10.3. Становление эмоционального состояния и отношения.;neg;
7158;Растревоженный; разг. ;БЕСПОКОЙСТВО; 1.1. Эмоциональное состояние.;neg;
7159;Растревожиться; сов., разг. ;БЕСПОКОЙСТВО; 1.3. Становление эмоционального состояния и отношения.;neg;
7160;Растроганно ;0;ЧУВСТВО; 39.5. Внешнее выражение эмоций.;pos;
7161;Растроганность ;0;ЧУВСТВО; 39.7. Эмоциональное качество.;pos;
7167;Растужиться; сов., разг. ;ГРУСТЬ; 10.3. Становление эмоционального состояния и отношения.;neg;
7169;Расхваливание ;0;ОДОБРЕНИЕ; 28.5. Внешнее выражение эмоций.;pos;
7170;Расхвалиться ;0;ОДОБРЕНИЕ; 28.5. Внешнее выражение эмоций.;pos;
7172;Расхотеть; сов. ;НЕВЕРИЕ; 22.3. Становление эмоционального состояния и отношения.;neg;
7173;Расхотеться; сов., разг. ;НЕВЕРИЕ; 22.3. Становление эмоционального состояния и отношения.;neg;
7174;Расчесться; сов., разг. ;ЖЕСТОКОСТЬ; 15.2. Эмоциональное отношение.;neg;
7175;Расчет ;0;НАДЕЖДА; 20.2. Эмоциональное отношение.;pos;
7177;Расчувствовавшийся ;0;ЧУВСТВО; 39.6. Эмоциональная характеризация.;pos;
7179;Рачитель; устар. ;ДОБРОТА; 11.8. Человек как средоточие и носитель эмоций.;pos;
7180;Рачительница; устар. ;ДОБРОТА; 11.8. Человек как средоточие и носитель эмоций.;pos;
7181;Рачительно; устар. ;ДОБРОТА; 11.5. Внешнее выражение эмоций.;pos;
7182;Рачительность; устар. ;ДОБРОТА; 11.7. Эмоциональное качество.;pos;
7183;Рачительный; устар. ;ДОБРОТА; 11.2. Эмоциональное отношение.;pos;
7184;Рачительный; устар. ;ДОБРОТА; 11.6. Эмоциональная характеризация.;pos;
7191;Реветь ;0;ГОРЕ; 9.5. Внешнее выражение эмоций.;neg;
7192;Ревнивец ;0;НЕВЕРИЕ; 22.8. Человек как средоточие и носитель эмоций.;neg;
7193;Ревнивец ;0;СОМНЕНИЕ; 32.8. Человек как средоточие и носитель эмоций.;neg;
7194;Ревнивица ;0;НЕВЕРИЕ; 22.8. Человек как средоточие и носитель эмоций.;neg;
7195;Ревнивость ;0;НЕВЕРИЕ; 22.7. Эмоциональное качество.;neg;
7196;Ревнивость ;0;СОМНЕНИЕ; 32.7. Эмоциональное качество.;neg;
7197;Ревнивый ;0;ДОБРОТА; 11.5. Внешнее выражение эмоций.;pos;
7198;Ревнивый ;0;НЕВЕРИЕ; 22.6. Эмоциональная характеризация.;neg;
7199;Ревнивый ;0;СОМНЕНИЕ; 32.1. Эмоциональное состояние.;neg;
7200;Ревнивый ;0;СОМНЕНИЕ; 32.6. Эмоциональная характеризация.;neg;
7201;Ревнивый ;0;ДОБРОТА; 11.6. Эмоциональная характеризация.;pos;
7202;Ревновать ;0;ДОБРОТА; 11.5. Внешнее выражение эмоций.;pos;
7203;Ревновать ;0;СОМНЕНИЕ; 32.2. Эмоциональное отношение.;neg;
7204;Ревность ;0;НЕВЕРИЕ; 22.2. Эмоциональное отношение.;neg;
7205;Ревность ;0;НЕВЕРИЕ; 22.7. Эмоциональное качество.;neg;
7206;Ревность ;0;СОМНЕНИЕ; 32.1. Эмоциональное состояние.;neg;
7208;Резвиться ;0;РАДОСТЬ; 30.5. Внешнее выражение эмоций.;pos;
7209;Резвунья ;0;РАДОСТЬ; 30.5. Внешнее выражение эмоций.;pos;
7210;Резвушка ;0;РАДОСТЬ; 30.5. Внешнее выражение эмоций.;pos;
7211;Резвый ;0;РАДОСТЬ; 30.6. Эмоциональная характеризация.;pos;
7216;Респект; устар. ;УВАЖЕНИЕ; 37.1. Эмоциональное состояние.;pos;
7217;Респектабельность; ирон. ;УВАЖЕНИЕ; 37.7. Эмоциональное качество.;pos;
7218;Респектабельный; ирон. ;УВАЖЕНИЕ; 37.6. Эмоциональная характеризация.;pos;
7220;Решимость ;0;БЕССТРАШИЕ; 2.7. Эмоциональное качество.;pos;
7221;Решитель; устар. ;БЕССТРАШИЕ; 2.6. Эмоциональная характеризация.;pos;
7222;Решительность ;0;БЕССТРАШИЕ; 2.7. Эмоциональное качество.;pos;
7223;Решительность ;0;НАСТОЙЧИВОСТЬ; 21.7. Эмоциональное качество.;pos;
7224;Решительный ;0;БЕССТРАШИЕ; 2.1. Эмоциональное состояние.;pos;
7225;Решительный ;0;БЕССТРАШИЕ; 2.5. Внешнее выражение эмоций.;pos;
7226;Решительный ;0;БЕССТРАШИЕ; 2.6. Эмоциональная характеризация.;pos;
7227;Решительный ;0;ВЕРА; 5.1. Эмоциональное состояние.;pos;
7228;Решительный ;0;ВЕРА; 5.6. Эмоциональная характеризация.;pos;
7229;Решительный ;0;НАСТОЙЧИВОСТЬ; 21.6. Эмоциональная характеризация.;pos;
7230;Респект; устар. ;УВАЖЕНИЕ; 37.1. Эмоциональное состояние.;pos;
7231;Респект; устар. ;УВАЖЕНИЕ; 37.1. Эмоциональное состояние.;pos;
7238;Рисковый; разг.-сниж. ;БЕССТРАШИЕ; 2.6. Эмоциональная характеризация.;pos;
7245;Робкий ;0;СТРАХ; 34.5. Внешнее выражение эмоций.;neg;
7246;Робкий ;0;СТРАХ; 34.6. Эмоциональная характеризация.;neg;
7247;Робкий ;0;СТЫД; 35.6. Эмоциональная характеризация.;neg;
7248;Робко ;0;СТРАХ; 34.5. Внешнее выражение эмоций.;neg;
7251;Ровно ;0;СПОКОЙСТВИЕ; 33.5. Внешнее выражение эмоций.;pos;
7253;Родимый ;0;ЛЮБОВЬ; 18.6. Эмоциональная характеризация.;pos;
7254;Родимый ;0;ЛЮБОВЬ; 18.8. Человек как средоточие и носитель эмоций.;pos;
7255;Родной ;0;ЛЮБОВЬ; 18.6. Эмоциональная характеризация.;pos;
7256;Родной ;0;ОДОБРЕНИЕ; 28.6. Эмоциональная характеризация.;pos;
7258;Родной; трад.-поэт. ;ЛЮБОВЬ; 18.8. Человек как средоточие и носитель эмоций.;pos;
7259;Родственность ;0;ДРУЖБА; 12.7. Эмоциональное качество.;pos;
7265;Рознь; разг.-сниж. ;ВРАЖДА; 7.1. Эмоциональное состояние.;neg;
7266;Рознь; разг.-сниж. ;НЕПРИЯЗНЬ; 25.2. Эмоциональное отношение.;neg;
7268;Роковой ;0;ГОРЕ; 9.4. Эмоциональное воздействие.;neg;
7269;Роковой ;0;ГОРЕ; 9.6. Эмоциональная характеризация.;neg;
7271;Романический ;0;ЛЮБОВЬ; 18.5. Внешнее выражение эмоций.;pos;
7272;Романический ;0;ЛЮБОВЬ; 18.6. Эмоциональная характеризация.;pos;
7273;Романтический ;0;НАДЕЖДА; 20.6. Эмоциональная характеризация.;pos;
7274;Романтический ;0;ЧУВСТВО; 39.6. Эмоциональная характеризация.;pos;
7275;Романтичность ;0;НАДЕЖДА; 20.7. Эмоциональное качество.;pos;
7276;Романтично ;0;НАДЕЖДА; 20.5. Внешнее выражение эмоций.;pos;
7277;Романтичный ;0;НАДЕЖДА; 20.6. Эмоциональная характеризация.;pos;
7278;Романтичный ;0;ЧУВСТВО; 39.6. Эмоциональная характеризация.;pos;
7279;Ромео ;0;ЛЮБОВЬ; 18.8. Человек как средоточие и носитель эмоций.;pos;
7283;Роптание ;0;НЕДОВОЛЬСТВО; 23.5. Внешнее выражение эмоций.;neg;
7284;Роптать ;0;НЕДОВОЛЬСТВО; 23.5. Внешнее выражение эмоций.;neg;
7285;Роскошный; разг. ;УДИВЛЕНИЕ; 38.6. Эмоциональная характеризация.;pos;
7287;Ругань ;0;НЕДОВОЛЬСТВО; 23.6. Эмоциональная характеризация.;neg;
7288;Ругатель ;0;НЕДОВОЛЬСТВО; 23.8. Человек как средоточие и носитель эмоций.;neg;
7289;Ругательница ;0;НЕДОВОЛЬСТВО; 23.8. Человек как средоточие и носитель эмоций.;neg;
7290;Ругательный; разг. ;НЕДОВОЛЬСТВО; 23.6. Эмоциональная характеризация.;neg;
7291;Ругательский; разг. ;НЕДОВОЛЬСТВО; 23.6. Эмоциональная характеризация.;neg;
7292;Ругаться; разг. ;ВРАЖДА; 7.5. Внешнее выражение эмоций.;neg;
7293;Ругня ;0;НЕПРИЯЗНЬ; 25.5. Внешнее выражение эмоций.;neg;
7295;Рукоплескания ;0;ОДОБРЕНИЕ; 28.5. Внешнее выражение эмоций.;pos;
7296;Рукоплескать ;0;ОДОБРЕНИЕ; 28.5. Внешнее выражение эмоций.;pos;
7297;Рукопожатие ;0;ДОБРОТА; 11.5. Внешнее выражение эмоций.;pos;
7304;Рыдание ;0;ГОРЕ; 9.5. Внешнее выражение эмоций.;neg;
7305;Рыдать ;0;ГОРЕ; 9.5. Внешнее выражение эмоций.;neg;
7311;Рявкнуть; сов. ;ЗЛОСТЬ; 16.5. Внешнее выражение эмоций.;neg;
7313;С охотой ;0;НАДЕЖДА; 20.5. Внешнее выражение эмоций.;pos;
7314;С радостью ;0;НАДЕЖДА; 20.5. Внешнее выражение эмоций.;pos;
7315;С удовольствием ;0;НАДЕЖДА; 20.5. Внешнее выражение эмоций.;pos;
7317;Садистски ;0;ЖЕСТОКОСТЬ; 15.5. Внешнее выражение эмоций.;neg;
7318;Садистский ;0;ЖЕСТОКОСТЬ; 15.5. Внешнее выражение эмоций.;neg;
7319;Садистский ;0;ЖЕСТОКОСТЬ; 15.6. Эмоциональная характеризация.;neg;
7320;Сакраментальный ;0;УВАЖЕНИЕ; 37.6. Эмоциональная характеризация.;pos;
7323;Самобичующий ;0;НЕДОВОЛЬСТВО; 23.6. Эмоциональная характеризация.;neg;
7324;Самобичующий ;0;СТЫД; 35.4. Эмоциональное воздействие.;neg;
7329;Самовольный ;0;НАСТОЙЧИВОСТЬ; 21.6. Эмоциональная характеризация.;pos;
7336;Самодур ;0;ЖЕСТОКОСТЬ; 15.8. Человек как средоточие и носитель эмоций.;neg;
7337;Самозабвение ;0;ВДОХНОВЕНИЕ; 4.1. Эмоциональное состояние.;pos;
7338;Самозабвение ;0;ОДОБРЕНИЕ; 28.1. Эмоциональное состояние.;pos;
7339;Самозабвение ;0;ОДОБРЕНИЕ; 28.2. Эмоциональное отношение.;pos;
7340;Самозабвенно ;0;ОДОБРЕНИЕ; 28.5. Внешнее выражение эмоций.;pos;
7341;Самозабвенность ;0;ВДОХНОВЕНИЕ; 4.7. Эмоциональное качество.;pos;
7342;Самозабвенный ;0;ВДОХНОВЕНИЕ; 4.6. Эмоциональная характеризация.;pos;
7343;Самозабвенный ;0;ЛЮБОВЬ; 18.5. Внешнее выражение эмоций.;pos;
7344;Самозабвенный ;0;ЛЮБОВЬ; 18.6. Эмоциональная характеризация.;pos;
7345;Самолюбивый ;0;ВЫСОКОМЕРИЕ; 8.6. Эмоциональная характеризация.;neg;
7346;Самолюбие ;0;ВЫСОКОМЕРИЕ; 8.7. Эмоциональное качество.;neg;
7347;Самомнение ;0;ВЫСОКОМЕРИЕ; 8.7. Эмоциональное качество.;neg;
7353;Самообладание ;0;СПОКОЙСТВИЕ; 33.1. Эмоциональное состояние.;pos;
7354;Самообладание ;0;СПОКОЙСТВИЕ; 33.7. Эмоциональное качество.;pos;
7355;Самообличение ;0;НЕПРИЯЗНЬ; 25.2. Эмоциональное отношение.;neg;
7357;Самоосуждение ;0;НЕПРИЯЗНЬ; 25.2. Эмоциональное отношение.;neg;
7358;Самоотвержение; книжн. ;БЕССТРАШИЕ; 2.7. Эмоциональное качество.;pos;
7359;Самоотверженность ;0;БЕССТРАШИЕ; 2.7. Эмоциональное качество.;pos;
7360;Самоотверженность ;0;ДОБРОТА; 11.7. Эмоциональное качество.;pos;
7361;Самоотверженный ;0;БЕССТРАШИЕ; 2.1. Эмоциональное состояние.;pos;
7362;Самоотверженный ;0;БЕССТРАШИЕ; 2.6. Эмоциональная характеризация.;pos;
7363;Самоотверженный ;0;ДОБРОТА; 11.6. Эмоциональная характеризация.;pos;
7364;Самоуважение ;0;УВАЖЕНИЕ; 37.7. Эмоциональное качество.;pos;
7371;Самоунижение ;0;ОБИДА; 26.1. Эмоциональное состояние.;neg;
7372;Самоуничижение ;0;ОБИДА; 26.1. Эмоциональное состояние.;neg;
7373;Самоуправец; разг. ;ЖЕСТОКОСТЬ; 15.8. Человек как средоточие и носитель эмоций.;neg;
7374;Самоуслаждение ;0;СЧАСТЬЕ; 36.1. Эмоциональное состояние.;pos;
7375;Самоуспокоение ;0;СПОКОЙСТВИЕ; 33.1. Эмоциональное состояние.;pos;
7376;Самоуспокоенность ;0;СПОКОЙСТВИЕ; 33.1. Эмоциональное состояние.;pos;
7380;Сардонический ;0;ЗЛОСТЬ; 16.6. Эмоциональная характеризация.;neg;
7381;Сатанеть ;0;БЕСПОКОЙСТВО; 1.5. Внешнее выражение эмоций.;neg;
7382;Сатанинский ;0;ЗЛОСТЬ; 16.5. Внешнее выражение эмоций.;neg;
7384;Сатаниться; разг.-сниж. ;ЗЛОСТЬ; 16.1. Эмоциональное состояние.;neg;
7385;Сатаниться; разг.-сниж. ;ЗЛОСТЬ; 16.3. Становление эмоционального состояния и отношения.;neg;
7393;Сбрендить; сов., устар. ;ГОРЕ; 9.3. Становление эмоционального состояния и отношения.;neg;
7394;Сбычить; сов., разг.-сниж. ;ЗЛОСТЬ; 16.5. Внешнее выражение эмоций.;neg;
7395;Сбычиться; сов., разг.-сниж. ;ЗЛОСТЬ; 16.5. Внешнее выражение эмоций.;neg;
7396;Свара; разг. -сниж. ;ВРАЖДА; 7.1. Эмоциональное состояние.;neg;
7397;Сварливый ;0;НЕПРИЯЗНЬ; 25.6. Эмоциональная характеризация.;neg;
7400;Свеликодушничать ;0;ДОБРОТА; 11.5. Внешнее выражение эмоций.;pos;
7416;Свидание ;0;ЛЮБОВЬ; 18.5. Внешнее выражение эмоций.;pos;
7417;Свинство; разг. ;НЕПРИЯЗНЬ; 25.7. Эмоциональное качество.;neg;
7426;Свирепство; устар. ;ЖЕСТОКОСТЬ; 15.7. Эмоциональное качество.;neg;
7435;Свобода ;0;ИСКРЕННОСТЬ; 17.7. Эмоциональное качество.;pos;
7436;Свободно ;0;ИСКРЕННОСТЬ; 17.5. Внешнее выражение эмоций.;pos;
7437;Свободный ;0;ИСКРЕННОСТЬ; 17.6. Эмоциональная характеризация.;pos;
7438;Свободолюбивый ;0;ЛЮБОВЬ; 18.5. Внешнее выражение эмоций.;pos;
7439;Свободолюбивый ;0;ЛЮБОВЬ; 18.6. Эмоциональная характеризация.;pos;
7440;Свободолюбие ;0;ЛЮБОВЬ; 18.7. Эмоциональное качество.;pos;
7455;Своеобычный; устар. ;НАСТОЙЧИВОСТЬ; 21.6. Эмоциональная характеризация.;pos;
7456;Свойский; разг. ;ДРУЖБА; 12.2. Эмоциональное отношение.;pos;
7457;Свойский; разг. ;ДРУЖБА; 12.6. Эмоциональная характеризация.;pos;
7458;Сволота; разг.-сниж. ;НЕПРИЯЗНЬ; 25.8. Человек как средоточие и носитель эмоций.;neg;
7459;Сволочить; разг.-сниж. ;НЕПРИЯЗНЬ; 25.5. Внешнее выражение эмоций.;neg;
7460;Сволочиться; разг.-сиале. ;НЕПРИЯЗНЬ; 25.5. Внешнее выражение эмоций.;neg;
7461;Сволочь; разг.-сниж., груб. ;НЕПРИЯЗНЬ; 25.8. Человек как средоточие и носитель эмоций.;neg;
7462;Свысока ;0;ВЫСОКОМЕРИЕ; 8.5. Внешнее выражение эмоций.;neg;
7463;Связанно ;0;СТЫД; 35.5. Внешнее выражение эмоций.;neg;
7464;Связанность ;0;СТЫД; 35.7. Эмоциональное качество.;neg;
7470;Святотатство ;0;ОБИДА; 26.5. Внешнее выражение эмоций.;neg;
7472;Сговорный; разг. ;СМИРЕНИЕ; 31.2. Эмоциональное отношение.;pos;
7473;Сговорчивость ;0;СМИРЕНИЕ; 31.7. Эмоциональное качество.;pos;
7474;Сговорчивый ;0;СМИРЕНИЕ; 31.2. Эмоциональное отношение.;pos;
7475;Сговорчивый ;0;СМИРЕНИЕ; 31.6. Эмоциональная характеризация.;pos;
7478;Сгоряча ;0;НЕДОВОЛЬСТВО; 23.5. Внешнее выражение эмоций.;neg;
7479;Сгрубить ;0;ВЫСОКОМЕРИЕ; 8.5. Внешнее выражение эмоций.;neg;
7480;Сгрубить ;0;НЕПРИЯЗНЬ; 25.5. Внешнее выражение эмоций.;neg;
7481;Сгрустнуться; разг.-сниж. ;ГРУСТЬ; 10.1. Эмоциональное состояние.;neg;
7482;Сдержанно ;0;СПОКОЙСТВИЕ; 33.5. Внешнее выражение эмоций.;pos;
7483;Сдержанность ;0;СПОКОЙСТВИЕ; 33.7. Эмоциональное качество.;pos;
7484;Сдержанный ;0;СПОКОЙСТВИЕ; 33.1. Эмоциональное состояние.;pos;
7485;Сдержанный ;0;СПОКОЙСТВИЕ; 33.6. Эмоциональная характеризация.;pos;
7486;Сдюжить ;0;СМИРЕНИЕ; 31.3. Становление эмоционального состояния и отношения.;pos;
7490;Сексапильно ;0;ЧУВСТВО; 39.5. Внешнее выражение эмоций.;pos;
7491;Сексапильность ;0;ЧУВСТВО; 39.7. Эмоциональное качество.;pos;
7492;Сексапильный ;0;ЧУВСТВО; 39.6. Эмоциональная характеризация.;pos;
7493;Секси ;0;ЧУВСТВО; 39.6. Эмоциональная характеризация.;pos;
7494;Сексуально ;0;ЧУВСТВО; 39.5. Внешнее выражение эмоций.;pos;
7495;Сексуальность ;0;ЧУВСТВО; 39.7. Эмоциональное качество.;pos;
7496;Сексуальный ;0;ЧУВСТВО; 39.6. Эмоциональная характеризация.;pos;
7497;Селадон; устар. ;ЛЮБОВЬ; 18.8. Человек как средоточие и носитель эмоций.;pos;
7498;Семейственность ;0;ЛЮБОВЬ; 18.2. Эмоциональное отношение.;pos;
7499;Семижильный ;0;БЕССТРАШИЕ; 2.6. Эмоциональная характеризация.;pos;
7500;Сенсационность ;0;УДИВЛЕНИЕ; 38.7. Эмоциональное качество.;pos;
7501;Сенсационный ;0;УДИВЛЕНИЕ; 38.6. Эмоциональная характеризация.;pos;
7502;Сентиментальничать ;0;ДОБРОТА; 11.5. Внешнее выражение эмоций.;pos;
7503;Сентиментально ;0;ЧУВСТВО; 39.5. Внешнее выражение эмоций.;pos;
7504;Сентиментальность ;0;ЧУВСТВО; 39.7. Эмоциональное качество.;pos;
7505;Сентиментальный ;0;ДОБРОТА; 11.6. Эмоциональная характеризация.;pos;
7506;Сентиментальный ;0;ЧУВСТВО; 39.6. Эмоциональная характеризация.;pos;
7507;Сердечно ;0;ДОБРОТА; 11.5. Внешнее выражение эмоций.;pos;
7508;Сердечно ;0;ДРУЖБА; 12.5. Внешнее выражение эмоций.;pos;
7509;Сердечность ;0;ДРУЖБА; 12.7. Эмоциональное качество.;pos;
7520;Сердечный; разг.-сниж. ;ГОРЕ; 9.6. Эмоциональная характеризация.;neg;
7521;Сердешный; разг., ласк. ;ЛЮБОВЬ; 18.5. Внешнее выражение эмоций.;pos;
7522;Сердешный; разг., ласк. ;ЛЮБОВЬ; 18.6. Эмоциональная характеризация.;pos;
7523;Сердешный; разг.-сниж. ;ГОРЕ; 9.6. Эмоциональная характеризация.;neg;
7524;Сердито ;0;ЗЛОСТЬ; 16.5. Внешнее выражение эмоций.;neg;
7525;Сердитость ;0;ЗЛОСТЬ; 16.7. Эмоциональное качество.;neg;
7526;Сердитый ;0;ЗЛОСТЬ; 16.1. Эмоциональное состояние.;neg;
7527;Сердитый ;0;ЗЛОСТЬ; 16.5. Внешнее выражение эмоций.;neg;
7528;Сердитый ;0;ЗЛОСТЬ; 16.6. Эмоциональная характеризация.;neg;
7529;Сердиться ;0;ЗЛОСТЬ; 16.3. Становление эмоционального состояния и отношения.;neg;
7530;Сердоболие ;0;ДОБРОТА; 11.1. Эмоциональное состояние.;pos;
7531;Сердоболие ;0;ЖАЛОСТЬ; 13.7. Эмоциональное качество.;neg;
7544;Сердцеед ;0;ЛЮБОВЬ; 18.8. Человек как средоточие и носитель эмоций.;pos;
7545;Сердцеедка ;0;ЛЮБОВЬ; 18.8. Человек как средоточие и носитель эмоций.;pos;
7546;Сердцещипательный; ирон. ;ЧУВСТВО; 39.6. Эмоциональная характеризация.;pos;
7547;Сердяга; разг.-сниж. ;ГОРЕ; 9.8. Человек как средоточие и носитель эмоций.;neg;
7548;Серчать ;0;ЗЛОСТЬ; 16.1. Эмоциональное состояние.;neg;
7549;Серьезно ;0;ВЫСОКОМЕРИЕ; 8.5. Внешнее выражение эмоций.;neg;
7550;Серьезность ;0;ВЫСОКОМЕРИЕ; 8.7. Эмоциональное качество.;neg;
7551;Сетование ;0;ЖАЛОСТЬ; 13.5. Внешнее выражение эмоций.;neg;
7555;Симпатизировать ;0;ВЛЕЧЕНИЕ; 6.2. Эмоциональное отношение.;pos;
7556;Симпатизировать ;0;ЛЮБОВЬ; 18.2. Эмоциональное отношение.;pos;
7557;Симпатично ;0;ОДОБРЕНИЕ; 28.5. Внешнее выражение эмоций.;pos;
7558;Симпатичный ;0;ВЛЕЧЕНИЕ; 6.6. Эмоциональная характеризация.;pos;
7559;Симпатичный ;0;ЛЮБОВЬ; 18.4. Эмоциональное воздействие.;pos;
7560;Симпатичный ;0;ЛЮБОВЬ; 18.6. Эмоциональная характеризация.;pos;
7561;Симпатичный ;0;ОДОБРЕНИЕ; 28.6. Эмоциональная характеризация.;pos;
7562;Симпатия ;0;ВЛЕЧЕНИЕ; 6.2. Эмоциональное отношение.;pos;
7563;Симпатия ;0;ЛЮБОВЬ; 18.2. Эмоциональное отношение.;pos;
7564;Симпатия; разг., шутл. ;ЛЮБОВЬ; 18.8. Человек как средоточие и носитель эмоций.;pos;
7565;Симпатный; разг. ;ВЛЕЧЕНИЕ; 6.6. Эмоциональная характеризация.;pos;
7566;Симпатный; разг. ;ОДОБРЕНИЕ; 28.6. Эмоциональная характеризация.;pos;
7567;Симпатяга ;0;ВЛЕЧЕНИЕ; 6.6. Эмоциональная характеризация.;pos;
7568;Симпатяга ;0;ВЛЕЧЕНИЕ; 6.8. Человек как средоточие и носитель эмоций.;pos;
7569;Симпатяга; разг.-сниж. ;ЛЮБОВЬ; 18.8. Человек как средоточие и носитель эмоций.;pos;
7570;Симпопончик; разг.-сниж. ;ЛЮБОВЬ; 18.8. Человек как средоточие и носитель эмоций.;pos;
7571;Симпопуля; разг.-сниж. ;ЛЮБОВЬ; 18.8. Человек как средоточие и носитель эмоций.;pos;
7572;Симпотный; разг.-сниж. ;ВЛЕЧЕНИЕ; 6.6. Эмоциональная характеризация.;pos;
7573;Симпотный; разг.-сниж. ;ОДОБРЕНИЕ; 28.6. Эмоциональная характеризация.;pos;
7574;Симулировать; несов. и сов. ;НЕИСКРЕННОСТЬ; 24.5. Внешнее выражение эмоций.;neg;
7575;Симулянт; устар. ;НЕИСКРЕННОСТЬ; 24.8. Человек как средоточие и носитель эмоций.;neg;
7577;Сиротливо ;0;ОДИНОЧЕСТВО; 27.1. Эмоциональное состояние.;neg;
7578;Сиротливость ;0;ОДИНОЧЕСТВО; 27.1. Эмоциональное состояние.;neg;
7579;Сиротливость ;0;ОДИНОЧЕСТВО; 27.7. Эмоциональное качество.;neg;
7580;Сиротливый ;0;ОДИНОЧЕСТВО; 27.6. Эмоциональная характеризация.;neg;
7581;Сиротский ;0;ОДИНОЧЕСТВО; 27.6. Эмоциональная характеризация.;neg;
7582;Сиротство ;0;ОДИНОЧЕСТВО; 27.1. Эмоциональное состояние.;neg;
7591;Скандал; разг. ;ВРАЖДА; 7.2. Эмоциональное отношение.;neg;
7592;Скандал; разг. ;НЕПРИЯЗНЬ; 25.2. Эмоциональное отношение.;neg;
7593;Скандалезный; устар. ;СТЫД; 35.4. Эмоциональное воздействие.;neg;
7594;Скандалезный; устар. ;СТЫД; 35.6. Эмоциональная характеризация.;neg;
7595;Скандализировать ;0;ВРАЖДА; 7.2. Эмоциональное отношение.;neg;
7596;Скандализировать; несов. и сов., устар. ;СТЫД; 35.4. Эмоциональное воздействие.;neg;
7597;Скандализироваться; устар. ;СТЫД; 35.3. Становление эмоционального состояния и отношения.;neg;
7598;Скандалист ;0;ВРАЖДА; 7.8. Человек как средоточие и носитель эмоций.;neg;
7599;Скандалист ;0;СТЫД; 35.8. Человек как средоточие и носитель эмоций.;neg;
7600;Скандалистка ;0;СТЫД; 35.8. Человек как средоточие и носитель эмоций.;neg;
7601;Скандалить ;0;ВРАЖДА; 7.5. Внешнее выражение эмоций.;neg;
7602;Скандалить ;0;СТЫД; 35.5. Внешнее выражение эмоций.;neg;
7603;Скандалить ;0;СТЫД; 35.6. Эмоциональная характеризация.;neg;
7604;Скандальничать; разг. ;ВРАЖДА; 7.5. Внешнее выражение эмоций.;neg;
7605;Скандальность ;0;СТЫД; 35.7. Эмоциональное качество.;neg;
7609;Скверна; книжн. ;НЕПРИЯЗНЬ; 25.7. Эмоциональное качество.;neg;
7610;Сквернавец; разг. ;НЕПРИЯЗНЬ; 25.8. Человек как средоточие и носитель эмоций.;neg;
7611;Сквернить ;0;ОБИДА; 26.2. Эмоциональное отношение.;neg;
7612;Сквернить ;0;ЖЕСТОКОСТЬ; 15.5. Внешнее выражение эмоций.;neg;
7613;Скверно ;0;ГРУСТЬ; 10.1. Эмоциональное состояние.;neg;
7614;Скверность ;0;НЕПРИЯЗНЬ; 25.4. Эмоциональное воздействие.;neg;
7615;Скверность ;0;НЕПРИЯЗНЬ; 25.7. Эмоциональное качество.;neg;
7616;Скверный ;0;НЕПРИЯЗНЬ; 25.4. Эмоциональное воздействие.;neg;
7617;Скверный ;0;НЕПРИЯЗНЬ; 25.6. Эмоциональная характеризация.;neg;
7618;Сквитаться; сов., разг. ;ЖЕСТОКОСТЬ; 15.2. Эмоциональное отношение.;neg;
7619;Скепсис ;0;ГРУСТЬ; 10.7. Эмоциональное качество.;neg;
7620;Скепсис ;0;НЕВЕРИЕ; 22.2. Эмоциональное отношение.;neg;
7621;Скепсис ;0;НЕВЕРИЕ; 22.7. Эмоциональное качество.;neg;
7622;Скепсис ;0;СОМНЕНИЕ; 32.2. Эмоциональное отношение.;neg;
7623;Скептик ;0;НЕВЕРИЕ; 22.8. Человек как средоточие и носитель эмоций.;neg;
7624;Скептик ;0;СОМНЕНИЕ; 32.8. Человек как средоточие и носитель эмоций.;neg;
7625;Скептицизм ;0;ГРУСТЬ; 10.7. Эмоциональное качество.;neg;
7626;Скептицизм ;0;НЕВЕРИЕ; 22.2. Эмоциональное отношение.;neg;
7627;Скептицизм ;0;НЕВЕРИЕ; 22.7. Эмоциональное качество.;neg;
7628;Скептицизм ;0;СОМНЕНИЕ; 32.2. Эмоциональное отношение.;neg;
7629;Скептически ;0;НЕВЕРИЕ; 22.5. Внешнее выражение эмоций.;neg;
7630;Скептически ;0;СОМНЕНИЕ; 32.5. Внешнее выражение эмоций.;neg;
7631;Скептический ;0;НЕВЕРИЕ; 22.1. Эмоциональное состояние.;neg;
7632;Скептический ;0;НЕВЕРИЕ; 22.6. Эмоциональная характеризация.;neg;
7633;Скептический ;0;СОМНЕНИЕ; 32.1. Эмоциональное состояние.;neg;
7634;Скептический ;0;СОМНЕНИЕ; 32.5. Внешнее выражение эмоций.;neg;
7635;Скептический ;0;СОМНЕНИЕ; 32.6. Эмоциональная характеризация.;neg;
7636;Скептичность ;0;НЕВЕРИЕ; 22.7. Эмоциональное качество.;neg;
7637;Скептичность ;0;СОМНЕНИЕ; 32.7. Эмоциональное качество.;neg;
7638;Скептичный ;0;НЕВЕРИЕ; 22.6. Эмоциональная характеризация.;neg;
7639;Скептичный ;0;СОМНЕНИЕ; 32.6. Эмоциональная характеризация.;neg;
7642;Склока ;0;ВРАЖДА; 7.1. Эмоциональное состояние.;neg;
7643;Склока ;0;НЕПРИЯЗНЬ; 25.2. Эмоциональное отношение.;neg;
7648;Склочнический; разг. ;НЕПРИЯЗНЬ; 25.6. Эмоциональная характеризация.;neg;
7649;Склочный; разг. ;НЕПРИЯЗНЬ; 25.6. Эмоциональная характеризация.;neg;
7650;Скованно ;0;СТЫД; 35.5. Внешнее выражение эмоций.;neg;
7654;Сконфуженно ;0;СТЫД; 35.5. Внешнее выражение эмоций.;neg;
7655;Сконфуженность ;0;СТЫД; 35.1. Эмоциональное состояние.;neg;
7656;Сконфуженный ;0;СТЫД; 35.1. Эмоциональное состояние.;neg;
7657;Сконфуженный ;0;СТЫД; 35.5. Внешнее выражение эмоций.;neg;
7658;Сконфузиться; сов. ;СТЫД; 35.3. Становление эмоционального состояния и отношения.;neg;
7659;Скорбеть ;0;ГОРЕ; 9.1. Эмоциональное состояние.;neg;
7660;Скорбно ;0;ГОРЕ; 9.1. Эмоциональное состояние.;neg;
7661;Скорбно ;0;ГРУСТЬ; 10.5. Внешнее выражение эмоций.;neg;
7662;Скорбность ;0;ГОРЕ; 9.1. Эмоциональное состояние.;neg;
7663;Скорбный ;0;ГОРЕ; 9.1. Эмоциональное состояние.;neg;
7664;Скорбный ;0;ГОРЕ; 9.5. Внешнее выражение эмоций.;neg;
7665;Скорбный ;0;ГОРЕ; 9.6. Эмоциональная характеризация.;neg;
7666;Скорбный ;0;ГРУСТЬ; 10.5. Внешнее выражение эмоций.;neg;
7667;Скорбь ;0;ГОРЕ; 9.1. Эмоциональное состояние.;neg;
7668;Скорбящий ;0;ГОРЕ; 9.1. Эмоциональное состояние.;neg;
7669;Скорбящий ;0;ГОРЕ; 9.5. Внешнее выражение эмоций.;neg;
7670;Скорефаниться; сов., жарг. ;ДРУЖБА; 12.3. Становление эмоционального состояния и отношения.;pos;
7675;Скромник ;0;СМИРЕНИЕ; 31.8. Человек как средоточие и носитель эмоций.;pos;
7676;Скромница ;0;СМИРЕНИЕ; 31.8. Человек как средоточие и носитель эмоций.;pos;
7677;Скромничать ;0;СМИРЕНИЕ; 31.5. Внешнее выражение эмоций.;pos;
7678;Скромность ;0;СМИРЕНИЕ; 31.7. Эмоциональное качество.;pos;
7679;Скромный ;0;СМИРЕНИЕ; 31.6. Эмоциональная характеризация.;pos;
7680;Скрытность ;0;ОДИНОЧЕСТВО; 27.7. Эмоциональное качество.;neg;
7681;Скрытный ;0;ОДИНОЧЕСТВО; 27.6. Эмоциональная характеризация.;neg;
7682;Скука ;0;ГРУСТЬ; 10.1. Эмоциональное состояние.;neg;
7683;Скукота; разг.-сниж. ;ГРУСТЬ; 10.1. Эмоциональное состояние.;neg;
7684;Скукситься; сов., разг. ;ГРУСТЬ; 10.3. Становление эмоционального со стояния и отношения.;neg;
7687;Скучать ;0;ГРУСТЬ; 10.1. Эмоциональное состояние.;neg;
7688;Скучающий ;0;ГРУСТЬ; 10.1. Эмоциональное состояние.;neg;
7689;Скучающий ;0;ГРУСТЬ; 10.5. Внешнее выражение эмоций.;neg;
7690;Скучиться; устар. ;ГРУСТЬ; 10.1. Эмоциональное состояние.;neg;
7691;Скучища; разг. ;ГРУСТЬ; 10.1. Эмоциональное состояние.;neg;
7692;Скучливый; разг. ;ГРУСТЬ; 10.5. Внешнее выражение эмоций.;neg;
7693;Скучливый; устар. ;ГРУСТЬ; 10.1. Эмоциональное состояние.;neg;
7694;Скучливый; устар. ;ГРУСТЬ; 10.6. Эмоциональная характеризация.;neg;
7695;Скучно ;0;ГРУСТЬ; 10.1. Эмоциональное состояние.;neg;
7696;Скучный ;0;ГРУСТЬ; 10.1. Эмоциональное состояние.;neg;
7697;Скучный ;0;ГРУСТЬ; 10.4. Эмоциональное воздействие.;neg;
7698;Скучный ;0;ГРУСТЬ; 10.5. Внешнее выражение эмоций.;neg;
7699;Скучный ;0;ГРУСТЬ; 10.6. Эмоциональная характеризация.;neg;
7717;Славный ;0;ОДОБРЕНИЕ; 28.6. Эмоциональная характеризация.;pos;
7718;Славный; разг. ;ВЛЕЧЕНИЕ; 6.6. Эмоциональная характеризация.;pos;
7719;Славный; разг. ;СЧАСТЬЕ; 36.4. Эмоциональное воздействие.;pos;
7720;Славолюбивый; устар. ;ВЫСОКОМЕРИЕ; 8.6. Эмоциональная характеризация.;neg;
7721;Славолюбие; устар. ;ВЫСОКОМЕРИЕ; 8.7. Эмоциональное качество.;neg;
7722;Славословить ;0;ОДОБРЕНИЕ; 28.5. Внешнее выражение эмоций.;pos;
7724;Сладиться; сов., разг. ;ДРУЖБА; 12.2. Эмоциональное отношение.;pos;
7736;Сладкоречивый; устар. ;НЕИСКРЕННОСТЬ; 24.5. Внешнее выражение эмоций.;neg;
7745;Сладострастно ;0;ЧУВСТВО; 39.5. Внешнее выражение эмоций.;pos;
7746;Сладострастность ;0;ЧУВСТВО; 39.7. Эмоциональное качество.;pos;
7747;Сладострастный ;0;ЧУВСТВО; 39.6. Эмоциональная характеризация.;pos;
7757;Слащавый ;0;НЕИСКРЕННОСТЬ; 24.6. Эмоциональная характеризация.;neg;
7758;Слащавый ;0;НЕИСКРЕННОСТЬ; 24.5. Внешнее выражение эмоций.;neg;
7759;Слеза ;0;ГОРЕ; 9.5. Внешнее выражение эмоций.;neg;
7760;Слезливость ;0;ГОРЕ; 9.7. Эмоциональное качество.;neg;
7761;Слезливость ;0;ЖАЛОСТЬ; 13.7. Эмоциональное качество.;neg;
7762;Слезливый ;0;ГОРЕ; 9.6. Эмоциональная характеризация.;neg;
7763;Слезливый ;0;ЧУВСТВО; 39.6. Эмоциональная характеризация.;pos;
7764;Слезливый ;0;ЖАЛОСТЬ; 13.6. Эмоциональная характеризация.;neg;
7766;Слезно; разг. ;ЖАЛОСТЬ; 13.5. Внешнее выражение эмоций.;neg;
7774;Слюнтяй; перец., разг. ;СМИРЕНИЕ; 31.8. Человек как средоточие и носитель эмоций.;pos;
7775;Слюнтяйский; презр. ;СМИРЕНИЕ; 31.6. Эмоциональная характеризация.;pos;
7776;Слюнтяйство; разг., пренебр. ;СМИРЕНИЕ; 31.7. Эмоциональное качество.;pos;
7781;Смалодушествовать ;0;СМИРЕНИЕ; 31.1. Эмоциональное состояние.;pos;
7782;Смалодушествовать ;0;СМИРЕНИЕ; 31.5. Внешнее выражение эмоций.;pos;
7783;Смалодушничать ;0;СМИРЕНИЕ; 31.1. Эмоциональное состояние.;pos;
7784;Смалодушничать ;0;СМИРЕНИЕ; 31.5. Внешнее выражение эмоций.;pos;
7785;Смело ;0;БЕССТРАШИЕ; 2.6. Эмоциональная характеризация.;pos;
7786;Смелость ;0;БЕССТРАШИЕ; 2.7. Эмоциональное качество.;pos;
7787;Смелый ;0;БЕССТРАШИЕ; 2.1. Эмоциональное состояние.;pos;
7788;Смелый ;0;БЕССТРАШИЕ; 2.6. Эмоциональная характеризация.;pos;
7789;Смелый ;0;БЕССТЫДСТВО; 3.6. Эмоциональная характеризация.;neg;
7790;Смельчак ;0;БЕССТРАШИЕ; 2.8. Человек как средоточие и носитель эмоций.;pos;
7791;Смертельный; разг. ;ГОРЕ; 9.4. Эмоциональное воздействие.;neg;
7792;Смертельный; разг. ;ГОРЕ; 9.6. Эмоциональная характеризация.;neg;
7793;Смертоносность ;0;ГОРЕ; 9.4. Эмоциональное воздействие.;neg;
7794;Смертоносный ;0;ГОРЕ; 9.4. Эмоциональное воздействие.;neg;
7795;Смертоносный ;0;ГОРЕ; 9.6. Эмоциональная характеризация.;neg;
7797;Смех ;0;РАДОСТЬ; 30.1. Эмоциональное состояние.;pos;
7798;Смех ;0;РАДОСТЬ; 30.5. Внешнее выражение эмоций.;pos;
7799;Смехота ;0;РАДОСТЬ; 30.1. Эмоциональное состояние.;pos;
7800;Смехотворность ;0;РАДОСТЬ; 30.7. Эмоциональное качество.;pos;
7801;Смехотворный ;0;РАДОСТЬ; 30.4. Эмоциональное воздействие.;pos;
7802;Смешить ;0;РАДОСТЬ; 30.4. Эмоциональное воздействие.;pos;
7803;Смешливость ;0;РАДОСТЬ; 30.7. Эмоциональное качество.;pos;
7804;Смешливый ;0;РАДОСТЬ; 30.6. Эмоциональная характеризация.;pos;
7806;Смешной ;0;РАДОСТЬ; 30.4. Эмоциональное воздействие.;pos;
7807;Смешок ;0;РАДОСТЬ; 30.5. Внешнее выражение эмоций.;pos;
7808;Смеяться ;0;ОБИДА; 26.2. Эмоциональное отношение.;neg;
7809;Смеяться ;0;РАДОСТЬ; 30.5. Внешнее выражение эмоций.;pos;
7810;Смиловаться; сов., устар. ;ЖАЛОСТЬ; 13.2. Эмоциональное отношение.;neg;
7811;Смилостивиться; сов. ;ДОБРОТА; 11.5. Внешнее выражение эмоций.;pos;
7812;Смилостивиться; сов. ;ЖАЛОСТЬ; 13.2. Эмоциональное отношение.;neg;
7813;Смирение ;0;СМИРЕНИЕ; 31.1. Эмоциональное состояние.;pos;
7815;Смиренник; устар. ;СМИРЕНИЕ; 31.8. Человек как средоточие и носитель эмоций.;pos;
7816;Смиренница; устар. ;СМИРЕНИЕ; 31.8. Человек как средоточие и носитель эмоций.;pos;
7817;Смиренничать ;0;СМИРЕНИЕ; 31.1. Эмоциональное состояние.;pos;
7818;Смиренно ;0;СМИРЕНИЕ; 31.5. Внешнее выражение эмоций.;pos;
7819;Смиренномудрие; устар. ;СМИРЕНИЕ; 31.1. Эмоциональное состояние.;pos;
7820;Смиренномудрие; устар. ;СМИРЕНИЕ; 31.7. Эмоциональное качество.;pos;
7821;Смиренномудрый; устар. ;СМИРЕНИЕ; 31.1. Эмоциональное состояние.;pos;
7822;Смиренность ;0;СМИРЕНИЕ; 31.7. Эмоциональное качество.;pos;
7823;Смиренный ;0;СМИРЕНИЕ; 31.1. Эмоциональное состояние.;pos;
7824;Смиренный ;0;СМИРЕНИЕ; 31.5. Внешнее выражение эмоций.;pos;
7825;Смиренный ;0;СМИРЕНИЕ; 31.6. Эмоциональная характеризация.;pos;
7826;Смиренство; устар. ;СМИРЕНИЕ; 31.7. Эмоциональное качество.;pos;
7827;Смиритель; разг.-сниж. ;СМИРЕНИЕ; 31.8. Человек как средоточие и носитель эмоций.;pos;
7828;Смиритель; разг.-сниж. ;СПОКОЙСТВИЕ; 33.8. Человек как средоточие и носитель эмоций.;pos;
7829;Смирненький; ласк. ;СМИРЕНИЕ; 31.6. Эмоциональная характеризация.;pos;
7830;Смирнехонький; разг. ;СМИРЕНИЕ; 31.6. Эмоциональная характеризация.;pos;
7831;Смирнешенький; трад.-поэт. ;СМИРЕНИЕ; 31.6. Эмоциональная характеризация.;pos;
7832;Смирно ;0;СМИРЕНИЕ; 31.5. Внешнее выражение эмоций.;pos;
7833;Смирный ;0;СМИРЕНИЕ; 31.6. Эмоциональная характеризация.;pos;
7834;Смирный ;0;СПОКОЙСТВИЕ; 33.6. Эмоциональная характеризация.;pos;
7838;Смурной ;0;ГРУСТЬ; 10.6. Эмоциональная характеризация.;neg;
7839;Смурной; разг.-сниж. ;ГОРЕ; 9.5. Внешнее выражение эмоций.;neg;
7840;Смурной; разг. ;ГРУСТЬ; 10.1. Эмоциональное состояние.;neg;
7841;Смурной; разг. ;ГРУСТЬ; 10.5. Внешнее выражение эмоций.;neg;
7842;Смурость ;0;ГРУСТЬ; 10.7. Эмоциональное качество.;neg;
7843;Смурый; разг. ;ГРУСТЬ; 10.1. Эмоциональное состояние.;neg;
7844;Смурый; разг. ;ГРУСТЬ; 10.5. Внешнее выражение эмоций.;neg;
7845;Смурый; разг. ;ГРУСТЬ; 10.6. Эмоциональная характеризация.;neg;
7846;Смута ;0;БЕСПОКОЙСТВО; 1.1. Эмоциональное состояние.;neg;
7847;Смутно ;0;БЕСПОКОЙСТВО; 1.1. Эмоциональное состояние.;neg;
7850;Смутьян; разг. ;БЕСПОКОЙСТВО; 1.8. Человек как средоточие и носитель эмоций.;neg;
7851;Смущение ;0;БЕСПОКОЙСТВО; 1.1. Эмоциональное состояние.;neg;
7852;Смущение ;0;СТЫД; 35.1. Эмоциональное состояние.;neg;
7853;Смущенно ;0;СТЫД; 35.5. Внешнее выражение эмоций.;neg;
7854;Смущенность ;0;СТЫД; 35.1. Эмоциональное состояние.;neg;
7855;Смущенный ;0;БЕСПОКОЙСТВО; 1.1. Эмоциональное состояние.;neg;
7856;Смущенный ;0;СТЫД; 35.1. Эмоциональное состояние.;neg;
7860;Смятение ;0;БЕСПОКОЙСТВО; 1.1. Эмоциональное состояние.;neg;
7861;Смятение ;0;СТРАХ; 34.1. Эмоциональное состояние.;neg;
7862;Смятенно ;0;БЕСПОКОЙСТВО; 1.1. Эмоциональное состояние.;neg;
7863;Смятенность ;0;БЕСПОКОЙСТВО; 1.1. Эмоциональное состояние.;neg;
7864;Смятенный ;0;БЕСПОКОЙСТВО; 1.1. Эмоциональное состояние.;neg;
7865;Смятенный; книжн. ;БЕСПОКОЙСТВО; 1.6. Эмоциональная характеризация.;neg;
7867;Снисходительно ;0;ДОБРОТА; 11.5. Внешнее выражение эмоций.;pos;
7884;Сногсшибательный; разг. ;УДИВЛЕНИЕ; 38.4. Эмоциональное воздействие.;pos;
7885;Сногсшибательный; разг. ;УДИВЛЕНИЕ; 38.6. Эмоциональная характеризация.;pos;
7886;Сносливый; разг.-сниж. ;БЕССТРАШИЕ; 2.6. Эмоциональная характеризация.;pos;
7887;Сносный; устар. ;СМИРЕНИЕ; 31.6. Эмоциональная характеризация.;pos;
7888;Снулый; разг.-сниж. ;РАВНОДУШИЕ; 29.6. Эмоциональная характеризация.;neg;
7891;Собачить; разг.-сниж. ;НЕПРИЯЗНЬ; 25.5. Внешнее выражение эмоций.;neg;
7892;Собачиться; разг.-сниж. ;НЕПРИЯЗНЬ; 25.5. Внешнее выражение эмоций.;neg;
7893;Соблазн ;0;ВЛЕЧЕНИЕ; 6.1. Эмоциональное состояние.;pos;
7894;Соблазн ;0;ВЛЕЧЕНИЕ; 6.2. Эмоциональное отношение.;pos;
7895;Соблазн ;0;ЧУВСТВО; 39.2. Эмоциональное отношение.;pos;
7901;Соблазнительно ;0;ВЛЕЧЕНИЕ; 6.4. Эмоциональное воздействие.;pos;
7902;Соблазнительно ;0;ЧУВСТВО; 39.5. Внешнее выражение эмоций.;pos;
7903;Соблазнительность ;0;ВЛЕЧЕНИЕ; 6.7. Эмоциональное качество.;pos;
7904;Соблазнительный ;0;ВЛЕЧЕНИЕ; 6.4. Эмоциональное воздействие.;pos;
7905;Соблазнительный ;0;ВЛЕЧЕНИЕ; 6.6. Эмоциональная характеризация.;pos;
7906;Соблазнительный ;0;ЖЕЛАНИЕ; 14.4. Эмоциональное воздействие.;pos;
7907;Соблазнительный ;0;ЛЮБОПЫТСТВО; 19.4. Эмоциональное воздействие.;pos;
7908;Соблазнительный ;0;ЧУВСТВО; 39.6. Эмоциональная характеризация.;pos;
7911;Соболезновать ;0;ДОБРОТА; 11.5. Внешнее выражение эмоций.;pos;
7912;Соболезновать ;0;ЖАЛОСТЬ; 13.2. Эмоциональное отношение.;neg;
7913;Соболезнующе ;0;ЖАЛОСТЬ; 13.5. Внешнее выражение эмоций.;neg;
7914;Соболезнующий ;0;ЖАЛОСТЬ; 13.2. Эмоциональное отношение.;neg;
7915;Соболезнующий ;0;ЖАЛОСТЬ; 13.5. Внешнее выражение эмоций.;neg;
7916;Соболезнующий ;0;ЖАЛОСТЬ; 13.6. Эмоциональная характеризация.;neg;
7917;Совестить; разг. ;СТЫД; 35.4. Эмоциональное воздействие.;neg;
7918;Совестливость ;0;СТЫД; 35.7. Эмоциональное качество.;neg;
7921;Совестно ;0;СТЫД; 35.1. Эмоциональное состояние.;neg;
7931;Согласие ;0;СПОКОЙСТВИЕ; 33.1. Эмоциональное состояние.;pos;
7932;Согласие и Согласье ;0;ДРУЖБА; 12.2. Эмоциональное отношение.;pos;
7933;Согласный ;0;ДРУЖБА; 12.6. Эмоциональная характеризация.;pos;
7934;Согласованность ;0;ДРУЖБА; 12.7. Эмоциональное качество.;pos;
7935;Содержанка; устар. ;ЛЮБОВЬ; 18.8. Человек как средоточие и носитель эмоций.;pos;
7936;Содомить; книжн. ;ВРАЖДА; 7.2. Эмоциональное отношение.;neg;
7937;Содомить; книжн. ;ВРАЖДА; 7.5. Внешнее выражение эмоций.;neg;
7938;Содомиться; устар., разг. ;ВРАЖДА; 7.2. Эмоциональное отношение.;neg;
7939;Содомиться; устар., разг. ;ВРАЖДА; 7.5. Внешнее выражение эмоций.;neg;
7941;Сожаление ;0;ГРУСТЬ; 10.1. Эмоциональное состояние.;neg;
7942;Сожаление ;0;ЖАЛОСТЬ; 13.2. Эмоциональное отношение.;neg;
7943;Сожаление ;0;СТЫД; 35.1. Эмоциональное состояние.;neg;
7944;Сожаление ;0;СТЫД; 35.2. Эмоциональное отношение.;neg;
7945;Сожалеть ;0;ЖАЛОСТЬ; 13.2. Эмоциональное отношение.;neg;
7949;Соколик; разг., ласк. ;ЛЮБОВЬ; 18.8. Человек как средоточие и носитель эмоций.;pos;
7950;Сокровенно ;0;ДРУЖБА; 12.5. Внешнее выражение эмоций.;pos;
7951;Сокровенный ;0;ДРУЖБА; 12.6. Эмоциональная характеризация.;pos;
7952;Сокрушаться ;0;ГОРЕ; 9.1. Эмоциональное состояние.;neg;
7953;Сокрушаться ;0;ГРУСТЬ; 10.1. Эмоциональное состояние.;neg;
7954;Сокрушаться ;0;ЖАЛОСТЬ; 13.2. Эмоциональное отношение.;neg;
7955;Сокрушение ;0;ГРУСТЬ; 10.1. Эмоциональное состояние.;neg;
7956;Сокрушенно ;0;ГРУСТЬ; 10.5. Внешнее выражение эмоций.;neg;
7957;Сокрушенный ;0;ГРУСТЬ; 10.1. Эмоциональное состояние.;neg;
7958;Сокрушенный ;0;ГРУСТЬ; 10.3. Становление эмоционального состояния и отношения.;neg;
7959;Сокрушенный ;0;ГРУСТЬ; 10.5. Внешнее выражение эмоций.;neg;
7960;Сокрушенный ;0;ГРУСТЬ; 10.6. Эмоциональная характеризация.;neg;
7961;Сокрушительность ;0;ГРУСТЬ; 10.7. Эмоциональное качество.;neg;
7962;Сокрушительный ;0;ГРУСТЬ; 10.4. Эмоциональное воздействие.;neg;
7963;Солидарность ;0;ДОБРОТА; 11.5. Внешнее выражение эмоций.;pos;
7964;Солидарный ;0;ДОБРОТА; 11.1. Эмоциональное состояние.;pos;
7973;Солнышко; разг. ;ЛЮБОВЬ; 18.8. Человек как средоточие и носитель эмоций.;pos;
7974;Солоно; разг. ;ГОРЕ; 9.1. Эмоциональное состояние.;neg;
7975;Сомнение ;0;СОМНЕНИЕ; 32.1. Эмоциональное состояние.;neg;
7976;Сомнение ;0;СОМНЕНИЕ; 32.2. Эмоциональное отношение.;neg;
7977;Сомнение ;0;СОМНЕНИЕ; 32.7. Эмоциональное качество.;neg;
7978;Сомнительно ;0;НЕВЕРИЕ; 22.5. Внешнее выражение эмоций.;neg;
7979;Сомнительно ;0;СОМНЕНИЕ; 32.1. Эмоциональное состояние.;neg;
7980;Сомнительность ;0;НЕВЕРИЕ; 22.7. Эмоциональное качество.;neg;
7981;Сомнительность ;0;СОМНЕНИЕ; 32.7. Эмоциональное качество.;neg;
7982;Сомнительный ;0;НЕВЕРИЕ; 22.6. Эмоциональная характеризация.;neg;
7983;Сомнительный ;0;СОМНЕНИЕ; 32.4. Эмоциональное воздействие.;neg;
7984;Сомнительный ;0;СОМНЕНИЕ; 32.6. Эмоциональная характеризация.;neg;
7985;Сообщительность; устар. ;ДРУЖБА; 12.7. Эмоциональное качество.;pos;
7986;Сообщительный; устар. ;ДРУЖБА; 12.2. Эмоциональное отношение.;pos;
7987;Сообщительный; устар. ;ДРУЖБА; 12.6. Эмоциональная характеризация.;pos;
7990;Сорвиголова; разг. ;БЕССТРАШИЕ; 2.8. Человек как средоточие и носитель эмоций.;pos;
7991;Сором; устар. ;СТЫД; 35.5. Внешнее выражение эмоций.;neg;
7992;Соромный; устар. ;СТЫД; 35.6. Эмоциональная характеризация.;neg;
7994;Соскучиться ;0;ГРУСТЬ; 10.1. Эмоциональное состояние.;neg;
7995;Соскучиться ;0;ГРУСТЬ; 10.3. Становление эмоционального состояния и отношения.;neg;
7996;Сострадание ;0;ЖАЛОСТЬ; 13.2. Эмоциональное отношение.;neg;
7997;Сострадательно ;0;ЖАЛОСТЬ; 13.5. Внешнее выражение эмоций.;neg;
7998;Сострадательность ;0;ЖАЛОСТЬ; 13.7. Эмоциональное качество.;neg;
7999;Сострадательный ;0;ЖАЛОСТЬ; 13.2. Эмоциональное отношение.;neg;
8000;Сострадательный ;0;ЖАЛОСТЬ; 13.5. Внешнее выражение эмоций.;neg;
8001;Сострадательный ;0;ЖАЛОСТЬ; 13.6. Эмоциональная характеризация.;neg;
8002;Сострадать ;0;ЖАЛОСТЬ; 13.2. Эмоциональное отношение.;neg;
8003;Сострадающий ;0;ЖАЛОСТЬ; 13.2. Эмоциональное отношение.;neg;
8005;Сочувственно ;0;ЖАЛОСТЬ; 13.5. Внешнее выражение эмоций.;neg;
8006;Сочувственно ;0;ОДОБРЕНИЕ; 28.5. Внешнее выражение эмоций.;pos;
8007;Сочувственный ;0;ДОБРОТА; 11.2. Эмоциональное отношение.;pos;
8018;Сочувствовать ;0;ДОБРОТА; 11.5. Внешнее выражение эмоций.;pos;
8019;Сочувствовать; устар. ;ОДОБРЕНИЕ; 28.2. Эмоциональное отношение.;pos;
8024;Спесивец; устар. ;ВЫСОКОМЕРИЕ; 8.8. Человек как средоточие и носитель эмоций.;neg;
8025;Спесивиться; устар. ;ВЫСОКОМЕРИЕ; 8.5. Внешнее выражение эмоций.;neg;
8026;Спесивица; устар. ;ВЫСОКОМЕРИЕ; 8.8. Человек как средоточие и носитель эмоций.;neg;
8027;Спесиво ;0;ВЫСОКОМЕРИЕ; 8.5. Внешнее выражение эмоций.;neg;
8028;Спесивость ;0;ВЫСОКОМЕРИЕ; 8.7. Эмоциональное качество.;neg;
8029;Спесивый ;0;ВЫСОКОМЕРИЕ; 8.1. Эмоциональное состояние.;neg;
8030;Спесивый ;0;ВЫСОКОМЕРИЕ; 8.5. Внешнее выражение эмоций.;neg;
8031;Спесивый ;0;ВЫСОКОМЕРИЕ; 8.6. Эмоциональная характеризация.;neg;
8032;Спесь ;0;ВЫСОКОМЕРИЕ; 8.7. Эмоциональное качество.;neg;
8035;Сплин; устар. ;ГРУСТЬ; 10.1. Эмоциональное состояние.;neg;
8036;Сплоченность ;0;ДРУЖБА; 12.7. Эмоциональное качество.;pos;
8039;Спокой; разг.-сниж. ;СПОКОЙСТВИЕ; 33.1. Эмоциональное состояние.;pos;
8040;Спокойно ;0;СПОКОЙСТВИЕ; 33.1. Эмоциональное состояние.;pos;
8041;Спокойно ;0;СПОКОЙСТВИЕ; 33.5. Внешнее выражение эмоций.;pos;
8042;Спокойный ;0;СПОКОЙСТВИЕ; 33.1. Эмоциональное состояние.;pos;
8043;Спокойный ;0;СПОКОЙСТВИЕ; 33.5. Внешнее выражение эмоций.;pos;
8044;Спокойный ;0;СПОКОЙСТВИЕ; 33.6. Эмоциональная характеризация.;pos;
8045;Спокойствие ;0;СПОКОЙСТВИЕ; 33.1. Эмоциональное состояние.;pos;
8046;Спокойствие ;0;СПОКОЙСТВИЕ; 33.7. Эмоциональное качество.;pos;
8047;Сполох ;0;БЕСПОКОЙСТВО; 1.1. Эмоциональное состояние.;neg;
8049;Срам; разг. ;СТЫД; 35.1. Эмоциональное состояние.;neg;
8050;Срам; разг. ;СТЫД; 35.5. Внешнее выражение эмоций.;neg;
8051;Срамец; устар. ;БЕССТЫДСТВО; 3.8. Человек как средоточие и носитель эмоций.;neg;
8052;Срамник; разг.-сниж. ;СТЫД; 35.8. Человек как средоточие и носитель эмоций.;neg;
8053;Срамник; разг.-сниж. ;БЕССТЫДСТВО; 3.8. Человек как средоточие и носитель эмоций.;neg;
8054;Срамной; разг.-сниж. ;СТЫД; 35.4. Эмоциональное воздействие.;neg;
8055;Срамной; разг.-сниж. ;СТЫД; 35.6. Эмоциональная характеризация.;neg;
8056;Срамота; разг.-сниж. ;СТЫД; 35.1. Эмоциональное состояние.;neg;
8061;Сробеть; сов. ;СТРАХ; 34.3. Становление эмоционального состояния и отношения.;neg;
8062;Ссора ;0;ВРАЖДА; 7.1. Эмоциональное состояние.;neg;
8063;Ссора ;0;НЕПРИЯЗНЬ; 25.2. Эмоциональное отношение.;neg;
8064;Ссориться ;0;ВРАЖДА; 7.5. Внешнее выражение эмоций.;neg;
8068;Стараться; устар. ;ДОБРОТА; 11.5. Внешнее выражение эмоций.;pos;
8069;Стать; устар. ;ЧУВСТВО; 39.8. Человек как средоточие и носитель эмоций.;pos;
8076;Стерва; разг.-сниж., бран. ;НЕПРИЯЗНЬ; 25.8. Человек как средоточие и носитель эмоций.;neg;
8077;Стервец; разг.-сниж., бран. ;НЕПРИЯЗНЬ; 25.8. Человек как средоточие и носитель эмоций.;neg;
8078;Стервоза; разг.-сниж., бран. ;НЕДОВОЛЬСТВО; 23.8. Человек как средоточие и носитель эмоций.;neg;
8079;Стервозность;разг.-сниж. ;НЕДОВОЛЬСТВО; 23.7. Эмоциональное качество.;neg;
8080;Стервозный; разг.-сниж. ;НЕДОВОЛЬСТВО; 23.6. Эмоциональная характеризация.;neg;
8084;Стеснение ;0;СТЫД; 35.1. Эмоциональное состояние.;neg;
8085;Стесненно ;0;СТЫД; 35.5. Внешнее выражение эмоций.;neg;
8086;Стесненность ;0;СТЫД; 35.1. Эмоциональное состояние.;neg;
8087;Стесненность ;0;СТЫД; 35.7. Эмоциональное качество.;neg;
8088;Стесненный ;0;СТЫД; 35.6. Эмоциональная характеризация.;neg;
8089;Стесненный ;0;СТЫД; 35.1. Эмоциональное состояние.;neg;
8090;Стеснительница ;0;СМИРЕНИЕ; 31.8. Человек как средоточие и носитель эмоций.;pos;
8093;Стеснительный ;0;СМИРЕНИЕ; 31.5. Внешнее выражение эмоций.;pos;
8094;Стеснительный ;0;СМИРЕНИЕ; 31.6. Эмоциональная характеризация.;pos;
8095;Стеснительный ;0;СТЫД; 35.6. Эмоциональная характеризация.;neg;
8102;Стожильный; разг. ;БЕССТРАШИЕ; 2.6. Эмоциональная характеризация.;pos;
8104;Стойко ;0;БЕССТРАШИЕ; 2.6. Эмоциональная характеризация.;pos;
8105;Стойкость ;0;БЕССТРАШИЕ; 2.7. Эмоциональное качество.;pos;
8107;Стоически ;0;БЕССТРАШИЕ; 2.6. Эмоциональная характеризация.;pos;
8112;Стон ;0;ГОРЕ; 9.5. Внешнее выражение эмоций.;neg;
8119;Стосковаться ;0;ГРУСТЬ; 10.1. Эмоциональное состояние.;neg;
8120;Стосковаться ;0;ГРУСТЬ; 10.3. Становление эмоционального состояния и отношения.;neg;
8121;Страдалец ;0;ГОРЕ; 9.8. Человек как средоточие и носитель эмоций.;neg;
8122;Страдалица ;0;ГОРЕ; 9.8. Человек как средоточие и носитель эмоций.;neg;
8123;Страдальческий ;0;ГОРЕ; 9.1. Эмоциональное состояние.;neg;
8124;Страдальческий ;0;ГОРЕ; 9.5. Внешнее выражение эмоций.;neg;
8125;Страдальческий ;0;ГОРЕ; 9.6. Эмоциональная характеризация.;neg;
8126;Страдальческий ;0;ЖАЛОСТЬ; 13.2. Эмоциональное отношение.;neg;
8127;Страдание ;0;ГОРЕ; 9.1. Эмоциональное состояние.;neg;
8128;Страдательность; устар. ;ЖАЛОСТЬ; 13.7. Эмоциональное качество.;neg;
8129;Страдательный ;0;ГОРЕ; 9.1. Эмоциональное состояние.;neg;
8130;Страдательный; устар. ;ГОРЕ; 9.6. Эмоциональная характеризация.;neg;
8131;Страдать ;0;ГОРЕ; 9.1. Эмоциональное состояние.;neg;
8133;Страдающий ;0;ГОРЕ; 9.1. Эмоциональное состояние.;neg;
8134;Страдающий ;0;ГОРЕ; 9.5. Внешнее выражение эмоций.;neg;
8135;Странно ;0;УДИВЛЕНИЕ; 38.1. Эмоциональное состояние.;pos;
8136;Странно ;0;УДИВЛЕНИЕ; 38.4. Эмоциональное воздействие.;pos;
8137;Странно ;0;УДИВЛЕНИЕ; 38.5. Внешнее выражение эмоций.;pos;
8138;Странноватый; разг. ;УДИВЛЕНИЕ; 38.6. Эмоциональная характеризация.;pos;
8139;Странность ;0;УДИВЛЕНИЕ; 38.4. Эмоциональное воздействие.;pos;
8140;Странность ;0;УДИВЛЕНИЕ; 38.7. Эмоциональное качество.;pos;
8141;Странный ;0;УДИВЛЕНИЕ; 38.4. Эмоциональное воздействие.;pos;
8142;Странный ;0;УДИВЛЕНИЕ; 38.6. Эмоциональная характеризация.;pos;
8143;Страстишка; разг., неодобр. ;ВЛЕЧЕНИЕ; 6.1. Эмоциональное состояние.;pos;
8144;Страстишка; разг., неодобр. ;ЛЮБОВЬ; 18.1. Эмоциональное состояние.;pos;
8145;Страстишка; разг., пренебр. ;ЛЮБОВЬ; 18.2. Эмоциональное отношение.;pos;
8146;Страстно ;0;ЛЮБОВЬ; 18.5. Внешнее выражение эмоций.;pos;
8147;Страстность ;0;ВДОХНОВЕНИЕ; 4.7. Эмоциональное качество.;pos;
8148;Страстность ;0;ВЛЕЧЕНИЕ; 6.7. Эмоциональное качество.;pos;
8149;Страстность ;0;ЛЮБОВЬ; 18.7. Эмоциональное качество.;pos;
8150;Страстный ;0;ВДОХНОВЕНИЕ; 4.1. Эмоциональное состояние.;pos;
8151;Страстный ;0;ВДОХНОВЕНИЕ; 4.5. Внешнее выражение эмоций.;pos;
8152;Страстный ;0;ВДОХНОВЕНИЕ; 4.6. Эмоциональная характеризация.;pos;
8153;Страстный ;0;ВЛЕЧЕНИЕ; 6.1. Эмоциональное состояние.;pos;
8154;Страстный ;0;ВЛЕЧЕНИЕ; 6.4. Эмоциональное воздействие.;pos;
8155;Страстный ;0;ВЛЕЧЕНИЕ; 6.6. Эмоциональная характеризация.;pos;
8156;Страстный ;0;ЛЮБОВЬ; 18.1. Эмоциональное состояние.;pos;
8157;Страстный ;0;ЛЮБОВЬ; 18.5. Внешнее выражение эмоций.;pos;
8158;Страстный ;0;ЛЮБОВЬ; 18.6. Эмоциональная характеризация.;pos;
8159;Страстотерпец; высок. ;ГОРЕ; 9.8. Человек как средоточие и носитель эмоций.;neg;
8160;Страстотерпица; высок. ;ГОРЕ; 9.8. Человек как средоточие и носитель эмоций.;neg;
8161;Страсть ;0;ВДОХНОВЕНИЕ; 4.1. Эмоциональное состояние.;pos;
8162;Страсть ;0;ВЛЕЧЕНИЕ; 6.1. Эмоциональное состояние.;pos;
8163;Страсть ;0;ВЛЕЧЕНИЕ; 6.2. Эмоциональное отношение.;pos;
8164;Страсть ;0;ЛЮБОВЬ; 18.1. Эмоциональное состояние.;pos;
8165;Страсть ;0;ЛЮБОВЬ; 18.2. Эмоциональное отношение.;pos;
8166;Страсть ;0;ЛЮБОВЬ; 18.7. Эмоциональное качество.;pos;
8167;Страсть ;0;СТРАХ; 34.1. Эмоциональное состояние.;neg;
8168;Страх ;0;СТРАХ; 34.1. Эмоциональное состояние.;neg;
8170;Страховитый; разг.-сниж. ;СТРАХ; 34.4. Эмоциональное воздействие.;neg;
8171;Страховитый; разг.-сниж. ;СТРАХ; 34.5. Внешнее выражение эмоций.;neg;
8172;Страховитый; разг.-сниж. ;СТРАХ; 34.6. Эмоциональная характеризация.;neg;
8176;Страшенный; разг.-сниж. ;СТРАХ; 34.4. Эмоциональное воздействие.;neg;
8177;Страшенный; разг.-сниж. ;СТРАХ; 34.6. Эмоциональная характеризация.;neg;
8178;Страшилище ;0;СТРАХ; 34.8. Человек как средоточие и носитель эмоций.;neg;
8179;Страшило ;0;СТРАХ; 34.8. Человек как средоточие и носитель эмоций.;neg;
8180;Страшить; несов. и сов. ;СТРАХ; 34.4. Эмоциональное воздействие.;neg;
8181;Страшиться ;0;СТРАХ; 34.2. Эмоциональное отношение.;neg;
8182;Страшливый; разг.-сниж. ;СТРАХ; 34.5. Внешнее выражение эмоций.;neg;
8183;Страшливый; разг.-сниж. ;СТРАХ; 34.6. Эмоциональная характеризация.;neg;
8184;Страшно ;0;СТРАХ; 34.1. Эмоциональное состояние.;neg;
8185;Страшно ;0;СТРАХ; 34.5. Внешнее выражение эмоций.;neg;
8187;Страшный ;0;СТРАХ; 34.4. Эмоциональное воздействие.;neg;
8188;Страшный ;0;СТРАХ; 34.5. Внешнее выражение эмоций.;neg;
8189;Страшный ;0;СТРАХ; 34.6. Эмоциональная характеризация.;neg;
8190;Стращать; разг. -сниж. ;СТРАХ; 34.4. Эмоциональное воздействие.;neg;
8192;Стремление ;0;ВЛЕЧЕНИЕ; 6.2. Эмоциональное отношение.;pos;
8193;Стремление ;0;НАДЕЖДА; 20.2. Эмоциональное отношение.;pos;
8194;Стремно; жарг. ;СТРАХ; 34.5. Внешнее выражение эмоций.;neg;
8195;Стрессовый ;0;ГОРЕ; 9.4. Эмоциональное воздействие.;neg;
8196;Стрессовый ;0;ГОРЕ; 9.6. Эмоциональная характеризация.;neg;
8197;Строить; разг. ;НЕИСКРЕННОСТЬ; 24.5. Внешнее выражение эмоций.;neg;
8198;Строптивец ;0;НАСТОЙЧИВОСТЬ; 21.8. Человек как средоточие и носитель эмоций.;pos;
8199;Строптивица ;0;НАСТОЙЧИВОСТЬ; 21.8. Человек как средоточие и носитель эмоций.;pos;
8200;Строптиво ;0;НАСТОЙЧИВОСТЬ; 21.5. Внешнее выражение эмоций.;pos;
8201;Строптивость ;0;НАСТОЙЧИВОСТЬ; 21.7. Эмоциональное качество.;pos;
8202;Строптивый ;0;НАСТОЙЧИВОСТЬ; 21.5. Внешнее выражение эмоций.;pos;
8203;Строптивый ;0;НАСТОЙЧИВОСТЬ; 21.6. Эмоциональная характеризация.;pos;
8204;Струсить; сов. ;СТРАХ; 34.1. Эмоциональное состояние.;neg;
8205;Струхнуть; сов., разг. ;СТРАХ; 34.1. Эмоциональное состояние.;neg;
8206;Стыд ;0;СТЫД; 35.1. Эмоциональное состояние.;neg;
8207;Стыдить; разг. ;СТЫД; 35.4. Эмоциональное воздействие.;neg;
8208;Стыдливо ;0;СТЫД; 35.5. Внешнее выражение эмоций.;neg;
8209;Стыдливость ;0;СТЫД; 35.7. Эмоциональное качество.;neg;
8210;Стыдливый ;0;СТЫД; 35.1. Эмоциональное состояние.;neg;
8211;Стыдливый ;0;СТЫД; 35.5. Внешнее выражение эмоций.;neg;
8212;Стыдливый ;0;СТЫД; 35.6. Эмоциональная характеризация.;neg;
8213;Стыдно ;0;СТЫД; 35.1. Эмоциональное состояние.;neg;
8214;Стыдновато; разг. ;СТЫД; 35.1. Эмоциональное состояние.;neg;
8215;Стыдноватый; разг. ;СТЫД; 35.5. Внешнее выражение эмоций.;neg;
8216;Стыдноватый; разг. ;СТЫД; 35.6. Эмоциональная характеризация.;neg;
8217;Стыдный; разг. ;СТЫД; 35.4. Эмоциональное воздействие.;neg;
8218;Стыдный; разг. ;СТЫД; 35.5. Внешнее выражение эмоций.;neg;
8219;Стыдный; разг. ;СТЫД; 35.6. Эмоциональная характеризация.;neg;
8220;Стыдоба; разг. ;СТЫД; 35.1. Эмоциональное состояние.;neg;
8221;Стыдоба; разг. ;СТЫД; 35.8. Человек как средоточие и носитель эмоций.;neg;
8222;Стыдобище; разг. ;СТЫД; 35.1. Эмоциональное состояние.;neg;
8223;Стыдобушка; разг. ;СТЫД; 35.1. Эмоциональное состояние.;neg;
8226;Стычка ;0;НЕПРИЯЗНЬ; 25.2. Эмоциональное отношение.;neg;
8237;Суета ;0;БЕСПОКОЙСТВО; 1.5. Внешнее выражение эмоций.;neg;
8238;Суетиться ;0;БЕСПОКОЙСТВО; 1.5. Внешнее выражение эмоций.;neg;
8239;Суетливо ;0;БЕСПОКОЙСТВО; 1.5. Внешнее выражение эмоций.;neg;
8240;Суетливость ;0;БЕСПОКОЙСТВО; 1.7. Эмоциональное качество.;neg;
8241;Суетливый ;0;БЕСПОКОЙСТВО; 1.5. Внешнее выражение эмоций.;neg;
8242;Суетливый ;0;БЕСПОКОЙСТВО; 1.6. Эмоциональная характеризация.;neg;
8243;Суетный; книжн. ;БЕСПОКОЙСТВО; 1.5. Внешнее выражение эмоций.;neg;
8244;Суетный; книжн. ;БЕСПОКОЙСТВО; 1.6. Эмоциональная характеризация.;neg;
8245;Суетня; разг. ;БЕСПОКОЙСТВО; 1.5. Внешнее выражение эмоций.;neg;
8246;Сука; разг.-сниж., груб. ;НЕПРИЯЗНЬ; 25.8. Человек как средоточие и носитель эмоций.;neg;
8247;Сумасброд ;0;УДИВЛЕНИЕ; 38.8. Человек как средоточие и носитель эмоций.;pos;
8248;Сумасбродить ;0;УДИВЛЕНИЕ; 38.5. Внешнее выражение эмоций.;pos;
8249;Сумасбродный; разг. ;БЕССТРАШИЕ; 2.6. Эмоциональная характеризация.;pos;
8250;Сумасбродство; разг. ;БЕССТРАШИЕ; 2.7. Эмоциональное качество.;pos;
8252;Сумасшествие ;0;БЕСПОКОЙСТВО; 1.1. Эмоциональное состояние.;neg;
8253;Сумасшествие; разг. ;БЕССТРАШИЕ; 2.7. Эмоциональное качество.;pos;
8254;Сумасшествовать ;0;БЕСПОКОЙСТВО; 1.5. Внешнее выражение эмоций.;neg;
8255;Суматоха ;0;БЕСПОКОЙСТВО; 1.5. Внешнее выражение эмоций.;neg;
8256;Суматошиться; разг. ;БЕСПОКОЙСТВО; 1.5. Внешнее выражение эмоций.;neg;
8257;Суматошливо; разг. ;БЕСПОКОЙСТВО; 1.5. Внешнее выражение эмоций.;neg;
8258;Суматошливость; разг. ;БЕСПОКОЙСТВО; 1.7. Эмоциональное качество.;neg;
8259;Суматошливый; разг. ;БЕСПОКОЙСТВО; 1.5. Внешнее выражение эмоций.;neg;
8260;Суматошливый; разг. ;БЕСПОКОЙСТВО; 1.6. Эмоциональная характеризация.;neg;
8261;Суматошно; разг. ;БЕСПОКОЙСТВО; 1.5. Внешнее выражение эмоций.;neg;
8262;Суматошность; разг. ;БЕСПОКОЙСТВО; 1.7. Эмоциональное качество.;neg;
8263;Суматошный; разг. ;БЕСПОКОЙСТВО; 1.5. Внешнее выражение эмоций.;neg;
8264;Суматошный; разг. ;БЕСПОКОЙСТВО; 1.6. Эмоциональная характеризация.;neg;
8275;Сумятица; разг. ;БЕСПОКОЙСТВО; 1.5. Внешнее выражение эмоций.;neg;
8281;Сурово ;0;ЖЕСТОКОСТЬ; 15.5. Внешнее выражение эмоций.;neg;
8282;Суровый ;0;ЖЕСТОКОСТЬ; 15.5. Внешнее выражение эмоций.;neg;
8283;Суровый ;0;ЖЕСТОКОСТЬ; 15.6. Эмоциональная характеризация.;neg;
8284;Сутолока ;0;БЕСПОКОЙСТВО; 1.5. Внешнее выражение эмоций.;neg;
8289;Сучара; разг.-сниж., бран. ;НЕПРИЯЗНЬ; 25.8. Человек как средоточие и носитель эмоций.;neg;
8291;Схватка ;0;НЕПРИЯЗНЬ; 25.2. Эмоциональное отношение.;neg;
8292;Сходчивый; разг.-сниж. ;СМИРЕНИЕ; 31.6. Эмоциональная характеризация.;pos;
8294;Счастливец ;0;РАДОСТЬ; 30.8. Человек как средоточие и носитель эмоций.;pos;
8295;Счастливец ;0;СЧАСТЬЕ; 36.8. Человек как средоточие и носитель эмоций.;pos;
8296;Счастливить ;0;РАДОСТЬ; 30.4. Эмоциональное воздействие.;pos;
8297;Счастливиться; устар. ;РАДОСТЬ; 30.3. Становление эмоционального состояния и отношения.;pos;
8298;Счастливиться; устар. ;СЧАСТЬЕ; 36.3. Становление эмоционального состояния и отношения.;pos;
8299;Счастливица ;0;РАДОСТЬ; 30.8. Человек как средоточие и носитель эмоций.;pos;
8300;Счастливица; разг. ;СЧАСТЬЕ; 36.8. Человек как средоточие и носитель эмоций.;pos;
8301;Счастливчик; разг. ;РАДОСТЬ; 30.8. Человек как средоточие и носитель эмоций.;pos;
8302;Счастливчик; разг. ;СЧАСТЬЕ; 36.8. Человек как средоточие и носитель эмоций.;pos;
8303;Счастливый ;0;РАДОСТЬ; 30.1. Эмоциональное состояние.;pos;
8304;Счастливый ;0;РАДОСТЬ; 30.5. Внешнее выражение эмоций.;pos;
8305;Счастливый ;0;СЧАСТЬЕ; 36.1. Эмоциональное состояние.;pos;
8306;Счастливый ;0;СЧАСТЬЕ; 36.4. Эмоциональное воздействие.;pos;
8307;Счастливый ;0;СЧАСТЬЕ; 36.6. Эмоциональная характеризация.;pos;
8308;Счастье ;0;РАДОСТЬ; 30.1. Эмоциональное состояние.;pos;
8310;Таинственность ;0;УДИВЛЕНИЕ; 38.7. Эмоциональное качество.;pos;
8311;Таинственный ;0;УДИВЛЕНИЕ; 38.6. Эмоциональная характеризация.;pos;
8312;Тактичность ;0;ДОБРОТА; 11.7. Эмоциональное качество.;pos;
8313;Тактичность ;0;СМИРЕНИЕ; 31.7. Эмоциональное качество.;pos;
8314;Тактичный ;0;ДОБРОТА; 11.6. Эмоциональная характеризация.;pos;
8315;Тактичный ;0;СМИРЕНИЕ; 31.6. Эмоциональная характеризация.;pos;
8316;Талан; устар., трад.-поэт. ;СЧАСТЬЕ; 36.1. Эмоциональное состояние.;pos;
8317;Талан; устар., трад.-поэт. ;СЧАСТЬЕ; 36.6. Эмоциональная характеризация.;pos;
8318;Таланливый; устар., трад.-поэт. ;СЧАСТЬЕ; 36.1. Эмоциональное состояние.;pos;
8319;Таланливый; устар., трад.-поэт. ;СЧАСТЬЕ; 36.6. Эмоциональная характеризация.;pos;
8320;Талантливый; устар., трад.-поэт. ;СЧАСТЬЕ; 36.6. Эмоциональная характеризация.;pos;
8321;Тарарам; разг.-сниж., груб. ;ВРАЖДА; 7.2. Эмоциональное отношение.;neg;
8323;Тартюфизм; книжн. ;НЕИСКРЕННОСТЬ; 24.7. Эмоциональное качество.;neg;
8326;Тащиться; жарг. ;ВДОХНОВЕНИЕ; 4.2. Эмоциональное отношение.;pos;
8327;Тащиться; жарг. ;ЛЮБОВЬ; 18.2. Эмоциональное отношение.;pos;
8328;Тащиться; жарг. ;СЧАСТЬЕ; 36.1. Эмоциональное состояние.;pos;
8329;Тащиться; разг.-сниж. ;ВДОХНОВЕНИЕ; 4.1. Эмоциональное состояние.;pos;
8332;Тварь; разг.-сниж., презр. ;НЕПРИЯЗНЬ; 25.8. Человек как средоточие и носитель эмоций.;neg;
8333;Твердо ;0;БЕССТРАШИЕ; 2.6. Эмоциональная характеризация.;pos;
8337;Твердость ;0;БЕССТРАШИЕ; 2.6. Эмоциональная характеризация.;pos;
8356;Темпераментность ;0;БЕСПОКОЙСТВО; 1.7. Эмоциональное качество.;neg;
8357;Темпераментность; роза. ;ЛЮБОВЬ; 18.7. Эмоциональное качество.;pos;
8358;Темпераментный ;0;БЕСПОКОЙСТВО; 1.6. Эмоциональная характеризация.;neg;
8359;Темпераментный ;0;ВДОХНОВЕНИЕ; 4.5. Внешнее выражение эмоций.;pos;
8360;Темпераментный ;0;ВДОХНОВЕНИЕ; 4.6. Эмоциональная характеризация.;pos;
8361;Темпераментный ;0;ЧУВСТВО; 39.6. Эмоциональная характеризация.;pos;
8362;Темпераментный; разг. ;ЛЮБОВЬ; 18.5. Внешнее выражение эмоций.;pos;
8363;Темпераментный; разг. ;ЛЮБОВЬ; 18.6. Эмоциональная характеризация.;pos;
8373;Терзание ;0;ГОРЕ; 9.1. Эмоциональное состояние.;neg;
8376;Терпеливость ;0;СМИРЕНИЕ; 31.7. Эмоциональное качество.;pos;
8377;Терпеливый ;0;СМИРЕНИЕ; 31.1. Эмоциональное состояние.;pos;
8378;Терпеливый ;0;СМИРЕНИЕ; 31.5. Внешнее выражение эмоций.;pos;
8379;Терпеливый ;0;СМИРЕНИЕ; 31.6. Эмоциональная характеризация.;pos;
8380;Терпение ;0;СМИРЕНИЕ; 31.1. Эмоциональное состояние.;pos;
8381;Терпение ;0;СМИРЕНИЕ; 31.7. Эмоциональное качество.;pos;
8382;Терпеть ;0;ГОРЕ; 9.1. Эмоциональное состояние.;neg;
8383;Терпимо ;0;ДОБРОТА; 11.5. Внешнее выражение эмоций.;pos;
8384;Терпимость ;0;ДОБРОТА; 11.7. Эмоциональное качество.;pos;
8385;Терпимость ;0;СМИРЕНИЕ; 31.7. Эмоциональное качество.;pos;
8386;Терпимый ;0;ДОБРОТА; 11.2. Эмоциональное отношение.;pos;
8387;Терпимый ;0;ДОБРОТА; 11.6. Эмоциональная характеризация.;pos;
8388;Терпимый ;0;СМИРЕНИЕ; 31.6. Эмоциональная характеризация.;pos;
8389;Терроризировать; несов. и сов. ;СТРАХ; 34.4. Эмоциональное воздействие.;neg;
8394;Тешиться ;0;РАДОСТЬ; 30.1. Эмоциональное состояние.;pos;
8395;Тешиться ;0;СЧАСТЬЕ; 36.4. Эмоциональное воздействие.;pos;
8396;Тешиться; устар. ;СПОКОЙСТВИЕ; 33.3. Становление эмоционального состояния и отношения.;pos;
8399;Тиранить ;0;ГОРЕ; 9.4. Эмоциональное воздействие.;neg;
8401;Тираничный; разг. ;ЖЕСТОКОСТЬ; 15.6. Эмоциональная характеризация.;neg;
8402;Тиранский ;0;ЖЕСТОКОСТЬ; 15.6. Эмоциональная характеризация.;neg;
8403;Тиранство ;0;ЖЕСТОКОСТЬ; 15.2. Эмоциональное отношение.;neg;
8404;Тиранствовать; разг. ;ГОРЕ; 9.4. Эмоциональное воздействие.;neg;
8411;Тихо-мирно; разг. ;СПОКОЙСТВИЕ; 33.1. Эмоциональное состояние.;pos;
8412;Тихо-мирно; разг. ;СПОКОЙСТВИЕ; 33.5. Внешнее выражение эмоций.;pos;
8413;Тихоня ;0;СМИРЕНИЕ; 31.8. Человек как средоточие и носитель эмоций.;pos;
8414;Тихоня ;0;СПОКОЙСТВИЕ; 33.8. Человек как средоточие и носитель эмоций.;pos;
8415;Тишайший; ирон., устар. ;СМИРЕНИЕ; 31.6. Эмоциональная характеризация.;pos;
8418;Тлетворность; книжн. ;ГОРЕ; 9.4. Эмоциональное воздействие.;neg;
8422;Товарищ ;0;ДРУЖБА; 12.8. Человек как средоточие и носитель эмоций.;pos;
8423;Товарищеский ;0;ДРУЖБА; 12.2. Эмоциональное отношение.;pos;
8424;Товарищеский ;0;ДРУЖБА; 12.6. Эмоциональная характеризация.;pos;
8425;Товарищество; устар. ;ДРУЖБА; 12.2. Эмоциональное отношение.;pos;
8426;Товарка; разг.-сниж. ;ДРУЖБА; 12.8. Человек как средоточие и носитель эмоций.;pos;
8427;Толерантно; книжн. ;ДОБРОТА; 11.5. Внешнее выражение эмоций.;pos;
8428;Толерантность; книжн. ;СМИРЕНИЕ; 31.7. Эмоциональное качество.;pos;
8429;Толерантный; книжн. ;СМИРЕНИЕ; 31.2. Эмоциональное отношение.;pos;
8430;Толерантный; книжн. ;СМИРЕНИЕ; 31.6. Эмоциональная характеризация.;pos;
8432;Толстовец ;0;СМИРЕНИЕ; 31.8. Человек как средоточие и носитель эмоций.;pos;
8433;Толстовство ;0;СМИРЕНИЕ; 31.7. Эмоциональное качество.;pos;
8434;Толстовщина; неодобр. ;СМИРЕНИЕ; 31.7. Эмоциональное качество.;pos;
8435;Толстокожесть; разг. ;РАВНОДУШИЕ; 29.7. Эмоциональное качество.;neg;
8439;Томительность ;0;ГОРЕ; 9.7. Эмоциональное качество.;neg;
8440;Томительный ;0;ГОРЕ; 9.4. Эмоциональное воздействие.;neg;
8441;Томительный ;0;ГОРЕ; 9.6. Эмоциональная характеризация.;neg;
8443;Томить ;0;ГОРЕ; 9.4. Эмоциональное воздействие.;neg;
8444;Томить ;0;ГРУСТЬ; 10.4. Эмоциональное воздействие.;neg;
8448;Томление ;0;ГРУСТЬ; 10.1. Эмоциональное состояние.;neg;
8460;Торжественный ;0;ВДОХНОВЕНИЕ; 4.1. Эмоциональное состояние.;pos;
8464;Торжествующий ;0;РАДОСТЬ; 30.6. Эмоциональная характеризация.;pos;
8466;Тормошиться; разг.-сниж. ;БЕСПОКОЙСТВО; 1.5. Внешнее выражение эмоций.;neg;
8467;Тормошливый; разг.-сниж. ;БЕСПОКОЙСТВО; 1.6. Эмоциональная характеризация.;neg;
8468;Торч; жарг. ;СЧАСТЬЕ; 36.1. Эмоциональное состояние.;pos;
8472;Тоска ;0;ГРУСТЬ; 10.1. Эмоциональное состояние.;neg;
8473;Тоскливо ;0;ГРУСТЬ; 10.1. Эмоциональное состояние.;neg;
8474;Тоскливо ;0;ГРУСТЬ; 10.5. Внешнее выражение эмоций.;neg;
8475;Тоскливость ;0;ГРУСТЬ; 10.1. Эмоциональное состояние.;neg;
8476;Тоскливый ;0;ГРУСТЬ; 10.4. Эмоциональное воздействие.;neg;
8477;Тоскливый ;0;ГРУСТЬ; 10.5. Внешнее выражение эмоций.;neg;
8478;Тоскливый ;0;ГРУСТЬ; 10.6. Эмоциональная характеризация.;neg;
8479;Тоскливый ;0;ЖАЛОСТЬ; 13.6. Эмоциональная характеризация.;neg;
8480;Тоскливый; разг. ;ЖАЛОСТЬ; 13.4. Эмоциональное воздействие.;neg;
8481;Тоскливый; разг. ;ГРУСТЬ; 10.1. Эмоциональное состояние.;neg;
8482;Тосковать ;0;ГРУСТЬ; 10.1. Эмоциональное состояние.;neg;
8500;Тощища; разг. ;ГРУСТЬ; 10.1. Эмоциональное состояние.;neg;
8503;Трагедийный ;0;ГОРЕ; 9.6. Эмоциональная характеризация.;neg;
8505;Трагизм ;0;ГОРЕ; 9.1. Эмоциональное состояние.;neg;
8506;Трагикомический ;0;ГРУСТЬ; 10.6. Эмоциональная характеризация.;neg;
8507;Трагический ;0;ГОРЕ; 9.4. Эмоциональное воздействие.;neg;
8508;Трагический ;0;ГОРЕ; 9.6. Эмоциональная характеризация.;neg;
8509;Трагичность ;0;ГОРЕ; 9.7. Эмоциональное качество.;neg;
8510;Трагичный ;0;ГОРЕ; 9.4. Эмоциональное воздействие.;neg;
8511;Трагичный ;0;ГОРЕ; 9.6. Эмоциональная характеризация.;neg;
8513;Траур ;0;ГОРЕ; 9.5. Внешнее выражение эмоций.;neg;
8515;Трафить; разг.-сниж. ;НЕИСКРЕННОСТЬ; 24.2. Эмоциональное отношение.;neg;
8516;Тревога ;0;БЕСПОКОЙСТВО; 1.1. Эмоциональное состояние.;neg;
8517;Тревога ;0;СТРАХ; 34.1. Эмоциональное состояние.;neg;
8518;Тревожно ;0;БЕСПОКОЙСТВО; 1.1. Эмоциональное состояние.;neg;
8519;Тревожность ;0;БЕСПОКОЙСТВО; 1.1. Эмоциональное состояние.;neg;
8520;Тревожность ;0;БЕСПОКОЙСТВО; 1.7. Эмоциональное качество.;neg;
8521;Тревожный ;0;БЕСПОКОЙСТВО; 1.1. Эмоциональное состояние.;neg;
8522;Тревожный ;0;БЕСПОКОЙСТВО; 1.6. Эмоциональная характеризация.;neg;
8523;Тревожный ;0;СТРАХ; 34.1. Эмоциональное состояние.;neg;
8524;Тревожный ;0;СТРАХ; 34.4. Эмоциональное воздействие.;neg;
8525;Тревожный ;0;СТРАХ; 34.6. Эмоциональная характеризация.;neg;
8526;Треволнения; книжн. ;БЕСПОКОЙСТВО; 1.1. Эмоциональное состояние.;neg;
8529;Трепать; разг. ;ЛЮБОВЬ; 18.5. Внешнее выражение эмоций.;pos;
8543;Третировать ;0;НЕПРИЯЗНЬ; 25.2. Эмоциональное отношение.;neg;
8544;Третировать ;0;НЕПРИЯЗНЬ; 25.5. Внешнее выражение эмоций.;neg;
8546;Трогательно ;0;ЧУВСТВО; 39.5. Внешнее выражение эмоций.;pos;
8547;Трогательность ;0;БЕСПОКОЙСТВО; 1.7. Эмоциональное качество.;neg;
8548;Трогательность ;0;ЧУВСТВО; 39.7. Эмоциональное качество.;pos;
8549;Трогательный ;0;БЕСПОКОЙСТВО; 1.4. Эмоциональное воздействие.;neg;
8550;Трогательный ;0;ЧУВСТВО; 39.4. Эмоциональное воздействие.;pos;
8551;Трогательный ;0;ЧУВСТВО; 39.6. Эмоциональная характеризация.;pos;
8552;Троглодит; книжн. ;ЖЕСТОКОСТЬ; 15.8. Человек как средоточие и носитель эмоций.;neg;
8556;Трус ;0;СТРАХ; 34.8. Человек как средоточие и носитель эмоций.;neg;
8557;Трусить ;0;СТРАХ; 34.1. Эмоциональное состояние.;neg;
8558;Трусиха; разг. ;СТРАХ; 34.8. Человек как средоточие и носитель эмоций.;neg;
8559;Трусишка; разг., ласк. ;СТРАХ; 34.8. Человек как средоточие и носитель эмоций.;neg;
8560;Трусливо ;0;СТРАХ; 34.5. Внешнее выражение эмоции.;neg;
8561;Трусливость ;0;СТРАХ; 34.7. Эмоциональное качество.;neg;
8562;Трусливый ;0;СТРАХ; 34.6. Эмоциональная характеризация.;neg;
8563;Трусоватость ;0;СТРАХ; 34.7. Эмоциональное качество.;neg;
8564;Трусоватый ;0;СТРАХ; 34.6. Эмоциональная характеризация.;neg;
8565;Трусость ;0;СТРАХ; 34.1. Эмоциональное состояние.;neg;
8566;Трусость ;0;СТРАХ; 34.7. Эмоциональное качество.;neg;
8572;Тужить; разг. ;ГОРЕ; 9.1. Эмоциональное состояние.;neg;
8573;Тужиться; разг. ;ГОРЕ; 9.1. Эмоциональное состояние.;neg;
8578;Тупой; разг. ;СМИРЕНИЕ; 31.6. Эмоциональная характеризация.;pos;
8579;Тупосердие; устар. ;ЖЕСТОКОСТЬ; 15.7. Эмоциональное качество.;neg;
8584;Тушеваться ;0;СТРАХ; 34.3. Становление эмоционального состояния и отношения.;neg;
8585;Тушеваться ;0;СТЫД; 35.3. Становление эмоционального состояния и отношения.;neg;
8586;Тщеславие ;0;ВЫСОКОМЕРИЕ; 8.1. Эмоциональное состояние.;neg;
8587;Тщеславие ;0;ВЫСОКОМЕРИЕ; 8.7. Эмоциональное качество.;neg;
8588;Тщеславиться ;0;ВЫСОКОМЕРИЕ; 8.5. Внешнее выражение эмоций.;neg;
8589;Тщеславный ;0;ВЫСОКОМЕРИЕ; 8.1. Эмоциональное состояние.;neg;
8590;Тщеславный ;0;ВЫСОКОМЕРИЕ; 8.5. Внешнее выражение эмоций.;neg;
8591;Тщеславный ;0;ВЫСОКОМЕРИЕ; 8.6. Эмоциональная характеризация.;neg;
8596;Тягомотина; разг.-сниж. ;ГРУСТЬ; 10.1. Эмоциональное состояние.;neg;
8597;Тягомотный; разг.-сниж. ;ГРУСТЬ; 10.5. Внешнее выражение эмоций.;neg;
8598;Тягомотный; разг.-сниж. ;ГРУСТЬ; 10.1. Эмоциональное состояние.;neg;
8599;Тягомотный; разг. ;ГРУСТЬ; 10.4. Эмоциональное воздействие.;neg;
8600;Тягомотный; разг. ;ГРУСТЬ; 10.6. Эмоциональная характеризация.;neg;
8601;Тягостно; ;ГОРЕ; 9.1. Эмоциональное состояние.;neg;
8602;Тягостный; ;ГРУСТЬ; 10.1. Эмоциональное состояние.;neg;
8603;Тягостный; ;ГРУСТЬ; 10.4. Эмоциональное воздействие.;neg;
8604;Тягостный; ;ГРУСТЬ; 10.6. Эмоциональная характеризация.;neg;
8605;Тягостный; ;ГОРЕ; 9.4. Эмоциональное воздействие.;neg;
8606;Тягостный; ;ГОРЕ; 9.6. Эмоциональная характеризация.;neg;
8607;Тягость; ;ГОРЕ; 9.4. Эмоциональное воздействие.;neg;
8610;Тяготеть; ;ВЛЕЧЕНИЕ; 6.2. Эмоциональное отношение.;pos;
8611;Тяготить; ;ГОРЕ; 9.4. Эмоциональное воздействие.;neg;
8612;Тяготиться; ;НЕДОВОЛЬСТВО; 23.2. Эмоциональное отношение.;neg;
8628;Убедительный ;0;ВЕРА; 5.6. Эмоциональная характеризация.;pos;
8629;Убеждение ;0;ВЕРА; 5.1. Эмоциональное состояние.;pos;
8630;Убеждение ;0;ВЕРА; 5.2. Эмоциональное отношение.;pos;
8631;Убежденность ;0;ВЕРА; 5.1. Эмоциональное состояние.;pos;
8632;Убежденность ;0;ВЕРА; 5.2. Эмоциональное отношение.;pos;
8633;Убежденность ;0;ВЕРА; 5.7. Эмоциональное качество.;pos;
8634;Убежденный ;0;ВЕРА; 5.3. Становление эмоционального состояния и отношения.;pos;
8635;Убежденный ;0;ВЕРА; 5.6. Эмоциональная характеризация.;pos;
8642;Ублаготворение; устар. ;СЧАСТЬЕ; 36.1. Эмоциональное состояние.;pos;
8643;Ублаготворенный; устар. ;СЧАСТЬЕ; 36.1. Эмоциональное состояние.;pos;
8644;Ублаготворяющий; устар. ;СЧАСТЬЕ; 36.4. Эмоциональное воздействие.;pos;
8648;Убояться; сов. ;СТРАХ; 34.2. Эмоциональное отношение.;neg;
8649;Уважаемый ;0;УВАЖЕНИЕ; 37.2. Эмоциональное отношение.;pos;
8650;Уважаемый ;0;УВАЖЕНИЕ; 37.6. Эмоциональная характеризация.;pos;
8651;Уважать ;0;ЛЮБОВЬ; 18.2. Эмоциональное отношение.;pos;
8652;Уважать ;0;УВАЖЕНИЕ; 37.2. Эмоциональное отношение.;pos;
8653;Уважительно ;0;УВАЖЕНИЕ; 37.5. Внешнее выражение эмоций.;pos;
8654;Уважительность; разг. ;УВАЖЕНИЕ; 37.7. Эмоциональное качество.;pos;
8655;Уважительный; разг. ;УВАЖЕНИЕ; 37.6. Эмоциональная характеризация.;pos;
8656;Уважить; разг. ;СЧАСТЬЕ; 36.5. Внешнее выражение эмоций.;pos;
8657;Уважить; разг. ;УВАЖЕНИЕ; 37.5. Внешнее выражение эмоций.;pos;
8658;Уважуха; жарг. ;УВАЖЕНИЕ; 37.1. Эмоциональное состояние.;pos;
8659;Уверенность ;0;ВЕРА; 5.2. Эмоциональное отношение.;pos;
8660;Уверенность ;0;ВЕРА; 5.7. Эмоциональное качество.;pos;
8661;Уверенный ;0;ВЕРА; 5.2. Эмоциональное отношение.;pos;
8662;Уверенный ;0;ВЕРА; 5.6. Эмоциональная характеризация.;pos;
8663;Уверовать; сов., книжн. ;ВЕРА; 5.2. Эмоциональное отношение.;pos;
8664;Уверовать; сов., книжн. ;ВЕРА; 5.3. Становление эмоционального состояния и отношения.;pos;
8665;Увеселение ;0;РАДОСТЬ; 30.1. Эмоциональное состояние.;pos;
8666;Увеселитель ;0;РАДОСТЬ; 30.8. Человек как средоточие и носитель эмоций.;pos;
8667;Увеселительный ;0;РАДОСТЬ; 30.6. Эмоциональная характеризация.;pos;
8668;Увеселять ;0;РАДОСТЬ; 30.4. Эмоциональное воздействие.;pos;
8669;Увеселяться ;0;РАДОСТЬ; 30.3. Становление эмоционального состояния и отношения.;pos;
8670;Увеселяться; устар. ;РАДОСТЬ; 30.1. Эмоциональное состояние.;pos;
8671;Уветливо; устар. ;ЛЮБОВЬ; 18.5. Внешнее выражение эмоций.;pos;
8672;Уветливость; устар. ;ЛЮБОВЬ; 18.7. Эмоциональное качество.;pos;
8673;Уветливый; устар. ;ДОБРОТА; 11.6. Эмоциональная характеризация.;pos;
8674;Уветливый; устар. ;ЛЮБОВЬ; 18.5. Внешнее выражение эмоций.;pos;
8675;Уветливый; устар. ;ЛЮБОВЬ; 18.6. Эмоциональная характеризация.;pos;
8677;Увлекательно ;0;УДИВЛЕНИЕ; 38.1. Эмоциональное состояние.;pos;
8678;Увлекательно ;0;УДИВЛЕНИЕ; 38.5. Внешнее выражение эмоций.;pos;
8679;Увлекательность ;0;ВЛЕЧЕНИЕ; 6.7. Эмоциональное качество.;pos;
8680;Увлекательный ;0;ВЛЕЧЕНИЕ; 6.1. Эмоциональное состояние.;pos;
8681;Увлекательный ;0;ВЛЕЧЕНИЕ; 6.6. Эмоциональная характеризация.;pos;
8682;Увлекательный ;0;ЛЮБОПЫТСТВО; 19.6. Эмоциональная характеризация.;pos;
8683;Увлекательный ;0;УДИВЛЕНИЕ; 38.6. Эмоциональная характеризация.;pos;
8684;Увлекающийся ;0;ВДОХНОВЕНИЕ; 4.1. Эмоциональное состояние.;pos;
8685;Увлекающийся ;0;ВДОХНОВЕНИЕ; 4.6. Эмоциональная характеризация.;pos;
8686;Увлекающийся ;0;ВЛЕЧЕНИЕ; 6.2. Эмоциональное отношение.;pos;
8687;Увлекающийся ;0;ВЛЕЧЕНИЕ; 6.6. Эмоциональная характеризация.;pos;
8688;Увлекающийся ;0;ЛЮБОВЬ; 18.2. Эмоциональное отношение.;pos;
8689;Увлекающийся ;0;ЛЮБОВЬ; 18.5. Внешнее выражение эмоций.;pos;
8690;Увлекающийся ;0;ЛЮБОВЬ; 18.6. Эмоциональная характеризация.;pos;
8691;Увлечение ;0;ВДОХНОВЕНИЕ; 4.1. Эмоциональное состояние.;pos;
8692;Увлечение ;0;ВЛЕЧЕНИЕ; 6.1. Эмоциональное состояние.;pos;
8693;Увлечение ;0;ЛЮБОВЬ; 18.2. Эмоциональное отношение.;pos;
8694;Увлечение ;0;ЛЮБОВЬ; 18.7. Эмоциональное качество.;pos;
8695;Увлечение ;0;УДИВЛЕНИЕ; 38.2. Эмоциональное отношение.;pos;
8696;Увлеченно ;0;ВДОХНОВЕНИЕ; 4.1. Эмоциональное состояние.;pos;
8697;Увлеченность ;0;ВДОХНОВЕНИЕ; 4.1. Эмоциональное состояние.;pos;
8698;Увлеченность ;0;ВЛЕЧЕНИЕ; 6.7. Эмоциональное качество.;pos;
8699;Увлеченность ;0;ЛЮБОВЬ; 18.7. Эмоциональное качество.;pos;
8700;Увлеченность ;0;УДИВЛЕНИЕ; 38.2. Эмоциональное отношение.;pos;
8701;Увлеченность ;0;УДИВЛЕНИЕ; 38.7. Эмоциональное качество.;pos;
8702;Увлеченный ;0;ВДОХНОВЕНИЕ; 4.1. Эмоциональное состояние.;pos;
8703;Увлеченный ;0;ВЛЕЧЕНИЕ; 6.1. Эмоциональное состояние.;pos;
8704;Увлеченный ;0;ВЛЕЧЕНИЕ; 6.2. Эмоциональное отношение.;pos;
8705;Увлеченный ;0;ЛЮБОВЬ; 18.1. Эмоциональное состояние.;pos;
8706;Увлеченный ;0;ЛЮБОВЬ; 18.2. Эмоциональное отношение.;pos;
8707;Увлеченный ;0;ЛЮБОВЬ; 18.5. Внешнее выражение эмоций.;pos;
8708;Увлеченный ;0;ЛЮБОВЬ; 18.6. Эмоциональная характеризация.;pos;
8712;Угнетающий ;0;ГРУСТЬ; 10.6. Эмоциональная характеризация.;neg;
8713;Угнетение ;0;ГРУСТЬ; 10.1. Эмоциональное состояние.;neg;
8714;Угнетенность ;0;ГРУСТЬ; 10.1. Эмоциональное состояние.;neg;
8715;Угнетенность ;0;ГРУСТЬ; 10.7. Эмоциональное качество.;neg;
8716;Угнетенный ;0;ГРУСТЬ; 10.1. Эмоциональное состояние.;neg;
8717;Угнетенный ;0;ГРУСТЬ; 10.5. Внешнее выражение эмоций.;neg;
8718;Уговорчивый; разг. ;СМИРЕНИЕ; 31.6. Эмоциональная характеризация.;pos;
8731;Угодность ;0;НАДЕЖДА; 20.7. Эмоциональное качество.;pos;
8734;Угождающий ;0;НЕИСКРЕННОСТЬ; 24.5. Внешнее выражение эмоций.;neg;
8735;Угрожаемый ;0;СТРАХ; 34.4. Эмоциональное воздействие.;neg;
8736;Угрожать ;0;СТРАХ; 34.4. Эмоциональное воздействие.;neg;
8737;Угрожать ;0;СТРАХ; 34.5. Внешнее выражение эмоций.;neg;
8738;Угрожающе ;0;СТРАХ; 34.4. Эмоциональное воздействие.;neg;
8739;Угрожающе ;0;СТРАХ; 34.5. Внешнее выражение эмоций.;neg;
8740;Угрожающий ;0;СТРАХ; 34.1. Эмоциональное состояние.;neg;
8741;Угрожающий ;0;СТРАХ; 34.4. Эмоциональное воздействие.;neg;
8742;Угроза ;0;СТРАХ; 34.5. Внешнее выражение эмоций.;neg;
8743;Угроза ;0;СТРАХ; 34.8. Человек как средоточие и носитель эмоций.;neg;
8744;Угрозительный; устар. ;СТРАХ; 34.4. Эмоциональное воздействие.;neg;
8745;Угрызать; разг. ;ГОРЕ; 9.4. Эмоциональное воздействие.;neg;
8746;Угрызаться; разг. ;ГОРЕ; 9.1. Эмоциональное состояние.;neg;
8747;Угрызаться; разг. ;НЕДОВОЛЬСТВО; 23.1. Эмоциональное состояние.;neg;
8748;Угрызение ;0;ГОРЕ; 9.1. Эмоциональное состояние.;neg;
8749;Угрызение ;0;ЖАЛОСТЬ; 13.1. Эмоциональное состояние.;neg;
8750;Угрызение ;0;НЕДОВОЛЬСТВО; 23.2. Эмоциональное отношение.;neg;
8751;Угрызение ;0;СТЫД; 35.1. Эмоциональное состояние.;neg;
8752;Угрюметь ;0;ГРУСТЬ; 10.3. Становление эмоционального состояния и отношения.;neg;
8753;Угрюмиться ;0;ГРУСТЬ; 10.1. Эмоциональное состояние.;neg;
8754;Угрюмиться ;0;ГРУСТЬ; 10.5. Внешнее выражение эмоций.;neg;
8755;Угрюмо ;0;ГРУСТЬ; 10.5. Внешнее выражение эмоций.;neg;
8756;Угрюмость ;0;ГРУСТЬ; 10.7. Эмоциональное качество.;neg;
8757;Угрюмый ;0;ГРУСТЬ; 10.1. Эмоциональное состояние.;neg;
8758;Угрюмый ;0;ГРУСТЬ; 10.5. Внешнее выражение эмоций.;neg;
8759;Угрюмый ;0;ГРУСТЬ; 10.6. Эмоциональная характеризация.;neg;
8760;Удалец; разг. ;БЕССТРАШИЕ; 2.8. Человек как средоточие и носитель эмоций.;pos;
8761;Удалой; разг, и Удалый, разг. ;БЕССТРАШИЕ; 2.6. Эмоциональная характеризация.;pos;
8762;Удаль ;0;БЕССТРАШИЕ; 2.7. Эмоциональное качество.;pos;
8763;Удальство ;0;БЕССТРАШИЕ; 2.7. Эмоциональное качество.;pos;
8765;Удача ;0;РАДОСТЬ; 30.1. Эмоциональное состояние.;pos;
8766;Удачливость ;0;СЧАСТЬЕ; 36.7. Эмоциональное качество.;pos;
8767;Удачливый ;0;СЧАСТЬЕ; 36.6. Эмоциональная характеризация.;pos;
8768;Удачник; разг. ;СЧАСТЬЕ; 36.8. Человек как средоточие и носитель эмоций.;pos;
8769;Удивительно ;0;УДИВЛЕНИЕ; 38.1. Эмоциональное состояние.;pos;
8770;Удивительность ;0;УДИВЛЕНИЕ; 38.7. Эмоциональное качество.;pos;
8771;Удивительный ;0;УДИВЛЕНИЕ; 38.4. Эмоциональное воздействие.;pos;
8772;Удивительный ;0;УДИВЛЕНИЕ; 38.6. Эмоциональная характеризация.;pos;
8773;Удивление ;0;УДИВЛЕНИЕ; 38.1. Эмоциональное состояние.;pos;
8774;Удивленный ;0;УДИВЛЕНИЕ; 38.1. Эмоциональное состояние.;pos;
8775;Удивленный ;0;УДИВЛЕНИЕ; 38.5. Внешнее выражение эмоций.;pos;
8776;Удовлетворение ;0;СЧАСТЬЕ; 36.1. Эмоциональное состояние.;pos;
8777;Удовлетворенность ;0;СЧАСТЬЕ; 36.1. Эмоциональное состояние.;pos;
8778;Удовлетворенность ;0;СЧАСТЬЕ; 36.7. Эмоциональное качество.;pos;
8779;Удовлетворенный ;0;СЧАСТЬЕ; 36.1. Эмоциональное состояние.;pos;
8780;Удовлетворительность ;0;СЧАСТЬЕ; 36.7. Эмоциональное качество.;pos;
8781;Удовольствие ;0;СЧАСТЬЕ; 36.1. Эмоциональное состояние.;pos;
8782;Удовольствовать; сов., устар. ;СЧАСТЬЕ; 36.4. Эмоциональное воздействие.;pos;
8783;Удручать; разг. ;БЕСПОКОЙСТВО; 1.4. Эмоциональное воздействие.;neg;
8784;Удручающий ;0;ГОРЕ; 9.4. Эмоциональное отношение;neg;
8785;Удручающий ;0;ГОРЕ; 9.6. Эмоциональная характеристика;neg;
8786;Удручающий ;0;ГРУСТЬ; 10.4. Эмоциональное отношение ;neg;
8787;Удручающий ;0;ГРУСТЬ; 10.5. Внешнее выражение эмоции;neg;
8788;Удрученность ;0;ГРУСТЬ; 10.1. Эмоциональное состояние.;neg;
8789;Удрученность ;0;ГРУСТЬ; 10.7. Эмоциональное качество.;neg;
8790;Удрученный ;0;ГОРЕ; 9.1. Эмоциональное состояние.;neg;
8791;Удрученный ;0;ГРУСТЬ; 10.1. Эмоциональное состояние.;neg;
8792;Удрученный ;0;ГРУСТЬ; 10.6. Эмоциональная характеризация.;neg;
8793;Уединение ;0;ОДИНОЧЕСТВО; 27.1. Эмоциональное состояние.;neg;
8794;Уединенность ;0;ОДИНОЧЕСТВО; 27.1. Эмоциональное состояние.;neg;
8795;Уединенный ;0;ОДИНОЧЕСТВО; 27.1. Эмоциональное состояние.;neg;
8796;Уединенный ;0;ОДИНОЧЕСТВО; 27.6. Эмоциональная характеризация.;neg;
8797;Ужас ;0;ГОРЕ; 9.1. Эмоциональное состояние.;neg;
8799;Ужасающий ;0;СТРАХ; 34.4. Эмоциональное воздействие.;neg;
8800;Ужасно ;0;ГОРЕ; 9.1. Эмоциональное состояние.;neg;
8801;Ужасно ;0;СТРАХ; 34.5. Внешнее выражение эмоций.;neg;
8802;Ужасный ;0;СТРАХ; 34.4. Эмоциональное воздействие.;neg;
8803;Ужасный ;0;СТРАХ; 34.6. Эмоциональная характеризация.;neg;
8804;Ужасный ;0;ГОРЕ; 9.4. Эмоциональное воздействие.;neg;
8805;Ужасный ;0;ГОРЕ; 9.6. Эмоциональная характеризация.;neg;
8806;Ужасть; разг.-сниж. ;СТРАХ; 34.1. Эмоциональное состояние.;neg;
8807;Уживчивость ;0;ДРУЖБА; 12.7. Эмоциональное качество.;pos;
8808;Узы ;0;ЛЮБОВЬ; 18.2. Эмоциональное отношение.;pos;
8814;Укор ;0;НЕДОВОЛЬСТВО; 23.5. Внешнее выражение эмоций.;neg;
8815;Укоризна ;0;НЕДОВОЛЬСТВО; 23.5. Внешнее выражение эмоций.;neg;
8816;Укоризна ;0;ОБИДА; 26.5. Внешнее выражение эмоций.;neg;
8817;Укоризненно ;0;НЕДОВОЛЬСТВО; 23.5. Внешнее выражение эмоций.;neg;
8818;Укоризненный ;0;НЕДОВОЛЬСТВО; 23.2. Эмоциональное отношение.;neg;
8819;Укоризненный ;0;НЕДОВОЛЬСТВО; 23.5. Внешнее выражение эмоций.;neg;
8820;Укоризненный ;0;ОБИДА; 26.5. Внешнее выражение эмоций.;neg;
8821;Укорительно; разг. ;НЕДОВОЛЬСТВО; 23.5. Внешнее выражение эмоций.;neg;
8822;Укорительность ;0;ОБИДА; 26.7. Эмоциональное качество.;neg;
8823;Укорительный; разг. ;НЕДОВОЛЬСТВО; 23.2. Эмоциональное отношение.;neg;
8824;Укорительный; разг. ;НЕДОВОЛЬСТВО; 23.5. Внешнее выражение эмоций.;neg;
8825;Укоряющий ;0;НЕДОВОЛЬСТВО; 23.5. Внешнее выражение эмоций.;neg;
8826;Улаживание ;0;СПОКОЙСТВИЕ; 33.2. Эмоциональное отношение.;pos;
8828;Улечься; сов., разг. ;СПОКОЙСТВИЕ; 33.3. Становление эмоционального состояния и отношения.;pos;
8830;Улыбка ;0;РАДОСТЬ; 30.5. Внешнее выражение эмоций.;pos;
8831;Улыбчивость ;0;РАДОСТЬ; 30.7. Эмоциональное качество.;pos;
8832;Улыбчивый; разг. ;РАДОСТЬ; 30.5. Внешнее выражение эмоций.;pos;
8833;Улыбчивый; разг. ;РАДОСТЬ; 30.6. Эмоциональная характеризация.;pos;
8835;Умеренный ;0;СМИРЕНИЕ; 31.6. Эмоциональная характеризация.;pos;
8836;Умиление ;0;ЛЮБОВЬ; 18.1. Эмоциональное состояние.;pos;
8837;Умиление ;0;ОДОБРЕНИЕ; 28.1. Эмоциональное состояние.;pos;
8838;Умиление ;0;ЧУВСТВО; 39.7. Эмоциональное качество.;pos;
8839;Умиленно ;0;ЧУВСТВО; 39.5. Внешнее выражение эмоций.;pos;
8840;Умиленный ;0;ОДОБРЕНИЕ; 28.1. Эмоциональное состояние.;pos;
8841;Умиленный ;0;СЧАСТЬЕ; 36.5. Внешнее выражение эмоций.;pos;
8842;Умиленный ;0;ЧУВСТВО; 39.6. Эмоциональная характеризация.;pos;
8843;Умилительно ;0;ЛЮБОВЬ; 18.1. Эмоциональное состояние.;pos;
8844;Умилительно ;0;ЧУВСТВО; 39.5. Внешнее выражение эмоций.;pos;
8845;Умилительность ;0;ЛЮБОВЬ; 18.7. Эмоциональное качество.;pos;
8846;Умилительность ;0;ЧУВСТВО; 39.7. Эмоциональное качество.;pos;
8847;Умилительный ;0;ЛЮБОВЬ; 18.1. Эмоциональное состояние.;pos;
8848;Умилительный ;0;ЛЮБОВЬ; 18.4. Эмоциональное воздействие.;pos;
8849;Умилительный ;0;ЛЮБОВЬ; 18.5. Внешнее выражение эмоций.;pos;
8850;Умилительный ;0;ЛЮБОВЬ; 18.6. Эмоциональная характеризация.;pos;
8851;Умилительный ;0;ОДОБРЕНИЕ; 28.4. Эмоциональное воздействие.;pos;
8852;Умилительный ;0;СЧАСТЬЕ; 36.5. Внешнее выражение эмоций.;pos;
8853;Умилительный ;0;ЧУВСТВО; 39.6. Эмоциональная характеризация.;pos;
8854;Умилосердить; сов., устар. ;ДОБРОТА; 11.4. Эмоциональное воздействие.;pos;
8855;Умилосердиться; сов., устар. ;ДОБРОТА; 11.3. Становление эмоциональною состояния и отношения.;pos;
8856;Умильно ;0;ЧУВСТВО; 39.5. Внешнее выражение эмоций.;pos;
8857;Умильность ;0;ДОБРОТА; 11.7. Эмоциональное качество.;pos;
8858;Умильный ;0;ЛЮБОВЬ; 18.1. Эмоциональное состояние.;pos;
8859;Умильный ;0;ЛЮБОВЬ; 18.5. Внешнее выражение эмоций.;pos;
8860;Умильный ;0;ЛЮБОВЬ; 18.6. Эмоциональная характеризация.;pos;
8861;Умильный ;0;НЕИСКРЕННОСТЬ; 24.5. Внешнее выражение эмоций.;neg;
8862;Умильный ;0;ОДОБРЕНИЕ; 28.5. Внешнее выражение эмоций.;pos;
8863;Умильный ;0;СЧАСТЬЕ; 36.5. Внешнее выражение эмоций.;pos;
8864;Умильный ;0;ЧУВСТВО; 39.6. Эмоциональная характеризация.;pos;
8865;Умиротворение ;0;СПОКОЙСТВИЕ; 33.1. Эмоциональное состояние.;pos;
8866;Умиротворение ;0;СЧАСТЬЕ; 36.1. Эмоциональное состояние.;pos;
8867;Умиротворенно ;0;СПОКОЙСТВИЕ; 33.1. Эмоциональное состояние.;pos;
8868;Умиротворенно ;0;СПОКОЙСТВИЕ; 33.5. Внешнее выражение эмоций.;pos;
8869;Умиротворенность ;0;СПОКОЙСТВИЕ; 33.1. Эмоциональное состояние.;pos;
8870;Умиротворенность ;0;СПОКОЙСТВИЕ; 33.7. Эмоциональное качество.;pos;
8871;Умиротворенный ;0;СПОКОЙСТВИЕ; 33.1. Эмоциональное состояние.;pos;
8872;Умиротворенный ;0;СПОКОЙСТВИЕ; 33.3. Становление эмоционального состояния и отношения.;pos;
8873;Умиротворенный ;0;СПОКОЙСТВИЕ; 33.6. Эмоциональная характеризация.;pos;
8874;Умиротворитель; устар. ;СПОКОЙСТВИЕ; 33.8. Человек как средоточие и носитель эмоций.;pos;
8875;Умиротворительница; устар. ;СПОКОЙСТВИЕ; 33.8. Человек как средоточие и носитель эмоций.;pos;
8876;Умиротворяющий ;0;СПОКОЙСТВИЕ; 33.4. Эмоциональное воздействие.;pos;
8877;Умоисступление; разг. ;БЕСПОКОЙСТВО; 1.1. Эмоциональное состояние.;neg;
8878;Умопомрачающий; разг. ;УДИВЛЕНИЕ; 38.4. Эмоциональное воздействие.;pos;
8879;Умопомрачение; разг. ;УДИВЛЕНИЕ; 38.6. Эмоциональная характеризация.;pos;
8880;Умопомрачительно; разг. ;УДИВЛЕНИЕ; 38.6. Эмоциональная характеризация.;pos;
8881;Умопомрачительность; разг. ;УДИВЛЕНИЕ; 38.7. Эмоциональное качество.;pos;
8882;Умопомрачительный; разг. ;УДИВЛЕНИЕ; 38.4. Эмоциональное воздействие.;pos;
8883;Умопомрачительный; разг. ;УДИВЛЕНИЕ; 38.6. Эмоциональная характеризация.;pos;
8884;Умбра; разг. ;УДИВЛЕНИЕ; 38.6. Эмоциональная характеризация.;pos;
8885;Уморительно; разг. ;РАДОСТЬ; 30.1. Эмоциональное состояние.;pos;
8886;Уморительный; разг. ;РАДОСТЬ; 30.6. Эмоциональная характеризация.;pos;
8889;Умучить; сов., разг. ;ГОРЕ; 9.4. Эмоциональное воздействие.;neg;
8890;Унижение ;0;ОБИДА; 26.1. Эмоциональное состояние.;neg;
8891;Унижение ;0;ОБИДА; 26.5. Внешнее выражение эмоций.;neg;
8892;Униженно ;0;ОБИДА; 26.5. Внешнее выражение эмоций.;neg;
8893;Униженность ;0;ОБИДА; 26.1. Эмоциональное состояние.;neg;
8894;Униженный ;0;ОБИДА; 26.5. Внешнее выражение эмоций.;neg;
8895;Униженный ;0;ОБИДА; 26.6. Эмоциональная характеризация.;neg;
8896;Униженный ;0;ОБИДА; 26.1. Эмоциональное состояние.;neg;
8897;Унизительность ;0;ОБИДА; 26.1. Эмоциональное состояние.;neg;
8898;Унизительный ;0;ОБИДА; 26.5. Внешнее выражение эмоций.;neg;
8899;Унизительный ;0;ОБИДА; 26.6. Эмоциональная характеризация.;neg;
8900;Уничижать; устар. ;ОБИДА; 26.4. Эмоциональное воздействие.;neg;
8901;Уничижаться; устар. ;ОБИДА; 26.3. Становление эмоционального состояния и отношения.;neg;
8902;Уничижение; устар. ;ОБИДА; 26.1. Эмоциональное состояние.;neg;
8903;Уничижительность ;0;ОБИДА; 26.1. Эмоциональное состояние.;neg;
8904;Уничижительный; книжн. ;ОБИДА; 26.1. Эмоциональное состояние.;neg;
8905;Уничижительный; книжн. ;ОБИДА; 26.5. Внешнее выражение эмоций.;neg;
8906;Уничижительный; книжн. ;ОБИДА; 26.6. Эмоциональная характеризация.;neg;
8913;Унывать ;0;ГРУСТЬ; 10.1. Эмоциональное состояние.;neg;
8914;Унывать ;0;ГРУСТЬ; 10.3. Становление эмоционального состояния и отношения.;neg;
8915;Унывно; разг. ;ГРУСТЬ; 10.5. Внешнее выражение эмоций.;neg;
8916;Унывный; разг. ;ГРУСТЬ; 10.1. Эмоциональное состояние.;neg;
8917;Унывный; разг. ;ГРУСТЬ; 10.4. Эмоциональное воздействие.;neg;
8918;Унывный; разг. ;ГРУСТЬ; 10.5. Внешнее выражение эмоций.;neg;
8919;Унывный; разг. ;ГРУСТЬ; 10.6. Эмоциональная характеризация.;neg;
8920;Уныло ;0;ГРУСТЬ; 10.1. Эмоциональное состояние.;neg;
8921;Уныло ;0;ГРУСТЬ; 10.5. Внешнее выражение эмоций.;neg;
8922;Унылость ;0;ГРУСТЬ; 10.7. Эмоциональное качество.;neg;
8923;Унылый ;0;ГРУСТЬ; 10.1. Эмоциональное состояние.;neg;
8924;Унылый ;0;ГРУСТЬ; 10.4. Эмоциональное воздействие.;neg;
8925;Унылый ;0;ГРУСТЬ; 10.5. Внешнее выражение эмоций.;neg;
8926;Унылый ;0;ГРУСТЬ; 10.6. Эмоциональная характеризация.;neg;
8927;Уныние ;0;ГРУСТЬ; 10.1. Эмоциональное состояние.;neg;
8928;Упаднический ;0;ГРУСТЬ; 10.1. Эмоциональное состояние.;neg;
8929;Упаднический ;0;ГРУСТЬ; 10.6. Эмоциональная характеризация.;neg;
8930;Упадничество ;0;НЕВЕРИЕ; 22.1. Эмоциональное состояние.;neg;
8931;Упадочник; разг. ;НЕВЕРИЕ; 22.8. Человек как средоточие и носитель эмоций.;neg;
8932;Упадочнический ;0;НЕВЕРИЕ; 22.6. Эмоциональная характеризация.;neg;
8933;Упадочность ;0;НЕВЕРИЕ; 22.1. Эмоциональное состояние.;neg;
8934;Упадочный ;0;ГРУСТЬ; 10.1. Эмоциональное состояние.;neg;
8935;Упадочный ;0;ГРУСТЬ; 10.6. Эмоциональная характеризация.;neg;
8936;Упадочный ;0;НЕВЕРИЕ; 22.1. Эмоциональное состояние.;neg;
8937;Упертый; разг. ;НАСТОЙЧИВОСТЬ; 21.6. Эмоциональная характеризация.;pos;
8938;Упование; высок. ;НАДЕЖДА; 20.1. Эмоциональное состояние.;pos;
8939;Упование; высок. ;НАДЕЖДА; 20.2. Эмоциональное отношение.;pos;
8940;Уповательный; высок. ;НАДЕЖДА; 20.1. Эмоциональное состояние.;pos;
8941;Уповать; высок. ;НАДЕЖДА; 20.2. Эмоциональное отношение.;pos;
8942;Упоение ;0;ВДОХНОВЕНИЕ; 4.1. Эмоциональное состояние.;pos;
8943;Упоение ;0;СЧАСТЬЕ; 36.1. Эмоциональное состояние.;pos;
8944;Упоенно ;0;ВДОХНОВЕНИЕ; 4.5. Внешнее выражение эмоций.;pos;
8945;Упоенный ;0;ВДОХНОВЕНИЕ; 4.1. Эмоциональное состояние.;pos;
8947;Упоительность ;0;СЧАСТЬЕ; 36.7. Эмоциональное качество.;pos;
8948;Упоительный ;0;ВДОХНОВЕНИЕ; 4.1. Эмоциональное состояние.;pos;
8949;Упоительный ;0;ВДОХНОВЕНИЕ; 4.4. Эмоциональное воздействие.;pos;
8951;Упористый; разг.-сниж. ;НАСТОЙЧИВОСТЬ; 21.6. Эмоциональная характеризация.;pos;
8952;Упорно ;0;НАСТОЙЧИВОСТЬ; 21.5. Внешнее выражение эмоций.;pos;
8955;Упорство ;0;НАСТОЙЧИВОСТЬ; 21.7. Эмоциональное качество.;pos;
8956;Упорствовать ;0;НАСТОЙЧИВОСТЬ; 21.5. Внешнее выражение эмоций.;pos;
8957;Упрек ;0;НЕДОВОЛЬСТВО; 23.5. Внешнее выражение эмоций.;neg;
8958;Упряжать; разг.-сниж. ;СПОКОЙСТВИЕ; 33.4. Эмоциональное воздействие.;pos;
8959;Упрямец ;0;НАСТОЙЧИВОСТЬ; 21.8. Человек как средоточие и носитель эмоций.;pos;
8960;Упрямиться ;0;НАСТОЙЧИВОСТЬ; 21.5. Внешнее выражение эмоций.;pos;
8961;Упрямица ;0;НАСТОЙЧИВОСТЬ; 21.8. Человек как средоточие и носитель эмоций.;pos;
8962;Упрямо ;0;НАСТОЙЧИВОСТЬ; 21.5. Внешнее выражение эмоций.;pos;
8963;Упрямство ;0;НАСТОЙЧИВОСТЬ; 21.7. Эмоциональное качество.;pos;
8964;Упрямствовать; устар. ;НАСТОЙЧИВОСТЬ; 21.5. Внешнее выражение эмоций.;pos;
8965;Упрямый ;0;НАСТОЙЧИВОСТЬ; 21.5. Внешнее выражение эмоций.;pos;
8966;Упрямый ;0;НАСТОЙЧИВОСТЬ; 21.6. Эмоциональная характеризация.;pos;
8967;Уравновешенность ;0;СПОКОЙСТВИЕ; 33.7. Эмоциональное качество.;pos;
8968;Уравновешенный ;0;СПОКОЙСТВИЕ; 33.6. Эмоциональная характеризация.;pos;
8969;Уродливый ;0;ЖЕЛАНИЕ; 14.6. Эмоциональная характеризация.;pos;
8970;Урядить; сов., устар. ;СПОКОЙСТВИЕ; 33.4. Эмоциональное воздействие.;pos;
8971;Усердие ;0;ДОБРОТА; 11.7. Эмоциональное качество.;pos;
8972;Усердный ;0;ДОБРОТА; 11.1. Эмоциональное состояние.;pos;
8973;Усердствовать; устар. ;ДОБРОТА; 11.5. Внешнее выражение эмоций.;pos;
8974;Услада; трад.-поэт. ;РАДОСТЬ; 30.1. Эмоциональное состояние.;pos;
8975;Услада; трад.-поэт. ;СЧАСТЬЕ; 36.1. Эмоциональное состояние.;pos;
8976;Усладительный ;0;СЧАСТЬЕ; 36.4. Эмоциональное воздействие.;pos;
8977;Усладительный; устар. ;СЧАСТЬЕ; 36.6. Эмоциональная характеризация.;pos;
8978;Усладный ;0;СЧАСТЬЕ; 36.4. Эмоциональное воздействие.;pos;
8979;Усмешка ;0;РАДОСТЬ; 30.5. Внешнее выражение эмоций.;pos;
8980;Усмешливый ;0;РАДОСТЬ; 30.6. Эмоциональная характеризация.;pos;
8981;Усмирение ;0;СМИРЕНИЕ; 31.4. Эмоциональное воздействие.;pos;
8982;Усмирение ;0;СПОКОЙСТВИЕ; 33.4. Эмоциональное воздействие.;pos;
8983;Усмиреть ;0;СМИРЕНИЕ; 31.3. Становление эмоционального состояния и отношения.;pos;
8987;Усобица; устар. ;ВРАЖДА; 7.2. Эмоциональное отношение.;neg;
8988;Усомниться; сов. ;СОМНЕНИЕ; 32.2. Эмоциональное отношение.;neg;
8989;Усомниться; сов. ;СОМНЕНИЕ; 32.3. Становление эмоционального состояния и отношения.;neg;
8990;Успешный ;0;СЧАСТЬЕ; 36.6. Эмоциональная характеризация.;pos;
8991;Успокаивание ;0;СПОКОЙСТВИЕ; 33.4. Эмоциональное воздействие.;pos;
8992;Успокаивающий ;0;СПОКОЙСТВИЕ; 33.4. Эмоциональное воздействие.;pos;
8993;Успокоение ;0;СПОКОЙСТВИЕ; 33.1. Эмоциональное состояние.;pos;
8994;Успокоенность ;0;СПОКОЙСТВИЕ; 33.1. Эмоциональное состояние.;pos;
8995;Успокоенность ;0;СЧАСТЬЕ; 36.1. Эмоциональное состояние.;pos;
8996;Успокоенный ;0;СПОКОЙСТВИЕ; 33.1. Эмоциональное состояние.;pos;
8997;Успокоитель ;0;СПОКОЙСТВИЕ; 33.8. Человек как средоточие и носитель эмоций.;pos;
8998;Успокоительница ;0;СПОКОЙСТВИЕ; 33.8. Человек как средоточие и носитель эмоций.;pos;
8999;Успокоительность ;0;СПОКОЙСТВИЕ; 33.7. Эмоциональное качество.;pos;
9000;Успокоительный ;0;СПОКОЙСТВИЕ; 33.4. Эмоциональное воздействие.;pos;
9003;Устрашающе ;0;СТРАХ; 34.4. Эмоциональное воздействие.;neg;
9004;Устрашающе ;0;СТРАХ; 34.5. Внешнее выражение эмоций.;neg;
9005;Устрашающий ;0;СТРАХ; 34.4. Эмоциональное воздействие.;neg;
9006;Устрашение ;0;СТРАХ; 34.4. Эмоциональное воздействие.;neg;
9007;Устрашительный; разг. ;СТРАХ; 34.4. Эмоциональное воздействие.;neg;
9008;Устремление ;0;ВЛЕЧЕНИЕ; 6.2. Эмоциональное отношение.;pos;
9009;Устремленность ;0;ВЛЕЧЕНИЕ; 6.2. Эмоциональное отношение.;pos;
9010;Устремляться ;0;ВЛЕЧЕНИЕ; 6.2. Эмоциональное отношение.;pos;
9011;Уступка ;0;СМИРЕНИЕ; 31.5. Внешнее выражение эмоций.;pos;
9012;Уступчивость ;0;СМИРЕНИЕ; 31.7. Эмоциональное качество.;pos;
9013;Уступчивый ;0;СМИРЕНИЕ; 31.2. Эмоциональное отношение.;pos;
9014;Уступчивый ;0;СМИРЕНИЕ; 31.6. Эмоциональная характеризация.;pos;
9016;Утеха; разг. ;РАДОСТЬ; 30.1. Эмоциональное состояние.;pos;
9017;Утешение ;0;СПОКОЙСТВИЕ; 33.1. Эмоциональное состояние.;pos;
9018;Утешитель ;0;СПОКОЙСТВИЕ; 33.8. Человек как средоточие и носитель эмоций.;pos;
9019;Утешительница ;0;СПОКОЙСТВИЕ; 33.8. Человек как средоточие и носитель эмоций.;pos;
9020;Утешительность ;0;СПОКОЙСТВИЕ; 33.7. Эмоциональное качество.;pos;
9021;Утешительный ;0;СПОКОЙСТВИЕ; 33.4. Эмоциональное воздействие.;pos;
9022;Утешный; разг. ;СПОКОЙСТВИЕ; 33.4. Эмоциональное воздействие.;pos;
9023;Утомительный ;0;ГОРЕ; 9.4. Эмоциональное воздействие.;neg;
9024;Утомительный ;0;ГРУСТЬ; 10.4. Эмоциональное воздействие.;neg;
9025;Утомительный ;0;ГРУСТЬ; 10.6. Эмоциональная характеризация.;neg;
9028;Ухажер; разг. ;ЛЮБОВЬ; 18.8. Человек как средоточие и носитель эмоций.;pos;
9029;Ухажерка; разг. ;ЛЮБОВЬ; 18.8. Человек как средоточие и носитель эмоций.;pos;
9030;Ухажерство; разг. ;ЛЮБОВЬ; 18.5. Внешнее выражение эмоций.;pos;
9031;Ухаживание ;0;ЛЮБОВЬ; 18.5. Внешнее выражение эмоций.;pos;
9032;Ухаживатель; разг. ;ЛЮБОВЬ; 18.8. Человек как средоточие и носитель эмоций.;pos;
9033;Ухаживать ;0;ДОБРОТА; 11.5. Внешнее выражение эмоций.;pos;
9034;Ухаживать ;0;ЛЮБОВЬ; 18.2. Эмоциональное отношение.;pos;
9035;Ухаживать ;0;ЛЮБОВЬ; 18.5. Внешнее выражение эмоций.;pos;
9036;Ухарский; разг. ;БЕССТРАШИЕ; 2.6. Эмоциональная характеризация.;pos;
9037;Ухарство; разг. ;БЕССТРАШИЕ; 2.7. Эмоциональное качество.;pos;
9038;Ухарь; разг. ;БЕССТРАШИЕ; 2.6. Эмоциональная характеризация.;pos;
9039;Ухарь; разг. ;БЕССТРАШИЕ; 2.8. Человек как средоточие и носитель эмоций.;pos;
9044;Участие ;0;ДОБРОТА; 11.2. Эмоциональное отношение.;pos;
9045;Участие ;0;ДОБРОТА; 11.5. Внешнее выражение эмоций.;pos;
9046;Участие ;0;ЖАЛОСТЬ; 13.2. Эмоциональное отношение.;neg;
9049;Участливость ;0;ДОБРОТА; 11.7. Эмоциональное качество.;pos;
9050;Участливый ;0;ДОБРОТА; 11.1. Эмоциональное состояние.;pos;
9051;Участливый ;0;ДОБРОТА; 11.2. Эмоциональное отношение.;pos;
9052;Участливый ;0;ДОБРОТА; 11.5. Внешнее выражение эмоций.;pos;
9053;Участливый ;0;ДОБРОТА; 11.6. Эмоциональная характеризация.;pos;
9055;Учтивость ;0;УВАЖЕНИЕ; 37.7. Эмоциональное качество.;pos;
9056;Учтивый ;0;УВАЖЕНИЕ; 37.6. Эмоциональная характеризация.;pos;
9067;Уязвленный ;0;ОБИДА; 26.1. Эмоциональное состояние.;neg;
9068;Фавор ;0;ДОБРОТА; 11.2. Эмоциональное отношение.;pos;
9069;Фавор ;0;ДОБРОТА; 11.5. Внешнее выражение эмоций.;pos;
9070;Фаворит ;0;ЛЮБОВЬ; 18.8. Человек как средоточие и носитель эмоций.;pos;
9071;Фаворитка ;0;ЛЮБОВЬ; 18.8. Человек как средоточие и носитель эмоций.;pos;
9072;Фальшивить ;0;НЕИСКРЕННОСТЬ; 24.5. Внешнее выражение эмоций.;neg;
9073;Фальшиво ;0;НЕИСКРЕННОСТЬ; 24.5. Внешнее выражение эмоций.;neg;
9074;Фальшивость ;0;НЕИСКРЕННОСТЬ; 24.7. Эмоциональное качество.;neg;
9075;Фальшивый ;0;НЕИСКРЕННОСТЬ; 24.6. Эмоциональная характеризация.;neg;
9076;Фальшь ;0;НЕИСКРЕННОСТЬ; 24.7. Эмоциональное качество.;neg;
9077;Фамильярничанье ;0;БЕССТЫДСТВО; 3.5. Внешнее выражение эмоций.;neg;
9078;Фамильярничать ;0;БЕССТЫДСТВО; 3.5. Внешнее выражение эмоций.;neg;
9079;Фамильярность ;0;БЕССТЫДСТВО; 3.7. Эмоциональное качество.;neg;
9080;Фамильярность ;0;ВЫСОКОМЕРИЕ; 8.7. Эмоциональное качество.;neg;
9081;Фамильярный ;0;БЕССТЫДСТВО; 3.6. Эмоциональная характеризация.;neg;
9082;Фамильярный ;0;ВЫСОКОМЕРИЕ; 8.5. Внешнее выражение эмоций.;neg;
9083;Фамильярный ;0;ВЫСОКОМЕРИЕ; 8.6. Эмоциональная характеризация.;neg;
9084;Фанаберия; разг., пренебр. ;ВЫСОКОМЕРИЕ; 8.7. Эмоциональное качество.;neg;
9085;Фанат; разг. ;ОДОБРЕНИЕ; 28.8. Человек как средоточие и носитель эмоций.;pos;
9086;Фанатеть; разг.-сниж. ;ОДОБРЕНИЕ; 28.1. Эмоциональное состояние.;pos;
9093;Фанатический ;0;ВЕРА; 5.6. Эмоциональная характеризация.;pos;
9094;Фанатический ;0;ОДОБРЕНИЕ; 28.7. Эмоциональное качество.;pos;
9095;Фанатичность ;0;ВЕРА; 5.7. Эмоциональное качество.;pos;
9096;Фанатичность ;0;ОДОБРЕНИЕ; 28.7. Эмоциональное качество.;pos;
9097;Фанатичный ;0;ОДОБРЕНИЕ; 28.6. Эмоциональная характеризация.;pos;
9098;Фанатка; разг. ;ОДОБРЕНИЕ; 28.8. Человек как средоточие и носитель эмоций.;pos;
9099;Фантазер ;0;ЖЕЛАНИЕ; 14.8. Человек как средоточие и носитель эмоций.;pos;
9100;Фантазерский ;0;ЖЕЛАНИЕ; 14.6. Эмоциональная характеризация.;pos;
9101;Фантазерский ;0;НАДЕЖДА; 20.6. Эмоциональная характеризация.;pos;
9102;Фантазерство ;0;ЖЕЛАНИЕ; 14.6. Эмоциональная характеризация.;pos;
9103;Фантазийный ;0;ЖЕЛАНИЕ; 14.1. Эмоциональное состояние.;pos;
9104;Фантазия; разг. ;ЖЕЛАНИЕ; 14.2. Эмоциональное отношение.;pos;
9108;Фарисей ;0;НЕИСКРЕННОСТЬ; 24.8. Человек как средоточие и носитель эмоций.;neg;
9109;Фарисейски ;0;НЕИСКРЕННОСТЬ; 24.5. Внешнее выражение эмоций.;neg;
9110;Фарисейский ;0;НЕИСКРЕННОСТЬ; 24.6. Эмоциональная характеризация.;neg;
9111;Фарисейство ;0;НЕИСКРЕННОСТЬ; 24.5. Внешнее выражение эмоций.;neg;
9112;Фарисейство ;0;НЕИСКРЕННОСТЬ; 24.7. Эмоциональное качество.;neg;
9113;Фарисействовать; разг. ;НЕИСКРЕННОСТЬ; 24.5. Внешнее выражение эмоций.;neg;
9117;Фарт; разг. ;СЧАСТЬЕ; 36.1. Эмоциональное состояние.;pos;
9118;Фартовый; разг. ;СЧАСТЬЕ; 36.6. Эмоциональная характеризация.;pos;
9119;Фаталист ;0;ВЕРА; 5.8. Человек как средоточие и носитель эмоций.;pos;
9121;Феноменальность ;0;УДИВЛЕНИЕ; 38.7. Эмоциональное качество.;pos;
9122;Феноменальный ;0;УДИВЛЕНИЕ; 38.6. Эмоциональная характеризация.;pos;
9125;Ферт; разг.-сниж. ;ВЫСОКОМЕРИЕ; 8.8. Человек как средоточие и носитель эмоций.;neg;
9129;Фетишизирование ;0;УВАЖЕНИЕ; 37.5. Внешнее выражение эмоций.;pos;
9130;Фетишизировать ;0;ОДОБРЕНИЕ; 28.2. Эмоциональное отношение.;pos;
9131;Фетишизировать ;0;УВАЖЕНИЕ; 37.2. Эмоциональное отношение.;pos;
9132;Фетишизм ;0;УВАЖЕНИЕ; 37.1. Эмоциональное состояние.;pos;
9133;Фетишировать ;0;ОДОБРЕНИЕ; 28.2. Эмоциональное отношение.;pos;
9134;Фетишист ;0;УВАЖЕНИЕ; 37.8. Человек как средоточие и носитель эмоций.;pos;
9138;Филантроп ;0;ДОБРОТА; 11.8. Человек как средоточие и носитель эмоций.;pos;
9139;Филантропический ;0;ДОБРОТА; 11.5. Внешнее выражение эмоций.;pos;
9140;Филантропический ;0;ДОБРОТА; 11.6. Эмоциональная характеризация.;pos;
9141;Филантропический; устар. ;ЛЮБОВЬ; 18.1. Эмоциональное состояние.;pos;
9142;Филантропический; устар. ;ЛЮБОВЬ; 18.5. Внешнее выражение эмоций.;pos;
9143;Филантропический; устар. ;ЛЮБОВЬ; 18.6. Эмоциональная характеризация.;pos;
9144;Филантропия ;0;ДОБРОТА; 11.5. Внешнее выражение эмоций.;pos;
9145;Филантропия ;0;ДОБРОТА; 11.7. Эмоциональное качество.;pos;
9146;Филантропия; книжн. ;ЛЮБОВЬ; 18.7. Эмоциональное качество.;pos;
9147;Филантропка ;0;ДОБРОТА; 11.8. Человек как средоточие и носитель эмоций.;pos;
9148;Философически; устар. ;СПОКОЙСТВИЕ; 33.5. Внешнее выражение эмоций.;pos;
9149;Философический; устар. ;СПОКОЙСТВИЕ; 33.6. Эмоциональная характеризация.;pos;
9150;Философски ;0;СПОКОЙСТВИЕ; 33.5. Внешнее выражение эмоций.;pos;
9151;Философский; разг. ;СПОКОЙСТВИЕ; 33.6. Эмоциональная характеризация.;pos;
9163;Флирт ;0;ЛЮБОВЬ; 18.5. Внешнее выражение эмоций.;pos;
9164;Флиртовать ;0;ЛЮБОВЬ; 18.5. Внешнее выражение эмоций.;pos;
9169;Фордыбака; разг.-сниж. ;НАСТОЙЧИВОСТЬ; 21.8. Человек как средоточие носитель эмоций.;pos;
9170;Фордыбачить; разг.-сниж. ;НАСТОЙЧИВОСТЬ; 21.5. Внешнее выражение эмоций.;pos;
9171;Фордыбачиться; разг.-сниж. ;НАСТОЙЧИВОСТЬ; 21.5. Внешнее выражение эмоций.;pos;
9172;Форс; разг. ;ВЫСОКОМЕРИЕ; 8.7. Эмоциональное качество.;neg;
9173;Форсистость ;0;ВЫСОКОМЕРИЕ; 8.7. Эмоциональное качество.;neg;
9174;Форсистый; разг. ;ВЫСОКОМЕРИЕ; 8.6. Эмоциональная характеризация.;neg;
9175;Форсить; разг. ;ВЫСОКОМЕРИЕ; 8.5. Внешнее выражение эмоций.;neg;
9176;Форсун; разг. ;ВЫСОКОМЕРИЕ; 8.8. Человек как средоточие и носитель эмоций.;neg;
9177;Форсунья; разг. ;ВЫСОКОМЕРИЕ; 8.8. Человек как средоточие и носитель эмоций.;neg;
9178;Фортуна; устар. ;СЧАСТЬЕ; 36.1. Эмоциональное состояние.;pos;
9179;Фортунить; разг. ;СЧАСТЬЕ; 36.3. Становление эмоционального состояния и отношения.;pos;
9180;Фразисто; устар. ;ВЫСОКОМЕРИЕ; 8.5. Внешнее выражение эмоций.;neg;
9181;Фразистость; устар. ;ВЫСОКОМЕРИЕ; 8.5. Внешнее выражение эмоций.;neg;
9182;Фразистый; устар. ;ВЫСОКОМЕРИЕ; 8.5. Внешнее выражение эмоций.;neg;
9183;Френд; жарг. ;ДРУЖБА; 12.8. Человек как средоточие и носитель эмоций.;pos;
9184;Фривольность ;0;БЕССТЫДСТВО; 3.7. Эмоциональное качество.;neg;
9185;Фривольный ;0;БЕССТЫДСТВО; 3.5. Внешнее выражение эмоций.;neg;
9186;Фривольный ;0;БЕССТЫДСТВО; 3.6. Эмоциональная характеризация.;neg;
9188;Фрондерский ;0;НЕДОВОЛЬСТВО; 23.6. Эмоциональная характеризация.;neg;
9189;Фрондировать ;0;НЕДОВОЛЬСТВО; 23.5. Внешнее выражение эмоций.;neg;
9191;Фуфыриться; разг.-сниж. ;ЖЕЛАНИЕ; 14.5. Внешнее выражение эмоций.;pos;
9192;Фуфыриться; разг.-сниж. ;ЗЛОСТЬ; 16.1. Эмоциональное состояние.;neg;
9193;Хай; груб. ;ВРАЖДА; 7.2. Эмоциональное отношение.;neg;
9194;Халла; разг.-сниж. ;БЕССТЫДСТВО; 3.8. Человек как средоточие и носитель эмоций.;neg;
9195;Халда; разг.-сниж., бран. ;НЕПРИЯЗНЬ; 25.8. Человек как средоточие и носитель эмоций.;neg;
9196;Хам; разг. ;БЕССТЫДСТВО; 3.8. Человек как средоточие и носитель эмоций.;neg;
9197;Хамить ;0;БЕССТЫДСТВО; 3.5. Внешнее выражение эмоций.;neg;
9198;Хамка; разг. ;БЕССТЫДСТВО; 3.8. Человек как средоточие и носитель эмоций.;neg;
9199;Хамоватый; разг. ;БЕССТЫДСТВО; 3.6. Эмоциональная характеризация.;neg;
9200;Хамоватый; разг. ;ВЫСОКОМЕРИЕ; 8.5. Внешнее выражение эмоций.;neg;
9201;Хамоватый; разг. ;ВЫСОКОМЕРИЕ; 8.6. Эмоциональная характеризация.;neg;
9202;Хамский; разг. ;БЕССТЫДСТВО; 3.6. Эмоциональная характеризация.;neg;
9203;Хамский; разг. ;ВЫСОКОМЕРИЕ; 8.5. Внешнее выражение эмоций.;neg;
9204;Хамский; разг. ;ВЫСОКОМЕРИЕ; 8.6. Эмоциональная характеризация.;neg;
9205;Хамство; разг. ;БЕССТЫДСТВО; 3.7. Эмоциональное качество.;neg;
9206;Хамство; разг. ;ВЫСОКОМЕРИЕ; 8.7. Эмоциональное качество.;neg;
9207;Хамье; разг. ;БЕССТЫДСТВО; 3.8. Человек как средоточие и носитель эмоций.;neg;
9208;Хандра ;0;ГРУСТЬ; 10.1. Эмоциональное состояние.;neg;
9209;Хандрить ;0;ГРУСТЬ; 10.1. Эмоциональное состояние.;neg;
9210;Хандрить ;0;ГРУСТЬ; 10.5. Внешнее выражение эмоций.;neg;
9211;Ханжа ;0;НЕИСКРЕННОСТЬ; 24.8. Человек как средоточие и носитель эмоций.;neg;
9212;Ханжески ;0;НЕИСКРЕННОСТЬ; 24.5. Внешнее выражение эмоций.;neg;
9213;Ханжеский ;0;НЕИСКРЕННОСТЬ; 24.6. Эмоциональная характеризация.;neg;
9214;Ханжество ;0;НЕИСКРЕННОСТЬ; 24.5. Внешнее выражение эмоций.;neg;
9215;Ханжество ;0;НЕИСКРЕННОСТЬ; 24.7. Эмоциональное качество.;neg;
9216;Ханжить; разг. ;НЕИСКРЕННОСТЬ; 24.5. Внешнее выражение эмоций.;neg;
9217;Характер ;0;БЕССТРАШИЕ; 2.7. Эмоциональное качество.;pos;
9221;Характерец; разг. ;НАСТОЙЧИВОСТЬ; 21.6. Эмоциональная характеризация.;pos;neg
9222;Характерец; разг. ;НАСТОЙЧИВОСТЬ; 21.8. Человек как средоточие и носитель эмоций.;pos;
9223;Характерец; разг. ;ЧУВСТВО; 39.8. Человек как средоточие и носитель эмоций.;pos;
9224;Хахаль; разг.-сниж. ;ЛЮБОВЬ; 18.8. Человек как средоточие и носитель эмоций.;pos;neg
9225;Хаять; разг. ;НЕПРИЯЗНЬ; 25.5. Внешнее выражение эмоций.;neg;
9226;Хвала; высок. ;ОДОБРЕНИЕ; 28.5. Внешнее выражение эмоций.;pos;
9227;Хвалебно ;0;ОДОБРЕНИЕ; 28.5. Внешнее выражение эмоций.;pos;
9228;Хвалебный ;0;ОДОБРЕНИЕ; 28.5. Внешнее выражение эмоций.;pos;
9229;Хвалебный ;0;ОДОБРЕНИЕ; 28.6. Эмоциональная характеризация.;pos;
9230;Хваление ;0;ОДОБРЕНИЕ; 28.5. Внешнее выражение эмоций.;pos;
9231;Хваливать ;0;ОДОБРЕНИЕ; 28.5. Внешнее выражение эмоций.;pos;
9232;Хвалитель ;0;ОДОБРЕНИЕ; 28.8. Человек как средоточие и носитель эмоций.;pos;
9233;Хвальба; разг., шутл. ;ОДОБРЕНИЕ; 28.5. Внешнее выражение эмоций.;pos;
9236;Хватский; разг. ;БЕССТРАШИЕ; 2.6. Эмоциональная характеризация.;pos;
9237;Хитрость ;0;НЕИСКРЕННОСТЬ; 24.5. Внешнее выражение эмоций.;neg;
9238;Хиханьки ;0;РАДОСТЬ; 30.5. Внешнее выражение эмоций.;pos;
9239;Хихиканье ;0;РАДОСТЬ; 30.5. Внешнее выражение эмоций.;pos;
9240;Хихикать ;0;РАДОСТЬ; 30.5. Внешнее выражение эмоций.;pos;
9242;Хладнодушно; устар. ;РАВНОДУШИЕ; 29.5. Внешнее выражение эмоций.;neg;
9243;Хладнодушный; устар. ;РАВНОДУШИЕ; 29.6. Эмоциональная характеризация.;neg;
9247;Хладнокровно ;0;СПОКОЙСТВИЕ; 33.5. Внешнее выражение эмоций.;pos;
9248;Хладнокровный ;0;РАВНОДУШИЕ; 29.6. Эмоциональная характеризация.;neg;
9249;Хладнокровный ;0;СПОКОЙСТВИЕ; 33.1. Эмоциональное состояние.;pos;
9250;Хладнокровный ;0;СПОКОЙСТВИЕ; 33.5. Внешнее выражение эмоций.;pos;
9251;Хладнокровный ;0;СПОКОЙСТВИЕ; 33.6. Эмоциональная хар.и н-рп ыннч;pos;
9253;Хлебосольно ;0;ДОБРОТА; 11.5. Внешнее выражение эмоций.;pos;
9254;Хлебосольный ;0;ДОБРОТА; 11.5. Внешнее выражение эмоций.;pos;
9255;Хлебосольный ;0;ДОБРОТА; 11.6. Эмоциональная характеризация.;pos;
9256;Хлебосольство ;0;ДОБРОТА; 11.7. Эмоциональное качество.;pos;
9258;Хлипкий; разг.-сниж. ;СМИРЕНИЕ; 31.6. Эмоциональная характеразацпя.;pos;
9259;Хлипкость; разг.-сниж. ;СМИРЕНИЕ; 31.7. Эмоциональное качес тво.;pos;
9261;Хлопотать ;0;ДОБРОТА; 11.2. Эмоциональное отношение.;pos;
9262;Хлопотливо ;0;БЕСПОКОЙСТВО; 1.5. Внешнее выражение эмоций.;neg;
9263;Хлопотливость ;0;БЕСПОКОЙСТВО; 1.7. Эмоциональное качество.;neg;
9264;Хлопотливый ;0;БЕСПОКОЙСТВО; 1.5. Внешнее выражение эмоций.;neg;
9265;Хлопотливый ;0;БЕСПОКОЙСТВО; 1.6. Эмоциональная характеризация.;neg;
9266;Хлопотливый ;0;ДОБРОТА; 11.5. Внешнее выражение эмоций.;pos;
9267;Хлопотливый ;0;ДОБРОТА; 11.6. Эмоциональная характеризация.;pos;
9268;Хлопотно ;0;ДОБРОТА; 11.1. Эмоциональное состояние.;pos;
9269;Хлопотный ;0;БЕСПОКОЙСТВО; 1.4. Эмоциональное воздействие.;neg;
9270;Хлопотный ;0;БЕСПОКОЙСТВО; 1.5. Внешнее выражение эмоций.;neg;
9271;Хлопотный ;0;ДОБРОТА; 11.5. Внешнее выражение эмоций.;pos;
9272;Хлопоты ;0;БЕСПОКОЙСТВО; 1.5. Внешнее выражение эмоций.;neg;
9273;Хлюпкий; разг. -сниж. ;СМИРЕНИЕ; 31.6. Эмоциональная характеризация.;pos;
9277;Хмуриться ;0;ГРУСТЬ; 10.5. Внешнее выражение эмоций.;neg;
9278;Хмуриться ;0;НЕДОВОЛЬСТВО; 23.5. Внешнее выражение эмоций.;neg;
9279;Хмуро ;0;ГРУСТЬ; 10.1. Эмоциональное состояние.;neg;
9280;Хмуро ;0;ГРУСТЬ; 10.5. Внешнее выражение эмоций.;neg;
9281;Хмурость ;0;ГРУСТЬ; 10.7. Эмоциональное качество.;neg;
9282;Хмурый ;0;ГРУСТЬ; 10.1. Эмоциональное состояние.;neg;
9283;Хмурый ;0;ГРУСТЬ; 10.5. Внешнее выражение эмоций.;neg;
9284;Хмурый ;0;ГРУСТЬ; 10.6. Эмоциональная характеризация.;neg;
9285;Хмурь; разг. ;ГРУСТЬ; 10.1. Эмоциональное состояние.;neg;
9286;Хмурь; разг. ;ГРУСТЬ; 10.7. Эмоциональное качество.;neg;
9287;Хныкать ;0;ГОРЕ; 9.5. Внешнее выражение эмоций.;neg;
9288;Хныкать ;0;ЖАЛОСТЬ; 13.5. Внешнее выражение эмоций.;neg;
9291;Ходатай ;0;ДОБРОТА; 11.8. Человек как средоточие и носитель эмоций.;pos;
9295;Ходульность ;0;ВЫСОКОМЕРИЕ; 8.5. Внешнее выражение эмоций.;neg;
9296;Ходульный ;0;ВЫСОКОМЕРИЕ; 8.5. Внешнее выражение эмоций.;neg;
9297;Ходульный ;0;ВЫСОКОМЕРИЕ; 8.6. Эмоциональная характеризация.;neg;
9298;Холеный и Холеный ;0;ДОБРОТА; 11.6. Эмоциональная характеризация.;pos;
9300;Холить ;0;ДОБРОТА; 11.5. Внешнее выражение эмоций.;pos;
9307;Холоднокровие; устар. ;СПОКОЙСТВИЕ; 33.7. Эмоциональное качество.;pos;
9308;Холоднокровно; устар. ;РАВНОДУШИЕ; 29.5. Внешнее выражение эмоций.;pos;
9309;Холоднокровно; устар. ;СПОКОЙСТВИЕ; 33.5. Внешнее выражение эмоций.;pos;
9310;Холодность ;0;РАВНОДУШИЕ; 29.7. Эмоциональное качество.;neg;
9317;Холя ;0;ДОБРОТА; 11.5. Внешнее выражение эмоций.;pos;
9318;Хороводить; разг. ;ВЛЕЧЕНИЕ; 6.4. Эмоциональное воздействие.;pos;
9319;Хороводить; разг.-сниж. ;ДРУЖБА; 12.2. Эмоциональное отношение.;pos;
9320;Хороводиться; разг. ;ЛЮБОВЬ; 18.2. Эмоциональное отношение.;pos;
9321;Хороводиться; разг.-сниж. ;ДРУЖБА; 12.2. Эмоциональное отношение.;pos;
9323;Хороший ;0;ДОБРОТА; 11.6. Эмоциональная характеризация.;pos;
9324;Хороший ;0;ОДОБРЕНИЕ; 28.6. Эмоциональная характеризация.;pos;
9326;Хороший; разг. ;ЛЮБОВЬ; 18.6. Эмоциональная характеризация.;pos;
9327;Хорошо ;0;ОДОБРЕНИЕ; 28.5. Внешнее выражение эмоций.;pos;
9328;Хорошо ;0;СЧАСТЬЕ; 36.1. Эмоциональное состояние.;pos;
9329;Хорошо ;0;СЧАСТЬЕ; 36.6. Эмоциональная характеризация.;pos;
9330;Хотение; разг. ;ЖЕЛАНИЕ; 14.2. Эмоциональное отношение.;pos;
9333;Хохма; разг. ;РАДОСТЬ; 30.5. Внешнее выражение эмоций.;pos;
9334;Хохмач; разг. ;РАДОСТЬ; 30.8. Человек как средоточие и носитель эмоций.;pos;
9335;Хохот ;0;РАДОСТЬ; 30.5. Внешнее выражение эмоций.;pos;
9336;Хохотанье ;0;РАДОСТЬ; 30.5. Внешнее выражение эмоций.;pos;
9337;Хохотать ;0;РАДОСТЬ; 30.5. Внешнее выражение эмоций.;pos;
9338;Хохотнуть ;0;РАДОСТЬ; 30.5. Внешнее выражение эмоций.;pos;
9339;Хохотня ;0;РАДОСТЬ; 30.5. Внешнее выражение эмоций.;pos;
9340;Хохоток ;0;РАДОСТЬ; 30.5. Внешнее выражение эмоций.;pos;
9341;Хохотун ;0;РАДОСТЬ; 30.8. Человек как средоточие и носитель эмоций.;pos;
9342;Хохотунья ;0;РАДОСТЬ; 30.8. Человек как средоточие и носитель эмоций.;pos;
9343;Хохотушка ;0;РАДОСТЬ; 30.8. Человек как средоточие и носитель эмоций.;pos;
9344;Храбрец ;0;БЕССТРАШИЕ; 2.8. Человек как средоточие и носитель эмоций.;pos;
9345;Храбриться ;0;БЕССТРАШИЕ; 2.1. Эмоциональное состояние.;pos;
9347;Храбро ;0;БЕССТРАШИЕ; 2.5. Внешнее выражение эмоций.;pos;
9348;Храбровать; устар. ;БЕССТРАШИЕ; 2.5. Внешнее выражение эмоций.;pos;
9349;Храбрость ;0;БЕССТРАШИЕ; 2.7. Эмоциональное качество.;pos;
9350;Храбрый ;0;БЕССТРАШИЕ; 2.1. Эмоциональное состояние.;pos;
9351;Храбрый ;0;БЕССТРАШИЕ; 2.6. Эмоциональная характеризация.;pos;
9354;Христопродавец; устар. ;НЕВЕРИЕ; 22.8. Человек как средоточие и носитель эмоций.;neg;
9356;Худо; разг. ;ЗЛОСТЬ; 16.1. Эмоциональное состояние.;neg;
9357;Худо; разг. ;ГОРЕ; 9.1. Эмоциональное состояние.;neg;
9358;Худо; трад.-поэт. ;ЗЛОСТЬ; 16.6. Эмоциональная характеризация.;neg;
9359;Хула; разг. ;НЕДОВОЛЬСТВО; 23.5. Внешнее выражение эмоций.;neg;
9360;Хуление ;0;НЕДОВОЛЬСТВО; 23.2. Эмоциональное отношение.;neg;
9361;Хуление ;0;НЕДОВОЛЬСТВО; 23.5. Внешнее выражение эмоций.;neg;
9362;Хулитель ;0;НЕДОВОЛЬСТВО; 23.6. Эмоциональная характеризация.;neg;
9363;Хулитель ;0;НЕДОВОЛЬСТВО; 23.8. Человек как средоточие и носитель эмоций.;neg;
9364;Хулить ;0;НЕДОВОЛЬСТВО; 23.2. Эмоциональное отношение.;neg;
9365;Цапаться; разг. ;ВРАЖДА; 7.5. Внешнее выражение эмоций.;neg;
9368;Царапаться; разг.-сниж. ;ВРАЖДА; 7.5. Внешнее выражение эмоций.;neg;
9370;Цаца; разг.-сниж., пренебр. ;ВЫСОКОМЕРИЕ; 8.8. Человек как средоточие и носитель эмоций.;neg;
9374;Целенаправленно ;0;НАСТОЙЧИВОСТЬ; 21.5. Внешнее выражение эмоций.;pos;
9375;Целенаправленность ;0;НАСТОЙЧИВОСТЬ; 21.7. Эмоциональное качество.;pos;
9376;Целенаправленный ;0;НАСТОЙЧИВОСТЬ; 21.6. Эмоциональная характеризация.;pos;
9377;Целеустремление; книжн. ;НАСТОЙЧИВОСТЬ; 21.7. Эмоциональное качество.;pos;
9378;Целеустремленно ;0;НАСТОЙЧИВОСТЬ; 21.5. Внешнее выражение эмоций.;pos;
9379;Целеустремленный ;0;НАСТОЙЧИВОСТЬ; 21.6. Эмоциональная характеризация.;pos;
9380;Целование ;0;ЛЮБОВЬ; 18.5. Внешнее выражение эмоций.;pos;
9381;Ценитель ;0;ОДОБРЕНИЕ; 28.8. Человек как средоточие и носитель эмоций.;pos;
9383;Цинизм ;0;БЕССТЫДСТВО; 3.7. Эмоциональное качество.;neg;
9384;Циник ;0;БЕССТЫДСТВО; 3.8. Человек как средоточие и носитель эмоций.;neg;
9385;Цинический ;0;БЕССТЫДСТВО; 3.5. Внешнее выражение эмоций.;neg;
9386;Цинический ;0;БЕССТЫДСТВО; 3.6. Эмоциональная характеризация.;neg;
9387;Цинично ;0;БЕССТЫДСТВО; 3.5. Внешнее выражение эмоций.;neg;
9388;Циничность ;0;БЕССТЫДСТВО; 3.7. Эмоциональное качество.;neg;
9389;Циничный ;0;БЕССТЫДСТВО; 3.1. Эмоциональное состояние.;neg;
9390;Циничный ;0;БЕССТЫДСТВО; 3.4. Эмоциональное воздействие.;neg;
9391;Циничный ;0;БЕССТЫДСТВО; 3.5. Внешнее выражение эмоций.;neg;
9392;Циничный ;0;БЕССТЫДСТВО; 3.6. Эмоциональная характеризация.;neg;
9393;Цирцея; книжн. ;ЧУВСТВО; 39.8. Человек как средоточие и носитель эмоций.;pos;
9394;Чадолюбивый; разг. ;ЛЮБОВЬ; 18.2. Эмоциональное отношение.;pos;
9395;Чадолюбивый; разг. ;ЛЮБОВЬ; 18.5. Внешнее выражение эмоций.;pos;
9396;Чадолюбивый; разг. ;ЛЮБОВЬ; 18.6. Эмоциональная характеризация.;pos;
9397;Чадолюбие ;0;ЛЮБОВЬ; 18.7. Эмоциональное качество.;pos;
9398;Чаемый; устар. ;НАДЕЖДА; 20.6. Эмоциональная характеризация.;pos;
9399;Чаемый; устар. ;НАДЕЖДА; 20.2. Эмоциональное отношение.;pos;
9400;Чарование; трад.-поэт. ;ЛЮБОВЬ; 18.1. Эмоциональное состояние.;pos;
9401;Чарование; трад.-поэт. ;ЛЮБОВЬ; 18.4. Эмоциональное воздействие.;pos;
9402;Чарование; трад.-поэт. ;ЛЮБОВЬ; 18.7. Эмоциональное качество.;pos;
9407;Чародейный ;0;ОДОБРЕНИЕ; 28.6. Эмоциональная характеризация.;pos;
9408;Чародейный ;0;ВЛЕЧЕНИЕ; 6.4. Эмоциональное воздействие.;pos;
9409;Чародейный ;0;ЛЮБОВЬ; 18.4. Эмоциональное воздействие.;pos;
9410;Чародейный ;0;ОДОБРЕНИЕ; 28.4. Эмоциональное воздействие.;pos;
9411;Чародейственный ;0;ВЛЕЧЕНИЕ; 6.4. Эмоциональное воздействие.;pos;
9412;Чародейственный ;0;ОДОБРЕНИЕ; 28.6. Эмоциональная характеризация.;pos;
9413;Чародейственный ;0;ОДОБРЕНИЕ; 28.4. Эмоциональное воздействие.;pos;
9414;Чарующе ;0;ОДОБРЕНИЕ; 28.5. Внешнее выражение эмоций.;pos;
9415;Чарующий ;0;ВЛЕЧЕНИЕ; 6.4. Эмоциональное воздействие.;pos;
9416;Чарующий ;0;ВЛЕЧЕНИЕ; 6.6. Эмоциональная характеризация.;pos;
9417;Чарующий ;0;ОДОБРЕНИЕ; 28.4. Эмоциональное воздействие.;pos;
9418;Чарующий ;0;ОДОБРЕНИЕ; 28.6. Эмоциональная характеризация.;pos;
9419;Чарующий ;0;ЛЮБОВЬ; 18.4. Эмоциональное воздействие.;pos;
9420;Чары; трад.-поэт. ;ВЛЕЧЕНИЕ; 6.4. Эмоциональное воздействие.;pos;
9421;Чары; трад.-поэт. ;ЛЮБОВЬ; 18.4. Эмоциональное воздействие.;pos;
9423;Чаяние; устар. ;НАДЕЖДА; 20.1. Эмоциональное состояние.;pos;
9424;Чаяние; устар. ;НАДЕЖДА; 20.2. Эмоциональное отношение.;pos;
9425;Чаяния; устар. ;НАДЕЖДА; 20.2. Эмоциональное отношение.;pos;
9426;Чаять; высок. ;НАДЕЖДА; 20.2. Эмоциональное отношение.;pos;
9427;Чваниться ;0;ВЫСОКОМЕРИЕ; 8.5. Внешнее выражение эмоций.;neg;
9428;Чванливо ;0;ВЫСОКОМЕРИЕ; 8.5. Внешнее выражение эмоций.;neg;
9429;Чванливость ;0;ВЫСОКОМЕРИЕ; 8.7. Эмоциональное качество.;neg;
9430;Чванливый ;0;ВЫСОКОМЕРИЕ; 8.5. Внешнее выражение эмоций.;neg;
9431;Чванливый ;0;ВЫСОКОМЕРИЕ; 8.6. Эмоциональная характеризация.;neg;
9432;Чванно ;0;ВЫСОКОМЕРИЕ; 8.5. Внешнее выражение эмоций.;neg;
9433;Чванный ;0;ВЫСОКОМЕРИЕ; 8.5. Внешнее выражение эмоций.;neg;
9434;Чванный ;0;ВЫСОКОМЕРИЕ; 8.6. Эмоциональная характеризация.;neg;
9435;Чванство ;0;ВЫСОКОМЕРИЕ; 8.7. Эмоциональное качество.;neg;
9437;Человеколюбец ;0;ЛЮБОВЬ; 18.8. Человек как средоточие и носитель эмоций.;pos;
9438;Человеколюбивый ;0;ЛЮБОВЬ; 18.2. Эмоциональное отношение.;pos;
9439;Человеколюбивый ;0;ЛЮБОВЬ; 18.5. Внешнее выражение эмоций.;pos;
9440;Человеколюбивый ;0;ЛЮБОВЬ; 18.6. Эмоциональная характеризация.;pos;
9441;Человеколюбие ;0;ЛЮБОВЬ; 18.7. Эмоциональное качество.;pos;
9442;Человеконенавистник ;0;НЕПРИЯЗНЬ; 25.8. Человек как средоточие и носитель эмоций.;neg;
9443;Человеконенавистнический ;0;НЕПРИЯЗНЬ; 25.2. Эмоциональное отношение.;neg;
9444;Человеконенавистнический ;0;НЕПРИЯЗНЬ; 25.6. Эмоциональная характеризация.;neg;
9445;Человеконенавистничество ;0;НЕПРИЯЗНЬ; 25.7. Эмоциональное качество.;neg;
9448;Человечественно; устар. ;ЛЮБОВЬ; 18.5. Внешнее выражение эмоций.;pos;
9449;Человечественность; устар. ;ЛЮБОВЬ; 18.7. Эмоциональное качество.;pos;
9450;Человечественность; устар. ;ЛЮБОВЬ; 18.7. Эмоциональное качество.;pos;
9451;Человечественный; устар. ;ЛЮБОВЬ; 18.5. Внешнее выражение эмоций.;pos;
9452;Человечественный; устар. ;ЛЮБОВЬ; 18.6. Эмоциональная характеризация;pos;
9453;Человечно; устар. ;ЛЮБОВЬ; 18.5. Внешнее выражение эмоций.;pos;
9454;Человечность ;0;ДОБРОТА; 11.7. Эмоциональное качество.;pos;
9455;Человечность ;0;ЛЮБОВЬ; 18.7. Эмоциональное качество.;pos;
9468;Черствить; устар. ;РАВНОДУШИЕ; 29.4. Эмоциональное воздействие.;neg;
9469;Черствость ;0;ЗЛОСТЬ; 16.7. Эмоциональное качество.;neg;
9470;Черствость ;0;РАВНОДУШИЕ; 29.7. Эмоциональное качество.;neg;
9474;Чествование ;0;ОДОБРЕНИЕ; 28.5. Внешнее выражение эмоций.;pos;
9475;Чествование ;0;УВАЖЕНИЕ; 37.5. Внешнее выражение эмоций.;pos;
9476;Чествовать ;0;УВАЖЕНИЕ; 37.5. Внешнее выражение эмоций.;pos;
9477;Честить ;0;УВАЖЕНИЕ; 37.5. Внешнее выражение эмоций.;pos;
9479;Честно ;0;ИСКРЕННОСТЬ; 17.5. Внешнее выражение эмоций.;pos;
9480;Честной; устар. ;УВАЖЕНИЕ; 37.6. Эмоциональная характеризация.;pos;
9481;Честность ;0;ИСКРЕННОСТЬ; 17.7. Эмоциональное качество.;pos;
9482;Честный ;0;ИСКРЕННОСТЬ; 17.6. Эмоциональная характеризация.;pos;
9483;Честный ;0;УВАЖЕНИЕ; 37.6. Эмоциональная характеризация.;pos;
9484;Честолюбец ;0;ВЫСОКОМЕРИЕ; 8.8. Человек как средоточие и носитель эмоций.;neg;
9485;Честолюбивый ;0;ВЫСОКОМЕРИЕ; 8.1. Эмоциональное состояние.;neg;
9486;Честолюбивый ;0;ВЫСОКОМЕРИЕ; 8.6. Эмоциональная характеризация.;neg;
9487;Честолюбие ;0;ВЫСОКОМЕРИЕ; 8.7. Эмоциональное качество.;neg;
9488;Честь ;0;УВАЖЕНИЕ; 37.2. Эмоциональное отношение.;pos;
9489;Честь ;0;УВАЖЕНИЕ; 37.5. Внешнее выражение эмоций.;pos;
9490;Честь ;0;УВАЖЕНИЕ; 37.6. Эмоциональная характеризация.;pos;
9491;Чинно ;0;ВЫСОКОМЕРИЕ; 8.5. Внешнее выражение эмоций.;neg;
9492;Чинность ;0;ВЫСОКОМЕРИЕ; 8.7. Эмоциональное качество.;neg;
9493;Чинный ;0;ВЫСОКОМЕРИЕ; 8.6. Эмоциональная характеризация.;pos;
9495;Чистосердечие и Чистосердечье ;0;ИСКРЕННОСТЬ; 17.7. Эмоциональное качество.;pos;
9496;Чистосердечно ;0;ИСКРЕННОСТЬ; 17.5. Внешнее выражение эмоций.;pos;
9497;Чистосердечность ;0;ИСКРЕННОСТЬ; 17.7. Эмоциональное качество.;pos;
9498;Чистосердечный ;0;ИСКРЕННОСТЬ; 17.6. Эмоциональная характеризация.;pos;
9503;Чмокать; разг. ;ЛЮБОВЬ; 18.5. Внешнее выражение эмоций.;pos;
9504;Чмокаться; разг. ;ЛЮБОВЬ; 18.5. Внешнее выражение эмоций.;pos;
9505;Чтить; ;УВАЖЕНИЕ; 37.2. Эмоциональное отношение.;pos;
9506;Чувственник ;0;ЛЮБОВЬ; 18.8. Человек как средоточие и носитель эмоций.;pos;
9507;Чувственно ;0;ЧУВСТВО; 39.5. Внешнее выражение эмоций.;pos;
9508;Чувственность ;0;ВЛЕЧЕНИЕ; 6.7. Эмоциональное качество.;pos;
9509;Чувственность ;0;ЛЮБОВЬ; 18.7. Эмоциональное качество.;pos;
9510;Чувственность ;0;ЧУВСТВО; 39.1. Эмоциональное состояние.;pos;
9511;Чувственность ;0;ЧУВСТВО; 39.7. Эмоциональное качество.;pos;
9512;Чувственный ;0;ЧУВСТВО; 39.1. Эмоциональное состояние.;pos;
9513;Чувственный ;0;ЧУВСТВО; 39.6. Эмоциональная характеризация.;pos;
9514;Чувствительно ;0;ЧУВСТВО; 39.5. Внешнее выражение эмоций.;pos;
9515;Чувствительность ;0;ЛЮБОВЬ; 18.7. Эмоциональное качество.;pos;
9516;Чувствительность ;0;ОБИДА; 26.7. Эмоциональное качество.;neg;
9517;Чувствительность ;0;ЧУВСТВО; 39.1. Эмоциональное состояние.;pos;
9518;Чувствительность ;0;ЧУВСТВО; 39.7. Эмоциональное качество.;pos;
9519;Чувствительный ;0;ЛЮБОВЬ; 18.1. Эмоциональное состояние.;pos;
9520;Чувствительный ;0;ЛЮБОВЬ; 18.6. Эмоциональная характеризация.;pos;
9521;Чувствительный ;0;ОБИДА; 26.6. Эмоциональная характеризация.;neg;
9522;Чувствительный ;0;ЧУВСТВО; 39.6. Эмоциональная характеризация.;pos;
9544;Чудесно ;0;УДИВЛЕНИЕ; 38.5. Внешнее выражение эмоций.;pos;
9545;Чудесный ;0;ОДОБРЕНИЕ; 28.6. Эмоциональная характеризация.;pos;
9546;Чудик; разг. ;УДИВЛЕНИЕ; 38.8. Человек как средоточие и носитель эмоций.;pos;
9547;Чудила; разг.-сниж. ;УДИВЛЕНИЕ; 38.8. Человек как средоточие и носитель эмоций.;pos;
9548;Чудинка; разг. ;УДИВЛЕНИЕ; 38.7. Эмоциональное качество.;pos;
9549;Чудить; разг. ;УДИВЛЕНИЕ; 38.5. Внешнее выражение эмоций.;pos;
9550;Чудно; разг. ;УДИВЛЕНИЕ; 38.5. Внешнее выражение эмоций.;pos;
9551;Чудно; разг. ;УДИВЛЕНИЕ; 38.1. Эмоциональное состояние.;pos;
9552;Чудно; разг. ;УДИВЛЕНИЕ; 38.4. Эмоциональное воздействие.;pos;
9553;Чудной; разг. ;УДИВЛЕНИЕ; 38.6. Эмоциональная характеризация.;pos;
9554;Чудный ;0;УДИВЛЕНИЕ; 38.4. Эмоциональное воздействие.;pos;
9555;Чудный ;0;УДИВЛЕНИЕ; 38.6. Эмоциональная характеризация.;pos;
9558;Чудовище ;0;СТРАХ; 34.8. Человек как средоточие и носитель эмоций.;neg;
9559;Чудовищный ;0;СТРАХ; 34.4. Эмоциональное воздействие.;neg;
9560;Чудовищный ;0;СТРАХ; 34.6. Эмоциональная характеризация.;neg;
9561;Чудодей; разг. ;УДИВЛЕНИЕ; 38.8. Человек как средоточие и носитель эмоций.;pos;
9562;Чудодейный ;0;УДИВЛЕНИЕ; 38.4. Эмоциональное воздействие.;pos;
9563;Чудодейный ;0;УДИВЛЕНИЕ; 38.6. Эмоциональная характеризация.;pos;
9564;Чудодейственность ;0;УДИВЛЕНИЕ; 38.7. Эмоциональное качество.;pos;
9565;Чудодейственный ;0;УДИВЛЕНИЕ; 38.4. Эмоциональное воздействие.;pos;
9566;Чудодейственный ;0;УДИВЛЕНИЕ; 38.6. Эмоциональная характеризация.;pos;
9569;Чудотворный ;0;УДИВЛЕНИЕ; 38.4. Эмоциональное воздействие.;pos;
9570;Чудотворный ;0;УДИВЛЕНИЕ; 38.6. Эмоциональная характеризация.;pos;
9572;Чуждаться ;0;ОДИНОЧЕСТВО; 27.2. Эмоциональное отношение.;neg;
9573;Чуждый ;0;ВРАЖДА; 7.2. Эмоциональное отношение.;neg;
9574;Чуждый ;0;ВРАЖДА; 7.6. Эмоциональная характеризация.;neg;
9575;Чуждый ;0;ОДИНОЧЕСТВО; 27.2. Эмоциональное отношение.;neg;
9576;Чуждый ;0;ОДИНОЧЕСТВО; 27.6. Эмоциональная характеризация.;neg;
9579;Чужой; разг. ;ОДИНОЧЕСТВО; 27.2. Эмоциональное отношение.;neg;
9580;Чужой; разг. ;ОДИНОЧЕСТВО; 27.6. Эмоциональная характеризация.;neg;
9581;Чураться; разг. ;ОДИНОЧЕСТВО; 27.2. Эмоциональное отношение.;neg;
9582;Чуткий; ;ДОБРОТА; 11.2. Эмоциональное отношение.;pos;
9583;Чуткий; ;ДОБРОТА; 11.5. Внешнее выражение эмоций.;pos;
9584;Чуткий; ;ДОБРОТА; 11.6. Эмоциональная характеризация.;pos;
9585;Чуткий; ;ЧУВСТВО; 39.6. Эмоциональная характеризация.;pos;
9586;Чутко ;0;ДОБРОТА; 11.5. Внешнее выражение эмоций.;pos;
9587;Чуткость ;0;ДОБРОТА; 11.7. Эмоциональное качество.;pos;
9590;Шалый; разг.-сниж. ;БЕССТРАШИЕ; 2.6. Эмоциональная характеризация.;pos;
9592;Шальной; разг. ;БЕССТРАШИЕ; 2.6. Эмоциональная характеризация.;pos;
9593;Шантаж ;0;СТРАХ; 34.4. Эмоциональное воздействие.;neg;
9594;Шантажировать ;0;СТРАХ; 34.4. Эмоциональное воздействие.;neg;
9595;Шантажист ;0;СТРАХ; 34.8. Человек как средоточие и носитель эмоций.;neg;
9596;Шантажистка ;0;СТРАХ; 34.8. Человек как средоточие и носитель эмоций.;neg;
9597;Шаркун; разг.-сниж. ;НЕИСКРЕННОСТЬ; 24.8. Человек как средоточие и носитель эмоций.;neg;
9598;Шарм; шутл. ;ОДОБРЕНИЕ; 28.7. Эмоциональное качество.;pos;
9600;Шашни; неодобр. ;ЛЮБОВЬ; 18.2. Эмоциональное отношение.;pos;
9605;Шебутиться; разг.-сниж. ;БЕСПОКОЙСТВО; 1.5. Внешнее выражение эмоций.;neg;
9606;Шебутной; разг.-сниж. ;БЕСПОКОЙСТВО; 1.5. Внешнее выражение эмоций.;neg;
9607;Шебутной; разг.-сниж. ;БЕСПОКОЙСТВО; 1.6. Эмоциональная характеризация.;neg;
9611;Шельмование ;0;НЕПРИЯЗНЬ; 25.5. Внешнее выражение эмоций.;neg;
9612;Шерстить; сов., разг. ;НЕПРИЯЗНЬ; 25.5. Внешнее выражение эмоций.;neg;
9618;Шкурнический; разг.-сниж. ;НАСТОЙЧИВОСТЬ; 21.6. Эмоциональная характеризация.;pos;
9619;Шкурный; разг.-сниж. ;НАСТОЙЧИВОСТЬ; 21.6. Эмоциональная характеризация.;pos;
9620;Шок; разг. ;ГОРЕ; 9.1. Эмоциональное состояние.;neg;
9621;Шокировать; разг. ;ВРАЖДА; 7.2. Эмоциональное отношение.;neg;
9622;Шокировать; разг. ;ВРАЖДА; 7.5. Внешнее выражение эмоций.;neg;
9627;Шугануть; сов., разг.-сниж. ;СТРАХ; 34.4. Эмоциональное воздействие.;neg;
9628;Шугать; разг.-сниж.;СТРАХ; 34.4. Эмоциональное воздействие.;neg;
9629;Шугнуть; сов., разг.-сниж, ;СТРАХ; 34.4. Эмоциональное воздействие.;neg;
9634;Шуры-муры; разг. ;ЛЮБОВЬ; 18.2. Эмоциональное отношение.;pos;
9638;Шутка ;0;РАДОСТЬ; 30.5. Внешнее выражение эмоций.;pos;
9639;Шуткарь; разг. ;РАДОСТЬ; 30.8. Человек как средоточие и носитель эмоций.;pos;
9640;Шутливость ;0;РАДОСТЬ; 30.7. Эмоциональное качество.;pos;
9641;Шутливый ;0;РАДОСТЬ; 30.6. Эмоциональная характеризация.;pos;
9642;Шутник ;0;РАДОСТЬ; 30.8. Человек как средоточие и носитель эмоций.;pos;
9644;Шуточка ;0;РАДОСТЬ; 30.6. Эмоциональная характеризация.;pos;
9645;Шуточный ;0;РАДОСТЬ; 30.6. Эмоциональная характеризация.;pos;
9646;Щедрость ;0;ДОБРОТА; 11.7. Эмоциональное качество.;pos;
9647;Щедрота ;0;ДОБРОТА; 11.7. Эмоциональное качество.;pos;
9648;Щедрый ;0;ДОБРОТА; 11.5. Внешнее выражение эмоций.;pos;
9649;Щедрый ;0;ДОБРОТА; 11.6. Эмоциональная характеризация.;pos;
9660;Щепетильность; разг. ;ДОБРОТА; 11.7. Эмоциональное качество.;pos;
9661;Щепетильный ;0;ДОБРОТА; 11.6. Эмоциональная характеризация.;pos;
9662;Эгоизм ;0;ЛЮБОВЬ; 18.7. Эмоциональное качество.;neg;
9663;Эгоизм ;0;ЛЮБОВЬ; 18.8. Человек как средоточие и носитель эмоций.;pos;
9664;Эгоистический ;0;ЛЮБОВЬ; 18.6. Эмоциональная характеризация.;pos;
9665;Эгоистичный ;0;ЛЮБОВЬ; 18.6. Эмоциональная характеризация.;pos;
9666;Эгоцентрический; книжн. ;ЛЮБОВЬ; 18.6. Эмоциональная характеризация.;pos;
9667;Эйфория; книжн. ;СЧАСТЬЕ; 36.1. Эмоциональное состояние.;pos;
9668;Экзальтация; книжн. ;БЕСПОКОЙСТВО; 1.1. Эмоциональное состояние.;neg;
9669;Экзальтация; книжн. ;ВДОХНОВЕНИЕ; 4.1. Эмоциональное состояние.;pos;
9682;Экспансивно ;0;ЧУВСТВО; 39.5. Внешнее выражение эмоций.;pos;
9683;Экспансивность ;0;ЧУВСТВО; 39.7. Эмоциональное качество.;pos;
9684;Экспансивный ;0;ЧУВСТВО; 39.6. Эмоциональная характеризация.;pos;
9685;Экстаз; книжн. ;ВДОХНОВЕНИЕ; 4.1. Эмоциональное состояние.;pos;
9686;Экстазный; книжн. ;ВДОХНОВЕНИЕ; 4.1. Эмоциональное состояние.;pos;
9687;Экстазный; книжн. ;ВДОХНОВЕНИЕ; 4.5. Внешнее выражение эмоций.;pos;
9688;Экстатический; книжн. ;ВДОХНОВЕНИЕ; 4.1. Эмоциональное состояние.;pos;
9689;Экстатический; книжн. ;ВДОХНОВЕНИЕ; 4.5. Внешнее выражение эмоций.;pos;
9690;Экстатический; книжн. ;ОДОБРЕНИЕ; 28.1. Эмоциональное состояние.;pos;
9691;Экстатический; книжн. ;ОДОБРЕНИЕ; 28.6. Эмоциональная характеризация.;pos;
9692;Экстатичный; книжн. ;ВДОХНОВЕНИЕ; 4.1. Эмоциональное состояние.;pos;
9693;Экстатичный; книжн. ;ВДОХНОВЕНИЕ; 4.5. Внешнее выражение эмоций.;pos;
9694;Экстравагантно ;0;УДИВЛЕНИЕ; 38.5. Внешнее выражение эмоций.;pos;
9695;Экстравагантность ;0;УДИВЛЕНИЕ; 38.7. Эмоциональное качество.;pos;
9696;Экстравагантный; книжн. ;УДИВЛЕНИЕ; 38.6. Эмоциональная характеризация.;pos;
9697;Экстраординарность ;0;УДИВЛЕНИЕ; 38.7. Эмоциональное качество.;pos;
9698;Экстраординарный; книжн. ;УДИВЛЕНИЕ; 38.6. Эмоциональная характеризация.;pos;
9699;Экстремальность ;0;УДИВЛЕНИЕ; 38.7. Эмоциональное качество.;pos;
9700;Экстремальный; книжн. ;УДИВЛЕНИЕ; 38.6. Эмоциональная характеризация.;pos;
9701;Эксцентрик; книжн. ;УДИВЛЕНИЕ; 38.8. Человек как средоточие и носитель эмоций.;pos;
9702;Эксцентрически ;0;УДИВЛЕНИЕ; 38.5. Внешнее выражение эмоций.;pos;
9703;Эксцентрический; книжн. ;УДИВЛЕНИЕ; 38.6. Эмоциональная характеризация.;pos;
9704;Эксцентричность ;0;УДИВЛЕНИЕ; 38.7. Эмоциональное качество.;pos;
9705;Эксцентричный; книжн. ;УДИВЛЕНИЕ; 38.6. Эмоциональная характеризация.;pos;
9706;Эксцентрично ;0;УДИВЛЕНИЕ; 38.5. Внешнее выражение эмоций.;pos;
9721;Энтузиазм ;0;ВДОХНОВЕНИЕ; 4.1. Эмоциональное состояние.;pos;
9722;Энтузиаст ;0;ВДОХНОВЕНИЕ; 4.8. Человек как средоточие и носитель эмоций.;pos;
9723;Энтузиастический; устар. ;ВДОХНОВЕНИЕ; 4.1. Эмоциональное состояние.;pos;
9724;Энтузиастический; устар. ;ВДОХНОВЕНИЕ; 4.6. Эмоциональная характеризация.;pos;
9725;Энтузиастичный ;0;ВДОХНОВЕНИЕ; 4.1. Эмоциональное состояние.;pos;
9726;Энтузиастичный ;0;ВДОХНОВЕНИЕ; 4.6. Эмоциональная характеризация.;pos;
9734;Эрос; книжн. ;ЛЮБОВЬ; 18.1. Эмоциональное состояние.;pos;
9749;Юдофоб ;0;НЕПРИЯЗНЬ; 25.8. Человек как средоточие и носитель эмоций.;neg;
9750;Юдофобия ;0;НЕПРИЯЗНЬ; 25.7. Эмоциональное качество.;neg;
9751;Юдофобский ;0;НЕПРИЯЗНЬ; 25.2. Эмоциональное отношение.;neg;
9752;Юдофобский ;0;НЕПРИЯЗНЬ; 25.6. Эмоциональная характеризация.;neg;
9753;Юдофобство ;0;НЕПРИЯЗНЬ; 25.2. Эмоциональное отношение.;neg;
9754;Юлить; разг.-сниж. ;НЕИСКРЕННОСТЬ; 24.5. Внешнее выражение эмоций.;neg;
9768;Язвительный; ;ОБИДА; 26.5. Внешнее выражение эмоций.;neg;
9769;Язвительный; ;ОБИДА; 26.6. Эмоциональная характеризация.;neg;
9770;Язвить; ;ОБИДА; 26.5. Внешнее выражение эмоций.;neg;
9771;Язвить; ;ГОРЕ; 9.4. Эмоциональное воздействие.;neg;
9772;Язвить; ;ГОРЕ; 9.5. Внешнее выражение эмоций.;neg;
9773;Якшаться; разг.-сниж., неодобр. ;ДРУЖБА; 12.2. Эмоциональное отношение.;neg;
9774;Ярить; разг. ;ЗЛОСТЬ; 16.4. Эмоциональное воздействие.;neg;
9775;Яриться; разг. ;ЗЛОСТЬ; 16.1. Эмоциональное состояние.;neg;
9777;Яростно ;0;ЗЛОСТЬ; 16.5. Внешнее выражение эмоций.;neg;
9778;Яростный ;0;ВРАЖДА; 7.6. Эмоциональная характеризация.;neg;
9779;Яростный ;0;ЗЛОСТЬ; 16.1. Эмоциональное состояние.;neg;
9780;Яростный ;0;ЗЛОСТЬ; 16.6. Эмоциональная характеризация.;neg;
9781;Ярость ;0;ЗЛОСТЬ; 16.1. Эмоциональное состояние.;neg;
9782;Ярость ;0;ЗЛОСТЬ; 16.7. Эмоциональное качество.;neg;
9783;Ярый ;0;ЗЛОСТЬ; 16.1. Эмоциональное состояние.;neg;
9785;Ярый; разг. ;ЗЛОСТЬ; 16.6. Эмоциональная характеризация.;neg;
9786;Ярый; устар. ;ВРАЖДА; 7.6. Эмоциональная характеризация.;neg;
9792;поберечься ;0;СТРАХ; 34.2. Эмоциональное отношение.;neg;
9794;взбесить; разг. ;ЗЛОСТЬ; 16.4. Эмоциональное воздействие.;neg;
9795;взбеситься ;0;ЗЛОСТЬ; 16.1. Эмоциональное состояние.;neg;
9797;взбеситься; разг. ;ЗЛОСТЬ; 16.3. Становление эмоционального состояния и отношения.;neg;
9798;обеспокоить ;0;БЕСПОКОЙСТВО; 1.4. Эмоциональное воздействие.;neg;
9799;побеспокоить ;0;БЕСПОКОЙСТВО; 1.4. Эмоциональное воздействие.;neg;
9800;обеспокоиться ;0;БЕСПОКОЙСТВО; 1.3. Становление эмоционального состояния и отношения.;neg;
9804;благословить; разг., шутл. ;ОДОБРЕНИЕ; 28.2. Эмоциональное отношение.;pos;
9806;обоготворить; книжн. ;ЛЮБОВЬ; 18.2. Эмоциональное отношение.;pos;
9807;обоготворить; книжн. ;ОДОБРЕНИЕ; 28.2. Эмоциональное отношение.;pos;
9808;оборзеть; разг.-сниж. ;БЕССТЫДСТВО; 3.3. Становление эмоционального состояния и отношения.;neg;
9809;побрезгать ;0;НЕПРИЯЗНЬ; 25.2. Эмоциональное отношение.;neg;
9810;побрезговать ;0;НЕПРИЯЗНЬ; 25.2. Эмоциональное отношение;neg;
9812;взбулгачить; разг.-сниж. ;БЕСПОКОЙСТВО; 1.4. Эмоциональное воздействие.;neg;
9813;заважничать ;0;ВЫСОКОМЕРИЕ; 8.5. Внешнее выражение эмоций.;neg;
9819;вдохновить ;0;ВДОХНОВЕНИЕ; 4.4. Эмоциональное воздействие.;pos;
9820;вдохновиться ;0;ВДОХНОВЕНИЕ; 4.3. Становление эмоционального состояния и отношения.;pos;
9823;поверить ;0;ВЕРА; 5.2. Эмоциональное отношение.;pos;
9824;повеселеть ;0;РАДОСТЬ; 30.3. Становление эмоционального со стояния и отношения.;pos;
9825;развеселить ;0;РАДОСТЬ; 30.4. Эмоциональное воздействие.;pos;
9826;повеселиться ;0;РАДОСТЬ; 30.1. Эмоциональное состояние.;pos;
9828;взбодрить; разг. ;РАДОСТЬ; 30.4. Эмоциональное воздействие.;pos;
9829;взбодриться ;0;РАДОСТЬ; 30.3. Становление эмоционального состояния и отношения.;pos;
9832;взбудоражить ;0;БЕСПОКОЙСТВО; 1.4. Эмоциональное воздействие.;neg;
9833;взбудоражиться ;0;БЕСПОКОЙСТВО; 1.3. Становление эмоционального состояния и отношения.;neg;
9834;взвеселиться; устар. ;РАДОСТЬ; 30.3. Становление эмоционального состояния и отношения.;pos;
9841;повиниться; разг.-сниж. ;ЖАЛОСТЬ; 13.1. Эмоциональное состояние.;neg;
9842;повиниться; разг. -сниж. ;СТЫД; 35.2. Эмоциональное отношение.;neg;
9843;повиниться; устар. ;ЖАЛОСТЬ; 13.2. Эмоциональное отношение.;neg;
9844;повиниться; устар. ;СТЫД; 35.5. Внешнее выражение эмоций.;neg;
9848;влюбить ;0;ЛЮБОВЬ; 18.4. Эмоциональное воздействие.;pos;
9849;влюбиться ;0;ЛЮБОВЬ; 18.2. Эмоциональное отношение.;pos;
9850;влюбиться ;0;ЛЮБОВЬ; 18.3. Становление эмоционального состояния и отношения.;pos;
9853;вовлечь ;0;ВЛЕЧЕНИЕ; 6.4. Эмоциональное воздействие.;pos;
9854;вовлечься ;0;ВЛЕЧЕНИЕ; 6.3. Становление эмоционального состояния и отношения.;pos;
9857;возбудиться ;0;БЕСПОКОЙСТВО; 1.3. Становление эмоционального состояния и отношения.;neg;
9858;возвеселить; устар. ;РАДОСТЬ; 30.4. Эмоциональное воздействие.;pos;
9859;возвеселиться; устар. ;РАДОСТЬ; 30.3. Становление эмоционального состояния и отношения.;pos;
9860;воздержаться ;0;СМИРЕНИЕ; 31.2. Эмоциональное отношение.;pos;
9861;возмутить ;0;ЗЛОСТЬ; 16.4. Эмоциональное воздействие.;neg;
9862;возмутить ;0;НЕДОВОЛЬСТВО; 23.4. Эмоциональное воздействие.;neg;
9863;возмутиться ;0;ЗЛОСТЬ; 16.5. Внешнее выражение эмоций.;neg;
9864;возмутиться ;0;НЕДОВОЛЬСТВО; 23.2. Эмоциональное отношение.;neg;
9865;возмутиться ;0;НЕДОВОЛЬСТВО; 23.3. Становление эмоционального состояния и отношения.;neg;
9870;взволновать ;0;БЕСПОКОЙСТВО; 1.4. Эмоциональное воздействие.;neg;
9871;взволноваться ;0;БЕСПОКОЙСТВО; 1.3. Становление эмоционального состояния и отношения.;neg;
9872;воодушевить ;0;ВДОХНОВЕНИЕ; 4.4. Эмоциональное воздействие.;pos;
9873;воодушевиться ;0;ВДОХНОВЕНИЕ; 4.3. Становление эмоционального состояния и отношения.;pos;
9880;восхитить ;0;ОДОБРЕНИЕ; 28.4. Эмоциональное воздействие.;pos;
9881;восхитить ;0;СЧАСТЬЕ; 36.4. Эмоциональное воздействие.;pos;
9882;восхититься ;0;ОДОБРЕНИЕ; 28.2. Эмоциональное отношение.;pos;
9883;восхититься ;0;СЧАСТЬЕ; 36.3. Становление эмоционального состояния и отношения.;pos;
9884;впечатлить ;0;УДИВЛЕНИЕ; 38.4. Эмоциональное воздействие.;pos;
9889;навредить и повредить ;0;ЗЛОСТЬ; 16.4. Эмоциональное воздействие.;neg;
9905;выместить ;0;ЗЛОСТЬ; 16.5. Внешнее выражение эмоций.;neg;
9906;выместить ;0;ЖЕСТОКОСТЬ; 15.2. Эмоциональное отношение.;neg;
9912;разгневаться ;0;НЕДОВОЛЬСТВО; 23.1. Эмоциональное состояние.;neg;
9913;разгневаться ;0;ЗЛОСТЬ; 16.1. Эмоциональное состояние.;neg;
9915;погнушаться ;0;НЕПРИЯЗНЬ; 25.2. Эмоциональное отношение.;neg;
9916;возгордиться ;0;ВЫСОКОМЕРИЕ; 8.1. Эмоциональное состояние.;neg;
9920;погрозить ;0;СТРАХ; 34.5. Внешнее выражение эмоций.;neg;
9921;погрозиться ;0;СТРАХ; 34.5. Внешнее выражение эмоций.;neg;
9922;сгубить ;0;ГОРЕ; 9.4. Эмоциональное воздействие.;neg;
9924;дерзнуть ;0;БЕССТРАШИЕ; 2.3. Становление эмоционального состояния и отношения.;pos;
9925;подивить; разг. ;УДИВЛЕНИЕ; 38.4. Эмоциональное воздействие.;pos;
9927;доверить ;0;ВЕРА; 5.2. Эмоциональное отношение.;pos;
9928;доверить ;0;ВЕРА; 5.5. Внешнее выражение эмоций.;pos;
9929;довериться ;0;ВЕРА; 5.2. Эмоциональное отношение.;pos;
9932;удовольствоваться ;0;СЧАСТЬЕ; 36.2. Эмоциональное отношение.;pos;
9933;удовольствоваться ;0;СЧАСТЬЕ; 36.3. Становление эмоционального состояния и отношения.;pos;
9936;донять; разг. ;ГРУСТЬ; 10.4. Эмоциональное воздействие.;neg;
9937;допечь; разг.-сниж. ;ГРУСТЬ; 10.4. Эмоциональное воздействие.;neg;
9938;досадить; разг. ;НЕДОВОЛЬСТВО; 23.4. Эмоциональное воздействие.;neg;
9941;взъерепениться; разг.-сниж. ;ЗЛОСТЬ; 16.5. Внешнее выражение эмоций.;neg;
9942;взъерепениться; разг.-сниж. ;НАСТОЙЧИВОСТЬ; 21.5. Внешнее выражение эмоций.;pos;
9943;пожалеть ;0;ЖАЛОСТЬ; 13.2. Эмоциональное отношение.;neg;
9944;пожалобиться ;0;ЖАЛОСТЬ; 13.5. Внешнее выражение эмоций.;neg;
9945;пожаловаться ;0;НЕДОВОЛЬСТВО; 23.5. Внешнее выражение эмоций.;neg;
9946;животвориться; устар. ;РАДОСТЬ; 30.3. Становление эмоционального состояния и отношения.;pos;
9947;позабавить ;0;РАДОСТЬ; 30.4. Эмоциональное воздействие.;pos;
9950;позаботиться ;0;БЕСПОКОЙСТВО; 1.2. Эмоциональное отношение.;neg;
9951;позаботиться ;0;ДОБРОТА; 11.2. Эмоциональное отношение.;pos;
9952;позаботиться ;0;ДОБРОТА; 11.5. Внешнее выражение эмоций.;pos;
9957;завлечь ;0;ВЛЕЧЕНИЕ; 6.4. Эмоциональное воздействие.;pos;
9958;завлечь ;0;ЛЮБОВЬ; 18.4. Эмоциональное воздействие.;pos;
9959;завлечься; разг. ;ВЛЕЧЕНИЕ; 6.3. Становление эмоционального состояния и отношения.;pos;
9965;загадить; разг. ;ЖЕСТОКОСТЬ; 15.5. Внешнее выражение эмоций.;neg;
9970;задобрить ;0;ДОБРОТА; 11.2. Эмоциональное отношение.;pos;
9971;задобрить ;0;ДОБРОТА; 11.4. Эмоциональное воздействие.;pos;
9977;зазнаться ;0;ВЫСОКОМЕРИЕ; 8.5. Внешнее выражение эмоций.;neg;
9978;зазвать; разг. ;ВЛЕЧЕНИЕ; 6.4. Эмоциональное воздействие.;pos;
9979;заинтересовать ;0;ЛЮБОПЫТСТВО; 19.4. Эмоциональное воздействие.;pos;
9980;заинтересоваться ;0;ЛЮБОПЫТСТВО; 19.2. Эмоциональное отношение.;pos;
9981;заинтриговать ;0;ЛЮБОПЫТСТВО; 19.4. Эмоциональное воздействие.;pos;
9993;замириться; разг. ;СМИРЕНИЕ; 31.3. Становление эмоционального состояния и отношения.;pos;
9994;замириться; устар. ;СПОКОЙСТВИЕ; 33.2. Эмоциональное отношение.;pos;
9995;замучиться ;0;ГОРЕ; 9.3. Становление эмоционального состояния и отношения.;neg;
9996;замкнуться ;0;ОДИНОЧЕСТВО; 27.3. Становление эмоционального состояния и отношения.;neg;
10004;заподозрить ;0;НЕВЕРИЕ; 22.2. Эмоциональное отношение.;neg;
10006;запугать ;0;СТРАХ; 34.4. Эмоциональное воздействие.;neg;
10008;позариться; разг.-сниж. ;ЖЕЛАНИЕ; 14.2. Эмоциональное отношение.;pos;
10009;позариться; разг.-сниж. ;НАДЕЖДА; 20.2. Эмоциональное отношение.;pos;
10010;засмотреться ;0;ОДОБРЕНИЕ; 28.2. Эмоциональное отношение.;pos;
10017;захвалить ;0;ОДОБРЕНИЕ; 28.5. Внешнее выражение эмоций.;pos;
10023;озвереть;  ;НЕДОВОЛЬСТВО; 23.3. Становление эмоционального состояния и отношения.;neg;
10024;озвереть; разг. ;ЗЛОСТЬ; 16.3. Становление эмоционального состояния и отношения.;neg;
10025;озвереть; сов., разг. ;ЖЕСТОКОСТЬ; 15.3. Становление эмоционального состояния и отношения.;neg;
10027;озлеть ;0;ЗЛОСТЬ; 16.3. Становление эмоционального состояния и отношения.;neg;
10028;озлеть ;0;НЕДОВОЛЬСТВО; 23.3. Становление эмоционального состояния и отношения.;neg;
10029;обозлить ;0;ЗЛОСТЬ; 16.4. Эмоциональное воздействие.;neg;
10030;обозлиться и разозлиться ;0;ЗЛОСТЬ; 16.3. Становление эмоционального состояния и отношения.;neg;
10031;озлиться ;0;ЗЛОСТЬ; 16.3. Становление эмоционального состояния и отношения.;neg;
10032;озлиться ;0;НЕДОВОЛЬСТВО; 23.3. Становление эмоционального состояния и отношения.;neg;
10033;озлобиться; разг.-сниж. ;ЗЛОСТЬ; 16.1. Эмоциональное состояние.;neg;
10036;извериться ;0;ВЕРА; 5.3. Становление эмоционального состояния и отношения.;pos;
10037;извинить ;0;ЖАЛОСТЬ; 13.2. Эмоциональное отношение.;neg;
10038;извиниться ;0;ЖАЛОСТЬ; 13.2. Эмоциональное отношение.;neg;
10039;извиниться ;0;СТЫД; 35.5. Внешнее выражение эмоций.;neg;
10041;известись; разг. ;ГОРЕ; 9.1. Эмоциональное состояние.;neg;
10042;известись; разг. ;ГОРЕ; 9.3. Становление эмоционального состояния и отношения.;neg;
10044;изжить ;0;ГОРЕ; 9.1. Эмоциональное состояние.;neg;
10046;измотаться; разг. ;ГОРЕ; 9.3. Становление эмоционального состояния и отношения.;neg;
10049;измучиться ;0;ГОРЕ; 9.3. Становление эмоционального состояния и отношения.;neg;
10050;измытарить ;0;ГОРЕ; 9.4. Эмоциональное воздействие.;neg;
10051;измытариться ;0;ГОРЕ; 9.3. Становление эмоционального состояния и отношения.;neg;
10052;изнежить ;0;ЛЮБОВЬ; 18.4. Эмоциональное воздействие.;pos;
10053;изнемочь ;0;ГОРЕ; 9.3. Становление эмоционального состояния и отношения.;neg;
10054;изнурить ;0;ГОРЕ; 9.4. Эмоциональное воздействие.;neg;
10055;изнуриться ;0;ГОРЕ; 9.3. Становление эмоционального состояния и отношения.;neg;
10056;изныть; разг.-сниж. ;ГРУСТЬ; 10.3. Становление эмоционального состояния и отношения.;neg;
10060;изумить ;0;УДИВЛЕНИЕ; 38.4. Эмоциональное воздействие.;pos;
10061;изумиться ;0;УДИВЛЕНИЕ; 38.1. Эмоциональное состояние.;pos;
10062;изумиться ;0;УДИВЛЕНИЕ; 38.2. Эмоциональное отношение.;pos;
10064;искусить ;0;ВЛЕЧЕНИЕ; 6.4. Эмоциональное воздействие.;pos;
10065;искуситься ;0;ВЛЕЧЕНИЕ; 6.1. Эмоциональное состояние.;pos;
10066;искуситься ;0;ВЛЕЧЕНИЕ; 6.2. Эмоциональное отношение.;pos;
10067;испоганить; разг.-сниж. ;ЖЕСТОКОСТЬ; 15.5. Внешнее выражение эмоций.;neg;
10070;истомить ;0;ГОРЕ; 9.4. Эмоциональное воздействие.;neg;
10071;истомиться ;0;ГОРЕ; 9.3. Становление эмоционального состояния и отношения.;neg;
10073;закадрить; разг. -сниж. ;ЛЮБОВЬ; 18.4. Эмоциональное воздействие.;pos;
10074;кайфануть; разг. ;СЧАСТЬЕ; 36.1. Эмоциональное состояние.;pos;
10075;покаяться ;0;ЖАЛОСТЬ; 13.2. Эмоциональное отношение.;neg;
10076;кейфануть; разг., шутл. ;СЧАСТЬЕ; 36.1. Эмоциональное состояние.;pos;
10077;кинуться ;0;ВРАЖДА; 7.5. Внешнее выражение эмоций.;neg;
10083;скомпрометировать ;0;СТЫД; 35.4. Эмоциональное воздействие.;neg;
10084;оконфузить ;0;СТЫД; 35.4. Эмоциональное воздействие.;neg;
10085;оконфузиться ;0;СТЫД; 35.3. Становление эмоционального состояния и отношения.;neg;
10092;скукситься; разг.-сниж. ;ГРУСТЬ; 10.3. Становление эмоционального состояния и отношения.;neg;
10098;польститься; устар. ;НАДЕЖДА; 20.2. Эмоциональное отношение.;pos;
10099;полюбопытствовать; разг. ;ЛЮБОПЫТСТВО; 19.2. Эмоциональное отношение.;pos;
10103;измаяться; разг. ;ГОРЕ; 9.1. Эмоциональное состояние.;neg;
10105;помиловать ;0;ДОБРОТА; 11.5. Внешнее выражение эмоций.;pos;
10106;помиловать ;0;ЖАЛОСТЬ; 13.2. Эмоциональное отношение.;neg;
10107;помирить ;0;СПОКОЙСТВИЕ; 33.4. Эмоциональное воздействие.;pos;
10108;помириться ;0;СПОКОЙСТВИЕ; 33.2. Эмоциональное отношение.;pos;
10109;примириться ;0;СМИРЕНИЕ; 31.2. Эмоциональное отношение.;pos;
10110;замордовать;разг.-сниж. ;ГОРЕ; 9.4. Эмоциональное воздействие.;neg;
10113;отомстить и отмстить ;0;ЖЕСТОКОСТЬ; 15.2. Эмоциональное отношение.;neg;
10117;замучить ;0;ГОРЕ; 9.4. Эмоциональное воздействие.;neg;
10118;измучить ;0;ГОРЕ; 9.4. Эмоциональное воздействие.;neg;
10119;измучиться ;0;ГОРЕ; 9.1. Эмоциональное состояние.;neg;
10120;измучиться ;0;ГОРЕ; 9.3. Становление эмоционального состояния и отношения.;neg;
10121;замытарить; разг.-сниж. ;ГОРЕ; 9.4. Эмоциональное воздействие.;neg;
10122;измытариться; разг.-сниж. ;ГОРЕ; 9.3. Становление эмоционального состояния и отношения.;neg;
10123;измытариться; разг.-сниж. ;ГОРЕ; 9.1. Эмоциональное состояние.;neg;
10129;обнаглеть ;0;БЕССТЫДСТВО; 3.3. Становление эмоционального состояния и отношения.;neg;
10130;наградить ;0;ОДОБРЕНИЕ; 28.5. Внешнее выражение эмоций.;pos;
10133;надоесть ;0;ГРУСТЬ; 10.3. Становление эмоционального состояния и отношения.;neg;
10134;надоесть ;0;ГРУСТЬ; 10.4. Эмоциональное воздействие.;neg;
10138;надуться; разг.-сниж. ;ВЫСОКОМЕРИЕ; 8.5. Внешнее выражение эмоций.;neg;
10145;накликать ;0;ГОРЕ; 9.4. Эмоциональное воздействие.;neg;
10152;напуститься; разг.-сниж. ;ВРАЖДА; 7.5. Внешнее выражение эмоций.;neg;
10155;наскучить ;0;ГРУСТЬ; 10.4. Эмоциональное воздействие.;neg;
10156;насладить ;0;СЧАСТЬЕ; 36.4. Эмоциональное воздействие.;pos;
10157;насладиться ;0;СЧАСТЬЕ; 36.2. Эмоциональное отношение.;pos;
10158;насторожить ;0;БЕСПОКОЙСТВО; 1.4. Эмоциональное воздействие.;neg;
10159;насторожиться ;0;БЕСПОКОЙСТВО; 1.3. Становление эмоционального состояния и отношения.;neg;
10160;настропалить; разг.-сниж. ;БЕСПОКОЙСТВО; 1.4. Эмоциональное воздействие.;neg;
10164;нахвалить ;0;ОДОБРЕНИЕ; 28.5. Внешнее выражение эмоций.;pos;
10165;нахмурить ;0;ДОБРОТА; 11.5. Внешнее выражение эмоций.;pos;
10166;нахмурить ;0;НЕДОВОЛЬСТВО; 23.5. Внешнее выражение эмоций.;neg;
10167;нахмуриться ;0;НЕДОВОЛЬСТВО; 23.5. Внешнее выражение эмоций.;neg;
10171;вознегодовать; книжн. ;ЗЛОСТЬ; 16.1. Эмоциональное состояние.;neg;
10172;недооценить ;0;НЕДОВОЛЬСТВО; 23.2. Эмоциональное отношение.;neg;
10173;понравиться ;0;ЛЮБОВЬ; 18.4. Эмоциональное воздействие.;pos;
10174;обалдеть; разг.-сниж. ;ВДОХНОВЕНИЕ; 4.3. Становление эмоционального состояния и отношения.;pos;
10175;обвинить ;0;НЕДОВОЛЬСТВО; 23.5. Внешнее выражение эмоций.;neg;
10176;обвинить ;0;НЕПРИЯЗНЬ; 25.5. Внешнее выражение эмоций.;neg;
10177;обворожить ;0;ОДОБРЕНИЕ; 28.4. Эмоциональное воздействие.;pos;
10178;обвыкнуть; разг. ;РАВНОДУШИЕ; 29.3. Становление эмоционального состояния и отношения.;neg;
10179;обвыкнуться; разг. ;РАВНОДУШИЕ; 29.3. Становление эмоционального состояния и отношения.;neg;
10181;оберечь ;0;ДОБРОТА; 11.4. Эмоциональное воздействие.;pos;
10182;оберечься ;0;ДОБРОТА; 11.1. Эмоциональное состояние.;pos;
10183;обескуражить ;0;СТЫД; 35.4. Эмоциональное воздействие.;neg;
10184;обеспокоить ;0;БЕСПОКОЙСТВО; 1.4. Эмоциональное воздействие.;neg;
10185;обеспокоиться ;0;БЕСПОКОЙСТВО; 1.2. Эмоциональное отношение.;neg;
10186;обеспокоиться ;0;БЕСПОКОЙСТВО; 1.3. Становление эмоционального состояния и отношения.;neg;
10187;обесславить ;0;СТЫД; 35.2. Эмоциональное отношение.;neg;
10188;обесславить ;0;СТЫД; 35.4. Эмоциональное воздействие.;neg;
10189;обесчестить ;0;СТЫД; 35.4. Эмоциональное воздействие.;neg;
10191;обозвать ;0;ОБИДА; 26.5. Внешнее выражение эмоций.;neg;
10192;обидеть ;0;ОБИДА; 26.4. Эмоциональное воздействие.;neg;
10193;обидеться ;0;ОБИДА; 26.3. Становление эмоционального состояния и отношения.;neg;
10194;обиходить ;0;ДОБРОТА; 11.4. Эмоциональное воздействие.;pos;
10195;облагородить ;0;ДОБРОТА; 11.4. Эмоциональное воздействие.;pos;
10196;облагородиться ;0;ДОБРОТА; 11.3. Становление эмоционального состояния и отношения.;pos;
10197;обладить; разг. -сниж. ;СПОКОЙСТВИЕ; 33.4. Эмоциональное воздействие.;pos;
10203;обличить ;0;НЕПРИЯЗНЬ; 25.5. Внешнее выражение эмоций.;neg;
10204;обмануть ;0;НЕВЕРИЕ; 22.2. Эмоциональное отношение.;neg;
10205;обмануться ;0;НАДЕЖДА; 20.2. Эмоциональное отношение.;pos;
10206;обмереть ;0;ГОРЕ; 9.5. Внешнее выражение эмоций.;neg;
10207;обнадежить ;0;НАДЕЖДА; 20.4. Эмоциональное воздействие.;pos;
10209;обнять ;0;ЛЮБОВЬ; 18.5. Внешнее выражение эмоций.;pos;
10210;обняться ;0;ЛЮБОВЬ; 18.5. Внешнее выражение эмоций.;pos;
10211;обоготворить ;0;ЛЮБОВЬ; 18.2. Эмоциональное отношение.;pos;
10212;обоготворить ;0;ОДОБРЕНИЕ; 28.2. Эмоциональное отношение.;pos;
10213;ободрить ;0;РАДОСТЬ; 30.4. Эмоциональное воздействие.;pos;
10214;ободриться ;0;РАДОСТЬ; 30.3. Становление эмоционального состояния и отношения.;pos;
10215;обожествить ;0;ОДОБРЕНИЕ; 28.2. Эмоциональное отношение.;pos;
10218;обольститься ;0;ВЛЕЧЕНИЕ; 6.3. Становление эмоционального состояния и отношения.;pos;
10219;обомлеть; разг. ;УДИВЛЕНИЕ; 38.3. Становление эмоционального состояния и отношения.;pos;
10220;обомлеть; разг. ;СТРАХ; 34.3. Становление эмоционального состояния и отношения.;neg;
10221;обомлеть; разг. ;СТРАХ; 34.5. Внешнее выражение эмоций.;neg;
10222;обособиться ;0;ОДИНОЧЕСТВО; 27.3. Становление эмоционального состояния и отношения.;neg;
10223;обособить ;0;ОДИНОЧЕСТВО; 27.4. Эмоциональное воздействие.;neg;
10224;обособиться ;0;ОДИНОЧЕСТВО; 27.3. Становление эмоционального состояния и отношения.;neg;
10226;обременить ;0;ГОРЕ; 9.4. Эмоциональное воздействие.;neg;
10231;обойтись; разг. ;СПОКОЙСТВИЕ; 33.3. Становление эмоционального состояния и отношения.;pos;
10238;огорошить; разг. ;УДИВЛЕНИЕ; 38.4. Эмоциональное воздействие.;pos;
10239;огорчить ;0;БЕСПОКОЙСТВО; 1.4. Эмоциональное воздействие.;neg;
10240;огорчить ;0;ГОРЕ; 9.4. Эмоциональное воздействие.;neg;
10241;огорчиться ;0;БЕСПОКОЙСТВО; 1.3. Становление эмоционального состояния и отношения.;neg;
10242;огорчиться ;0;ГОРЕ; 9.1. Эмоциональное состояние.;neg;
10244;одобрить ;0;ОДОБРЕНИЕ; 28.2. Эмоциональное отношение.;pos;
10245;одобрить ;0;ОДОБРЕНИЕ; 28.5. Внешнее выражение эмоций.;pos;
10246;одурачить ;0;РАДОСТЬ; 30.4. Эмоциональное воздействие.;neg;
10247;одухотворить ;0;ВДОХНОВЕНИЕ; 4.4. Эмоциональное воздействие.;pos;
10248;одушевить; устар. ;ВДОХНОВЕНИЕ; 4.4. Эмоциональное воздействие.;pos;
10249;одушевиться; устар. ;ВДОХНОВЕНИЕ; 4.3. Становление эмоционального состояния и отношения.;pos;
10250;ожесточить ;0;ЖЕСТОКОСТЬ; 15.4. Эмоциональное воздействие.;neg;
10251;ожесточить ;0;ЗЛОСТЬ; 16.4. Эмоциональное воздействие.;neg;
10252;ожесточиться ;0;ЖЕСТОКОСТЬ; 15.3. Становление эмоционального состояния и отношения.;neg;
10253;ожесточиться ;0;ЗЛОСТЬ; 16.3. Становление эмоционального состояния и отношения.;neg;
10257;оживотворить; устар. ;РАДОСТЬ; 30.4. Эмоциональное воздействие.;pos;
10258;озаботить ;0;БЕСПОКОЙСТВО; 1.4. Эмоциональное воздействие.;neg;
10259;озаботить ;0;ДОБРОТА; 11.4. Эмоциональное воздействие.;pos;
10260;озаботиться ;0;БЕСПОКОЙСТВО; 1.2. Эмоциональное отношение.;neg;
10261;озаботиться ;0;ДОБРОТА; 11.3. Становление эмоционального состояния и отношения.;pos;
10262;озадачить ;0;УДИВЛЕНИЕ; 38.4. Эмоциональное воздействие.;pos;
10263;озадачиться ;0;УДИВЛЕНИЕ; 38.3. Становление эмоционального состояния и отношения.;pos;
10266;озлобить ;0;ЖЕСТОКОСТЬ; 15.4. Эмоциональное воздействие.;neg;
10267;озлобить ;0;ЗЛОСТЬ; 16.4. Эмоциональное воздействие.;neg;
10268;озлобиться ;0;ЖЕСТОКОСТЬ; 15.3. Становление эмоционального состояния и отношения.;neg;
10269;озлобиться ;0;ЗЛОСТЬ; 16.3. Становление эмоционального состояния и отношения.;neg;
10285;опечалить ;0;ГРУСТЬ; 10.4. Эмоциональное воздействие.;neg;
10286;оплакать ;0;ГОРЕ; 9.5. Внешнее выражение эмоций.;neg;
10291;ополчиться; разг. ;ВРАЖДА; 7.5. Внешнее выражение эмоций.;neg;
10292;опорочить ;0;НЕПРИЯЗНЬ; 25.5. Внешнее выражение эмоций.;neg;
10293;опорочить ;0;СТЫД; 35.4. Эмоциональное воздействие.;neg;
10302;осквернить ;0;ЖЕСТОКОСТЬ; 15.5. Внешнее выражение эмоций.;neg;
10303;осквернить ;0;ОБИДА; 26.2. Эмоциональное отношение.;neg;
10304;оскверниться ;0;ЖЕСТОКОСТЬ; 15.3. Становление эмоционального состояния и отношения.;neg;
10305;осклабиться ;0;РАДОСТЬ; 30.5. Внешнее выражение эмоций.;pos;
10306;оскорбить ;0;ОБИДА; 26.2. Эмоциональное отношение.;neg;
10307;оскорбиться ;0;ОБИДА; 26.3. Становление эмоционального состояния и отношения.;neg;
10308;ославить; разг. ;СТЫД; 35.4. Эмоциональное воздействие.;neg;
10310;осмеять ;0;РАДОСТЬ; 30.4. Эмоциональное воздействие.;pos;
10311;осмелиться ;0;БЕССТРАШИЕ; 2.3. Становление эмоционального состояния и отношения.;pos;
10312;остервенить; разг. ;ЗЛОСТЬ; 16.4. Эмоциональное воздействие.;neg;
10313;остервениться; разг. ;ЗЛОСТЬ; 16.3. Становление эмоционального состояния и отношения.;neg;
10316;осудить ;0;НЕДОВОЛЬСТВО; 23.5. Внешнее выражение эмоций.;neg;
10317;осудить ;0;НЕПРИЯЗНЬ; 25.2. Эмоциональное отношение.;neg;
10319;отвадить; разг. ;ОДИНОЧЕСТВО; 27.4. Эмоциональное воздействие.;neg;
10320;отважиться ;0;БЕССТРАШИЕ; 2.3. Становление эмоционального состояния и отношения.;pos;
10322;отвергнуть ;0;НЕПРИЯЗНЬ; 25.2. Эмоциональное отношение.;neg;
10323;отвергнуть ;0;ОДИНОЧЕСТВО; 27.4. Эмоциональное воздействие.;neg;
10350;откреститься; разг. ;ОДИНОЧЕСТВО; 27.3. Становление эмоционального состояния и отношения.;neg;
10353;отлучить; устар. ;ОДИНОЧЕСТВО; 27.4. Эмоциональное воздействие.;neg;
10364;отомстить ;0;ОБИДА; 26.2. Эмоциональное отношение.;neg;
10377;отступиться ;0;ОДИНОЧЕСТВО; 27.3. Становление эмоционального состояния и отношения.;neg;
10397;охаять; разг.-сниж. ;НЕПРИЯЗНЬ; 25.5. Внешнее выражение эмоций.;neg;
10401;охмурить ;0;ВЛЕЧЕНИЕ; 6.4. Эмоциональное воздействие.;pos;
10402;очаровать ;0;ЛЮБОВЬ; 18.4. Эмоциональное воздействие.;pos;
10403;очаровать ;0;ОДОБРЕНИЕ; 28.4. Эмоциональное воздействие.;pos;
10404;очароваться ;0;ЛЮБОВЬ; 18.3. Становление эмоционального состояния и отношения.;pos;
10405;очароваться ;0;ОДОБРЕНИЕ; 28.3. Становление эмоционального состояния и отношения.;pos;
10407;очерствить ;0;ЖЕСТОКОСТЬ; 15.4. Эмоциональное воздействие.;neg;
10408;очерствить ;0;РАВНОДУШИЕ; 29.4. Эмоциональное воздействие.;neg;
10410;ошеломить ;0;БЕСПОКОЙСТВО; 1.4. Эмоциональное воздействие.;pos;
10411;ошеломить ;0;УДИВЛЕНИЕ; 38.4. Эмоциональное воздействие.;pos;
10416;перебраниться ;0;НЕПРИЯЗНЬ; 25.5. Внешнее выражение эмоций.;neg;
10426;перемочь; разг. ;СМИРЕНИЕ; 31.2. Эмоциональное отношение.;pos;
10430;пересмеять ;0;РАДОСТЬ; 30.4. Эмоциональное воздействие.;pos;
10432;переутомить; устар. ;ГОРЕ; 9.4. Эмоциональное воздействие.;neg;
10433;перехвалить ;0;ОДОБРЕНИЕ; 28.5. Внешнее выражение эмоций.;pos;
10436;опечалить ;0;ГОРЕ; 9.4. Эмоциональное воздействие.;neg;
10437;опечалить ;0;ГРУСТЬ; 10.4. Эмоциональное воздействие.;neg;
10438;опечалиться ;0;ГОРЕ; 9.1. Эмоциональное состояние.;neg;
10439;опечалиться ;0;ГРУСТЬ; 10.1. Эмоциональное состояние.;neg;
10440;опечалиться ;0;ГРУСТЬ; 10.1. Эмоциональное состояние.;neg;
10441;опечалиться ;0;ГРУСТЬ; 10.3. Становление эмоционального состояния и отношения;neg;
10448;побояться ;0;СТРАХ; 34.2. Эмоциональное отношение.;neg;
10456;подбодрить ;0;РАДОСТЬ; 30.4. Эмоциональное воздействие.;pos;
10458;подбодрить ;0;РАДОСТЬ; 30.4. Эмоциональное воздействие.;pos;
10462;подговорить ;0;БЕСПОКОЙСТВО; 1.4. Эмоциональное воздействие.;neg;
10465;подзадорить; устар. ;РАДОСТЬ; 30.4. Эмоциональное воздействие.;pos;
10466;подзудить; разг. -сниж. ;БЕСПОКОЙСТВО; 1.4. Эмоциональное воздействие.;neg;
10467;подзудить; разг. -сниж. ;РАДОСТЬ; 30.4. Эмоциональное воздействие.;pos;
10474;подлизаться; разг. ;НЕИСКРЕННОСТЬ; 24.2. Эмоциональное отношение.;neg;
10482;подольститься ;0;НЕИСКРЕННОСТЬ; 24.2. Эмоциональное отношение.;neg;
10487;подслужиться ;0;НЕИСКРЕННОСТЬ; 24.2. Эмоциональное отношение.;neg;
10488;подсмеяться ;0;РАДОСТЬ; 30.5. Внешнее выражение эмоций.;pos;
10490;подстрекнуть ;0;БЕСПОКОЙСТВО; 1.4. Эмоциональное воздействие.;neg;
10495;подтрунить ;0;РАДОСТЬ; 30.5. Внешнее выражение эмоций.;pos;
10496;подуськать; разг. -сниж. ;БЕСПОКОЙСТВО; 1.4. Эмоциональное воздействие.;neg;
10497;подучить; разг.-сниж. ;БЕСПОКОЙСТВО; 1.4. Эмоциональное воздействие.;neg;
10499;подхвалить ;0;ОДОБРЕНИЕ; 28.5. Внешнее выражение эмоций.;pos;
10502;подшутить ;0;РАДОСТЬ; 30.5. Внешнее выражение эмоций.;pos;
10506;опозорить ;0;СТЫД; 35.4. Эмоциональное воздействие.;neg;
10507;опозориться; разг. ;СТЫД; 35.3. Становление эмоционального состояния и отношения.;neg;
10518;помрачить; устар. ;ГРУСТЬ; 10.4. Эмоциональное воздействие.;neg;
10519;помрачиться; устар. ;ГРУСТЬ; 10.3. Становление эмоционального состояния и отношения.;neg;
10522;поостеречься ;0;СТРАХ; 34.2. Эмоциональное отношение.;neg;
10523;поощрить ;0;ДОБРОТА; 11.4. Эмоциональное воздействие.;pos;
10524;поощрить ;0;РАДОСТЬ; 30.4. Эмоциональное воздействие.;pos;
10527;попрекнуть ;0;НЕПРИЯЗНЬ; 25.5. Внешнее выражение эмоций.;neg;
10529;поразиться ;0;УДИВЛЕНИЕ; 38.2. Эмоциональное отношение.;pos;
10530;опорочить ;0;НЕПРИЯЗНЬ; 25.2. Эмоциональное отношение.;neg;
10531;опорочить ;0;СТЫД; 35.4. Эмоциональное воздействие.;neg;
10532;порскнуть; разг. ;РАДОСТЬ; 30.5. Внешнее выражение эмоций.;pos;
10533;поручйть ;0;ДОБРОТА; 11.4. Эмоциональное воздействие.;pos;
10537;потешить ;0;РАДОСТЬ; 30.4. Эмоциональное воздействие.;pos;
10539;потрафить; разг.-сниж. ;НЕИСКРЕННОСТЬ; 24.2. Эмоциональное отношение.;neg;
10543;похихикать ;0;РАДОСТЬ; 30.5. Внешнее выражение эмоций.;pos;
10544;похохотать ;0;РАДОСТЬ; 30.5. Внешнее выражение эмоций.;pos;
10545;пошутить ;0;РАДОСТЬ; 30.5. Внешнее выражение эмоций.;pos;
10546;превознести ;0;ОДОБРЕНИЕ; 28.5. Внешнее выражение эмоций.;pos;
10547;превознестись ;0;ВЫСОКОМЕРИЕ; 8.3. Становление эмоционального состояния и отношения.;neg;
10548;предать ;0;НЕВЕРИЕ; 22.2. Эмоциональное отношение.;neg;
10555;предугадать ;0;ЧУВСТВО; 39.2. Эмоциональное отношение.;pos;
10556;презреть; книжн. ;НЕПРИЯЗНЬ; 25.2. Эмоциональное отношение.;neg;
10561;прельстить ;0;ВЛЕЧЕНИЕ; 6.4. Эмоциональное воздействие.;pos;
10562;прельстить ;0;ЛЮБОВЬ; 18.4. Эмоциональное воздействие.;pos;
10563;прельстить ;0;ОДОБРЕНИЕ; 28.4. Эмоциональное воздействие.;pos;
10564;прельститься ;0;НАДЕЖДА; 20.2. Эмоциональное отношение.;pos;
10565;прельститься ;0;ОДОБРЕНИЕ; 28.3. Становление эмоционального состояния и отношения.;pos;
10566;пренебречь ;0;ВЫСОКОМЕРИЕ; 8.2. Эмоциональное отношение.;neg;
10567;пренебречь ;0;НЕПРИЯЗНЬ; 25.2. Эмоциональное отношение.;neg;
10570;претерпеть; высок. ;ГОРЕ; 9.1. Эмоциональное состояние.;neg;
10576;приволокнуться; устар. ;ЛЮБОВЬ; 18.2. Эмоциональное отношение.;pos;
10588;приголубить;  ;ЛЮБОВЬ; 18.5. Внешнее выражение эмоций.;pos;
10593;придраться ;0;НЕПРИЯЗНЬ; 25.5. Внешнее выражение эмоций.;neg;
10594;приесться; разг. ;ГРУСТЬ; 10.4. Эмоциональное воздействие.;neg;
10600;прикинуться; разг. ;НЕИСКРЕННОСТЬ; 24.5. Внешнее выражение эмоций.;neg;
10614;примирить ;0;ДРУЖБА; 12.4. Эмоциональное воздействие.;pos;
10615;примирить ;0;СПОКОЙСТВИЕ; 33.4. Эмоциональное воздействие.;pos;
10616;примириться ;0;СМИРЕНИЕ; 31.2. Эмоциональное отношение.;pos;
10617;примириться ;0;СМИРЕНИЕ; 31.3. Становление эмоционального состояния и отношения.;pos;
10618;примириться ;0;СПОКОЙСТВИЕ; 33.2. Эмоциональное отношение.;pos;
10619;принизить ;0;ОБИДА; 26.2. Эмоциональное отношение.;neg;
10620;принизить ;0;ОБИДА; 26.4. Эмоциональное воздействие.;neg;
10621;принизиться ;0;ОБИДА; 26.3. Становление эмоционального состояния и отношения.;neg;
10622;принизиться ;0;ОБИДА; 26.5. Внешнее выражение эмоций.;neg;
10623;принизиться ;0;СМИРЕНИЕ; 31.1. Эмоциональное состояние.;pos;
10627;приобвыкнуть ;0;РАВНОДУШИЕ; 29.3. Становление эмоционального состояния и отношения.;neg;
10628;приободрить ;0;РАДОСТЬ; 30.4. Эмоциональное воздействие.;pos;
10629;приободриться ;0;РАДОСТЬ; 30.3. Становление эмоционального состояния и отношения.;pos;
10630;приобвыкнуть; устар. ;РАВНОДУШИЕ; 29.3. Становление эмоционального состояния и отношения.;neg;
10631;приосаниться ;0;РАДОСТЬ; 30.5. Внешнее выражение эмоций.;pos;
10632;приохотить ;0;ЖЕЛАНИЕ; 14.4. Эмоциональное воздействие.;pos;
10633;приохотиться; ;ЖЕЛАНИЕ; 14.3. Становление эмоционального состояния и отношения.;pos;
10640;прискучить; разг. ;ГРУСТЬ; 10.4. Эмоциональное воздействие.;neg;
10644;пристращать ;0;СТРАХ; 34.4. Эмоциональное воздействие.;neg;
10645;приструнить; сов., разг. ;СМИРЕНИЕ; 31.4. Эмоциональное воздействие.;pos;
10646;пристыдить ;0;СТЫД; 35.4. Эмоциональное воздействие.;neg;
10650;притвориться ;0;НЕИСКРЕННОСТЬ; 24.5. Внешнее выражение эмоций.;neg;
10655;приуныть; разг. ;ГРУСТЬ; 10.3. Становление эмоционального состояния и отношения.;neg;
10660;прицыкнуть ;0;ЗЛОСТЬ; 16.5. Внешнее выражение эмоций.;neg;
10664;прищучить; разг.-сниж. ;СМИРЕНИЕ; 31.4. Эмоциональное воздействие.;pos;
10665;прищучить; разг.-сниж. ;СПОКОЙСТВИЕ; 33.4. Эмоциональное воздействие.;pos;
10677;проклясть ;0;ЗЛОСТЬ; 16.5. Внешнее выражение эмоций.;neg;
10678;проклясть ;0;НЕПРИЯЗНЬ; 25.5. Внешнее выражение эмоций.;neg;
10680;пронять; разг. ;ЧУВСТВО; 39.4. Эмоциональное воздействие.;pos;
10689;прославить ;0;ОДОБРЕНИЕ; 28.5. Внешнее выражение эмоций.;pos;
10690;просмеять ;0;РАДОСТЬ; 30.4. Эмоциональное воздействие.;pos;
10702;испугать ;0;СТРАХ; 34.4. Эмоциональное воздействие.;neg;
10703;испугаться ;0;СТРАХ; 34.2. Эмоциональное отношение.;neg;
10704;напугаться ;0;СТРАХ; 34.2. Эмоциональное отношение.;neg;
10705;испугаться ;0;СТРАХ; 34.3. Становление эмоционального состояния и отношения.;neg;
10714;порадеть ;0;ДОБРОТА; 11.5. Внешнее выражение эмоций.;pos;
10715;обрадовать ;0;РАДОСТЬ; 30.4. Эмоциональное воздействие.;pos;
10716;обрадовать ;0;СЧАСТЬЕ; 36.4. Эмоциональное воздействие.;pos;
10717;обрадоваться ;0;РАДОСТЬ; 30.1. Эмоциональное состояние.;pos;
10718;обрадоваться ;0;РАДОСТЬ; 30.3. Становление эмоционального состояния и отношения.;pos;
10720;разбранить ;0;НЕПРИЯЗНЬ; 25.5. Внешнее выражение эмоций.;neg;
10722;развлечь ;0;РАДОСТЬ; 30.4. Эмоциональное воздействие.;pos;
10723;развлечь ;0;СПОКОЙСТВИЕ; 33.4. Эмоциональное воздействие.;pos;
10724;развлечься ;0;СПОКОЙСТВИЕ; 33.3. Становление эмоционального состояния и отношения.;pos;
10732;раздобрить ;0;ДОБРОТА; 11.4. Эмоциональное воздействие.;pos;
10733;раздражить ;0;БЕСПОКОЙСТВО; 1.4. Эмоциональное воздействие.;neg;
10734;раздражить ;0;ЗЛОСТЬ; 16.4. Эмоциональное воздействие.;neg;
10735;раздражить ;0;НЕДОВОЛЬСТВО; 23.4. Эмоциональное воздействие.;neg;
10736;раздражиться ;0;БЕСПОКОЙСТВО; 1.3. Становление эмоционального состояния и отношения;neg;
10737;раздражиться ;0;ЗЛОСТЬ; 16.3. Становление эмоционального состояния и отношения.;neg;
10747;раззадориться; разг. ;РАДОСТЬ; 30.3. Становление эмоционального состояния и отношения.;pos;
10751;разлучить ;0;ОДИНОЧЕСТВО; 27.4. Эмоциональное воздействие.;neg;
10752;разлучиться ;0;ОДИНОЧЕСТВО; 27.3. Становление эмоционального состояния и отношения.;neg;
10753;разманить ;0;ЖЕЛАНИЕ; 14.4. Эмоциональное воздействие.;pos;
10764;разобидеть. разг. ;0;ОБИДА; 26.4. Эмоциональное воздействие.;neg;
10767;разочаровать ;0;НЕВЕРИЕ; 22.4. Эмоциональное воздействие.;neg;
10768;разочароваться ;0;НЕВЕРИЕ; 22.3. Становление эмоционального состояния и отношения.;neg;
10769;разочароваться ; 29. РАВНОДУШИЕ, 29.3. Становление эмоционального состояния и Разреветься ;ГОРЕ; 9.5. Внешнее выражение эмоций.;neg;
10776;разуверить ;0;НЕВЕРИЕ; 22.4. Эмоциональное воздействие.;neg;
10777;разувериться ;0;НЕВЕРИЕ; 22.3. Становление эмоционального состояния и отношения.;neg;
10780;разъярить ;0;ЗЛОСТЬ; 16.4. Эмоциональное воздействие.;neg;
10781;разъяриться ;0;ЗЛОСТЬ; 16.3. Становление эмоционального состояния и отношения.;neg;
10783;разыграть; разг. ;НЕИСКРЕННОСТЬ; 24.3. Становление эмоционального состояния и отношения.;neg;
10785;раскаяться ;0;ЖАЛОСТЬ; 13.2. Эмоциональное отношение.;neg;
10786;раскаяться ;0;ЖАЛОСТЬ; 13.5. Внешнее выражение эмоций.;neg;
10787;раскаяться ;0;СТЫД; 35.2. Эмоциональное отношение.;neg;
10797;раскритиковать ;0;НЕПРИЯЗНЬ; 25.5. Внешнее выражение эмоций.;neg;
10808;распечь ;0;НЕПРИЯЗНЬ; 25.5. Внешнее выражение эмоций.;neg;
10809;расплатиться; разг. ;ЖЕСТОКОСТЬ; 15.2. Эмоциональное отношение.;neg;
10816;распотешить; разг. ;РАДОСТЬ; 30.4. Эмоциональное воздействие.;pos;
10824;расстроить ;0;БЕСПОКОЙСТВО; 1.4. Эмоциональное воздействие.;neg;
10834;растлить ;0;БЕССТЫДСТВО; 3.4. Эмоциональное воздействие.;neg;
10835;растлиться ;0;БЕССТЫДСТВО; 3.3. Становление эмоциональною состояния и отношения.;neg;
10839;растревожить ;0;БЕСПОКОЙСТВО; 1.4. Эмоциональное воздействие.;neg;
10840;расхаять ;0;НЕПРИЯЗНЬ; 25.5. Внешнее выражение эмоций.;neg;
10841;расхвалить ;0;ОДОБРЕНИЕ; 28.5. Внешнее выражение эмоций.;pos;
10847;расцеловать ;0;ЛЮБОВЬ; 18.5. Внешнее выражение эмоций.;pos;
10848;расцеловаться ;0;ЛЮБОВЬ; 18.5. Внешнее выражение эмоций.;pos;
10849;расшаркаться; разг. ;УВАЖЕНИЕ; 37.5. Внешнее выражение эмоций.;pos;
10858;решиться ;0;БЕССТРАШИЕ; 2.3. Становление эмоционального со-;pos;
10859;рискнуть ;0;БЕССТРАШИЕ; 2.3. Становление эмоционального состояния и отношения.;pos;
10860;оробеть ;0;СТРАХ; 34.1. Эмоциональное состояние.;neg;
10861;оробеть ;0;СТРАХ; 34.3. Становление эмоционального состояния и отношения.;neg;
10862;оробеть ;0;СТЫД; 35.3. Становление эмоционального состояния и отношения.;neg;
10866;выругать ;0;НЕПРИЯЗНЬ; 25.5. Внешнее выражение эмоций.;neg;
10867;выругаться ;0;НЕПРИЯЗНЬ; 25.5. Внешнее выражение эмоций.;neg;
10868;осатанеть; разг. ;ЖЕСТОКОСТЬ; 15.3. Становление эмоционального состояния и отношения.;neg;
10869;осатанеть; разг. ;ЗЛОСТЬ; 16.3. Становление эмоционального состояния и отношения.;neg;
10882;освирепеть ;0;ЖЕСТОКОСТЬ; 15.3. Становление эмоционального состояния и отношения.;neg;
10883;освирепеть и рассвирепеть ;0;ЗЛОСТЬ; 16.3. Становление эмоционального состояния и отношения.;neg;
10897;сдавить ;0;ГОРЕ; 9.4. Эмоциональное воздействие.;neg;
10898;сдержаться ;0;СМИРЕНИЕ; 31.1. Эмоциональное состояние.;pos;
10899;сдержаться ;0;СПОКОЙСТВИЕ; 33.1. Эмоциональное состояние.;pos;
10900;сдружить ;0;ДРУЖБА; 12.4. Эмоциональное воздействие.;pos;
10901;сдружиться; разг.-сниж. ;ДРУЖБА; 12.3. Становление эмоционального состояния и отношения.;pos;
10902;рассердить ;0;ЗЛОСТЬ; 16.4. Эмоциональное воздействие.;neg;
10903;рассердиться ;0;ЗЛОСТЬ; 16.1. Эмоциональное состояние.;neg;
10904;рассердиться ;0;ЗЛОСТЬ; 16.3. Становление эмоционального состояния и отношения.;neg;
10905;осерчать и рассерчать ;0;ЗЛОСТЬ; 16.3. Становление эмоционального состояния и отношения.;neg;
10919;поскучнеть; разг. ;ГРУСТЬ; 10.3. Становление эмоционального состояния и отношения.;neg;
10920;прославить ;0;ОДОБРЕНИЕ; 28.5. Внешнее выражение эмоций.;pos;
10924;послушаться ;0;СМИРЕНИЕ; 31.2. Эмоциональное отношение.;pos;
10925;слюбиться; разг. ;ЛЮБОВЬ; 18.2. Эмоциональное отношение.;pos;
10926;смаяться; разг.-сниж. ;ГОРЕ; 9.3. Становление эмоционального состояния и отношения.;neg;
10929;осмелеть ;0;БЕССТРАШИЕ; 2.3. Становление эмоционального состояния и отношения.;pos;
10930;посметь ;0;БЕССТРАШИЕ; 2.3. Становление эмоционального состояния и отношения.;pos;
10932;посмирнеть ;0;СМИРЕНИЕ; 31.3. Становление эмоционального;pos;
10933;смирить ;0;СМИРЕНИЕ; 31.4. Эмоциональное воздействие.;pos;
10934;смирить ;0;СПОКОЙСТВИЕ; 33.4. Эмоциональное воздействие.;pos;
10935;смириться ;0;СМИРЕНИЕ; 31.3. Становление эмоционального состояния и отношения.;pos;
10936;смириться ;0;СПОКОЙСТВИЕ; 33.3. Становление эмоционального состояния и отношения.;pos;
10937;смириться ;0;СМИРЕНИЕ; 31.2. Эмоциональное отношение.;pos;
10938;смутить ;0;СТЫД; 35.4. Эмоциональное воздействие.;neg;
10939;смутить ;0;БЕСПОКОЙСТВО; 1.4. Эмоциональное воздействие.;neg;
10940;смутить ;0;НЕПРИЯЗНЬ; 25.4. Эмоциональное воздействие.;neg;
10941;смутиться ;0;БЕСПОКОЙСТВО; 1.3. Становление эмоционального;neg;
10942;смутиться ;0;СТЫД; 35.3. Становление эмоционального состояния и отношения.;neg;
10952;снюхаться; разг.-сниж. ;ДРУЖБА; 12.2. Эмоциональное отношение.;pos;
10953;снюхаться; разг.-сниж. ;ЛЮБОВЬ; 18.2. Эмоциональное отношение.;pos;
10954;соблаговолйть ;0;ДОБРОТА; 11.4. Эмоциональное воздействие.;pos;
10955;соблазнить ;0;ВЛЕЧЕНИЕ; 6.4. Эмоциональное воздействие.;pos;
10956;соблазнить ;0;ЖЕЛАНИЕ; 14.4. Эмоциональное воздействие.;pos;
10957;соблазниться ;0;ЖЕЛАНИЕ; 14.5. Внешнее выражение эмоций.;pos;
10958;соблазниться ;0;НАДЕЖДА; 20.2. Эмоциональное отношение.;pos;
10959;посовеститься; разг. ;СТЫД; 35.3. Становление эмоционального состояния и отношения.;neg;
10960;усовеститься; разг. ;СТЫД; 35.1. Эмоциональное состояние.;neg;
10961;усовеститься; разг. ;СТЫД; 35.2. Эмоциональное отношение.;neg;
10962;согласить; устар. ;СПОКОЙСТВИЕ; 33.4. Эмоциональное воздействие.;pos;
10967;соизволить ;0;ЖАЛОСТЬ; 13.5. Внешнее выражение эмоций.;neg;
10973;посомневаться ;0;СОМНЕНИЕ; 32.2. Эмоциональное отношение.;neg;
10981;посочувствовать ;0;ЖАЛОСТЬ; 13.2. Эмоциональное отношение.;neg;
10982;посочувствовать ;0;ЖАЛОСТЬ; 13.2. Эмоциональное отношение.;neg;
10989;спознаться; разг.-сниж. ;ГОРЕ; 9.1. Эмоциональное состояние.;neg;
10990;спознаться; разг.-сниж. ;ДРУЖБА; 12.2. Эмоциональное отношение.;pos;
10991;спознаться; разг.-сниж. ;ЛЮБОВЬ; 18.2. Эмоциональное отношение.;pos;
10992;спугнуть ;0;СТРАХ; 34.4. Эмоциональное воздействие.;neg;
10999;осрамить; разг. ;СТЫД; 35.4. Эмоциональное воздействие.;neg;
11000;осрамиться; разг. ;СТЫД; 35.3. Становление эмоционального;neg;
11003;сродниться ;0;ДРУЖБА; 12.3. Становление эмоционального состояния и отношения.;pos;
11005;поссорить ;0;НЕПРИЯЗНЬ; 25.4. Эмоциональное воздействие.;neg;
11006;поссориться ;0;НЕПРИЯЗНЬ; 25.5. Внешнее выражение эмоций.;neg;
11010;остервенеть; разг. ;ЖЕСТОКОСТЬ; 15.3. Становление эмоционального состояния и отношения.;neg;
11011;остервенеть; разг. ;ЗЛОСТЬ; 16.4. Эмоциональное воздействие.;neg;
11014;постесняться ;0;СТЫД; 35.1. Эмоциональное состояние.;neg;
11015;постесняться ;0;СТЫД; 35.2. Эмоциональное отношение.;neg;
11019;стравить; разг. ;ВРАЖДА; 7.4. Эмоциональное воздействие.;neg;
11020;стравиться; разг. ;ВРАЖДА; 7.2. Эмоциональное отношение.;neg;
11022;стушеваться ;0;СТЫД; 35.3. Становление эмоционального состояния и отношения.;neg;
11023;постыдиться ;0;СТЫД; 35.2. Эмоциональное отношение.;neg;
11033;истерзаться ;0;ГОРЕ; 9.1. Эмоциональное состояние.;neg;
11034;вытерпеть ;0;СМИРЕНИЕ; 31.2. Эмоциональное отношение.;pos;
11037;утешить; разг. ;РАДОСТЬ; 30.4. Эмоциональное воздействие.;pos;
11040;встревожить ;0;БЕСПОКОЙСТВО; 1.4. Эмоциональное воздействие.;neg;
11041;встревожить ;0;СТРАХ; 34.4. Эмоциональное воздействие.;neg;
11042;встревожиться ;0;БЕСПОКОЙСТВО; 1.2. Эмоциональное отношение.;neg;
11043;встревожиться ;0;БЕСПОКОЙСТВО; 1.3. Становление эмоционального состояния и отношения.;neg;
11053;убедить ;0;ВЕРА; 5.4. Эмоциональное воздействие.;pos;
11054;убедиться ;0;ВЕРА; 5.3. Становление эмоционального состояния и отношения.;pos;
11056;ублаготворить ;0;СЧАСТЬЕ; 36.4. Эмоциональное воздействие.;pos;
11057;ублаготвориться; устар. ;СЧАСТЬЕ; 36.3. Становление эмоционального состояния и отношения.;pos;
11058;ублажить; разг. ;НЕИСКРЕННОСТЬ; 24.2. Эмоциональное отношение.;neg;
11059;ублажить; разг. ;СЧАСТЬЕ; 36.4. Эмоциональное воздействие.;pos;
11060;ублажиться ;0;СЧАСТЬЕ; 36.3. Становление эмоционального состояния и отношения.;pos;
11061;уверить ;0;ВЕРА; 5.4. Эмоциональное воздействие.;pos;
11062;увериться ;0;ВЕРА; 5.3. Становление эмоционального состояния и отношения.;pos;
11063;увлечь ;0;ЛЮБОПЫТСТВО; 19.4. Эмоциональное воздействие.;pos;
11064;увлечь ;0;УДИВЛЕНИЕ; 38.4. Эмоциональное воздействие.;pos;
11066;увлечь; сов. ;УДИВЛЕНИЕ; 38.2. Эмоциональное отношение.;pos;
11067;увлечься ;0;ВЛЕЧЕНИЕ; 6.1. Эмоциональное состояние.;pos;
11068;увлечься ;0;ВЛЕЧЕНИЕ; 6.3. Становление эмоционального состояния и отношения.;pos;
11070;увлечься ;0;ЛЮБОПЫТСТВО; 19.3. Становление эмоционального состояния и отношения.;pos;
11071;угнести ;0;ГОРЕ; 9.4. Эмоциональное воздействие.;neg;
11072;уговорить ;0;СПОКОЙСТВИЕ; 33.4. Эмоциональное воздействие.;pos;
11076;угомонить; разг. ;СПОКОЙСТВИЕ; 33.4. Эмоциональное воздействие.;pos;
11077;угомониться; разг. ;СПОКОЙСТВИЕ; 33.3. Становление эмоционального состояния и отношения.;pos;
11083;удивить ;0;УДИВЛЕНИЕ; 38.4. Эмоциональное воздействие.;pos;
11084;удивиться ;0;УДИВЛЕНИЕ; 38.2. Эмоциональное отношение.;pos;
11085;удовлетворить; устар. ;СЧАСТЬЕ; 36.4. Эмоциональное воздействие.;pos;
11086;удовлетвориться ;0;СЧАСТЬЕ; 36.3. Становление эмоционального состояния и отношения.;pos;
11087;удружить; разг. ;ДРУЖБА; 12.4. Эмоциональное воздействие.;pos;
11088;удружить; разг. ;ДРУЖБА; 12.5. Внешнее выражение эмоций.;pos;
11089;удручить; перси. ;ГОРЕ; 9.4. Эмоциональное воздействие.;neg;
11091;удручиться ;0;ГОРЕ; 9.3. Становление эмоционального состояния и отношения.;neg;
11093;уединиться ;0;ОДИНОЧЕСТВО; 27.5. Внешнее выражение эмоций.;neg;
11094;ужаснуть ;0;СТРАХ; 34.4. Эмоциональное воздействие.;neg;
11095;ужаснуться ;0;СТРАХ; 34.3. Становление эмоционального состояния и отношения.;neg;
11096;ужаснуться ;0;СТРАХ; 34.4. Эмоциональное воздействие.;neg;
11097;ужаснуть; разг.-сниж. ;СТРАХ; 34.4. Эмоциональное воздействие.;neg;
11098;ужаснуться; разг.-сниж. ;СТРАХ; 34.3. Становление эмоционального состояния и отношения.;neg;
11101;укорить ;0;НЕДОВОЛЬСТВО; 23.5. Внешнее выражение эмоций.;neg;
11102;укорить ;0;ОБИДА; 26.5. Внешнее выражение эмоций.;neg;
11103;укрепить ;0;ВЕРА; 5.4. Эмоциональное воздействие.;pos;
11109;уладить ;0;СМИРЕНИЕ; 31.2. Эмоциональное отношение.;pos;
11110;уладить ;0;СПОКОЙСТВИЕ; 33.4. Эмоциональное воздействие.;pos;
11111;уладиться ;0;СПОКОЙСТВИЕ; 33.3. Становление эмоционального состояния и отношения.;pos;
11113;уластить; устар. ;ЛЮБОВЬ; 18.4. Эмоциональное воздействие.;pos;
11114;улестить; устар. ;ЛЮБОВЬ; 18.4. Эмоциональное воздействие.;pos;
11115;улыбнуться ;0;ВЛЕЧЕНИЕ; 6.4. Эмоциональное воздействие.;pos;
11116;улыбнуться ;0;РАДОСТЬ; 30.5. Внешнее выражение эмоций.;pos;
11117;умаять; разг.-сниж. ;ГОРЕ; 9.4. Эмоциональное воздействие.;neg;
11118;умаяться ;0;ГОРЕ; 9.3. Становление эмоционального состояния и отношения.;neg;
11126;умилостивить ;0;ДОБРОТА; 11.4. Эмоциональное воздействие.;pos;
11127;умилостивиться;0;ДОБРОТА; 11.3. Становление эмоционального состояния и отношения.;pos;
11128;умилить ;0;ЛЮБОВЬ; 18.4. Эмоциональное воздействие.;pos;
11129;умилить ;0;ОДОБРЕНИЕ; 28.4. Эмоциональное воздействие.;pos;
11130;умилить ;0;ЧУВСТВО; 39.4. Эмоциональное воздействие.;pos;
11131;умилиться ;0;ОДОБРЕНИЕ; 28.5. Внешнее выражение эмоций.;pos;
11133;умиротворить ;0;СПОКОЙСТВИЕ; 33.4. Эмоциональное воздействие.;pos;
11134;умиротвориться ;0;СПОКОЙСТВИЕ; 33.3. Становление эмоционального состояния и отношения.;pos;
11137;унизить ;0;ОБИДА; 26.4. Эмоциональное воздействие.;neg;
11138;унизиться ;0;ОБИДА; 26.3. Становление эмоционального состояния и отношения.;neg;
11148;упереться; разг. ;НАСТОЙЧИВОСТЬ; 21.3. Становление эмоционального состояния и отношения.;pos;
11150;упрекнуть ;0;НЕДОВОЛЬСТВО; 23.5. Внешнее выражение эмоций.;neg;
11151;упрекнуть ;0;НЕПРИЯЗНЬ; 25.5. Внешнее выражение эмоций.;neg;
11152;усладить ;0;РАДОСТЬ; 30.4. Эмоциональное воздействие.;pos;
11153;усладить ;0;СЧАСТЬЕ; 36.4. Эмоциональное воздействие.;pos;
11154;усладиться; устар. ;СЧАСТЬЕ; 36.3. Становление эмоционального состояния и отношения.;pos;
11155;усладиться; устар. ;СЧАСТЬЕ; 36.2. Эмоциональное отношение.;pos;
11156;усмехнуться ;0;РАДОСТЬ; 30.5. Внешнее выражение эмоций.;pos;
11157;усмирить ;0;СМИРЕНИЕ; 31.4. Эмоциональное воздействие.;pos;
11158;усмирить ;0;СПОКОЙСТВИЕ; 33.4. Эмоциональное воздействие.;pos;
11159;усмириться ;0;СМИРЕНИЕ; 31.3. Становление эмоциональною состояния и отношения.;pos;
11160;усовестить; разг. ;СТЫД; 35.4. Эмоциональное воздействие.;neg;
11161;усовеститься; разг. ;СТЫД; 35.3. Становление эмоционального состояния и отношения.;neg;
11162;успокоить ;0;СМИРЕНИЕ; 31.4. Эмоциональное воздействие.;pos;
11163;успокоить ;0;СПОКОЙСТВИЕ; 33.4. Эмоциональное воздействие.;pos;
11164;успокоиться ;0;СПОКОЙСТВИЕ; 33.3. Становление эмоционального состояния и отношения.;pos;
11165;устаканиться; разг.-сниж. ;СПОКОЙСТВИЕ; 33.3. Становление эмоционального состояния и отношения.;pos;
11166;устроить ;0;СПОКОЙСТВИЕ; 33.4. Эмоциональное воздействие.;pos;
11167;устроиться ;0;СПОКОЙСТВИЕ; 33.3. Становление эмоционального состояния и отношения.;pos;
11168;устрашить ;0;СТРАХ; 34.4. Эмоциональное воздействие.;neg;
11169;устрашиться ;0;СТРАХ; 34.3. Становление эмоционального состояния и отношения.;neg;
11170;устыдить ;0;СТЫД; 35.4. Эмоциональное воздействие.;neg;
11171;устыдиться; разг. ;СТЫД; 35.3. Становление эмоционального состояния и отношения.;neg;
11172;утешить ;0;ДОБРОТА; 11.4. Эмоциональное воздействие.;pos;
11173;утешить ;0;СПОКОЙСТВИЕ; 33.4. Эмоциональное воздействие.;pos;
11174;утешиться ;0;СПОКОЙСТВИЕ; 33.3. Становление эмоционального состояния и отношения.;pos;
11178;утихомириться; разг. ;СПОКОЙСТВИЕ; 33.3. Становление эмоционального состояния и отношения.;pos;
11182;утолиться ;0;СПОКОЙСТВИЕ; 33.3. Становление эмоциональною состояния и отношения.;pos;
11183;утомить ;0;ГРУСТЬ; 10.4. Эмоциональное воздействие.;neg;
11184;утомиться ;0;ГРУСТЬ; 10.3. Становление эмоционального состояния и отношения.;neg;
11189;ухмыльнуться ;0;ЗЛОСТЬ; 16.4. Эмоциональное воздействие.;neg;
11193;уязвить ;0;ОБИДА; 26.4. Эмоциональное воздействие.;neg;
11194;уязвить ;0;ОБИДА; 26.5. Внешнее выражение эмоций.;neg;
11195;пофартить; разг. ;СЧАСТЬЕ; 36.3. Становление эмоционального состояния и отношения.;pos;
11196;фыркнуть ;0;ЗЛОСТЬ; 16.5. Внешнее выражение эмоций.;neg;
11197;фыркнуть; разг. ;НЕПРИЯЗНЬ; 25.2. Эмоциональное отношение.;neg;
11198;охаметь; разг. ;БЕССТЫДСТВО; 3.3. Становление эмоционального состояния и отношения.;neg;
11199;похвалить ;0;ОДОБРЕНИЕ; 28.5. Внешнее выражение эмоций.;pos;
11200;похвалиться ;0;ОДОБРЕНИЕ; 28.5. Внешнее выражение эмоций.;pos;
11201;нахмуриться ;0;ГРУСТЬ; 10.3. Становление эмоционального состояния и отношения.;neg;
11205;нахохлиться; разг. ;ГРУСТЬ; 10.3. Становление эмоционального состояния и отношения.;neg;
11206;расхрабриться; разг. ;БЕССТРАШИЕ; 2.3. Становление эмоционального состояния и отношения.;pos;
11210;поцеловать ;0;ЛЮБОВЬ; 18.5. Внешнее выражение эмоций.;pos;
11211;поцеловаться ;0;ЛЮБОВЬ; 18.5. Внешнее выражение эмоций.;pos;
11218;отчихвостить; разг.-сниж. ;НЕПРИЯЗНЬ; 25.5. Внешнее выражение эмоций.;neg;
11220;ошельмовать; разг. ;СТЫД; 35.4. Эмоциональное воздействие.;neg;
11221;ошельмовать; разг. ;СТЫД; 35.5. Внешнее выражение эмоций.;neg;
11227;Ахать; разг. ;УДИВЛЕНИЕ; 38.3. Становление эмоционального состояния и отношения.;pos;
11232;Бесить; ;НЕДОВОЛЬСТВО; 23.4. Эмоциональное воздействие.;neg;
11233;Бесить; ;ЗЛОСТЬ; 16.4. Эмоциональное воздействие.;neg;
11234;Беситься;0;ЗЛОСТЬ; 16.1. Эмоциональное состояние.;neg;
11235;Беситься; ;НЕДОВОЛЬСТВО; 23.3. Становление эмоционального состояния и отношения.;neg;
11236;Беситься; разг. ;ЗЛОСТЬ; 16.3. Становление эмоционального состояния и отношения.;neg;
11237;Беспокоить;0;БЕСПОКОЙСТВО; 1.4. Эмоциональное воздействие.;neg;
11238;Беспокоить;0;БЕСПОКОЙСТВО; 1.4. Эмоциональное воздействие.;neg;
11239;Беспокоиться;0;БЕСПОКОЙСТВО; 1.3. Становление эмоционального состояния и отношения.;neg;
11240;Беспокоиться;0;БЕСПОКОЙСТВО; 1.2. Эмоциональное отношение.;neg;
11241;Беспокоиться;0;ДОБРОТА; 11.2. Эмоциональное отношение.;pos;
11243;Благословлять; разг., шутл. ;ОДОБРЕНИЕ; 28.2. Эмоциональное отношение.;pos;
11245;Боготворить; книжн. ;ЛЮБОВЬ; 18.2. Эмоциональное отношение.;pos;
11246;Боготворить; книжн. ;ОДОБРЕНИЕ; 28.2. Эмоциональное отношение.;pos;
11247;Борзеть; разг.-сниж. ;БЕССТЫДСТВО; 3.3. Становление эмоционального состояния и отношения.;neg;
11248;Брезгать;0;НЕПРИЯЗНЬ; 25.2. Эмоциональное отношение.;neg;
11249;Брезговать;0;НЕПРИЯЗНЬ; 25.2. Эмоциональное отношение;neg;
11251;Булгачить; разг.-сниж. ;БЕСПОКОЙСТВО; 1.4. Эмоциональное воздействие.;neg;
11252;Важничать;0;ВЫСОКОМЕРИЕ; 8.5. Внешнее выражение эмоций.;neg;
11258;Вдохновлять;0;ВДОХНОВЕНИЕ; 4.4. Эмоциональное воздействие.;pos;
11259;Вдохновляться;0;ВДОХНОВЕНИЕ; 4.3. Становление эмоционального состояния и отношения.;pos;
11262;Верить;0;ВЕРА; 5.2. Эмоциональное отношение.;pos;
11263;Веселеть;0;РАДОСТЬ; 30.3. Становление эмоционального со стояния и отношения.;pos;
11264;Веселить;0;РАДОСТЬ; 30.4. Эмоциональное воздействие.;pos;
11265;Веселиться;0;РАДОСТЬ; 30.1. Эмоциональное состояние.;pos;
11267;Взбадривать; разг. ;РАДОСТЬ; 30.4. Эмоциональное воздействие.;pos;
11268;Взбадриваться;0;РАДОСТЬ; 30.3. Становление эмоционального состояния и отношения.;pos;
11271;Взбудораживать;0;БЕСПОКОЙСТВО; 1.4. Эмоциональное воздействие.;neg;
11272;Взбудораживаться;0;БЕСПОКОЙСТВО; 1.3. Становление эмоционального состояния и отношения.;neg;
11273;Взвеселяться; устар. ;РАДОСТЬ; 30.3. Становление эмоционального состояния и отношения.;pos;
11280;Виниться; разг.-сниж. ;ЖАЛОСТЬ; 13.1. Эмоциональное состояние.;neg;
11281;Виниться; разг. -сниж. ;СТЫД; 35.2. Эмоциональное отношение.;neg;
11282;Виниться; устар. ;ЖАЛОСТЬ; 13.2. Эмоциональное отношение.;neg;
11283;Виниться; устар. ;СТЫД; 35.5. Внешнее выражение эмоций.;neg;
11287;Влюблять;0;ЛЮБОВЬ; 18.4. Эмоциональное воздействие.;pos;
11288;Влюбляться;0;ЛЮБОВЬ; 18.2. Эмоциональное отношение.;pos;
11289;Влюбляться;0;ЛЮБОВЬ; 18.3. Становление эмоционального состояния и отношения.;pos;
11296;Возбуждаться;0;БЕСПОКОЙСТВО; 1.3. Становление эмоционального состояния и отношения.;neg;
11297;Возвеселять; устар. ;РАДОСТЬ; 30.4. Эмоциональное воздействие.;pos;
11298;Возвеселяться; устар. ;РАДОСТЬ; 30.3. Становление эмоционального состояния и отношения.;pos;
11300;Возмущать;0;ЗЛОСТЬ; 16.4. Эмоциональное воздействие.;neg;
11301;Возмущать;0;НЕДОВОЛЬСТВО; 23.4. Эмоциональное воздействие.;neg;
11302;Возмущаться;0;ЗЛОСТЬ; 16.5. Внешнее выражение эмоций.;neg;
11303;Возмущаться;0;НЕДОВОЛЬСТВО; 23.2. Эмоциональное отношение.;neg;
11304;Возмущаться;0;НЕДОВОЛЬСТВО; 23.3. Становление эмоционального состояния и отношения.;neg;
11305;Возникать; разг. ;ЗЛОСТЬ; 16.5. Внешнее выражение эмоций.;neg;
11306;Возникать;разг.-с«иж. ;НЕДОВОЛЬСТВО; 23.2. Эмоциональное отношение.;neg;
11307;Возноситься;0;ВЫСОКОМЕРИЕ; 8.5. Внешнее выражение эмоций.;neg;
11309;Волновать;0;БЕСПОКОЙСТВО; 1.4. Эмоциональное воздействие.;neg;
11310;Волноваться;0;БЕСПОКОЙСТВО; 1.3. Становление эмоционального состояния и отношения.;neg;
11311;Воодушевлять;0;ВДОХНОВЕНИЕ; 4.4. Эмоциональное воздействие.;pos;
11312;Воодушевляться;0;ВДОХНОВЕНИЕ; 4.3. Становление эмоционального состояния и отношения.;pos;
11319;Восхищать;0;ОДОБРЕНИЕ; 28.4. Эмоциональное воздействие.;pos;
11320;Восхищать;0;СЧАСТЬЕ; 36.4. Эмоциональное воздействие.;pos;
11321;Восхищаться;0;ОДОБРЕНИЕ; 28.2. Эмоциональное отношение.;pos;
11322;Восхищаться;0;СЧАСТЬЕ; 36.3. Становление эмоционального состояния и отношения.;pos;
11323;Впечатлять;0;УДИВЛЕНИЕ; 38.4. Эмоциональное воздействие.;pos;
11328;Вредить;0;ЗЛОСТЬ; 16.4. Эмоциональное воздействие.;neg;
11335;Втравливать; разг.-сниж. ;ВЛЕЧЕНИЕ; 6.4. Эмоциональное воздействие.;pos;
11344;Вымещать;  . ;ЗЛОСТЬ; 16.5. Внешнее выражение эмоций.;neg;
11345;Вымещать; ;ЖЕСТОКОСТЬ; 15.2. Эмоциональное отношение.;neg;
11351;Гневаться;0;НЕДОВОЛЬСТВО; 23.1. Эмоциональное состояние.;neg;
11352;Гневаться;0;ЗЛОСТЬ; 16.1. Эмоциональное состояние.;neg;
11354;Гнушаться;0;НЕПРИЯЗНЬ; 25.2. Эмоциональное отношение.;neg;
11355;Гордиться;0;ВЫСОКОМЕРИЕ; 8.1. Эмоциональное состояние.;neg;
11359;Грозить;0;СТРАХ; 34.5. Внешнее выражение эмоций.;neg;
11360;Грозиться;0;СТРАХ; 34.5. Внешнее выражение эмоций.;neg;
11361;Губить;0;ГОРЕ; 9.4. Эмоциональное воздействие.;neg;
11363;Дерзать;0;БЕССТРАШИЕ; 2.3. Становление эмоционального состояния и отношения.;pos;
11364;Дивить; разг. ;УДИВЛЕНИЕ; 38.4. Эмоциональное воздействие.;pos;
11366;Доверять;0;ВЕРА; 5.2. Эмоциональное отношение.;pos;
11367;Доверять;0;ВЕРА; 5.5. Внешнее выражение эмоций.;pos;
11368;Доверяться;0;ВЕРА; 5.2. Эмоциональное отношение.;pos;
11371;Довольствоваться;0;СЧАСТЬЕ; 36.2. Эмоциональное отношение.;pos;
11372;Довольствоваться;0;СЧАСТЬЕ; 36.3. Становление эмоционального состояния и отношения.;pos;
11374;Домучиваться;0;ГОРЕ; 9.3. Становление эмоционального состояния и отношения.;neg;
11375;Донимать; разг. ;ГРУСТЬ; 10.4. Эмоциональное воздействие.;neg;
11377;Досаждать; разг. ;НЕДОВОЛЬСТВО; 23.4. Эмоциональное воздействие.;neg;
11382;Жалеть;0;ЖАЛОСТЬ; 13.2. Эмоциональное отношение.;neg;
11383;Жалобиться;0;ЖАЛОСТЬ; 13.5. Внешнее выражение эмоций.;neg;
11384;Жаловаться;0;НЕДОВОЛЬСТВО; 23.5. Внешнее выражение эмоций.;neg;
11385;Животворяться; устар. ;РАДОСТЬ; 30.3. Становление эмоционального состояния и отношения.;pos;
11386;Забавлять;0;РАДОСТЬ; 30.4. Эмоциональное воздействие.;pos;
11389;Заботиться;0;БЕСПОКОЙСТВО; 1.2. Эмоциональное отношение.;neg;
11390;Заботиться;0;ДОБРОТА; 11.2. Эмоциональное отношение.;pos;
11391;Заботиться;0;ДОБРОТА; 11.5. Внешнее выражение эмоций.;pos;
11396;Завлекать;0;ВЛЕЧЕНИЕ; 6.4. Эмоциональное воздействие.;pos;
11397;Завлекать;0;ЛЮБОВЬ; 18.4. Эмоциональное воздействие.;pos;
11398;Завлекаться; разг. ;ВЛЕЧЕНИЕ; 6.3. Становление эмоционального состояния и отношения.;pos;
11404;Загаживать; разг. ;ЖЕСТОКОСТЬ; 15.5. Внешнее выражение эмоций.;neg;
11406;Заглядываться;0;ОДОБРЕНИЕ; 28.2. Эмоциональное отношение.;pos;
11409;Задабривать;0;ДОБРОТА; 11.2. Эмоциональное отношение.;pos;
11410;Задабривать;0;ДОБРОТА; 11.4. Эмоциональное воздействие.;pos;
11416;Зазнаваться;0;ВЫСОКОМЕРИЕ; 8.5. Внешнее выражение эмоций.;neg;
11418;Заинтересовывать;0;ЛЮБОПЫТСТВО; 19.4. Эмоциональное воздействие.;pos;
11419;Заинтересовываться;0;ЛЮБОПЫТСТВО; 19.2. Эмоциональное отношение.;pos;
11420;Заинтриговывать;0;ЛЮБОПЫТСТВО; 19.4. Эмоциональное воздействие.;pos;
11432;Замиряться; разг. ;СМИРЕНИЕ; 31.3. Становление эмоционального состояния и отношения.;pos;
11433;Замиряться; устар. ;СПОКОЙСТВИЕ; 33.2. Эмоциональное отношение.;pos;
11434;Замучиваться;0;ГОРЕ; 9.3. Становление эмоционального состояния и отношения.;neg;
11435;Замыкаться;0;ОДИНОЧЕСТВО; 27.3. Становление эмоционального состояния и отношения.;neg;
11443;Заподазривать и Заподозривать;0;НЕВЕРИЕ; 22.2. Эмоциональное отношение.;neg;
11447;Зариться; разг.-сниж. ;ЖЕЛАНИЕ; 14.2. Эмоциональное отношение.;pos;
11448;Зариться; разг.-сниж. ;НАДЕЖДА; 20.2. Эмоциональное отношение.;pos;
11449;Засматриваться;0;ОДОБРЕНИЕ; 28.2. Эмоциональное отношение.;pos;
11450;Затихать;0;СПОКОЙСТВИЕ; 33.3. Становление эмоционального состояния и отношения.;pos;
11455;Затягиваться;0;ВЛЕЧЕНИЕ; 6.3. Становление эмоционального состояния и отношения.;pos;
11456;Захваливать;0;ОДОБРЕНИЕ; 28.5. Внешнее выражение эмоций.;pos;
11463;Звереть; разг. ;ЗЛОСТЬ; 16.3. Становление эмоционального состояния и отношения.;neg;
11464;Звереть; сов., разг. ;ЖЕСТОКОСТЬ; 15.3. Становление эмоционального состояния и отношения.;neg;
11466;Злеть;0;ЗЛОСТЬ; 16.3. Становление эмоционального состояния и отношения.;neg;
11467;Злеть;0;НЕДОВОЛЬСТВО; 23.3. Становление эмоционального состояния и отношения.;neg;
11468;Злить;0;ЗЛОСТЬ; 16.4. Эмоциональное воздействие.;neg;
11469;Злиться;0;ЗЛОСТЬ; 16.3. Становление эмоционального состояния и отношения.;neg;
11470;Злиться;0;ЗЛОСТЬ; 16.3. Становление эмоционального состояния и отношения.;neg;
11471;Злиться;0;НЕДОВОЛЬСТВО; 23.3. Становление эмоционального состояния и отношения.;neg;
11472;Злобиться; разг.-сниж. ;ЗЛОСТЬ; 16.1. Эмоциональное состояние.;neg;
11473;Избегать;0;ОДИНОЧЕСТВО; 27.5. Внешнее выражение эмоций.;neg;
11475;Извериваться;0;ВЕРА; 5.3. Становление эмоционального состояния и отношения.;pos;
11476;Извинять;0;ЖАЛОСТЬ; 13.2. Эмоциональное отношение.;neg;
11477;Извиняться;0;ЖАЛОСТЬ; 13.2. Эмоциональное отношение.;neg;
11478;Извиняться;0;СТЫД; 35.5. Внешнее выражение эмоций.;neg;
11483;Изживать;0;ГОРЕ; 9.1. Эмоциональное состояние.;neg;
11484;Изматывать; разг. ;ГОРЕ; 9.4. Эмоциональное воздействие.;neg;
11485;Изматываться; разг. ;ГОРЕ; 9.3. Становление эмоционального состояния и отношения.;neg;
11488;Измучиваться;0;ГОРЕ; 9.3. Становление эмоционального состояния и отношения.;neg;
11489;Измытаривать;0;ГОРЕ; 9.4. Эмоциональное воздействие.;neg;
11490;Измытариваться;0;ГОРЕ; 9.3. Становление эмоционального состояния и отношения.;neg;
11491;Изнеживать;0;ЛЮБОВЬ; 18.4. Эмоциональное воздействие.;pos;
11492;Изнемогать;0;ГОРЕ; 9.3. Становление эмоционального состояния и отношения.;neg;
11493;Изнурять;0;ГОРЕ; 9.4. Эмоциональное воздействие.;neg;
11494;Изнуряться;0;ГОРЕ; 9.3. Становление эмоционального состояния и отношения.;neg;
11495;Изнывать; разг.-сниж. ;ГРУСТЬ; 10.3. Становление эмоционального состояния и отношения.;neg;
11499;Изумлять;0;УДИВЛЕНИЕ; 38.4. Эмоциональное воздействие.;pos;
11500;Изумляться;0;УДИВЛЕНИЕ; 38.1. Эмоциональное состояние.;pos;
11501;Изумляться;0;УДИВЛЕНИЕ; 38.2. Эмоциональное отношение.;pos;
11503;Искушать;0;ВЛЕЧЕНИЕ; 6.4. Эмоциональное воздействие.;pos;
11504;Искушаться;0;ВЛЕЧЕНИЕ; 6.1. Эмоциональное состояние.;pos;
11505;Искушаться;0;ВЛЕЧЕНИЕ; 6.2. Эмоциональное отношение.;pos;
11506;Испоганивать; разг.-сниж. ;ЖЕСТОКОСТЬ; 15.5. Внешнее выражение эмоций.;neg;
11509;Истомлять;0;ГОРЕ; 9.4. Эмоциональное воздействие.;neg;
11510;Истомляться;0;ГОРЕ; 9.3. Становление эмоционального состояния и отношения.;neg;
11512;Кадрить; разг. -сниж. ;ЛЮБОВЬ; 18.4. Эмоциональное воздействие.;pos;
11513;Кайфовать; разг. ;СЧАСТЬЕ; 36.1. Эмоциональное состояние.;pos;
11514;Каяться;0;ЖАЛОСТЬ; 13.2. Эмоциональное отношение.;neg;
11515;Кейфовать; разг., шутл. ;СЧАСТЬЕ; 36.1. Эмоциональное состояние.;pos;
11522;Компрометировать;0;СТЫД; 35.4. Эмоциональное воздействие.;neg;
11523;Конфузить;0;СТЫД; 35.4. Эмоциональное воздействие.;neg;
11524;Конфузиться;0;СТЫД; 35.3. Становление эмоционального состояния и отношения.;neg;
11531;Кукситься; разг.-сниж. ;ГРУСТЬ; 10.3. Становление эмоционального состояния и отношения.;neg;
11537;Льститься; устар. ;НАДЕЖДА; 20.2. Эмоциональное отношение.;pos;
11538;Любопытствовать; разг. ;ЛЮБОПЫТСТВО; 19.2. Эмоциональное отношение.;pos;
11542;Маяться; разг. ;ГОРЕ; 9.1. Эмоциональное состояние.;neg;
11544;Миловать;0;ДОБРОТА; 11.5. Внешнее выражение эмоций.;pos;
11545;Миловать;0;ЖАЛОСТЬ; 13.2. Эмоциональное отношение.;neg;
11546;Мирить;0;СПОКОЙСТВИЕ; 33.4. Эмоциональное воздействие.;pos;
11547;Мириться;0;СПОКОЙСТВИЕ; 33.2. Эмоциональное отношение.;pos;
11548;Мириться;0;СМИРЕНИЕ; 31.2. Эмоциональное отношение.;pos;
11549;Мордовать;разг.-сниж. ;ГОРЕ; 9.4. Эмоциональное воздействие.;neg;
11552;Мстить;0;ЖЕСТОКОСТЬ; 15.2. Эмоциональное отношение.;neg;
11556;Мучить;0;ГОРЕ; 9.4. Эмоциональное воздействие.;neg;
11557;Мучить;0;ГОРЕ; 9.4. Эмоциональное воздействие.;neg;
11558;Мучиться;0;ГОРЕ; 9.1. Эмоциональное состояние.;neg;
11559;Мучиться;0;ГОРЕ; 9.3. Становление эмоционального состояния и отношения.;neg;
11560;Мытарить; разг.-сниж. ;ГОРЕ; 9.4. Эмоциональное воздействие.;neg;
11561;Мытариться; разг.-сниж. ;ГОРЕ; 9.3. Становление эмоционального состояния и отношения.;neg;
11562;Мытариться; разг.-сниж. ;ГОРЕ; 9.1. Эмоциональное состояние.;neg;
11567;Навыкать; разг.-сниж. ;РАВНОДУШИЕ; 29.3. Становление эмоционального состояния и отношения.;neg;
11568;Наглеть;0;БЕССТЫДСТВО; 3.3. Становление эмоционального состояния и отношения.;neg;
11569;Награждать;0;ОДОБРЕНИЕ; 28.5. Внешнее выражение эмоций.;pos;
11570;Надеяться;0;ВЕРА; 5.2. Эмоциональное отношение.;pos;
11571;Надеяться;0;НАДЕЖДА; 20.2. Эмоциональное отношение.;pos;
11572;Надоедать;0;ГРУСТЬ; 10.3. Становление эмоционального состояния и отношения.;neg;
11573;Надоедать;0;ГРУСТЬ; 10.4. Эмоциональное воздействие.;neg;
11591;Напускаться; разг.-сниж. ;ВРАЖДА; 7.5. Внешнее выражение эмоций.;neg;
11594;Наскучивать;0;ГРУСТЬ; 10.4. Эмоциональное воздействие.;neg;
11595;Наслаждать;0;СЧАСТЬЕ; 36.4. Эмоциональное воздействие.;pos;
11596;Наслаждаться;0;СЧАСТЬЕ; 36.2. Эмоциональное отношение.;pos;
11597;Настораживать;0;БЕСПОКОЙСТВО; 1.4. Эмоциональное воздействие.;neg;
11598;Настораживаться;0;БЕСПОКОЙСТВО; 1.3. Становление эмоционального состояния и отношения.;neg;
11599;Настропалять; разг.-сниж. ;БЕСПОКОЙСТВО; 1.4. Эмоциональное воздействие.;neg;
11603;Нахваливать;0;ОДОБРЕНИЕ; 28.5. Внешнее выражение эмоций.;pos;
11604;Нахмуривать;0;ДОБРОТА; 11.5. Внешнее выражение эмоций.;pos;
11605;Нахмуривать;0;НЕДОВОЛЬСТВО; 23.5. Внешнее выражение эмоций.;neg;
11606;Нахмуриваться;0;НЕДОВОЛЬСТВО; 23.5. Внешнее выражение эмоций.;neg;
11610;Негодовать; книжн. ;ЗЛОСТЬ; 16.1. Эмоциональное состояние.;neg;
11611;Недооценивать;0;НЕДОВОЛЬСТВО; 23.2. Эмоциональное отношение.;neg;
11612;Нравиться;0;ЛЮБОВЬ; 18.4. Эмоциональное воздействие.;pos;
11613;Обалдевать; разг.-сниж. ;ВДОХНОВЕНИЕ; 4.3. Становление эмоционального состояния и отношения.;pos;
11614;Обвинять;0;НЕДОВОЛЬСТВО; 23.5. Внешнее выражение эмоций.;neg;
11615;Обвинять;0;НЕПРИЯЗНЬ; 25.5. Внешнее выражение эмоций.;neg;
11616;Обвораживать;0;ОДОБРЕНИЕ; 28.4. Эмоциональное воздействие.;pos;
11617;Обвыкать; разг. ;РАВНОДУШИЕ; 29.3. Становление эмоционального состояния и отношения.;neg;
11618;Обвыкаться; разг. ;РАВНОДУШИЕ; 29.3. Становление эмоционального состояния и отношения.;neg;
11620;Оберегать;0;ДОБРОТА; 11.4. Эмоциональное воздействие.;pos;
11621;Оберегаться;0;ДОБРОТА; 11.1. Эмоциональное состояние.;pos;
11622;Обескураживать;0;СТЫД; 35.4. Эмоциональное воздействие.;neg;
11623;Обеспокоивать;0;БЕСПОКОЙСТВО; 1.4. Эмоциональное воздействие.;neg;
11624;Обеспокоиваться;0;БЕСПОКОЙСТВО; 1.2. Эмоциональное отношение.;neg;
11625;Обеспокоиваться;0;БЕСПОКОЙСТВО; 1.3. Становление эмоционального состояния и отношения.;neg;
11626;Обесславливать;0;СТЫД; 35.2. Эмоциональное отношение.;neg;
11627;Обесславливать;0;СТЫД; 35.4. Эмоциональное воздействие.;neg;
11628;Обесчещивать;0;СТЫД; 35.4. Эмоциональное воздействие.;neg;
11630;Обзывать;0;ОБИДА; 26.5. Внешнее выражение эмоций.;neg;
11631;Обижать;0;ОБИДА; 26.4. Эмоциональное воздействие.;neg;
11632;Обижаться;0;ОБИДА; 26.3. Становление эмоционального состояния и отношения.;neg;
11633;Обихаживать;0;ДОБРОТА; 11.4. Эмоциональное воздействие.;pos;
11634;Облагораживать;0;ДОБРОТА; 11.4. Эмоциональное воздействие.;pos;
11635;Облагораживаться;0;ДОБРОТА; 11.3. Становление эмоционального состояния и отношения.;pos;
11636;Облаживать; разг. -сниж. ;СПОКОЙСТВИЕ; 33.4. Эмоциональное воздействие.;pos;
11637;Облаивать;0;НЕПРИЯЗНЬ; 25.5. Внешнее выражение эмоций.;neg;
11642;Обличать;0;НЕПРИЯЗНЬ; 25.5. Внешнее выражение эмоций.;neg;
11643;Обманывать;0;НЕВЕРИЕ; 22.2. Эмоциональное отношение.;neg;
11644;Обманываться;0;НАДЕЖДА; 20.2. Эмоциональное отношение.;pos;
11645;Обмирать;0;ГОРЕ; 9.5. Внешнее выражение эмоций.;neg;
11646;Обнадеживать;0;НАДЕЖДА; 20.4. Эмоциональное воздействие.;pos;
11648;Обнимать;0;ЛЮБОВЬ; 18.5. Внешнее выражение эмоций.;pos;
11649;Обниматься;0;ЛЮБОВЬ; 18.5. Внешнее выражение эмоций.;pos;
11650;Обоготворять;0;ЛЮБОВЬ; 18.2. Эмоциональное отношение.;pos;
11651;Обоготворять;0;ОДОБРЕНИЕ; 28.2. Эмоциональное отношение.;pos;
11652;Ободрять;0;РАДОСТЬ; 30.4. Эмоциональное воздействие.;pos;
11653;Ободряться;0;РАДОСТЬ; 30.3. Становление эмоционального состояния и отношения.;pos;
11654;Обожествлять;0;ОДОБРЕНИЕ; 28.2. Эмоциональное отношение.;pos;
11655;Обольстить;0;ВЛЕЧЕНИЕ; 6.4. Эмоциональное воздействие.;pos;
11656;Обольщать;0;ЧУВСТВО; 39.4. Эмоциональное воздействие.;pos;
11657;Обольщаться;0;ВЛЕЧЕНИЕ; 6.3. Становление эмоционального состояния и отношения.;pos;
11658;Обомлевать; разг. ;УДИВЛЕНИЕ; 38.3. Становление эмоционального состояния и отношения.;pos;
11659;Обомлевать; разг. ;СТРАХ; 34.3. Становление эмоционального состояния и отношения.;neg;
11660;Обомлевать; разг. ;СТРАХ; 34.5. Внешнее выражение эмоций.;neg;
11665;Обременять;0;ГОРЕ; 9.4. Эмоциональное воздействие.;neg;
11670;Обходиться; разг. ;СПОКОЙСТВИЕ; 33.3. Становление эмоционального состояния и отношения.;pos;
11677;Огорошивать; разг. ;УДИВЛЕНИЕ; 38.4. Эмоциональное воздействие.;pos;
11678;Огорчать;0;БЕСПОКОЙСТВО; 1.4. Эмоциональное воздействие.;neg;
11679;Огорчать;0;ГОРЕ; 9.4. Эмоциональное воздействие.;neg;
11680;Огорчаться;0;БЕСПОКОЙСТВО; 1.3. Становление эмоционального состояния и отношения.;neg;
11681;Огорчаться;0;ГОРЕ; 9.1. Эмоциональное состояние.;neg;
11683;Одобрять;0;ОДОБРЕНИЕ; 28.2. Эмоциональное отношение.;pos;
11684;Одобрять;0;ОДОБРЕНИЕ; 28.5. Внешнее выражение эмоций.;pos;
11685;Одурачивать;0;РАДОСТЬ; 30.4. Эмоциональное воздействие.;pos;
11686;Одухотворять;0;ВДОХНОВЕНИЕ; 4.4. Эмоциональное воздействие.;pos;
11687;Одушевлять; устар. ;ВДОХНОВЕНИЕ; 4.4. Эмоциональное воздействие.;pos;
11688;Одушевляться; устар. ;ВДОХНОВЕНИЕ; 4.3. Становление эмоционального состояния и отношения.;pos;
11689;Ожесточать;0;ЖЕСТОКОСТЬ; 15.4. Эмоциональное воздействие.;neg;
11690;Ожесточать;0;ЗЛОСТЬ; 16.4. Эмоциональное воздействие.;neg;
11691;Ожесточаться;0;ЖЕСТОКОСТЬ; 15.3. Становление эмоционального состояния и отношения.;neg;
11692;Ожесточаться;0;ЗЛОСТЬ; 16.3. Становление эмоционального состояния и отношения.;neg;
11696;Оживотворять; устар. ;РАДОСТЬ; 30.4. Эмоциональное воздействие.;pos;
11697;Озабочивать;0;БЕСПОКОЙСТВО; 1.4. Эмоциональное воздействие.;neg;
11698;Озабочивать;0;ДОБРОТА; 11.4. Эмоциональное воздействие.;pos;
11699;Озабочиваться;0;БЕСПОКОЙСТВО; 1.2. Эмоциональное отношение.;neg;
11700;Озабочиваться;0;ДОБРОТА; 11.3. Становление эмоционального состояния и отношения.;pos;
11701;Озадачивать;0;УДИВЛЕНИЕ; 38.4. Эмоциональное воздействие.;pos;
11702;Озадачиваться;0;УДИВЛЕНИЕ; 38.3. Становление эмоционального состояния и отношения.;pos;
11705;Озлоблять;0;ЖЕСТОКОСТЬ; 15.4. Эмоциональное воздействие.;neg;
11706;Озлоблять;0;ЗЛОСТЬ; 16.4. Эмоциональное воздействие.;neg;
11707;Озлобляться;0;ЖЕСТОКОСТЬ; 15.3. Становление эмоционального состояния и отношения.;neg;
11708;Озлобляться;0;ЗЛОСТЬ; 16.3. Становление эмоционального состояния и отношения.;neg;
11714;Окорачивать; разг.-сниж. ;СМИРЕНИЕ; 31.4. Эмоциональное воздействие.;pos;
11715;Окорачивать; разг.-сниж. ;СПОКОЙСТВИЕ; 33.4. Эмоциональное воздействие.;pos;
11724;Опечаливать;0;ГРУСТЬ; 10.4. Эмоциональное воздействие.;neg;
11725;Оплакивать;0;ГОРЕ; 9.5. Внешнее выражение эмоций.;neg;
11729;Ополчаться; ;ВРАЖДА; 7.2. Эмоциональное отношение.;neg;
11730;Ополчаться; разг. ;ВРАЖДА; 7.5. Внешнее выражение эмоций.;neg;
11731;Опорочивать;0;НЕПРИЯЗНЬ; 25.5. Внешнее выражение эмоций.;neg;
11732;Опорочивать;0;СТЫД; 35.4. Эмоциональное воздействие.;neg;
11741;Осквернять;0;ЖЕСТОКОСТЬ; 15.5. Внешнее выражение эмоций.;neg;
11742;Осквернять;0;ОБИДА; 26.2. Эмоциональное отношение.;neg;
11743;Оскверняться;0;ЖЕСТОКОСТЬ; 15.3. Становление эмоционального состояния и отношения.;neg;
11744;Осклабляться;0;РАДОСТЬ; 30.5. Внешнее выражение эмоций.;pos;
11745;Оскорблять;0;ОБИДА; 26.2. Эмоциональное отношение.;neg;
11746;Оскорбляться;0;ОБИДА; 26.3. Становление эмоционального состояния и отношения.;neg;
11747;Ославлять; разг. ;СТЫД; 35.4. Эмоциональное воздействие.;neg;
11749;Осмеивать;0;РАДОСТЬ; 30.4. Эмоциональное воздействие.;pos;
11750;Осмеливаться;0;БЕССТРАШИЕ; 2.3. Становление эмоционального состояния и отношения.;pos;
11751;Остервенять; разг. ;ЗЛОСТЬ; 16.4. Эмоциональное воздействие.;neg;
11752;Остервеняться; разг. ;ЗЛОСТЬ; 16.3. Становление эмоционального состояния и отношения.;neg;
11755;Осуждать;0;НЕДОВОЛЬСТВО; 23.5. Внешнее выражение эмоций.;neg;
11756;Осуждать;0;НЕПРИЯЗНЬ; 25.2. Эмоциональное отношение.;neg;
11758;Отваживать; разг. ;ОДИНОЧЕСТВО; 27.4. Эмоциональное воздействие.;neg;
11759;Отваживаться;0;БЕССТРАШИЕ; 2.3. Становление эмоционального состояния и отношения.;pos;
11785;Отказываться;0;ОДИНОЧЕСТВО; 27.3. Становление эмоционального состояния и отношения.;neg;
11786;Откликаться;0;ДОБРОТА; 11.2. Эмоциональное отношение.;pos;
11787;Откликаться;0;ЖАЛОСТЬ; 13.2. Эмоциональное отношение.;neg;
11789;Открещиваться; разг. ;ОДИНОЧЕСТВО; 27.3. Становление эмоционального состояния и отношения.;neg;
11792;Отлучать; устар. ;ОДИНОЧЕСТВО; 27.4. Эмоциональное воздействие.;neg;
11803;Отомщать;0;ОБИДА; 26.2. Эмоциональное отношение.;neg;
11806;Отплачивать; устар. ;ЖЕСТОКОСТЬ; 15.2. Эмоциональное отношение.;neg;
11827;Отчаиваться;0;ГРУСТЬ; 10.3. Становление эмоционального состояния и отношения.;neg;
11828;Отчитывать;0;НЕПРИЯЗНЬ; 25.5. Внешнее выражение эмоций.;neg;
11834;Отягощать;0;ГОРЕ; 9.4. Эмоциональное воздействие.;neg;
11835;Отягчать;0;ГОРЕ; 9.4. Эмоциональное воздействие.;neg;
11836;Охаивать; разг.-сниж. ;НЕПРИЯЗНЬ; 25.5. Внешнее выражение эмоций.;neg;
11840;Охмурять;0;ВЛЕЧЕНИЕ; 6.4. Эмоциональное воздействие.;pos;
11841;Очаровывать;0;ЛЮБОВЬ; 18.4. Эмоциональное воздействие.;pos;
11842;Очаровывать;0;ОДОБРЕНИЕ; 28.4. Эмоциональное воздействие.;pos;
11843;Очаровываться;0;ЛЮБОВЬ; 18.3. Становление эмоционального состояния и отношения.;pos;
11844;Очаровываться;0;ОДОБРЕНИЕ; 28.3. Становление эмоционального состояния и отношения.;pos;
11846;Очерствлять;0;ЖЕСТОКОСТЬ; 15.4. Эмоциональное воздействие.;neg;
11847;Очерствлять;0;РАВНОДУШИЕ; 29.4. Эмоциональное воздействие.;neg;
11849;Ошеломлять;0;БЕСПОКОЙСТВО; 1.4. Эмоциональное воздействие.;neg;
11850;Ошеломлять;0;УДИВЛЕНИЕ; 38.4. Эмоциональное воздействие.;pos;
11851;Ощущать;0;ЧУВСТВО; 39.1. Эмоциональное состояние.;pos;
11855;Перебраниваться;0;НЕПРИЯЗНЬ; 25.5. Внешнее выражение эмоций.;neg;
11865;Перемогать; разг. ;СМИРЕНИЕ; 31.2. Эмоциональное отношение.;pos;
11869;Пересмеивать;0;РАДОСТЬ; 30.4. Эмоциональное воздействие.;pos;
11871;Переутомлять; устар. ;ГОРЕ; 9.4. Эмоциональное воздействие.;neg;
11872;Перехваливать;0;ОДОБРЕНИЕ; 28.5. Внешнее выражение эмоций.;pos;
11875;Печалить;0;ГОРЕ; 9.4. Эмоциональное воздействие.;neg;
11876;Печалить;0;ГРУСТЬ; 10.4. Эмоциональное воздействие.;neg;
11877;Печалиться;0;ГОРЕ; 9.1. Эмоциональное состояние.;neg;
11878;Печалиться;0;ГРУСТЬ; 10.1. Эмоциональное состояние.;neg;
11879;Печалиться;0;ГРУСТЬ; 10.1. Эмоциональное состояние.;neg;
11880;Печалиться;0;ГРУСТЬ; 10.3. Становление эмоционального состояния и отношения;neg;
11887;Побаиваться;0;СТРАХ; 34.2. Эмоциональное отношение.;neg;
11889;Побуждать;0;ЖЕЛАНИЕ; 14.4. Эмоциональное воздействие.;pos;
11890;Побуждать;0;НАДЕЖДА; 20.4. Эмоциональное воздействие.;pos;
11895;Подбадривать;0;РАДОСТЬ; 30.4. Эмоциональное воздействие.;pos;
11896;Подбивать; разг. ;БЕСПОКОЙСТВО; 1.4. Эмоциональное воздействие.;neg;
11897;Подбодрять;0;РАДОСТЬ; 30.4. Эмоциональное воздействие.;pos;
11901;Подговаривать;0;БЕСПОКОЙСТВО; 1.4. Эмоциональное воздействие.;neg;
11904;Подзадоривать; устар. ;РАДОСТЬ; 30.4. Эмоциональное воздействие.;pos;
11905;Подзуживать; разг. -сниж. ;БЕСПОКОЙСТВО; 1.4. Эмоциональное воздействие.;neg;
11906;Подзуживать; разг. -сниж. ;РАДОСТЬ; 30.4. Эмоциональное воздействие.;pos;
11913;Подлизываться; разг. ;НЕИСКРЕННОСТЬ; 24.2. Эмоциональное отношение.;neg;
11921;Подольщаться;0;НЕИСКРЕННОСТЬ; 24.2. Эмоциональное отношение.;neg;
11926;Подслуживаться;0;НЕИСКРЕННОСТЬ; 24.2. Эмоциональное отношение.;neg;
11927;Подсмеиваться;0;РАДОСТЬ; 30.5. Внешнее выражение эмоций.;pos;
11929;Подстрекать;0;БЕСПОКОЙСТВО; 1.4. Эмоциональное воздействие.;neg;
11934;Подтрунивать;0;РАДОСТЬ; 30.5. Внешнее выражение эмоций.;pos;
11935;Подуськивать; разг. -сниж. ;БЕСПОКОЙСТВО; 1.4. Эмоциональное воздействие.;neg;
11938;Подхваливать;0;ОДОБРЕНИЕ; 28.5. Внешнее выражение эмоций.;pos;
11939;Подчинять;0;СМИРЕНИЕ; 31.4. Эмоциональное воздействие.;pos;
11940;Подчиняться;0;СМИРЕНИЕ; 31.2. Эмоциональное отношение.;pos;
11941;Подшучивать;0;РАДОСТЬ; 30.5. Внешнее выражение эмоций.;pos;
11944;Познавать;0;ГОРЕ; 9.1. Эмоциональное состояние.;neg;
11945;Позорить;0;СТЫД; 35.4. Эмоциональное воздействие.;neg;
11946;Позориться; разг. ;СТЫД; 35.3. Становление эмоционального состояния и отношения.;neg;
11950;Покоряться;0;СМИРЕНИЕ; 31.2. Эмоциональное отношение.;pos;
11951;Покоряться;0;СМИРЕНИЕ; 31.3. Становление эмоционального состояния и отношения.;pos;
11953;Полагаться;0;ВЕРА; 5.2. Эмоциональное отношение.;pos;
11954;Полагаться;0;НАДЕЖДА; 20.2. Эмоциональное отношение.;pos;
11956;Полошиться; разг.-сниж. ;БЕСПОКОЙСТВО; 1.3. Становление эмоционального состояния и отношения.;neg;
11957;Помрачать; устар. ;ГРУСТЬ; 10.4. Эмоциональное воздействие.;neg;
11958;Помрачаться; устар. ;ГРУСТЬ; 10.3. Становление эмоционального состояния и отношения.;neg;
11961;Поостерегаться;0;СТРАХ; 34.2. Эмоциональное отношение.;neg;
11962;Поощрять;0;ДОБРОТА; 11.4. Эмоциональное воздействие.;pos;
11963;Поощрять;0;РАДОСТЬ; 30.4. Эмоциональное воздействие.;pos;
11966;Попрекать;0;НЕПРИЯЗНЬ; 25.5. Внешнее выражение эмоций.;neg;
11969;Порочить;0;НЕПРИЯЗНЬ; 25.2. Эмоциональное отношение.;neg;
11970;Порочить;0;СТЫД; 35.4. Эмоциональное воздействие.;neg;
11971;Порскать; разг. ;РАДОСТЬ; 30.5. Внешнее выражение эмоций.;pos;
11976;Потешать;0;РАДОСТЬ; 30.4. Эмоциональное воздействие.;pos;
11978;Потрафлять; разг.-сниж. ;НЕИСКРЕННОСТЬ; 24.2. Эмоциональное отношение.;neg;
11982;Похихикивать;0;РАДОСТЬ; 30.5. Внешнее выражение эмоций.;pos;
11983;Похохатывать;0;РАДОСТЬ; 30.5. Внешнее выражение эмоций.;pos;
11984;Пошучивать;0;РАДОСТЬ; 30.5. Внешнее выражение эмоций.;pos;
11985;Превозносить;0;ОДОБРЕНИЕ; 28.5. Внешнее выражение эмоций.;pos;
11986;Превозноситься;0;ВЫСОКОМЕРИЕ; 8.3. Становление эмоционального состояния и отношения.;neg;
11987;Предавать;0;НЕВЕРИЕ; 22.2. Эмоциональное отношение.;neg;
11988;Предостерегать;0;ДОБРОТА; 11.5. Внешнее выражение эмоций.;pos;
11989;Предощущать;0;ЧУВСТВО; 39.2. Эмоциональное отношение.;pos;
11993;Предубеждать;0;НЕПРИЯЗНЬ; 25.4. Эмоциональное воздействие.;neg;
11994;Предугадывать;0;ЧУВСТВО; 39.2. Эмоциональное отношение.;pos;
11995;Презирать; книжн. ;НЕПРИЯЗНЬ; 25.2. Эмоциональное отношение.;neg;
12000;Прельщать;0;ВЛЕЧЕНИЕ; 6.4. Эмоциональное воздействие.;pos;
12001;Прельщать;0;ЛЮБОВЬ; 18.4. Эмоциональное воздействие.;pos;
12002;Прельщать;0;ОДОБРЕНИЕ; 28.4. Эмоциональное воздействие.;pos;
12003;Прельщаться;0;НАДЕЖДА; 20.2. Эмоциональное отношение.;pos;
12004;Прельщаться;0;ОДОБРЕНИЕ; 28.3. Становление эмоционального состояния и отношения.;pos;
12005;Пренебрегать;0;ВЫСОКОМЕРИЕ; 8.2. Эмоциональное отношение.;neg;
12006;Пренебрегать;0;НЕПРИЯЗНЬ; 25.2. Эмоциональное отношение.;neg;
12009;Претерпевать; высок. ;ГОРЕ; 9.1. Эмоциональное состояние.;neg;
12015;Приволакиваться; устар. ;ЛЮБОВЬ; 18.2. Эмоциональное отношение.;pos;
12018;Привыкать;0;ВЛЕЧЕНИЕ; 6.3. Становление эмоционального состояния и отношения.;pos;
12019;Привыкать;0;ЛЮБОВЬ; 18.2. Эмоциональное отношение.;pos;
12020;Привыкать;0;РАВНОДУШИЕ; 29.2. Эмоциональное отношение.;neg;
12021;Привыкать;0;РАВНОДУШИЕ; 29.3. Становление эмоционального состояния и отношения.;neg;
12032;Придираться;0;НЕПРИЯЗНЬ; 25.5. Внешнее выражение эмоций.;neg;
12036;Признавать;0;УВАЖЕНИЕ; 37.2. Эмоциональное отношение.;pos;
12039;Прикидываться; разг. ;НЕИСКРЕННОСТЬ; 24.5. Внешнее выражение эмоций.;neg;
12044;Прикрикивать;0;СТРАХ; 34.5. Внешнее выражение эмоций.;neg;
12053;Примирять;0;ДРУЖБА; 12.4. Эмоциональное воздействие.;pos;
12054;Примирять;0;СПОКОЙСТВИЕ; 33.4. Эмоциональное воздействие.;pos;
12055;Примиряться;0;СМИРЕНИЕ; 31.2. Эмоциональное отношение.;pos;
12056;Примиряться;0;СМИРЕНИЕ; 31.3. Становление эмоционального состояния и отношения.;pos;
12057;Примиряться;0;СПОКОЙСТВИЕ; 33.2. Эмоциональное отношение.;pos;
12058;Принижать;0;ОБИДА; 26.2. Эмоциональное отношение.;neg;
12059;Принижать;0;ОБИДА; 26.4. Эмоциональное воздействие.;neg;
12060;Принижаться;0;ОБИДА; 26.3. Становление эмоционального состояния и отношения.;neg;
12061;Принижаться;0;ОБИДА; 26.5. Внешнее выражение эмоций.;neg;
12062;Принижаться;0;СМИРЕНИЕ; 31.1. Эмоциональное состояние.;pos;
12067;Приободрять;0;РАДОСТЬ; 30.4. Эмоциональное воздействие.;pos;
12068;Приободряться;0;РАДОСТЬ; 30.3. Становление эмоционального состояния и отношения.;pos;
12070;Приосаниваться;0;РАДОСТЬ; 30.5. Внешнее выражение эмоций.;pos;
12071;Приохочивать;0;ЖЕЛАНИЕ; 14.4. Эмоциональное воздействие.;pos;
12079;Прискучивать; разг. ;ГРУСТЬ; 10.4. Эмоциональное воздействие.;neg;
12083;Пристращивать;0;СТРАХ; 34.4. Эмоциональное воздействие.;neg;
12084;Приструнивать; сов., разг. ;СМИРЕНИЕ; 31.4. Эмоциональное воздействие.;pos;
12085;Пристыжать;0;СТЫД; 35.4. Эмоциональное воздействие.;neg;
12089;Притворяться;0;НЕИСКРЕННОСТЬ; 24.5. Внешнее выражение эмоций.;neg;
12094;Приунывать; разг. ;ГРУСТЬ; 10.3. Становление эмоционального состояния и отношения.;neg;
12099;Прицыкивать;0;ЗЛОСТЬ; 16.5. Внешнее выражение эмоций.;neg;
12116;Проклинать;0;ЗЛОСТЬ; 16.5. Внешнее выражение эмоций.;neg;
12117;Проклинать;0;НЕПРИЯЗНЬ; 25.5. Внешнее выражение эмоций.;neg;
12128;Прославлять;0;ОДОБРЕНИЕ; 28.5. Внешнее выражение эмоций.;pos;
12129;Просмеивать;0;РАДОСТЬ; 30.4. Эмоциональное воздействие.;pos;
12135;Прощать;0;ДОБРОТА; 11.5. Внешнее выражение эмоций.;pos;
12136;Прощать;0;ЖАЛОСТЬ; 13.2. Эмоциональное отношение.;neg;
12141;Пугать;0;СТРАХ; 34.4. Эмоциональное воздействие.;neg;
12142;Пугаться;0;СТРАХ; 34.2. Эмоциональное отношение.;neg;
12143;Пугаться;0;СТРАХ; 34.2. Эмоциональное отношение.;neg;
12144;Пугаться;0;СТРАХ; 34.3. Становление эмоционального состояния и отношения.;neg;
12153;Радеть;0;ДОБРОТА; 11.5. Внешнее выражение эмоций.;pos;
12154;Радовать;0;РАДОСТЬ; 30.4. Эмоциональное воздействие.;pos;
12155;Радовать;0;СЧАСТЬЕ; 36.4. Эмоциональное воздействие.;pos;
12156;Радоваться;0;РАДОСТЬ; 30.1. Эмоциональное состояние.;pos;
12157;Радоваться;0;РАДОСТЬ; 30.3. Становление эмоционального состояния и отношения.;pos;
12159;Разбранивать;0;НЕПРИЯЗНЬ; 25.5. Внешнее выражение эмоций.;neg;
12161;Развлекать;0;РАДОСТЬ; 30.4. Эмоциональное воздействие.;pos;
12162;Развлекать;0;СПОКОЙСТВИЕ; 33.4. Эмоциональное воздействие.;pos;
12163;Развлекаться;0;СПОКОЙСТВИЕ; 33.3. Становление эмоционального состояния и отношения.;pos;
12171;Раздобривать;0;ДОБРОТА; 11.4. Эмоциональное воздействие.;pos;
12172;Раздражать;0;БЕСПОКОЙСТВО; 1.4. Эмоциональное воздействие.;neg;
12173;Раздражать;0;ЗЛОСТЬ; 16.4. Эмоциональное воздействие.;neg;
12174;Раздражать;0;НЕДОВОЛЬСТВО; 23.4. Эмоциональное воздействие.;neg;
12175;Раздражаться;0;БЕСПОКОЙСТВО; 1.3. Становление эмоционального состояния и отношения;neg;
12176;Раздражаться;0;ЗЛОСТЬ; 16.3. Становление эмоционального состояния и отношения.;neg;
12179;Раздраконивать;0;НЕПРИЯЗНЬ; 25.5. Внешнее выражение эмоций.;neg;
12186;Раззадориваться; разг. ;РАДОСТЬ; 30.3. Становление эмоционального состояния и отношения.;pos;
12192;Разманивать;0;ЖЕЛАНИЕ; 14.4. Эмоциональное воздействие.;pos;
12203;Разобижать;0;ОБИДА; 26.4. Эмоциональное воздействие.;neg;
12206;Разочаровывать;0;НЕВЕРИЕ; 22.4. Эмоциональное воздействие.;neg;
12207;Разочаровываться;0;НЕВЕРИЕ; 22.3. Становление эмоционального состояния и отношения.;neg;
12215;Разуверять;0;НЕВЕРИЕ; 22.4. Эмоциональное воздействие.;neg;
12216;Разуверяться;0;НЕВЕРИЕ; 22.3. Становление эмоционального состояния и отношения.;neg;
12219;Разъярять;0;ЗЛОСТЬ; 16.4. Эмоциональное воздействие.;neg;
12220;Разъяряться;0;ЗЛОСТЬ; 16.3. Становление эмоционального состояния и отношения.;neg;
12224;Раскаиваться;0;ЖАЛОСТЬ; 13.2. Эмоциональное отношение.;neg;
12225;Раскаиваться;0;ЖАЛОСТЬ; 13.5. Внешнее выражение эмоций.;neg;
12226;Раскаиваться;0;СТЫД; 35.2. Эмоциональное отношение.;neg;
12235;Раскланиваться;0;УВАЖЕНИЕ; 37.5. Внешнее выражение эмоций.;pos;
12236;Раскритиковывать;0;НЕПРИЯЗНЬ; 25.5. Внешнее выражение эмоций.;neg;
12247;Распекать;0;НЕПРИЯЗНЬ; 25.5. Внешнее выражение эмоций.;neg;
12248;Расплачиваться; разг. ;ЖЕСТОКОСТЬ; 15.2. Эмоциональное отношение.;neg;
12255;Распотешивать; разг. ;РАДОСТЬ; 30.4. Эмоциональное воздействие.;pos;
12263;Расстраивать;0;БЕСПОКОЙСТВО; 1.4. Эмоциональное воздействие.;neg;
12264;Расстраивать;0;ГОРЕ; 9.4. Эмоциональное воздействие.;neg;
12265;Расстраиваться;0;БЕСПОКОЙСТВО; 1.3. Становление эмоционального состояния и отношения.;neg;
12266;Расстраиваться;0;ГОРЕ; 9.3. Становление эмоционального состояния и отношения.;neg;
12267;Расстраиваться;0;ГРУСТЬ; 10.3. Становление эмоционального состояния и отношения.;neg;
12273;Растлевать;0;БЕССТЫДСТВО; 3.4. Эмоциональное воздействие.;neg;
12274;Растлеваться;0;БЕССТЫДСТВО; 3.3. Становление эмоциональною состояния и отношения.;neg;
12278;Растревоживать;0;БЕСПОКОЙСТВО; 1.4. Эмоциональное воздействие.;neg;
12279;Расхаивать;0;НЕПРИЯЗНЬ; 25.5. Внешнее выражение эмоций.;neg;
12280;Расхваливать;0;ОДОБРЕНИЕ; 28.5. Внешнее выражение эмоций.;pos;
12286;Расцеловывать;0;ЛЮБОВЬ; 18.5. Внешнее выражение эмоций.;pos;
12287;Расцеловываться;0;ЛЮБОВЬ; 18.5. Внешнее выражение эмоций.;pos;
12288;Расшаркиваться; разг. ;УВАЖЕНИЕ; 37.5. Внешнее выражение эмоций.;pos;
12297;Решаться;0;БЕССТРАШИЕ; 2.3. Становление эмоционального со-;pos;
12298;Рисковать;0;БЕССТРАШИЕ; 2.3. Становление эмоционального состояния и отношения.;pos;
12299;Робеть;0;СТРАХ; 34.1. Эмоциональное состояние.;neg;
12300;Робеть;0;СТРАХ; 34.3. Становление эмоционального состояния и отношения.;neg;
12301;Робеть;0;СТЫД; 35.3. Становление эмоционального состояния и отношения.;neg;
12305;Ругать;0;НЕПРИЯЗНЬ; 25.5. Внешнее выражение эмоций.;neg;
12306;Ругаться;0;НЕПРИЯЗНЬ; 25.5. Внешнее выражение эмоций.;neg;
12307;Сатанеть; разг. ;ЖЕСТОКОСТЬ; 15.3. Становление эмоционального состояния и отношения.;neg;
12308;Сатанеть; разг. ;ЗЛОСТЬ; 16.3. Становление эмоционального состояния и отношения.;neg;
12321;Свирепеть;0;ЖЕСТОКОСТЬ; 15.3. Становление эмоционального состояния и отношения.;neg;
12322;Свирепеть;0;ЗЛОСТЬ; 16.3. Становление эмоционального состояния и отношения.;neg;
12324;Свыкаться;0;РАВНОДУШИЕ; 29.3. Становление эмоционального состояния и отношения.;neg;
12339;Сдруживать;0;ДРУЖБА; 12.4. Эмоциональное воздействие.;pos;
12340;Сдруживаться; разг.-сниж. ;ДРУЖБА; 12.3. Становление эмоционального состояния и отношения.;pos;
12341;Сердить;0;ЗЛОСТЬ; 16.4. Эмоциональное воздействие.;neg;
12342;Сердиться;0;ЗЛОСТЬ; 16.1. Эмоциональное состояние.;neg;
12343;Сердиться;0;ЗЛОСТЬ; 16.3. Становление эмоционального состояния и отношения.;neg;
12344;Серчать;0;ЗЛОСТЬ; 16.3. Становление эмоционального состояния и отношения.;neg;
12345;Сетовать;0;ГРУСТЬ; 10.1. Эмоциональное состояние.;neg;
12346;Сетовать;0;ЖАЛОСТЬ; 13.5. Внешнее выражение эмоций.;neg;
12347;Сживаться; разг. ;ЛЮБОВЬ; 18.2. Эмоциональное отношение.;pos;
12348;Сживаться; разг. ;ДРУЖБА; 12.3. Становление эмоционального состояния и отношения.;pos;
12349;Сживаться; разг. ;РАВНОДУШИЕ; 29.3. Становление эмоционального состояния и отношения.;neg;
12358;Скучнеть; разг. ;ГРУСТЬ; 10.3. Становление эмоционального состояния и отношения.;neg;
12359;Славить;0;ОДОБРЕНИЕ; 28.5. Внешнее выражение эмоций.;pos;
12364;Слюбливаться; разг. ;ЛЮБОВЬ; 18.2. Эмоциональное отношение.;pos;
12365;Смаиваться; разг.-сниж. ;ГОРЕ; 9.3. Становление эмоционального состояния и отношения.;neg;
12368;Смелеть;0;БЕССТРАШИЕ; 2.3. Становление эмоционального состояния и отношения.;pos;
12369;Сметь;0;БЕССТРАШИЕ; 2.3. Становление эмоционального состояния и отношения.;pos;
12371;Смирнеть;0;СМИРЕНИЕ; 31.3. Становление эмоционального;pos;
12372;Смирять;0;СМИРЕНИЕ; 31.4. Эмоциональное воздействие.;pos;
12373;Смирять;0;СПОКОЙСТВИЕ; 33.4. Эмоциональное воздействие.;pos;
12374;Смиряться;0;СМИРЕНИЕ; 31.3. Становление эмоционального состояния и отношения.;pos;
12375;Смиряться;0;СПОКОЙСТВИЕ; 33.3. Становление эмоционального состояния и отношения.;pos;
12376;Смиряться;0;СМИРЕНИЕ; 31.2. Эмоциональное отношение.;pos;
12377;Смущать;0;СТЫД; 35.4. Эмоциональное воздействие.;neg;
12378;Смущать;0;БЕСПОКОЙСТВО; 1.4. Эмоциональное воздействие.;neg;
12379;Смущать;0;НЕПРИЯЗНЬ; 25.4. Эмоциональное воздействие.;neg;
12380;Смущаться;0;БЕСПОКОЙСТВО; 1.3. Становление эмоционального;neg;
12381;Смущаться;0;СТЫД; 35.3. Становление эмоционального состояния и отношения.;neg;
12391;Снюхиваться; разг.-сниж. ;ДРУЖБА; 12.2. Эмоциональное отношение.;pos;
12392;Снюхиваться; разг.-сниж. ;ЛЮБОВЬ; 18.2. Эмоциональное отношение.;pos;
12393;Соблаговолять;0;ДОБРОТА; 11.4. Эмоциональное воздействие.;pos;
12394;Соблазнять;0;ВЛЕЧЕНИЕ; 6.4. Эмоциональное воздействие.;pos;
12395;Соблазнять;0;ЖЕЛАНИЕ; 14.4. Эмоциональное воздействие.;pos;
12396;Соблазняться;0;ЖЕЛАНИЕ; 14.5. Внешнее выражение эмоций.;pos;
12397;Соблазняться;0;НАДЕЖДА; 20.2. Эмоциональное отношение.;pos;
12398;Совеститься; разг. ;СТЫД; 35.3. Становление эмоционального состояния и отношения.;neg;
12399;Совеститься; разг. ;СТЫД; 35.1. Эмоциональное состояние.;neg;
12400;Совеститься; разг. ;СТЫД; 35.2. Эмоциональное отношение.;neg;
12401;Соглашать; устар. ;СПОКОЙСТВИЕ; 33.4. Эмоциональное воздействие.;pos;
12403;Содрогаться;0;БЕСПОКОЙСТВО; 1.3. Становление эмоционального состояния и отношения.;neg;
12404;Содрогаться;0;СТРАХ; 34.3. Становление эмоционального состояния и отношения.;neg;
12406;Соизволять;0;ЖАЛОСТЬ; 13.5. Внешнее выражение эмоций.;neg;
12412;Сомневаться;0;СОМНЕНИЕ; 32.2. Эмоциональное отношение.;neg;
12418;Сохнуть; разг. ;ГОРЕ; 9.1. Эмоциональное состояние.;neg;
12420;Сочувствовать;0;ЖАЛОСТЬ; 13.2. Эмоциональное отношение.;neg;
12421;Сочувствовать;0;ЖАЛОСТЬ; 13.2. Эмоциональное отношение.;neg;
12425;Сплачивать;0;ДРУЖБА; 12.4. Эмоциональное воздействие.;pos;
12426;Сплачиваться;0;ДРУЖБА; 12.3. Становление эмоционального состояния и отношения.;pos;
12438;Срамить; разг. ;СТЫД; 35.4. Эмоциональное воздействие.;neg;
12439;Срамиться; разг. ;СТЫД; 35.3. Становление эмоционального;neg;
12442;Сродняться;0;ДРУЖБА; 12.3. Становление эмоционального состояния и отношения.;pos;
12444;Ссорить;0;НЕПРИЯЗНЬ; 25.4. Эмоциональное воздействие.;neg;
12445;Ссориться;0;НЕПРИЯЗНЬ; 25.5. Внешнее выражение эмоций.;neg;
12449;Стервенеть; разг. ;ЖЕСТОКОСТЬ; 15.3. Становление эмоционального состояния и отношения.;neg;
12450;Стервенеть; разг. ;ЗЛОСТЬ; 16.4. Эмоциональное воздействие.;neg;
12453;Стесняться;0;СТЫД; 35.1. Эмоциональное состояние.;neg;
12454;Стесняться;0;СТЫД; 35.2. Эмоциональное отношение.;neg;
12456;Столбенеть; разг. ;ГОРЕ; 9.5. Внешнее выражение эмоций.;neg;
12457;Столбенеть; разг. ;УДИВЛЕНИЕ; 38.3. Становление эмоционального состояния и отношения.;pos;
12458;Стравливать; разг. ;ВРАЖДА; 7.4. Эмоциональное воздействие.;neg;
12459;Стравливаться; разг. ;ВРАЖДА; 7.2. Эмоциональное отношение.;neg;
12461;Стушевываться;0;СТЫД; 35.3. Становление эмоционального состояния и отношения.;neg;
12462;Стыдиться;0;СТЫД; 35.2. Эмоциональное отношение.;neg;
12472;Терзаться;0;ГОРЕ; 9.1. Эмоциональное состояние.;neg;
12473;Терпеть;0;СМИРЕНИЕ; 31.2. Эмоциональное отношение.;pos;
12476;Тешить; разг. ;РАДОСТЬ; 30.4. Эмоциональное воздействие.;pos;
12479;Тревожить;0;БЕСПОКОЙСТВО; 1.4. Эмоциональное воздействие.;neg;
12480;Тревожить;0;СТРАХ; 34.4. Эмоциональное воздействие.;neg;
12481;Тревожиться;0;БЕСПОКОЙСТВО; 1.2. Эмоциональное отношение.;neg;
12482;Тревожиться;0;БЕСПОКОЙСТВО; 1.3. Становление эмоционального состояния и отношения.;neg;
12492;Убеждать;0;ВЕРА; 5.4. Эмоциональное воздействие.;pos;
12493;Убеждаться;0;ВЕРА; 5.3. Становление эмоционального состояния и отношения.;pos;
12495;Ублаготворять;0;СЧАСТЬЕ; 36.4. Эмоциональное воздействие.;pos;
12496;Ублаготворяться; устар. ;СЧАСТЬЕ; 36.3. Становление эмоционального состояния и отношения.;pos;
12497;Ублажать; разг. ;НЕИСКРЕННОСТЬ; 24.2. Эмоциональное отношение.;neg;
12498;Ублажать; разг. ;СЧАСТЬЕ; 36.4. Эмоциональное воздействие.;pos;
12499;Ублажаться;0;СЧАСТЬЕ; 36.3. Становление эмоционального состояния и отношения.;pos;
12500;Уверять;0;ВЕРА; 5.4. Эмоциональное воздействие.;pos;
12501;Уверяться;0;ВЕРА; 5.3. Становление эмоционального состояния и отношения.;pos;
12502;Увлекать;0;ЛЮБОПЫТСТВО; 19.4. Эмоциональное воздействие.;pos;
12503;Увлекать;0;УДИВЛЕНИЕ; 38.4. Эмоциональное воздействие.;pos;
12505;Увлекать; сов. ;УДИВЛЕНИЕ; 38.2. Эмоциональное отношение.;pos;
12506;Увлекаться;0;ВЛЕЧЕНИЕ; 6.1. Эмоциональное состояние.;pos;
12507;Увлекаться;0;ВЛЕЧЕНИЕ; 6.3. Становление эмоционального состояния и отношения.;pos;
12509;Увлекаться;0;ЛЮБОПЫТСТВО; 19.3. Становление эмоционального состояния и отношения.;pos;
12510;Угнетать;0;ГОРЕ; 9.4. Эмоциональное воздействие.;neg;
12511;Уговаривать;0;СПОКОЙСТВИЕ; 33.4. Эмоциональное воздействие.;pos;
12512;Угождать;0;НЕИСКРЕННОСТЬ; 24.2. Эмоциональное отношение.;neg;
12513;Угождать;0;НЕИСКРЕННОСТЬ; 24.5. Внешнее выражение эмоций.;neg;
12514;Угождать;0;ОДОБРЕНИЕ; 28.4. Эмоциональное воздействие.;pos;
12515;Угомонять; разг. ;СПОКОЙСТВИЕ; 33.4. Эмоциональное воздействие.;pos;
12516;Угомоняться; разг. ;СПОКОЙСТВИЕ; 33.3. Становление эмоционального состояния и отношения.;pos;
12522;Удивлять;0;УДИВЛЕНИЕ; 38.4. Эмоциональное воздействие.;pos;
12523;Удивляться;0;УДИВЛЕНИЕ; 38.2. Эмоциональное отношение.;pos;
12524;Удовлетворять; устар. ;СЧАСТЬЕ; 36.4. Эмоциональное воздействие.;pos;
12525;Удовлетворяться;0;СЧАСТЬЕ; 36.3. Становление эмоционального состояния и отношения.;pos;
12526;Удружать; разг. ;ДРУЖБА; 12.4. Эмоциональное воздействие.;pos;
12527;Удружать; разг. ;ДРУЖБА; 12.5. Внешнее выражение эмоций.;pos;
12528;Удручать; перси. ;ГОРЕ; 9.4. Эмоциональное воздействие.;neg;
12530;Удручаться;0;ГОРЕ; 9.3. Становление эмоционального состояния и отношения.;neg;
12533;Ужасать;0;СТРАХ; 34.4. Эмоциональное воздействие.;neg;
12534;Ужасаться;0;СТРАХ; 34.3. Становление эмоционального состояния и отношения.;neg;
12535;Ужасаться;0;СТРАХ; 34.4. Эмоциональное воздействие.;neg;
12536;Ужасать; разг.-сниж. ;СТРАХ; 34.4. Эмоциональное воздействие.;neg;
12537;Ужасаться; разг.-сниж. ;СТРАХ; 34.3. Становление эмоционального состояния и отношения.;neg;
12540;Укорять;0;НЕДОВОЛЬСТВО; 23.5. Внешнее выражение эмоций.;neg;
12541;Укорять;0;ОБИДА; 26.5. Внешнее выражение эмоций.;neg;
12548;Улаживать;0;СМИРЕНИЕ; 31.2. Эмоциональное отношение.;pos;
12549;Улаживать;0;СПОКОЙСТВИЕ; 33.4. Эмоциональное воздействие.;pos;
12550;Улаживаться;0;СПОКОЙСТВИЕ; 33.3. Становление эмоционального состояния и отношения.;pos;
12552;Улащивать; устар. ;ЛЮБОВЬ; 18.4. Эмоциональное воздействие.;pos;
12553;Улещать; устар. ;ЛЮБОВЬ; 18.4. Эмоциональное воздействие.;pos;
12554;Улыбаться;0;ВЛЕЧЕНИЕ; 6.4. Эмоциональное воздействие.;pos;
12555;Улыбаться;0;РАДОСТЬ; 30.5. Внешнее выражение эмоций.;pos;
12556;Умаивать; разг.-сниж. ;ГОРЕ; 9.4. Эмоциональное воздействие.;neg;
12557;Умаиваться;0;ГОРЕ; 9.3. Становление эмоционального состояния и отношения.;neg;
12565;Умилостивлять;0;ДОБРОТА; 11.4. Эмоциональное воздействие.;pos;
12566;Умилостивляться;0;ДОБРОТА; 11.3. Становление эмоционального состояния и отношения.;pos;
12567;Умилять;0;ЛЮБОВЬ; 18.4. Эмоциональное воздействие.;pos;
12568;Умилять;0;ОДОБРЕНИЕ; 28.4. Эмоциональное воздействие.;pos;
12569;Умилять;0;ЧУВСТВО; 39.4. Эмоциональное воздействие.;pos;
12570;Умиляться;0;ОДОБРЕНИЕ; 28.5. Внешнее выражение эмоций.;pos;
12572;Умиротворять;0;СПОКОЙСТВИЕ; 33.4. Эмоциональное воздействие.;pos;
12573;Умиротворяться;0;СПОКОЙСТВИЕ; 33.3. Становление эмоционального состояния и отношения.;pos;
12576;Унижать;0;ОБИДА; 26.4. Эмоциональное воздействие.;neg;
12577;Унижаться;0;ОБИДА; 26.3. Становление эмоционального состояния и отношения.;neg;
12578;Унимать;0;СМИРЕНИЕ; 31.4. Эмоциональное воздействие.;pos;
12579;Унимать;0;СПОКОЙСТВИЕ; 33.4. Эмоциональное воздействие.;pos;
12580;Униматься;0;СМИРЕНИЕ; 31.3. Становление эмоционального состояния и отношения.;pos;
12581;Униматься;0;СПОКОЙСТВИЕ; 33.3. Становление эмоционального состояния и отношения.;pos;
12582;Уничтожать;0;ОБИДА; 26.2. Эмоциональное отношение.;neg;
12587;Упираться; разг. ;НАСТОЙЧИВОСТЬ; 21.3. Становление эмоционального состояния и отношения.;pos;
12589;Упрекать;0;НЕДОВОЛЬСТВО; 23.5. Внешнее выражение эмоций.;neg;
12590;Упрекать;0;НЕПРИЯЗНЬ; 25.5. Внешнее выражение эмоций.;neg;
12591;Услаждать;0;РАДОСТЬ; 30.4. Эмоциональное воздействие.;pos;
12592;Услаждать;0;СЧАСТЬЕ; 36.4. Эмоциональное воздействие.;pos;
12593;Услаждаться; устар. ;СЧАСТЬЕ; 36.3. Становление эмоционального состояния и отношения.;pos;
12594;Услаждаться; устар. ;СЧАСТЬЕ; 36.2. Эмоциональное отношение.;pos;
12595;Усмехаться;0;РАДОСТЬ; 30.5. Внешнее выражение эмоций.;pos;
12596;Усмирять;0;СМИРЕНИЕ; 31.4. Эмоциональное воздействие.;pos;
12597;Усмирять;0;СПОКОЙСТВИЕ; 33.4. Эмоциональное воздействие.;pos;
12598;Усмиряться;0;СМИРЕНИЕ; 31.3. Становление эмоциональною состояния и отношения.;pos;
12599;Усовещать; разг. ;СТЫД; 35.4. Эмоциональное воздействие.;neg;
12600;Усовещиваться; разг. ;СТЫД; 35.3. Становление эмоционального состояния и отношения.;neg;
12601;Успокаивать;0;СМИРЕНИЕ; 31.4. Эмоциональное воздействие.;pos;
12602;Успокаивать;0;СПОКОЙСТВИЕ; 33.4. Эмоциональное воздействие.;pos;
12603;Успокаиваться;0;СПОКОЙСТВИЕ; 33.3. Становление эмоционального состояния и отношения.;pos;
12604;Устаканиваться; разг.-сниж. ;СПОКОЙСТВИЕ; 33.3. Становление эмоционального состояния и отношения.;pos;
12607;Устрашать;0;СТРАХ; 34.4. Эмоциональное воздействие.;neg;
12608;Устрашаться;0;СТРАХ; 34.3. Становление эмоционального состояния и отношения.;neg;
12609;Устыжать;0;СТЫД; 35.4. Эмоциональное воздействие.;neg;
12610;Устыжаться; разг. ;СТЫД; 35.3. Становление эмоционального состояния и отношения.;neg;
12611;Утешать;0;ДОБРОТА; 11.4. Эмоциональное воздействие.;pos;
12612;Утешать;0;СПОКОЙСТВИЕ; 33.4. Эмоциональное воздействие.;pos;
12613;Утешаться;0;СПОКОЙСТВИЕ; 33.3. Становление эмоционального состояния и отношения.;pos;
12617;Утихомириваться; разг. ;СПОКОЙСТВИЕ; 33.3. Становление эмоционального состояния и отношения.;pos;
12621;Утоляться;0;СПОКОЙСТВИЕ; 33.3. Становление эмоциональною состояния и отношения.;pos;
12622;Утомлять;0;ГРУСТЬ; 10.4. Эмоциональное воздействие.;neg;
12623;Утомляться;0;ГРУСТЬ; 10.3. Становление эмоционального состояния и отношения.;neg;
12628;Ухмыляться;0;ЗЛОСТЬ; 16.4. Эмоциональное воздействие.;neg;
12632;Уязвлять;0;ОБИДА; 26.4. Эмоциональное воздействие.;neg;
12633;Уязвлять;0;ОБИДА; 26.5. Внешнее выражение эмоций.;neg;
12634;Фартить; разг. ;СЧАСТЬЕ; 36.3. Становление эмоционального состояния и отношения.;pos;
12635;Фыркать;0;ЗЛОСТЬ; 16.5. Внешнее выражение эмоций.;neg;
12636;Фыркать; разг. ;НЕПРИЯЗНЬ; 25.2. Эмоциональное отношение.;neg;
12637;Хаметь; разг. ;БЕССТЫДСТВО; 3.3. Становление эмоционального состояния и отношения.;neg;
12638;Хвалить;0;ОДОБРЕНИЕ; 28.5. Внешнее выражение эмоций.;pos;
12639;Хвалиться;0;ОДОБРЕНИЕ; 28.5. Внешнее выражение эмоций.;pos;
12640;Хмуриться;0;ГРУСТЬ; 10.3. Становление эмоционального состояния и отношения.;neg;
12645;Храбриться; разг. ;БЕССТРАШИЕ; 2.3. Становление эмоционального состояния и отношения.;pos;
12649;Целовать;0;ЛЮБОВЬ; 18.5. Внешнее выражение эмоций.;pos;
12650;Целоваться;0;ЛЮБОВЬ; 18.5. Внешнее выражение эмоций.;pos;
12657;Чихвостить; разг.-сниж. ;НЕПРИЯЗНЬ; 25.5. Внешнее выражение эмоций.;neg;
12659;Шельмовать; разг. ;СТЫД; 35.4. Эмоциональное воздействие.;neg;
12660;Шельмовать; разг. ;СТЫД; 35.5. Внешнее выражение эмоций.;neg;
12661;Щадить;0;ДОБРОТА; 11.5. Внешнее выражение эмоций.;pos;
12662;Щадить;0;ЖАЛОСТЬ; 13.2. Эмоциональное отношение.;neg;
