"word","class"
"абордаж","negative"
"аборт","negative"
"абсурд","negative"
"абсурдность","negative"
"абсурдный","negative"
"абсцесс","negative"
"авантюра","negative"
"авантюризм","negative"
"авантюрист","negative"
"авантюристка","negative"
"авантюристский","negative"
"аварийность","negative"
"аварийный","negative"
"авария","negative"
"авиабомба","negative"
"авиакатастрофа","negative"
"авианалёт","negative"
"авиаудар","negative"
"авитаминоз","negative"
"авитаминозный","negative"
"автозак","negative"
"автокатастрофа","negative"
"авторитаризм","negative"
"авторитарность","negative"
"авторитарный","negative"
"автоугон","negative"
"автоугонщик","negative"
"агония","negative"
"агрессивность","negative"
"агрессивный","negative"
"агрессия","negative"
"агрессор","negative"
"адски","negative"
"адский","negative"
"ажиотажный","negative"
"азартный","negative"
"аид","negative"
"актриска","negative"
"актрисочка","negative"
"актёришка","negative"
"алкашка","negative"
"алкоголизм","negative"
"алкоголический","negative"
"алкоголичка","negative"
"алкогольный","negative"
"алконавт","negative"
"аллерген","negative"
"аллергический","negative"
"аллергия","negative"
"алогичность","negative"
"алогичный","negative"
"алчность","positive"
"алчный","negative"
"альфонс","negative"
"альцгеймер","negative"
"амбал","negative"
"амнезия","negative"
"аморалка","negative"
"аморальность","negative"
"аморальный","negative"
"ампутация","negative"
"ампутировать","negative"
"амфетамин","negative"
"анархизм","negative"
"анархист","negative"
"анархистка","negative"
"анархистский","negative"
"анархический","negative"
"анархия","negative"
"ангажированный","negative"
"ангина","negative"
"ангиозный","negative"
"анемия","negative"
"аннулировать","negative"
"аномалия","negative"
"аномальность","negative"
"аномальный","negative"
"анорексия","negative"
"антагонист","negative"
"антагонистический","negative"
"антагонистичный","negative"
"антиамериканизм","negative"
"антивещество","negative"
"антигерой","negative"
"антигосударственный","negative"
"антигуманизм","negative"
"антигуманность","negative"
"антидемократический","negative"
"антикоммунизм","negative"
"антикоммунист","negative"
"антикоммунистический","negative"
"антиматерия","negative"
"антинародный","negative"
"антинаучный","negative"
"антиобщественный","negative"
"антипартийный","negative"
"антипатичный","negative"
"антипатия","negative"
"антипатриотизм","negative"
"антиправительственный","negative"
"антиреклама","negative"
"антирелигиозный","negative"
"антисанитария","negative"
"антисанитарный","negative"
"антисистема","negative"
"антисоветизм","negative"
"антисоветский","negative"
"антисоветчик","negative"
"антитело","negative"
"антихрист","negative"
"апатичность","negative"
"апатичный","negative"
"апатия","negative"
"апокалипсис","negative"
"апокалипсический","negative"
"аппендикс","negative"
"аппендицит","negative"
"арест","negative"
"арестант","negative"
"арестантка","negative"
"арестование","negative"
"арестовать","negative"
"арестовывать","negative"
"аристократишка","negative"
"аритмичный","negative"
"аритмия","negative"
"армагеддон","negative"
"артобстрел","negative"
"артрит","negative"
"артритный","negative"
"артроз","negative"
"асимметричный","negative"
"асинхронный","negative"
"асоциальность","negative"
"асоциальный","negative"
"ассасин","negative"
"астма","negative"
"астматик","negative"
"астматический","negative"
"асфиксия","negative"
"атака","positive"
"атаковать","negative"
"атеросклероз","negative"
"атрофироваться","negative"
"аукнуться","negative"
"аут","negative"
"аутизм","negative"
"аутист","negative"
"аутсайдер","negative"
"афера","negative"
"аферист","negative"
"аферистка","negative"
"аффект","negative"
"ахиллесов","negative"
"ахинея","negative"
"баба","positive"
"баба-яга","negative"
"бабай","negative"
"бабахать","negative"
"бабахнуть","negative"
"бабий","negative"
"бабища","negative"
"бабник","positive"
"бабёнка","negative"
"баг","negative"
"базука","negative"
"баклан","negative"
"баклуша","negative"
"баклушничать","negative"
"балабол","negative"
"балаболить","negative"
"балаболка","negative"
"балаган","negative"
"балаганный","negative"
"балаганщик","negative"
"балагурство","negative"
"баламут","negative"
"баламутить","negative"
"балбес","negative"
"балда","negative"
"балластный","negative"
"баловаться","negative"
"баловник","positive"
"баловство","positive"
"бан","negative"
"банальность","negative"
"банальный","negative"
"банальщина","negative"
"банда","negative"
"бандит","negative"
"бандитизм","negative"
"бандитка","negative"
"бандитский","negative"
"бандюга","negative"
"бандюган","negative"
"банить","negative"
"банкрот","negative"
"банкротство","negative"
"барак","negative"
"барахлить","negative"
"барахло","negative"
"барахольщик","negative"
"бардак","negative"
"барыга","negative"
"барышнический","negative"
"басмач","negative"
"бастовать","negative"
"бастующий","negative"
"басурманин","negative"
"баталия","negative"
"батрачить","negative"
"бахать","negative"
"бахнуть","negative"
"бацилла","negative"
"башка","negative"
"бе","negative"
"беглец","negative"
"беглянка","negative"
"бегство","negative"
"беда","negative"
"бедлам","negative"
"беднейший","negative"
"бедненький","positive"
"беднеть","negative"
"бедность","negative"
"беднота","negative"
"бедный","negative"
"бедняга","negative"
"бедняжка","negative"
"бедняк","negative"
"бедняцкий","negative"
"бедокурить","negative"
"бедолага","negative"
"бедственный","negative"
"бедствие","negative"
"бедствовать","negative"
"беженец","negative"
"беженка","negative"
"безалаберность","negative"
"безалаберный","negative"
"безальтернативность","negative"
"безапелляционный","negative"
"безбашенность","negative"
"безбилетник","negative"
"безбилетница","negative"
"безбилетный","negative"
"безбожие","negative"
"безбожник","negative"
"безбожный","negative"
"безбрежность","negative"
"безверие","negative"
"безвестность","negative"
"безвестный","negative"
"безвкусие","negative"
"безвкусица","negative"
"безвкусный","negative"
"безвластие","negative"
"безвозбранность","positive"
"безвозвратность","negative"
"безвозвратный","negative"
"безволие","negative"
"безвольность","negative"
"безвольный","negative"
"безвылазный","negative"
"безвыходность","negative"
"безвыходный","negative"
"безглавый","negative"
"безглазый","negative"
"безгласный","negative"
"безголовость","negative"
"безголовый","negative"
"безголосый","negative"
"безграмотность","negative"
"безграмотный","negative"
"бездарность","negative"
"бездарный","negative"
"бездарь","negative"
"бездействие","negative"
"бездействовать","negative"
"безделица","negative"
"безделка","negative"
"безделье","negative"
"бездельник","negative"
"бездельница","negative"
"бездельничать","negative"
"бездельный","negative"
"безденежный","negative"
"безденежье","negative"
"бездетность","negative"
"бездетный","negative"
"бездеятельность","negative"
"бездеятельный","negative"
"бездна","negative"
"бездождье","negative"
"бездоказательность","negative"
"бездоказательный","negative"
"бездомность","negative"
"бездомный","negative"
"бездорожный","negative"
"бездорожье","negative"
"бездумность","negative"
"бездумный","negative"
"бездумье","negative"
"бездуховность","negative"
"бездушие","negative"
"бездушность","negative"
"бездушный","negative"
"бездыханный","negative"
"безжалостность","negative"
"безжалостный","negative"
"безжизненность","negative"
"безжизненный","negative"
"беззаконие","negative"
"беззаконник","negative"
"беззаконность","negative"
"беззаконный","negative"
"беззастенчивость","negative"
"беззащитность","negative"
"беззащитный","negative"
"безземельный","negative"
"беззубый","negative"
"безликость","negative"
"безличность","negative"
"безлюдность","negative"
"безмозглость","negative"
"безмозглый","negative"
"безнадзорность","negative"
"безнадзорный","negative"
"безнадёга","negative"
"безнадёжность","negative"
"безнадёжный","negative"
"безнаказанность","negative"
"безнаказанный","negative"
"безначалие","negative"
"безногий","negative"
"безносый","negative"
"безнравственность","negative"
"безнравственный","negative"
"безобразие","negative"
"безобразить","negative"
"безобразник","negative"
"безобразница","negative"
"безобразничать","negative"
"безобразность","negative"
"безобразный","negative"
"безоконный","negative"
"безосновательность","negative"
"безосновательный","negative"
"безответность","negative"
"безответный","negative"
"безответственность","negative"
"безответственный","negative"
"безотрадность","negative"
"безотрадный","negative"
"безотцовщина","negative"
"безотчётный","negative"
"безработица","negative"
"безрадостность","negative"
"безрадостный","negative"
"безразличие","negative"
"безразличность","negative"
"безразличный","negative"
"безрассудность","negative"
"безрассудный","negative"
"безрассудство","negative"
"безрезультатность","negative"
"безрезультатный","negative"
"безродный","negative"
"безрукий","negative"
"безрукость","negative"
"безрыбье","negative"
"безумец","negative"
"безумие","negative"
"безумность","negative"
"безумный","negative"
"безумство","negative"
"безумствовать","negative"
"безуспешность","negative"
"безуспешный","negative"
"безутешность","negative"
"безутешный","negative"
"безучастие","negative"
"безучастность","negative"
"безучастный","negative"
"безыдейность","negative"
"безызвестность","negative"
"безынициативность","negative"
"безынициативный","negative"
"безыскусность","positive"
"безыскусный","positive"
"безыскусственность","positive"
"безысходность","negative"
"безысходный","negative"
"белиберда","negative"
"белогвардейщина","negative"
"белоручка","negative"
"бельмо","negative"
"бередить","negative"
"бес","negative"
"бесить","negative"
"беситься","negative"
"бескомпромиссность","positive"
"бескомпромиссный","positive"
"бесконтрольность","negative"
"бесконтрольный","negative"
"бескровный","negative"
"бескультурье","negative"
"бесноватость","negative"
"бесноватый","negative"
"бесноваться","negative"
"бесовский","negative"
"бесовство","negative"
"бесовщина","negative"
"беспамятность","negative"
"беспамятный","negative"
"беспамятство","negative"
"беспардонность","negative"
"беспардонный","negative"
"беспаспортный","negative"
"бесперспективность","negative"
"бесперспективный","negative"
"беспечность","negative"
"бесплодие","negative"
"бесплодность","negative"
"бесплодный","negative"
"бесповоротность","negative"
"беспокоить","negative"
"беспокоиться","positive"
"беспокойность","negative"
"беспокойный","negative"
"беспокойство","negative"
"бесполезность","negative"
"бесполезный","negative"
"беспомощность","negative"
"беспомощный","negative"
"беспородный","negative"
"беспорядок","negative"
"беспорядочность","negative"
"беспорядочный","negative"
"беспочвенность","negative"
"беспочвенный","negative"
"беспощадность","negative"
"беспощадный","negative"
"бесправие","negative"
"бесправный","negative"
"беспредел","negative"
"беспредельность","negative"
"беспредельный","negative"
"беспредельщик","negative"
"бесприданница","negative"
"беспризорник","negative"
"беспризорница","negative"
"беспризорность","negative"
"беспримерный","positive"
"беспринципность","negative"
"беспринципный","negative"
"бесприютность","negative"
"бесприютный","negative"
"беспробудный","negative"
"беспроглядный","negative"
"беспросветность","negative"
"беспросветный","negative"
"беспутник","negative"
"беспутничать","negative"
"беспутный","negative"
"бессвязность","negative"
"бессвязный","negative"
"бессердечие","negative"
"бессердечность","negative"
"бессердечный","negative"
"бессилие","negative"
"бессильный","negative"
"бессистемность","negative"
"бессистемный","negative"
"бесславие","negative"
"бесславность","negative"
"бесславный","negative"
"бессмысленность","negative"
"бессмысленный","negative"
"бессмыслие","negative"
"бессмыслица","negative"
"бессовестность","negative"
"бессовестный","negative"
"бессодержательность","negative"
"бессодержательный","negative"
"бессознательность","negative"
"бессознательный","negative"
"бессолнечный","negative"
"бессонница","negative"
"бессонный","negative"
"бесстыдник","negative"
"бесстыдница","negative"
"бесстыдность","negative"
"бесстыдный","negative"
"бесстыдство","negative"
"бесстыжий","negative"
"бессудный","negative"
"бестактность","negative"
"бестактный","negative"
"бесталанность","negative"
"бесталанный","negative"
"бестия","negative"
"бестолковка","negative"
"бестолковость","negative"
"бестолковщина","negative"
"бестолковый","negative"
"бестолочь","negative"
"бесхарактерность","negative"
"бесхарактерный","negative"
"бесхозный","negative"
"бесхозяйственность","negative"
"бесхребетность","positive"
"бесхребетный","positive"
"бесцельность","negative"
"бесцельный","negative"
"бесценок","negative"
"бесцеремонность","negative"
"бесцеремонный","negative"
"бесчеловечие","negative"
"бесчеловечность","negative"
"бесчеловечный","negative"
"бесчестие","negative"
"бесчестить","negative"
"бесчестность","negative"
"бесчестный","negative"
"бесчестье","negative"
"бесчинство","negative"
"бесчинствовать","negative"
"бесчувственность","negative"
"бесчувственный","negative"
"бесчувствие","negative"
"бесшабашность","positive"
"бесшабашный","positive"
"бесёнок","negative"
"бешенство","negative"
"бешеный","negative"
"бзик","positive"
"биологичка","negative"
"битва","negative"
"битый","negative"
"бить","negative"
"биться","negative"
"битьё","negative"
"бич","negative"
"бичевание","negative"
"бичевать","negative"
"бла-бла-бла","negative"
"блаблабла","negative"
"блатняк","negative"
"блевота","negative"
"блевотина","negative"
"бледненький","negative"
"бледнеть","negative"
"бледноватый","negative"
"бледнолицый","negative"
"бледность","negative"
"бледный","negative"
"блеклость","negative"
"блеф","negative"
"блефовать","negative"
"близорукий","negative"
"близорукость","negative"
"блокада","negative"
"блокадный","negative"
"блокирование","negative"
"блокировать","negative"
"блокироваться","negative"
"блокировка","negative"
"блоха","negative"
"блошиный","negative"
"блошка","negative"
"блуд","negative"
"блудить","negative"
"блудливый","negative"
"блудник","negative"
"блудница","negative"
"блудный","negative"
"блудодейство","negative"
"блуждать","negative"
"блэкаут","negative"
"блёклый","negative"
"блёкнуть","negative"
"богадельня","negative"
"богоборец","negative"
"богобоязненность","positive"
"богомерзкий","negative"
"богопротивный","negative"
"богохульник","negative"
"богохульничать","negative"
"богохульный","negative"
"богохульство","negative"
"богохульствовать","negative"
"бодание","negative"
"бодать","negative"
"бодаться","negative"
"боднуть","negative"
"бодяга","negative"
"боевик","positive"
"боеголовка","negative"
"бой","negative"
"бойкот","negative"
"бойкотировать","negative"
"бойня","negative"
"болван","negative"
"болевой","negative"
"болезненность","negative"
"болезненный","negative"
"болезнетворный","negative"
"болезнь","negative"
"болеть","positive"
"болото","negative"
"болтаться","negative"
"болтливость","negative"
"болтливый","negative"
"болтнуть","negative"
"болтовня","negative"
"болтун","negative"
"болтунья","negative"
"болтушка","negative"
"боль","negative"
"больная","negative"
"болячка","negative"
"бомба","negative"
"бомбардировать","negative"
"бомбардировка","negative"
"бомбардировочный","negative"
"бомбардировщик","negative"
"бомбить","negative"
"бомбовоз","negative"
"бомбометание","negative"
"бомбометатель","negative"
"бомбомёт","negative"
"бомбёжка","negative"
"бомжатник","negative"
"бомжик","negative"
"бомжиха","negative"
"борзая","negative"
"борзость","negative"
"борзый","negative"
"бормотание","negative"
"бормотанье","negative"
"бородавка","negative"
"бородавчатый","negative"
"бородёнка","negative"
"борьба","negative"
"босячка","negative"
"боязливость","negative"
"боязливый","negative"
"боязнь","negative"
"бояться","negative"
"бракованный","negative"
"браковать","negative"
"браконьер","negative"
"браконьерский","negative"
"браконьерство","negative"
"бракоразводный","negative"
"бранить","negative"
"браниться","negative"
"бранный","negative"
"брань","negative"
"братоубийственный","negative"
"братоубийство","negative"
"братоубийца","negative"
"бредить","negative"
"бредовость","negative"
"бредовый","negative"
"брезгать","negative"
"брезгливость","negative"
"брезгливый","negative"
"брезговать","negative"
"бременить","negative"
"бремя","negative"
"бренность","negative"
"брехать","negative"
"брехня","negative"
"брехун","negative"
"брехунья","negative"
"брешь","negative"
"бритоголовый","negative"
"бродяга","negative"
"бродяжить","negative"
"бродяжка","negative"
"бродяжничать","negative"
"бродяжнический","negative"
"бродяжничество","negative"
"бродячий","negative"
"бронхиальный","negative"
"бронхопневмония","negative"
"бросаться","negative"
"броситься","negative"
"брошенность","negative"
"брыкаться","negative"
"брыкнуть","negative"
"брыкнуться","negative"
"брюзгливость","negative"
"брюзгливый","negative"
"брюзжание","negative"
"бряканье","negative"
"брякать","negative"
"брякнуть","negative"
"брякнуться","negative"
"бряцать","negative"
"бубнить","negative"
"бубнёж","negative"
"бубон","negative"
"бузить","negative"
"буйность","negative"
"буйный","negative"
"буйство","negative"
"буйствовать","negative"
"бука","negative"
"буки","negative"
"буксовать","negative"
"булимия","negative"
"буллинг","negative"
"бульварщина","negative"
"бумагомарание","negative"
"бумаженция","negative"
"бумажонка","negative"
"бунт","negative"
"бунтарка","negative"
"бунтарский","negative"
"бунтарство","negative"
"бунтарь","negative"
"бунтовать","negative"
"бунтовщик","negative"
"бунтовщица","negative"
"бунтовщический","negative"
"буран","negative"
"бурда","negative"
"буржуазия","negative"
"буржуазность","negative"
"буржуй","negative"
"буркнуть","negative"
"бурность","negative"
"бурчание","negative"
"бурчать","negative"
"бурьян","negative"
"бухать","negative"
"бухаться","negative"
"бухнуться","negative"
"бушевание","negative"
"бушевать","negative"
"буян","negative"
"буянить","negative"
"буянство","negative"
"бытовуха","negative"
"бычиться","negative"
"бюрократ","negative"
"бюрократизация","negative"
"бюрократизировать","negative"
"бюрократизм","negative"
"бюрократичный","negative"
"бюрократия","negative"
"бюрократка","negative"
"бюрократский","negative"
"бяка","negative"
"важничанье","negative"
"важничать","negative"
"вакханалия","negative"
"валить","negative"
"вальяжность","negative"
"вампир","negative"
"вампиресса","negative"
"вампиризм","negative"
"вампирка","negative"
"вампирша","negative"
"вандал","negative"
"вандализм","negative"
"варвар","negative"
"варварски","negative"
"варварский","negative"
"варварство","negative"
"варикоз","negative"
"варикозный","negative"
"василиск","negative"
"ваххабитский","negative"
"вбивание","negative"
"вброс","negative"
"вбухать","negative"
"вбухивать","negative"
"вбухнуть","negative"
"вваливаться","negative"
"ввалить","negative"
"ввалиться","negative"
"ввергать","negative"
"ввергаться","negative"
"ввергнуть","negative"
"ввергнуться","negative"
"ввязаться","negative"
"ввязывать","negative"
"ввязываться","negative"
"вглухую","negative"
"вгонять","negative"
"вгорячах","negative"
"вгрызаться","negative"
"вгрызться","negative"
"вдавиться","negative"
"вдавливаться","negative"
"вдалбливать","negative"
"вдарить","negative"
"вдоветь","negative"
"вдовец","negative"
"вдовство","negative"
"вдовствовать","negative"
"вдовушка","negative"
"вдовый","negative"
"вдолбить","negative"
"вдребезги","negative"
"вдрызг","negative"
"вдунуть","negative"
"вдуть","negative"
"ведьма","negative"
"ведьмак","negative"
"ведьмовство","negative"
"велеть","negative"
"венерический","negative"
"вензаболевание","negative"
"вербовать","negative"
"вербовка","negative"
"вербовочный","negative"
"вербовщик","negative"
"верещание","negative"
"верещать","negative"
"верзила","negative"
"вероломность","positive"
"вероломный","positive"
"вероломство","positive"
"вероотступник","negative"
"вероотступница","negative"
"вероотступнический","negative"
"вероотступничество","negative"
"вертихвостка","negative"
"вертлявость","negative"
"вертлявый","negative"
"вестись","negative"
"вето","negative"
"ветреность","negative"
"ветреный","negative"
"ветрище","negative"
"ветрянка","negative"
"ветхий","negative"
"ветхость","negative"
"ветшать","negative"
"вешатель","negative"
"вешаться","negative"
"вжаться","negative"
"вжиматься","negative"
"взаимоистребление","negative"
"взаимоуничтожение","negative"
"взаперти","negative"
"взаём","negative"
"взбаламутить","negative"
"взбалмошный","positive"
"взбесить","negative"
"взбеситься","negative"
"взболтнуть","negative"
"взбрыкивать","negative"
"взбрыкнуть","negative"
"взбугриться","negative"
"взбунтовать","negative"
"взбунтоваться","negative"
"взбухнуть","negative"
"взбучка","negative"
"взваливать","negative"
"взвалить","negative"
"взвизг","negative"
"взвизгивать","negative"
"взвинтить","negative"
"взвинченность","negative"
"взвинчивание","negative"
"взвинчивать","negative"
"взвиться","negative"
"взводиться","negative"
"взволнованность","negative"
"взволноваться","negative"
"взвывать","negative"
"взвыть","negative"
"взгреть","negative"
"взгрустнуть","negative"
"взгрустнуться","negative"
"вздор","negative"
"вздорить","negative"
"вздорность","negative"
"вздорный","negative"
"вздорожать","negative"
"вздрагивать","negative"
"вздрогнуть","negative"
"вздрючить","negative"
"вздрючка","negative"
"вздувать","negative"
"вздуваться","negative"
"вздутие","negative"
"вздутый","negative"
"вздуть","negative"
"вздуться","negative"
"вздыбить","negative"
"вздыбиться","negative"
"вздёргивать","negative"
"вздёрнуть","negative"
"вздёрнуться","negative"
"взимание","negative"
"взимать","negative"
"взламывать","negative"
"взлом","negative"
"взломать","negative"
"взломщик","negative"
"взмокнуть","negative"
"взмутить","negative"
"взорвать","negative"
"взорваться","negative"
"взреветь","negative"
"взревновать","negative"
"взрезать","negative"
"взрыватель","negative"
"взрывать","negative"
"взрываться","negative"
"взрывоопасность","negative"
"взрывоопасный","negative"
"взрывпакет","negative"
"взрывчатка","negative"
"взрывчатый","negative"
"взрывы","negative"
"взъедаться","negative"
"взъерепениться","positive"
"взъесться","negative"
"взыскание","negative"
"взыскать","negative"
"взыскивать","negative"
"взыскиваться","negative"
"взяткодатель","negative"
"взяткодательство","negative"
"взяток","negative"
"взяточник","negative"
"взяточница","negative"
"взяточничать","negative"
"взяточничество","negative"
"видок","negative"
"визг","negative"
"визгливый","negative"
"визгнуть","negative"
"визжание","negative"
"визжать","negative"
"вина","negative"
"винительный","negative"
"винить","negative"
"виниться","negative"
"винище","negative"
"виноватость","negative"
"виноватый","negative"
"виновник","negative"
"виновница","negative"
"виновность","negative"
"винтовка","negative"
"вирус","negative"
"вирусный","negative"
"виселица","negative"
"висельник","negative"
"виснуть","negative"
"вихлять","negative"
"вихляться","negative"
"вихрь","negative"
"вкалывать","negative"
"вкатить","negative"
"вклиниваться","negative"
"вколоть","negative"
"вкрадываться","negative"
"вкрасться","negative"
"вкривь","negative"
"владычный","negative"
"вламываться","negative"
"властвование","negative"
"властвовать","negative"
"властительный","negative"
"властность","negative"
"властолюбец","negative"
"властолюбивый","positive"
"властолюбие","positive"
"властолюбица","negative"
"влачить","negative"
"влачиться","negative"
"влезть","negative"
"влепить","negative"
"влепиться","negative"
"влипать","negative"
"влипнуть","negative"
"влом","negative"
"вломиться","negative"
"вляпаться","negative"
"вляпываться","negative"
"вмазать","negative"
"вмешательство","negative"
"вмешиваться","negative"
"вмятина","negative"
"вмять","negative"
"вмяться","negative"
"вмёрзнуть","negative"
"вмёртвую","negative"
"внатяжку","negative"
"внебрачный","negative"
"внематочный","negative"
"внушаемость","negative"
"внушение","negative"
"внушить","negative"
"водобоязнь","negative"
"водочка","negative"
"водянка","negative"
"воевать","negative"
"военизированный","negative"
"военкомат","negative"
"военнопленный","negative"
"возбранить","negative"
"возбранять","negative"
"возбраняться","negative"
"возгорание","negative"
"возгораться","negative"
"возгордиться","negative"
"возгореться","negative"
"возиться","positive"
"возмездие","negative"
"возмутитель","negative"
"возмутительность","negative"
"возмутительный","negative"
"возмутить","negative"
"возмутиться","negative"
"возмущать","negative"
"возмущаться","negative"
"возмущение","negative"
"вознегодовать","negative"
"возненавидеть","negative"
"возня","positive"
"возомнить","negative"
"возопить","negative"
"возражать","negative"
"возражение","negative"
"возразить","negative"
"возроптать","negative"
"возрыдать","negative"
"вой","negative"
"война","negative"
"войнушка","negative"
"волдырь","negative"
"волей-неволей","negative"
"волноваться","negative"
"волокитный","negative"
"волосня","negative"
"волочение","negative"
"волочиться","positive"
"волочься","negative"
"волчий","negative"
"волчище","negative"
"вольничать","negative"
"вонзать","negative"
"вонзаться","negative"
"вонзить","negative"
"вонзиться","negative"
"вонища","negative"
"вонь","negative"
"вонючий","negative"
"вонючка","negative"
"вонять","negative"
"вооружать","negative"
"вооружение","negative"
"вооружённость","negative"
"вооружённый","negative"
"вопить","negative"
"вопль","negative"
"вор","negative"
"ворваться","negative"
"воришка","negative"
"вороватость","negative"
"вороватый","negative"
"воровать","negative"
"воровка","negative"
"воровски","negative"
"воровской","negative"
"воровство","negative"
"ворожба","negative"
"ворожить","negative"
"воронить","negative"
"вороньё","negative"
"воротить","negative"
"ворчание","negative"
"ворчать","negative"
"ворчливость","negative"
"ворчливый","negative"
"ворчун","negative"
"ворчунья","negative"
"ворьё","negative"
"ворюга","negative"
"воспаление","negative"
"воспалительный","negative"
"воспалиться","negative"
"воспаляться","negative"
"воспалённость","negative"
"воспламенение","negative"
"воспламениться","negative"
"воспламеняться","negative"
"воспрепятствовать","negative"
"воспретить","negative"
"воспрещать","negative"
"воспрещаться","negative"
"воспрещение","negative"
"воспротивиться","negative"
"восставать","negative"
"восстание","negative"
"вошка","negative"
"вошь","negative"
"вояка","negative"
"впалый","negative"
"впасть","negative"
"впаять","negative"
"вперекор","negative"
"впереться","negative"
"впиваться","negative"
"вписка","negative"
"впиться","negative"
"впихивать","negative"
"впихнуть","negative"
"впихнуться","negative"
"вполпьяна","negative"
"впотьмах","negative"
"впроголодь","negative"
"впросак","negative"
"впустую","negative"
"впутать","negative"
"впутаться","negative"
"впутывать","negative"
"впутываться","negative"
"враг","negative"
"врагиня","negative"
"вражда","negative"
"враждебность","negative"
"враждебный","negative"
"враждовать","negative"
"вражеский","negative"
"вражий","negative"
"вражина","negative"
"вразброд","negative"
"вразлад","negative"
"вразнос","negative"
"враки","negative"
"враньё","negative"
"врасплох","negative"
"врать","negative"
"врачиха","negative"
"вред","negative"
"вредина","negative"
"вредитель","negative"
"вредительский","negative"
"вредительство","negative"
"вредить","negative"
"вредность","negative"
"вредный","negative"
"вредоносность","negative"
"вредоносный","negative"
"врезать","negative"
"врезаться","negative"
"врезываться","negative"
"врознь","negative"
"врозь","negative"
"врукопашную","negative"
"врун","negative"
"врунишка","negative"
"врунья","negative"
"врываться","negative"
"врятли","negative"
"всадить","negative"
"всевластие","negative"
"вседозволенность","negative"
"всезнайство","negative"
"всепожирающий","negative"
"всесожжение","negative"
"всесокрушающий","negative"
"вскипать","negative"
"вскипеть","negative"
"вскипятиться","negative"
"вскрик","negative"
"вскрикивание","negative"
"вскрикивать","negative"
"вскрикнуть","negative"
"вскрываться","negative"
"вскрыться","negative"
"всосаться","negative"
"вспарывать","negative"
"всплакнуть","negative"
"всполошить","negative"
"всполошиться","negative"
"вспороть","negative"
"вспугивать","negative"
"вспугнуть","negative"
"вспухать","negative"
"вспухнуть","negative"
"вспучиваться","negative"
"вспучить","negative"
"вспучиться","negative"
"вспылить","negative"
"вспыльчивость","negative"
"вспыльчивый","negative"
"вспыхивать","negative"
"вспыхнуть","negative"
"встопорщиться","negative"
"встревать","negative"
"встревоженность","negative"
"встревожить","negative"
"встревожиться","negative"
"встрепать","negative"
"встрять","negative"
"всухомятку","negative"
"всучивать","negative"
"всучить","negative"
"всхлип","negative"
"всхлипнуть","negative"
"всхлипывание","negative"
"всхлипывать","negative"
"всхрапывать","negative"
"всыпать","negative"
"втаптывать","negative"
"втащить","negative"
"втемяшить","negative"
"втереться","negative"
"втирание","negative"
"втирать","negative"
"втираться","negative"
"втискиваться","negative"
"втихомолку","negative"
"втихомолочку","negative"
"втихую","negative"
"втоптать","negative"
"вторгаться","negative"
"вторгнуться","negative"
"вторжение","negative"
"второгодник","negative"
"второсортный","negative"
"втравить","negative"
"втравливать","positive"
"втридорога","negative"
"втёмную","negative"
"вулканизм","negative"
"вульгарность","negative"
"вульгарный","negative"
"вурдалак","negative"
"вхолостую","negative"
"вцепиться","negative"
"вцепляться","negative"
"вша","negative"
"вшивость","negative"
"вшивый","negative"
"въедаться","negative"
"въедливость","negative"
"въедливый","negative"
"въедчивость","negative"
"въедчивый","negative"
"въесться","negative"
"выбалтывать","negative"
"выбивание","negative"
"выбить","negative"
"выбоина","negative"
"выбоинка","negative"
"выболтать","negative"
"выбраковывать","negative"
"выбранить","negative"
"выбраниться","negative"
"выбрасываться","negative"
"выброс","negative"
"выбросить","negative"
"выброситься","negative"
"выброска","negative"
"выбывание","negative"
"выбывать","negative"
"выбыть","negative"
"вываливать","negative"
"вываливаться","negative"
"вывалиться","negative"
"вываляться","negative"
"вывих","negative"
"вывихивать","negative"
"вывихнуть","negative"
"выволакивать","negative"
"выволочь","negative"
"выворотить","negative"
"выгнать","negative"
"выговор","negative"
"выгонять","negative"
"выгораживать","negative"
"выгорать","negative"
"выгореть","negative"
"выгрызать","negative"
"выгрызть","negative"
"выдалбливание","negative"
"выдворение","negative"
"выдворить","negative"
"выдворять","negative"
"выдирать","negative"
"выдохнуться","negative"
"выдрать","negative"
"выдыхаться","negative"
"выдёргиваться","negative"
"выедать","negative"
"выесть","negative"
"выжечь","negative"
"выжигатель","negative"
"выжрать","negative"
"вызнавать","negative"
"выискивание","negative"
"выкалывать","negative"
"выкать","negative"
"выкачивание","negative"
"выкашлять","negative"
"выкидывать","negative"
"выкидываться","negative"
"выкидыш","negative"
"выкинуться","negative"
"выкипать","negative"
"выкипеть","negative"
"выклевать","negative"
"выключиться","negative"
"выклянчивать","negative"
"выклянчить","negative"
"выковырнуть","negative"
"выколачивание","negative"
"выколачивать","negative"
"выколотить","negative"
"выколоть","negative"
"выкормыш","negative"
"выкрадывать","negative"
"выкрасть","negative"
"выкрик","negative"
"выкрикивание","negative"
"выкрикивать","negative"
"выкрикнуть","negative"
"выкрошиться","negative"
"выкрутасы","positive"
"выкуривание","negative"
"выкуривать","negative"
"выкурить","negative"
"выкусить","negative"
"выкусывать","negative"
"выламывать","negative"
"выламываться","negative"
"выломать","negative"
"вылупить","negative"
"вымазать","negative"
"вымазаться","negative"
"вымазывать","negative"
"вымазываться","negative"
"вымаливать","negative"
"выманивать","negative"
"выманить","negative"
"вымарать","negative"
"выматерить","negative"
"выматывать","negative"
"выматываться","negative"
"вымереть","negative"
"вымерзать","negative"
"вымерзнуть","negative"
"выместить","negative"
"выметаться","negative"
"выметнуться","negative"
"вымещать","negative"
"вымирание","negative"
"вымирать","negative"
"вымогание","negative"
"вымогатель","negative"
"вымогательница","negative"
"вымогательский","negative"
"вымогательство","negative"
"вымогать","negative"
"вымокнуть","negative"
"вымораживать","negative"
"выморозить","negative"
"вымотать","negative"
"вымотаться","negative"
"вымучивать","negative"
"вымучить","negative"
"вымётывать","negative"
"вымётываться","negative"
"вынудить","negative"
"вынуждать","negative"
"вынужденный","negative"
"вынюхать","negative"
"вынюхивать","negative"
"выпадание","negative"
"выпадать","negative"
"выпадение","negative"
"выпалить","negative"
"выпасть","negative"
"выпачкать","negative"
"выпачкаться","negative"
"выпендриваться","negative"
"выпендрёж","negative"
"выпереть","negative"
"выпивать","negative"
"выпивка","negative"
"выпирать","negative"
"выпихивать","negative"
"выпихнуть","negative"
"выпихнуться","negative"
"выплакать","negative"
"выплакаться","negative"
"выплакивать","negative"
"выплюнуть","negative"
"выплёвывать","negative"
"выпороть","negative"
"выпотрошить","negative"
"выпрашивать","negative"
"выпроваживание","negative"
"выпроваживать","negative"
"выпроводить","negative"
"выпросить","negative"
"выпучиваться","negative"
"выпучить","negative"
"выпучиться","negative"
"выпытать","negative"
"выпытывать","negative"
"выпяливаться","negative"
"выпялиться","negative"
"выпятить","negative"
"выпятиться","negative"
"выпячивать","negative"
"выпячиваться","negative"
"вырвать","negative"
"вырисовываться","negative"
"выродиться","negative"
"выродок","negative"
"вырождаться","negative"
"вырожденец","negative"
"вырождение","negative"
"выронить","negative"
"выруб","negative"
"вырубание","negative"
"вырубать","negative"
"вырубаться","negative"
"вырубить","negative"
"вырубиться","negative"
"вырубка","negative"
"выругать","negative"
"выругаться","negative"
"вырывание","negative"
"вырывать","negative"
"вырядить","negative"
"вырядиться","negative"
"выселение","negative"
"выселить","negative"
"выселять","negative"
"выселяться","negative"
"высечь","negative"
"выскочка","negative"
"выслеживание","negative"
"выслеживать","negative"
"выслуживание","negative"
"выслуживаться","negative"
"выслужиться","negative"
"высмеивание","negative"
"высмеивать","negative"
"высмеять","negative"
"высококалорийный","negative"
"высокомерие","negative"
"высокомерность","negative"
"высокомерный","negative"
"высокопарный","negative"
"высохший","negative"
"выспрашивать","negative"
"выставляться","negative"
"выстрадать","negative"
"выстрел","negative"
"выстреливать","negative"
"выстрелить","negative"
"высылка","negative"
"высыпание","negative"
"выталкивание","negative"
"вытаптывать","negative"
"вытаращить","negative"
"вытаращиться","negative"
"вытворить","negative"
"вытворять","negative"
"вытеснение","negative"
"вытеснить","negative"
"вытеснять","negative"
"вытолкать","negative"
"вытолкнуть","negative"
"вытоптать","negative"
"вытошнить","negative"
"вытравить","negative"
"вытравливать","negative"
"вытравлять","negative"
"вытребовать","negative"
"вытрезвитель","negative"
"вытрясать","negative"
"вытрясти","negative"
"выть","negative"
"выхаркивать","negative"
"выхваляться","negative"
"выхватить","negative"
"выхватывать","negative"
"выхлестать","negative"
"выхлестнуть","negative"
"выхлоп","negative"
"выхлопной","negative"
"выходка","negative"
"выцарапать","negative"
"выцарапывать","negative"
"выцвести","negative"
"выцветать","negative"
"выцыганить","negative"
"вычеркнуть","negative"
"вычет","negative"
"вычитание","negative"
"вычурность","negative"
"вычурный","negative"
"вычёркивание","negative"
"вышвыривать","negative"
"вышвырнуть","negative"
"вышибание","negative"
"вышибать","negative"
"вышибить","negative"
"вышмыгнуть","negative"
"вышучивать","negative"
"вязнуть","negative"
"вяканье","negative"
"вякать","negative"
"вякнуть","negative"
"вялость","negative"
"вялый","negative"
"вянуть","negative"
"гавканье","negative"
"гавкать","negative"
"гавкнуть","negative"
"гад","negative"
"гаденький","negative"
"гадина","negative"
"гадить","negative"
"гадкий","negative"
"гадливость","negative"
"гадостный","negative"
"гадость","negative"
"гадюка","negative"
"гадючий","negative"
"гадюшник","negative"
"гадёныш","negative"
"газетёнка","negative"
"гайморит","negative"
"галдение","negative"
"галдеть","negative"
"галдёж","negative"
"галлюцинаторный","negative"
"галлюцинация","negative"
"галлюцинировать","negative"
"галлюциноген","negative"
"гангрена","negative"
"гангренозный","negative"
"гангстер","negative"
"гангстерский","negative"
"гаркнуть","negative"
"гарпия","negative"
"гарь","negative"
"гаснуть","negative"
"гастарбайтер","negative"
"геенна","negative"
"гематома","negative"
"геноцид","negative"
"географичка","negative"
"гепатит","negative"
"гестапо","negative"
"гестаповец","negative"
"гестаповский","negative"
"гетто","negative"
"гибель","negative"
"гибельность","negative"
"гибельный","negative"
"гиблый","negative"
"гибнуть","negative"
"гигантизм","negative"
"гигантомания","negative"
"гиена","negative"
"гильотина","negative"
"гинуть","negative"
"гиперинфляция","negative"
"гиперсексуальность","negative"
"гипертоник","negative"
"гипертония","negative"
"гипертрофированный","negative"
"глазеть","negative"
"глаукома","negative"
"глодать","negative"
"глохнуть","negative"
"глумиться","negative"
"глумление","negative"
"глумливый","negative"
"глупенький","negative"
"глупеть","negative"
"глупец","negative"
"глупить","negative"
"глуповатый","negative"
"глупость","negative"
"глупый","negative"
"глупыш","negative"
"глупышка","negative"
"глуховатый","negative"
"глухомань","negative"
"глухота","negative"
"глушить","negative"
"глушь","negative"
"глюк","negative"
"гнать","negative"
"гнев","negative"
"гневаться","negative"
"гневить","negative"
"гневливость","negative"
"гневливый","negative"
"гневный","negative"
"гнести","negative"
"гниение","negative"
"гниловатый","negative"
"гнилой","negative"
"гнилостный","negative"
"гнилость","negative"
"гниль","negative"
"гнильё","negative"
"гнить","negative"
"гноить","negative"
"гноиться","negative"
"гной","negative"
"гнойник","negative"
"гнойничковый","negative"
"гнойный","negative"
"гнусавить","negative"
"гнусавость","negative"
"гнусавый","negative"
"гнусность","negative"
"гнусный","negative"
"гоблин","negative"
"говорливость","negative"
"говорливый","negative"
"головокружение","negative"
"головомойка","negative"
"головорез","negative"
"голод","negative"
"голодание","negative"
"голодать","negative"
"голодный","negative"
"голодовка","negative"
"голодранец","negative"
"голодуха","negative"
"гололедица","negative"
"гололёд","negative"
"голосить","negative"
"голословный","negative"
"гомонить","negative"
"гомофоб","negative"
"гомофобия","negative"
"гон","negative"
"гонение","negative"
"гоп-стоп","negative"
"гопота","negative"
"горб","negative"
"горбатить","negative"
"горбатиться","negative"
"горбиться","negative"
"горбоносый","negative"
"горбун","negative"
"горгона","negative"
"горделивость","negative"
"горделивый","negative"
"гордец","negative"
"гордыня","negative"
"гордячка","negative"
"горе","negative"
"горевать","negative"
"горелый","negative"
"горемыка","negative"
"горемычный","negative"
"горестный","negative"
"горесть","negative"
"гореть","negative"
"горечь","negative"
"горланить","negative"
"горластый","negative"
"горлодёр","negative"
"горлопанить","negative"
"городить","negative"
"горчить","negative"
"горыныч","negative"
"горький","negative"
"горько-солёный","negative"
"горьковатый","negative"
"горюшко","negative"
"горячечный","negative"
"горячить","negative"
"горячиться","negative"
"горячка","positive"
"госдолг","negative"
"госпереворот","negative"
"госпитализация","negative"
"госпитализировать","negative"
"господинчик","negative"
"готы","negative"
"грабитель","negative"
"грабительница","negative"
"грабительски","negative"
"грабительский","negative"
"грабительство","negative"
"грабить","negative"
"грабёж","negative"
"градобитный","negative"
"гранатомёт","negative"
"гранатомётный","negative"
"гранатомётчик","negative"
"греметь","positive"
"гремучий","negative"
"грех","negative"
"греховность","negative"
"греховный","negative"
"грехопадение","negative"
"грешить","negative"
"грешник","negative"
"грешница","negative"
"грешный","negative"
"грешок","negative"
"грибковый","negative"
"грибок","negative"
"гримаса","negative"
"гримасничать","negative"
"грипп","negative"
"гроб","negative"
"гробик","negative"
"гробить","negative"
"гробовой","negative"
"гробокопатель","negative"
"гроза","negative"
"грозить","negative"
"грозиться","negative"
"грозность","negative"
"грозный","negative"
"грозовой","negative"
"громить","negative"
"громоздить","negative"
"громоздкий","negative"
"громоздкость","negative"
"громыханье","negative"
"громыхать","negative"
"громыхнуть","negative"
"грохать","negative"
"грохаться","negative"
"грохнуть","negative"
"грохнуться","negative"
"грохот","negative"
"грохотанье","negative"
"грохотать","negative"
"грохотнуть","negative"
"грошовый","negative"
"грубейший","negative"
"грубеть","negative"
"грубить","negative"
"грубиян","negative"
"грубиянить","negative"
"грубиянка","negative"
"грубоватый","negative"
"грубость","negative"
"грубый","negative"
"грузиться","negative"
"грузноватый","negative"
"грузность","negative"
"грузный","negative"
"грустить","negative"
"грустнеть","negative"
"грустноватый","negative"
"грустный","negative"
"грусть","negative"
"грыжа","negative"
"грызня","negative"
"грызться","negative"
"грязища","negative"
"грязнейший","negative"
"грязненький","negative"
"грязнить","negative"
"грязниться","negative"
"грязноватый","negative"
"грязнуля","negative"
"грязный","negative"
"грязь","negative"
"грянуть","negative"
"губастый","negative"
"губитель","negative"
"губительность","negative"
"губительный","negative"
"губить","negative"
"губошлёп","negative"
"гул","negative"
"гульнуть","negative"
"гуляка","negative"
"гулянка","negative"
"гулящий","negative"
"гундосить","negative"
"давилка","negative"
"давить","negative"
"давиться","negative"
"давка","negative"
"давление","negative"
"давленый","negative"
"дальнозоркость","negative"
"дальтонизм","negative"
"дальтоник","negative"
"дань","negative"
"дармоед","negative"
"дармоедничать","negative"
"даун","negative"
"двоевластие","negative"
"двоедушный","negative"
"двоеженец","negative"
"двоеженство","negative"
"двоечник","negative"
"двоечница","negative"
"двойка","negative"
"двоякость","negative"
"двуликий","negative"
"двуличие","negative"
"двуличность","negative"
"двуличный","negative"
"деактивация","negative"
"дебилизация","negative"
"дебилизм","negative"
"дебильность","negative"
"дебош","negative"
"дебошир","negative"
"дебоширить","negative"
"дебоширство","negative"
"дебри","negative"
"деваха","negative"
"девка","negative"
"дегенерат","negative"
"дегенеративный","negative"
"дегенерация","negative"
"дегенерировать","negative"
"деградация","negative"
"деградировать","negative"
"дедлайн","negative"
"дедовщина","negative"
"дезадаптация","negative"
"дезактивация","negative"
"дезертир","negative"
"дезертировать","negative"
"дезертирский","negative"
"дезертирство","negative"
"дезинтеграция","negative"
"дезинформатор","negative"
"дезинформационный","negative"
"дезинформация","negative"
"дезинформировать","negative"
"дезорганизовать","negative"
"дезорганизовывать","negative"
"дезориентация","negative"
"дезориентировать","negative"
"деконструкция","negative"
"делёж","negative"
"делёжка","negative"
"демагогия","negative"
"демон","negative"
"демонизм","negative"
"демонический","negative"
"демонский","negative"
"деморализовать","negative"
"деньжонки","negative"
"депортация","negative"
"депресняк","negative"
"депрессивный","negative"
"депрессия","negative"
"депрессняк","negative"
"депрессуха","negative"
"дергануть","negative"
"деревенеть","negative"
"деревенщина","negative"
"дерзить","negative"
"дерзкий","positive"
"дерзновение","positive"
"дерзновенность","positive"
"дерзновенный","positive"
"дерзнуть","positive"
"дерзостный","positive"
"дерзость","positive"
"дерматит","negative"
"десинхронизация","negative"
"деспот","negative"
"деспотизм","negative"
"деспотически","negative"
"деспотический","negative"
"деспотичный","negative"
"деспотия","negative"
"дестабилизация","negative"
"деструктивность","negative"
"деструктивный","negative"
"деструкция","negative"
"детдом","negative"
"детдомовец","negative"
"детдомовский","negative"
"детонатор","negative"
"детонировать","negative"
"детоубийство","negative"
"детоубийца","negative"
"дефект","negative"
"дефективность","negative"
"дефективный","negative"
"дефектность","negative"
"дефектный","negative"
"дефицит","negative"
"дефицитность","negative"
"дефицитный","negative"
"дефолт","negative"
"деформация","negative"
"деформирование","negative"
"деформировать","negative"
"деформироваться","negative"
"дешёвенький","negative"
"дешёвка","negative"
"диабет","negative"
"диабетик","negative"
"диабетический","negative"
"диарея","negative"
"диверсант","negative"
"диверсантка","negative"
"диверсионный","negative"
"диверсия","negative"
"дизентерия","negative"
"дикарка","negative"
"дикарский","negative"
"дикарство","negative"
"дикарь","negative"
"дикий","negative"
"диковатый","negative"
"дикость","negative"
"диктат","negative"
"диктатор","negative"
"диктаторски","negative"
"диктаторский","negative"
"диктаторство","negative"
"диктаторствовать","negative"
"диктатура","negative"
"дилетант","negative"
"дилетантка","negative"
"дилетантски","negative"
"дилетантский","negative"
"дилетантство","negative"
"динамит","negative"
"директорша","negative"
"дисбактериоз","negative"
"дисбаланс","negative"
"дисгармоничность","negative"
"дисгармония","negative"
"дисквалификация","negative"
"дисквалифицировать","negative"
"дискомфорт","negative"
"дискомфортность","negative"
"дискредитация","negative"
"дискредитировать","negative"
"дискриминационный","negative"
"дискриминация","negative"
"дискриминировать","negative"
"диссидентский","negative"
"диссонанс","negative"
"диссонансный","negative"
"дистрофик","negative"
"дистрофический","negative"
"дистрофия","negative"
"дисфункция","negative"
"дифтерийный","negative"
"дичать","negative"
"дичиться","negative"
"днище","negative"
"добаловаться","negative"
"добегаться","negative"
"добивание","negative"
"добивать","negative"
"добить","negative"
"довоеваться","negative"
"догнивать","negative"
"догола","negative"
"доживать","negative"
"дожрать","negative"
"доиграться","negative"
"доискиваться","negative"
"доканывать","negative"
"докапываться","negative"
"докатиться","negative"
"докатываться","negative"
"доконать","negative"
"докопаться","negative"
"докуривать","negative"
"докурить","negative"
"докуриться","negative"
"докучать","negative"
"докучливость","positive"
"докучливый","positive"
"докучность","negative"
"докучный","negative"
"доламывать","negative"
"долбануть","negative"
"долбать","negative"
"долбить","negative"
"долбление","negative"
"долбёжка","negative"
"долг","negative"
"долговой","negative"
"долговязый","negative"
"долгострой","negative"
"должник","negative"
"должница","negative"
"должок","negative"
"долой","negative"
"доломать","negative"
"домогательство","negative"
"домогаться","negative"
"домучиваться","negative"
"домучиться","negative"
"домушник","negative"
"донельзя","negative"
"донесение","negative"
"донжуанский","negative"
"донимать","negative"
"донос","negative"
"доноситель","negative"
"доносительство","negative"
"доносить","negative"
"доносчик","negative"
"доносчица","negative"
"доношение","negative"
"допекать","negative"
"допинг","negative"
"допиться","negative"
"доплестись","negative"
"доплюнуть","negative"
"допотопность","negative"
"допотопный","negative"
"допрашивать","negative"
"допрашиваться","negative"
"допрос","negative"
"допросить","negative"
"допроситься","negative"
"допросный","negative"
"допросчик","negative"
"допрыгаться","negative"
"допытаться","negative"
"допытывать","negative"
"допытываться","negative"
"допьяна","negative"
"дорваться","negative"
"дороговатый","negative"
"дороговизна","negative"
"дорожать","negative"
"дорыться","negative"
"досада","negative"
"досадить","negative"
"досадливый","negative"
"досадный","negative"
"досадовать","negative"
"досаждать","negative"
"доскакаться","negative"
"досмотр","negative"
"доставание","negative"
"дотащиться","negative"
"дотла","negative"
"дотошность","positive"
"дотошный","positive"
"дохлый","negative"
"дохляк","negative"
"дохлятина","negative"
"дохнуть","negative"
"доходяга","negative"
"дочитаться","negative"
"дразнилка","negative"
"дразнить","negative"
"дразниться","negative"
"дразняще","negative"
"драка","negative"
"драконовский","negative"
"драма","negative"
"драматизация","negative"
"драматизировать","negative"
"драматизм","positive"
"драматически","negative"
"драматический","negative"
"драматичный","negative"
"драндулет","negative"
"драный","negative"
"дрань","negative"
"драпать","negative"
"драть","negative"
"драться","negative"
"драчливость","negative"
"драчливый","negative"
"драчун","negative"
"драчунья","negative"
"дребедень","negative"
"дребезг","negative"
"дребезжание","negative"
"дребезжать","negative"
"дрейфить","negative"
"дремучесть","negative"
"дремучий","negative"
"дробовик","negative"
"дрожать","negative"
"дрожь","negative"
"дрыщ","negative"
"дрючить","negative"
"дряблость","negative"
"дряблый","negative"
"дрянной","negative"
"дрянь","negative"
"дряхлеть","negative"
"дряхлость","negative"
"дряхлый","negative"
"дубак","negative"
"дубасить","negative"
"дубина","negative"
"дубинка","negative"
"дурак","negative"
"дуралей","negative"
"дурацкий","negative"
"дурачество","negative"
"дурачина","negative"
"дурачить","negative"
"дурачок","negative"
"дурачьё","negative"
"дурашливость","negative"
"дурдом","negative"
"дурень","negative"
"дуреть","negative"
"дурить","positive"
"дурка","negative"
"дурман","negative"
"дурманить","negative"
"дурманный","negative"
"дурнеть","negative"
"дурновкусие","negative"
"дурной","negative"
"дурнота","negative"
"дурнушка","negative"
"дурость","negative"
"дурочка","negative"
"дурь","positive"
"дурёха","negative"
"дуться","negative"
"духота","negative"
"душегуб","negative"
"душегубец","negative"
"душегубка","negative"
"душегубство","negative"
"душераздирающий","positive"
"душитель","negative"
"душить","negative"
"душноватый","negative"
"душный","negative"
"душок","negative"
"душонка","negative"
"дуэль","negative"
"дуэльный","negative"
"дыбом","negative"
"дылда","negative"
"дымить","negative"
"дымиться","negative"
"дымный","negative"
"дырища","negative"
"дырявить","negative"
"дырявый","negative"
"дьявол","negative"
"дьяволица","negative"
"дьявольски","negative"
"дьявольский","negative"
"дьявольщина","negative"
"дьяволёнок","negative"
"дёргание","negative"
"дёрганый","negative"
"дёрганье","negative"
"дёргаться","negative"
"единовластный","negative"
"единоличник","negative"
"едкий","negative"
"едкость","negative"
"еле-еле","negative"
"елозить","negative"
"емеля","negative"
"ересь","negative"
"еретик","negative"
"еретический","negative"
"еретичество","negative"
"еретичка","negative"
"ерунда","negative"
"ерундистика","negative"
"ерундовина","negative"
"ерундовый","negative"
"ершистость","negative"
"ершистый","negative"
"ершиться","negative"
"ехидненько","negative"
"ехидничать","negative"
"ехидность","negative"
"ехидный","negative"
"ехидство","negative"
"жабий","negative"
"жадина","negative"
"жадничать","negative"
"жадность","negative"
"жадный","positive"
"жадюга","negative"
"жажда","negative"
"жалить","negative"
"жалиться","negative"
"жалкий","negative"
"жалкость","negative"
"жалоба","negative"
"жалобность","negative"
"жалобный","negative"
"жалобщик","negative"
"жаловаться","negative"
"жалостливость","negative"
"жалостливый","positive"
"жалостный","positive"
"жар","negative"
"жаргон","negative"
"жаргонизм","negative"
"жаргонный","negative"
"жарища","negative"
"жаться","negative"
"жахнуть","negative"
"жбан","negative"
"жгучесть","negative"
"жгучий","positive"
"желтолицый","negative"
"желторотый","negative"
"желтуха","negative"
"желтушный","negative"
"желчно","negative"
"желчность","negative"
"желчь","negative"
"женатик","negative"
"женишок","negative"
"женоненавистник","negative"
"женоненавистничество","negative"
"женоподобный","negative"
"женоубийство","negative"
"женоубийца","negative"
"жертва","negative"
"жертвенник","negative"
"жертвенный","positive"
"жертвование","negative"
"жертвоприношение","negative"
"жестковатый","negative"
"жестокий","negative"
"жестокосердие","negative"
"жестокосердный","negative"
"жестокосердый","negative"
"жестокость","negative"
"жесточайший","negative"
"жесть","negative"
"жечь","negative"
"жечься","negative"
"жжение","negative"
"жжёный","negative"
"живоглот","negative"
"живодёр","negative"
"живодёрка","negative"
"живодёрня","negative"
"живодёрство","negative"
"животина","negative"
"животность","negative"
"жир","negative"
"жирдяй","negative"
"жиреть","negative"
"жирность","negative"
"жирный","negative"
"жиробас","negative"
"жировать","negative"
"жирок","negative"
"жируха","negative"
"житьишко","negative"
"жлоб","negative"
"жлобство","negative"
"жмот","negative"
"жмурик","negative"
"жор","negative"
"жратва","negative"
"жрать","negative"
"жулик","negative"
"жуликоватый","negative"
"жульничать","negative"
"жульнический","negative"
"жульничество","negative"
"жульё","negative"
"журналюга","negative"
"жуткий","negative"
"жутковатый","negative"
"жуткость","negative"
"жуть","negative"
"жухлый","negative"
"жухнуть","negative"
"жёваный","negative"
"жёлчный","negative"
"жёлчь","negative"
"жёсткий","negative"
"жёсткость","negative"
"заангажированность","negative"
"забаловать","positive"
"забалтывать","negative"
"забарахлить","negative"
"забаррикадироваться","negative"
"забастовать","negative"
"забастовка","negative"
"забастовочный","negative"
"забастовщик","negative"
"забастовщики","negative"
"забастовщица","negative"
"забвенье","negative"
"забегаловка","negative"
"забегаться","negative"
"забелеть","negative"
"забеспокоиться","negative"
"забивание","negative"
"забиваться","negative"
"забитость","negative"
"забитый","negative"
"забить","negative"
"забиться","negative"
"забияка","negative"
"заблевать","negative"
"заблокировать","negative"
"заблудиться","negative"
"заблудший","negative"
"заблуждаться","negative"
"заблуждение","negative"
"заблёвывать","negative"
"забодать","negative"
"заболачивание","negative"
"заболеваемость","negative"
"заболевание","negative"
"заболевать","negative"
"заболеть","negative"
"заболтать","negative"
"забояться","negative"
"забраковать","negative"
"забрести","negative"
"забрехать","negative"
"забродить","negative"
"забросать","negative"
"забросить","negative"
"заброшенность","negative"
"забрызгать","negative"
"забрызгаться","negative"
"забрызгивать","negative"
"забрюхатеть","negative"
"забубнить","negative"
"забуксовать","negative"
"забурчать","negative"
"забухать","negative"
"забушевать","negative"
"забывание","negative"
"забывать","negative"
"забываться","negative"
"забывчивость","negative"
"забывчивый","negative"
"забыть","negative"
"забыться","negative"
"забытьё","negative"
"заважничать","negative"
"завал","negative"
"заваливание","negative"
"заваливать","positive"
"заваливаться","negative"
"завалить","positive"
"завалиться","negative"
"завалящий","negative"
"заваруха","negative"
"заварушка","negative"
"завербовать","negative"
"заверещать","negative"
"завестись","negative"
"завидовать","negative"
"завидущий","negative"
"завизжать","negative"
"зависание","negative"
"зависать","negative"
"зависеть","negative"
"зависимость","negative"
"зависимый","negative"
"зависнуть","negative"
"завистливость","negative"
"завистливый","negative"
"завистник","negative"
"завистница","negative"
"зависть","negative"
"завладевать","negative"
"завладение","negative"
"завладеть","negative"
"завоевание","negative"
"завоеватель","negative"
"завоевать","negative"
"заволноваться","negative"
"заволочь","negative"
"завонять","negative"
"завопить","negative"
"заворчать","negative"
"завоёвывать","negative"
"завраться","negative"
"завшиветь","negative"
"завывание","negative"
"завывать","negative"
"завывающий","negative"
"завысить","negative"
"завыть","negative"
"завышать","negative"
"завышение","negative"
"завядший","negative"
"завязнуть","negative"
"завянуть","negative"
"загавкать","negative"
"загадить","negative"
"загаживать","negative"
"загазованность","negative"
"загалдеть","negative"
"загвоздка","negative"
"загибаться","negative"
"заглохнуть","negative"
"заглушаться","negative"
"заглушить","negative"
"заглушиться","negative"
"загнаиваться","negative"
"загнанность","negative"
"загнать","negative"
"загнивание","negative"
"загнивать","negative"
"загнить","negative"
"загноение","negative"
"загноить","negative"
"загноиться","negative"
"загнуться","negative"
"заговаривать","negative"
"заговариваться","negative"
"заговор","negative"
"заговориться","negative"
"заговорный","negative"
"заговорщик","negative"
"заговорщица","negative"
"заговорщицки","negative"
"заговорщицкий","negative"
"заговорщически","negative"
"заговорщический","negative"
"заголосить","negative"
"загонять","negative"
"загордиться","negative"
"загоревать","negative"
"загородиться","negative"
"загорячиться","negative"
"загоститься","negative"
"заграбастать","negative"
"заградить","negative"
"заграждать","negative"
"загребущий","negative"
"загреметь","negative"
"загробить","negative"
"загробный","negative"
"загромождать","negative"
"загромождение","negative"
"загромоздить","negative"
"загромыхать","negative"
"загрохотать","negative"
"загрубелость","negative"
"загрубелый","negative"
"загрубеть","negative"
"загруженность","negative"
"загрустить","negative"
"загрызать","negative"
"загрызть","negative"
"загрязнение","negative"
"загрязнитель","negative"
"загрязнить","negative"
"загрязниться","negative"
"загрязнуть","negative"
"загрязнять","negative"
"загрязняться","negative"
"загрязнённость","negative"
"загубить","negative"
"загул","negative"
"загулять","negative"
"загуляться","negative"
"задавака","negative"
"задаваться","negative"
"задавить","negative"
"задавливать","negative"
"задалбливать","negative"
"задевать","negative"
"задеваться","negative"
"заделаться","negative"
"задеревенеть","negative"
"задержание","negative"
"задержать","negative"
"задерживание","negative"
"задерживать","negative"
"задерживаться","negative"
"задержка","negative"
"задеть","negative"
"задира","negative"
"задирание","negative"
"задирать","negative"
"задираться","positive"
"задиристость","negative"
"задиристый","positive"
"задичать","negative"
"задница","negative"
"задолбить","negative"
"задолжать","negative"
"задолженность","negative"
"задолжник","negative"
"задорого","negative"
"задохлик","negative"
"задохнуться","negative"
"задразнить","negative"
"задрать","negative"
"задраться","negative"
"задребезжать","negative"
"задрожать","negative"
"задубелый","negative"
"задубеть","negative"
"задурить","negative"
"задурманивать","negative"
"задушить","negative"
"задушиться","negative"
"задымить","negative"
"задымиться","negative"
"задымление","negative"
"задымлённость","negative"
"задыхаться","negative"
"задёргать","negative"
"задёргаться","negative"
"заедание","negative"
"заедать","negative"
"заедаться","negative"
"заездить","negative"
"заелозить","negative"
"зажариться","negative"
"зажатость","negative"
"зажать","negative"
"зажаться","negative"
"заждаться","positive"
"заживо","negative"
"зажиматься","negative"
"зажиреть","negative"
"зажиться","negative"
"зажраться","negative"
"зазевать","negative"
"зазеваться","negative"
"зазнаваться","negative"
"зазнайка","negative"
"зазнайство","negative"
"зазнаться","negative"
"зазноба","positive"
"зазнобить","negative"
"зазорный","negative"
"зазябнуть","negative"
"зазёвываться","negative"
"заиграться","negative"
"заигрываться","negative"
"заика","negative"
"заикание","negative"
"заикаться","negative"
"заискивать","negative"
"заказуха","negative"
"закалывание","negative"
"закаменеть","negative"
"заканючить","negative"
"закапризничать","negative"
"закаркать","negative"
"закармливать","negative"
"закашливаться","negative"
"закашлять","negative"
"закашляться","negative"
"закидать","negative"
"закидываться","negative"
"закинуться","negative"
"закипать","negative"
"закисать","negative"
"закиснуть","negative"
"закладчик","negative"
"заклевать","negative"
"заклеймить","negative"
"заклинать","negative"
"заклинивание","negative"
"заклинивать","negative"
"заклиниваться","negative"
"заклинить","negative"
"заклиниться","negative"
"заклятие","negative"
"заковать","negative"
"заковывать","negative"
"заковылять","negative"
"заковыристый","negative"
"заколдовать","negative"
"заколдовывать","negative"
"заколебать","negative"
"заколебаться","negative"
"заколотиться","negative"
"заколоть","negative"
"заколоться","negative"
"закомплексованность","negative"
"закопаться","negative"
"закопошиться","negative"
"закормить","negative"
"закосить","negative"
"закостеневать","negative"
"закостенелость","negative"
"закостенелый","negative"
"закостенеть","negative"
"закоченеть","negative"
"закрасться","negative"
"закрепостить","negative"
"закрепощать","negative"
"закрепощение","negative"
"закрепощённость","negative"
"закричать","negative"
"закручиниться","negative"
"закрытость","negative"
"закрыться","negative"
"закряхтеть","negative"
"закуривать","negative"
"закурить","negative"
"закуриться","negative"
"закусать","negative"
"заламывать","negative"
"залаять","negative"
"заледенеть","negative"
"залежалый","negative"
"залежаться","negative"
"залететь","negative"
"залипать","negative"
"залиться","negative"
"заложник","negative"
"заложница","negative"
"заложничество","negative"
"заломить","negative"
"залысина","negative"
"заляпать","negative"
"заляпывать","negative"
"залёживаться","negative"
"залёт","negative"
"залётный","negative"
"замалчивание","negative"
"замалчивать","negative"
"заманивание","negative"
"заманивать","negative"
"заманить","negative"
"замануха","negative"
"замарать","negative"
"замараться","negative"
"замарашка","negative"
"замахиваться","negative"
"замахнуться","positive"
"замашка","negative"
"замаяться","negative"
"замедленность","negative"
"замерзание","negative"
"замерзать","negative"
"замертво","negative"
"замечание","negative"
"замешательство","negative"
"замешаться","negative"
"замешкаться","negative"
"заминать","negative"
"заминировать","negative"
"заминка","negative"
"замкнутость","negative"
"замкнуться","negative"
"замогильный","negative"
"замолкнуть","negative"
"заморить","negative"
"замориться","negative"
"заморочить","negative"
"заморочка","negative"
"замотаться","negative"
"замочить","negative"
"замуровать","negative"
"замуровывать","negative"
"замуровываться","negative"
"замусоливать","negative"
"замусоривание","negative"
"замусоривать","negative"
"замусориваться","negative"
"замусорить","negative"
"замутиться","negative"
"замутнеть","negative"
"замухрышка","negative"
"замучивать","negative"
"замучиваться","negative"
"замучить","negative"
"замучиться","negative"
"замызгать","negative"
"замызгивать","negative"
"замыкание","negative"
"замыкаться","negative"
"замыслить","negative"
"замышлять","negative"
"замямлить","negative"
"замять","negative"
"замяться","negative"
"замёрзнуть","negative"
"занеметь","negative"
"занемочь","negative"
"занервничать","negative"
"занестись","negative"
"занижать","negative"
"занижение","negative"
"занизить","negative"
"заноза","negative"
"занозистый","negative"
"занозить","negative"
"занос","negative"
"заноситься","negative"
"заносчивость","negative"
"заносчивый","negative"
"заношенность","negative"
"зануда","negative"
"занудливый","negative"
"занудность","negative"
"занудный","negative"
"занудство","negative"
"заныть","negative"
"занянчить","negative"
"заорать","negative"
"западать","positive"
"западня","negative"
"запаздывание","negative"
"запаздывать","negative"
"запакостить","negative"
"запалить","negative"
"запалиться","negative"
"запальчивый","negative"
"запамятовать","negative"
"запаниковать","negative"
"запарить","negative"
"запариться","negative"
"запарка","negative"
"запарывать","negative"
"запачкать","negative"
"запачкаться","negative"
"запашок","negative"
"запереть","negative"
"запереться","negative"
"запершить","negative"
"запечалиться","negative"
"запинаться","negative"
"запинка","negative"
"запирание","negative"
"запирать","negative"
"запихать","negative"
"запихнуть","negative"
"заплакать","negative"
"заплевать","negative"
"заплесневелый","negative"
"заплесневеть","negative"
"заплутать","negative"
"заплутаться","negative"
"заплёвывать","negative"
"запнуться","negative"
"заподазривать","negative"
"заподозрить","negative"
"запоздалый","negative"
"запоздание","negative"
"запоздать","negative"
"запой","negative"
"запойный","negative"
"запор","negative"
"запороть","negative"
"запрет","negative"
"запретительный","negative"
"запретить","negative"
"запретный","negative"
"запрещать","negative"
"запрещаться","negative"
"запрещение","negative"
"запричитать","negative"
"запропаститься","negative"
"запропасть","negative"
"запротестовать","negative"
"запрудить","negative"
"запуганность","negative"
"запугать","negative"
"запугивание","negative"
"запугивать","negative"
"запудрить","negative"
"запулить","negative"
"запустение","negative"
"запустеть","negative"
"запутанность","negative"
"запутанный","negative"
"запутать","negative"
"запутаться","negative"
"запутывание","negative"
"запутывать","negative"
"запутываться","negative"
"запущенность","negative"
"запылить","negative"
"запылиться","negative"
"запылённость","negative"
"запыхаться","negative"
"запыхтеть","negative"
"запьянеть","negative"
"запятнать","negative"
"зарабатываться","negative"
"заработаться","negative"
"заражать","negative"
"заражаться","negative"
"заражение","negative"
"заражённость","negative"
"зараза","negative"
"заразительность","negative"
"заразить","negative"
"заразиться","negative"
"заразность","negative"
"зарваться","negative"
"зареветь","negative"
"заревновать","negative"
"зарезать","negative"
"зарезаться","negative"
"зарекаться","negative"
"заржаветь","negative"
"зарисоваться","negative"
"заробеть","negative"
"зароптать","negative"
"зарубить","negative"
"заругать","negative"
"заругаться","negative"
"зарываться","negative"
"зарыдать","negative"
"зарычать","negative"
"зарёванный","negative"
"засада","negative"
"засадить","negative"
"засадный","negative"
"засвистать","negative"
"засиживаться","negative"
"заскандалить","negative"
"засквозить","negative"
"заскок","negative"
"заскрежетать","negative"
"заскулить","negative"
"заскучать","negative"
"заслать","negative"
"заслезиться","negative"
"заслюнявить","negative"
"засмердеть","negative"
"засмеять","negative"
"засор","negative"
"засорение","negative"
"засорить","negative"
"засориться","negative"
"засорять","negative"
"засоряться","negative"
"засорённость","negative"
"засос","negative"
"засосать","negative"
"засохнуть","negative"
"заспаться","negative"
"заспорить","negative"
"засрамить","negative"
"заставить","negative"
"заставлять","negative"
"застаиваться","negative"
"застарелость","negative"
"застарелый","negative"
"застигнуть","negative"
"застой","negative"
"застойность","negative"
"застойный","negative"
"застопориваться","negative"
"застопорить","negative"
"застопориться","negative"
"застоялый","negative"
"застояться","negative"
"застращать","negative"
"застревание","negative"
"застревать","negative"
"застреливаться","negative"
"застрелить","negative"
"застрелиться","negative"
"застрелять","negative"
"застрять","negative"
"застудить","negative"
"застудиться","negative"
"застукать","negative"
"застыдить","negative"
"застыдиться","negative"
"застылость","negative"
"застылый","negative"
"засудить","negative"
"засуетиться","negative"
"засуживать","negative"
"засуха","negative"
"засушливость","negative"
"засушливый","negative"
"засыхание","negative"
"засыхать","negative"
"затаивать","negative"
"затаить","negative"
"затапливать","negative"
"затаптывать","negative"
"затараторить","negative"
"затарахтеть","negative"
"затасканность","negative"
"затаскать","negative"
"затворник","negative"
"затворница","negative"
"затворнический","negative"
"затворничество","negative"
"затекать","negative"
"затеребить","negative"
"затерянность","negative"
"затеряться","negative"
"затесаться","negative"
"затирать","negative"
"затискивать","negative"
"заткнуть","negative"
"заткнуться","negative"
"затлеть","negative"
"затмеваться","negative"
"затмиться","negative"
"затолкать","negative"
"затонуть","negative"
"затопать","negative"
"затопить","negative"
"затопление","negative"
"затоплять","negative"
"затопляться","negative"
"затопотать","negative"
"затоптать","negative"
"затоптаться","negative"
"затор","negative"
"заторкать","negative"
"затормаживать","negative"
"затормаживаться","negative"
"заторможенность","negative"
"затормозиться","negative"
"затосковать","negative"
"заточать","negative"
"заточение","negative"
"заточка","negative"
"затошнить","negative"
"затравить","negative"
"затравочный","negative"
"затрата","negative"
"затребовать","negative"
"затревожиться","negative"
"затрезвонить","negative"
"затрещина","negative"
"затруднение","negative"
"затруднительность","negative"
"затруднительный","negative"
"затруднить","negative"
"затрудниться","negative"
"затруднять","negative"
"затрудняться","negative"
"затруднённость","negative"
"затруднённый","negative"
"затрусить","negative"
"затрястись","negative"
"затуманивание","negative"
"затуманивать","negative"
"затуманить","negative"
"затупить","negative"
"затупиться","negative"
"затухание","negative"
"затухать","negative"
"затухнуть","negative"
"затушёвываться","negative"
"затхлость","negative"
"затхлый","negative"
"затыкание","negative"
"затыкать","negative"
"затыкаться","negative"
"затявкать","negative"
"затягивание","negative"
"затягивать","negative"
"затягиваться","positive"
"затяжной","negative"
"затянутость","negative"
"затянутый","negative"
"заумность","negative"
"заумный","negative"
"заунывный","negative"
"заупокойный","negative"
"заупрямиться","positive"
"заурядность","negative"
"заурядный","negative"
"заусенец","negative"
"заусеница","negative"
"заучиваться","negative"
"зафыркать","negative"
"зафырчать","negative"
"захандрить","negative"
"захапать","negative"
"захаркать","negative"
"захваливание","negative"
"захват","negative"
"захватить","negative"
"захватнический","negative"
"захватчик","negative"
"захватчица","negative"
"захватывать","negative"
"захворать","negative"
"захиреть","negative"
"захламить","negative"
"захламлять","negative"
"захламлённость","negative"
"захлебнуться","negative"
"захлестать","negative"
"захлестнуться","negative"
"захлопнуть","negative"
"захлопнуться","negative"
"захлопотаться","negative"
"захлюпать","negative"
"захлёб","negative"
"захлёбывание","negative"
"захлёбываться","negative"
"захмелеть","negative"
"захныкать","negative"
"заходиться","negative"
"захолодеть","negative"
"захолустный","negative"
"захолустье","negative"
"захомутать","negative"
"захоронение","negative"
"захоронить","negative"
"захрапеть","negative"
"захрипеть","negative"
"захромать","negative"
"захудалый","negative"
"зацапать","negative"
"зацикленность","negative"
"зацикливание","negative"
"зацокать","negative"
"зачавкать","negative"
"зачахнуть","negative"
"зачернеть","negative"
"зачернить","negative"
"зачерствелый","negative"
"зачерстветь","negative"
"зачинщик","negative"
"зачинщица","negative"
"зачинщицкий","negative"
"зачистка","negative"
"зачихать","negative"
"зачёркивать","negative"
"зашаркать","negative"
"зашатать","negative"
"зашвыривать","negative"
"зашвырнуть","negative"
"зашибать","negative"
"зашибить","negative"
"зашибиться","positive"
"зашиваться","negative"
"зашикать","negative"
"зашипеть","negative"
"зашквар","negative"
"зашлакованность","negative"
"зашлёпать","negative"
"зашмыгать","negative"
"зашпынять","negative"
"защемить","negative"
"защемление","negative"
"защемлять","negative"
"защипать","negative"
"заява","negative"
"заявляться","negative"
"звездануть","negative"
"звереть","negative"
"звериный","negative"
"зверобойный","negative"
"зверолов","negative"
"звероподобный","negative"
"зверски","negative"
"зверский","negative"
"зверство","negative"
"зверствовать","negative"
"зверьё","negative"
"зверюга","negative"
"зевака","negative"
"зек","negative"
"землетрясение","negative"
"злачный","negative"
"злейший","negative"
"злеть","negative"
"злить","negative"
"злиться","negative"
"злоба","negative"
"злобиться","negative"
"злобность","negative"
"злобный","negative"
"злободневность","negative"
"злободневный","negative"
"злобствование","negative"
"злобствовать","negative"
"зловещий","negative"
"зловоние","negative"
"зловонность","negative"
"зловонный","negative"
"зловредность","negative"
"зловредный","negative"
"злодей","negative"
"злодейка","negative"
"злодейски","negative"
"злодейский","negative"
"злодейство","negative"
"злодействовать","negative"
"злодеяние","negative"
"злой","negative"
"злокачественность","negative"
"злокачественный","negative"
"злоключение","negative"
"злонамеренность","negative"
"злонамеренный","negative"
"злонравие","negative"
"злопамятность","negative"
"злопамятный","negative"
"злопамятство","negative"
"злополучие","negative"
"злополучный","negative"
"злорадный","negative"
"злорадство","negative"
"злорадствовать","negative"
"злоречивый","negative"
"злоречие","negative"
"злословие","negative"
"злословить","negative"
"злостность","negative"
"злостный","negative"
"злострадание","negative"
"злость","negative"
"злосчастный","negative"
"злоумышление","negative"
"злоумышленник","negative"
"злоумышленница","negative"
"злоумышленный","negative"
"злоумышлять","negative"
"злоупотребить","negative"
"злоупотребление","negative"
"злоупотреблять","negative"
"злоязычие","negative"
"злюка","negative"
"злючка","negative"
"злющий","negative"
"змееподобный","negative"
"змеиный","negative"
"змеистый","negative"
"змеиться","negative"
"змеюка","negative"
"змеёныш","negative"
"змий","negative"
"знобить","negative"
"зной","negative"
"знойное","negative"
"золотуха","negative"
"зомбак","negative"
"зомби","negative"
"зомбирование","negative"
"зомбоящик","negative"
"зубодробительный","negative"
"зубодёр","negative"
"зубоскалить","negative"
"зубоскальничать","negative"
"зубоскальство","negative"
"зубрила","negative"
"зубрилка","negative"
"зубрёжка","negative"
"зуд","negative"
"зудение","negative"
"зудеть","negative"
"зыбкий","negative"
"зыбкость","negative"
"зыбучий","negative"
"зэк","negative"
"зябкий","negative"
"зябкость","negative"
"зябнуть","negative"
"игнор","negative"
"игнорирование","negative"
"игнорировать","negative"
"иго","negative"
"игроман","negative"
"игромания","negative"
"идиот","negative"
"идиотизм","negative"
"идиотически","negative"
"идиотический","negative"
"идиотично","negative"
"идиотски","negative"
"идиотский","negative"
"идиотство","negative"
"идолопоклонник","negative"
"идолопоклонство","negative"
"избавиться","negative"
"избавляться","negative"
"избалованность","negative"
"избаловать","negative"
"избаловаться","positive"
"избаловывать","negative"
"избегание","negative"
"избегать","negative"
"избегаться","negative"
"избивать","negative"
"избиваться","negative"
"избиение","negative"
"избитость","negative"
"избить","negative"
"изблёвывать","negative"
"избывать","negative"
"избыточность","negative"
"избыточный","negative"
"извалять","negative"
"изваляться","negative"
"извергать","negative"
"извергаться","negative"
"извергнуть","negative"
"извергнуться","negative"
"извержение","negative"
"извертеться","negative"
"известись","negative"
"изветшалый","negative"
"изводить","negative"
"изводиться","negative"
"извозить","negative"
"извозиться","negative"
"изворачиваться","negative"
"изворот","negative"
"изворотливость","positive"
"изворотливый","positive"
"извратить","negative"
"извратиться","negative"
"извращать","negative"
"извращаться","negative"
"извращенец","negative"
"извращение","negative"
"извращённость","negative"
"изгадить","negative"
"изгаляться","negative"
"изгнание","negative"
"изгнанник","negative"
"изгнанница","negative"
"изгнанничество","negative"
"изгнать","negative"
"изгнить","negative"
"изгой","negative"
"изгойство","negative"
"изголодаться","negative"
"изгонять","negative"
"изгрызть","negative"
"изгрязнить","negative"
"издевательски","negative"
"издевательский","negative"
"издевательство","negative"
"издеваться","negative"
"издержать","negative"
"издержка","negative"
"издохнуть","negative"
"издыхание","negative"
"издыхать","negative"
"издёвка","negative"
"издёргаться","negative"
"изжарить","negative"
"изжариться","negative"
"изжевать","negative"
"изживать","negative"
"изживаться","negative"
"изжить","negative"
"изжога","negative"
"изламываться","negative"
"излишество","negative"
"излишний","negative"
"излом","negative"
"изломанность","negative"
"изломать","negative"
"изломаться","negative"
"измазать","negative"
"измазаться","negative"
"измарать","negative"
"изматывание","negative"
"изматывать","negative"
"изматываться","negative"
"измаяться","negative"
"измельчание","negative"
"измена","negative"
"изменник","negative"
"изменница","negative"
"изменнический","negative"
"изменщик","negative"
"изменщица","negative"
"измождение","negative"
"измождённость","negative"
"измождённый","negative"
"измор","negative"
"измориться","negative"
"измотанность","negative"
"измотать","negative"
"измотаться","negative"
"измучивать","negative"
"измучить","negative"
"измучиться","negative"
"измывательский","negative"
"измывательство","negative"
"измываться","negative"
"измять","negative"
"измяться","negative"
"изнашивание","negative"
"изнашивать","negative"
"изнашиваться","negative"
"изнеженно","negative"
"изнеженность","negative"
"изнемогать","negative"
"изнеможение","negative"
"изнеможённый","negative"
"изнемочь","negative"
"изнервничаться","negative"
"изничтожать","negative"
"изничтожаться","negative"
"изничтожение","negative"
"изничтожить","negative"
"изничтожиться","negative"
"износ","negative"
"износить","negative"
"износиться","negative"
"изношенность","negative"
"изнурение","negative"
"изнурительность","negative"
"изнурительный","negative"
"изнурить","negative"
"изнуриться","negative"
"изнурять","negative"
"изнуряюще","negative"
"изнурённость","negative"
"изнывать","negative"
"изныть","negative"
"изобличать","negative"
"изовраться","negative"
"изодрать","negative"
"изойти","negative"
"изолгаться","negative"
"изолированность","negative"
"изолировать","negative"
"изолятор","negative"
"изоляция","positive"
"изорвать","negative"
"изощрять","negative"
"изощряться","negative"
"изранить","negative"
"израсходование","negative"
"израсходовать","negative"
"израсходоваться","negative"
"изрезать","negative"
"изрезаться","negative"
"изрешетить","negative"
"изрубить","negative"
"изругать","negative"
"изрыгать","negative"
"изрыгнуть","negative"
"изувечивать","negative"
"изувечить","negative"
"изуродовать","negative"
"изъесть","negative"
"изъязвление","negative"
"изъян","negative"
"изъятие","negative"
"изъять","negative"
"изымание","negative"
"изымать","negative"
"икаться","negative"
"икота","negative"
"имбецил","negative"
"иммунодефицит","negative"
"иммунопатология","negative"
"империализм","negative"
"импотентность","negative"
"импульсивность","negative"
"инвалид","negative"
"инвалидка","negative"
"инвалидность","negative"
"инвалидный","negative"
"инквизитор","negative"
"инквизиторский","negative"
"инквизиционный","negative"
"инквизиция","negative"
"инородный","negative"
"иностранщина","negative"
"инсульт","negative"
"инсценировать","negative"
"интеллигентщина","negative"
"интернет-зависимость","negative"
"интоксикация","negative"
"интриган","negative"
"интриганка","negative"
"интриганский","negative"
"интриганство","negative"
"интрижка","positive"
"инфантилизм","negative"
"инфантильность","negative"
"инфантильный","negative"
"инфаркт","negative"
"инфарктный","negative"
"инфекционный","negative"
"инфекция","negative"
"инфицирование","negative"
"инфицировать","negative"
"инфляция","negative"
"инцидент","negative"
"ипотека","negative"
"ирод","negative"
"иррациональность","negative"
"иррациональный","negative"
"иск","negative"
"искажать","negative"
"искажаться","negative"
"искажение","negative"
"исказить","negative"
"исказиться","negative"
"искалечить","negative"
"исключить","negative"
"исковеркать","negative"
"исковеркаться","negative"
"исковырять","negative"
"исколотить","negative"
"исколоть","negative"
"исколоться","negative"
"искоренение","negative"
"искоренить","negative"
"искоренять","negative"
"искорёжить","negative"
"искоса","negative"
"искривить","negative"
"искривиться","negative"
"искривление","negative"
"искривлять","negative"
"искривляться","negative"
"искривлённость","negative"
"искровавить","negative"
"искромсать","negative"
"искрошить","negative"
"искусать","negative"
"искуситель","positive"
"искусительница","negative"
"искусить","negative"
"искушать","positive"
"искушаться","positive"
"искушение","negative"
"исламистка","negative"
"исламофобия","negative"
"испакостить","negative"
"испаскудить","negative"
"испачкать","negative"
"испачкаться","negative"
"испепеление","negative"
"испепелить","negative"
"испепелиться","negative"
"испепелять","negative"
"исписаться","negative"
"испоганить","negative"
"исподлобья","negative"
"исподтишка","negative"
"исполосовать","negative"
"исполосовывать","negative"
"испортить","negative"
"испортиться","negative"
"испорченность","negative"
"испорченный","negative"
"испохабить","negative"
"испражнение","negative"
"испражниться","negative"
"испражняться","negative"
"испуг","negative"
"испуганный","negative"
"испугать","negative"
"испугаться","negative"
"иссекать","negative"
"иссечь","negative"
"иссохнуть","negative"
"исстрадаться","negative"
"исступление","negative"
"иссушать","negative"
"иссушение","negative"
"иссушивать","negative"
"иссушить","negative"
"иссыхать","negative"
"иссякание","negative"
"иссякать","negative"
"иссякнуть","negative"
"истаптывать","negative"
"истачиваться","negative"
"истекать","negative"
"истекший","negative"
"истереть","negative"
"истереться","negative"
"истерзать","negative"
"истерзаться","negative"
"истерически","negative"
"истерический","negative"
"истеричка","negative"
"истеричность","negative"
"истеричный","negative"
"истерия","negative"
"истираться","negative"
"истлевать","negative"
"истлеть","negative"
"истомить","negative"
"истомиться","negative"
"истомляться","negative"
"истончаться","negative"
"истончение","negative"
"истончиться","negative"
"истоптать","negative"
"исторгнуть","negative"
"исторжение","negative"
"историчка","negative"
"истосковаться","negative"
"истошный","negative"
"истощать","negative"
"истощаться","negative"
"истощение","negative"
"истощить","negative"
"истощиться","negative"
"истощённость","negative"
"истратить","negative"
"истратиться","negative"
"истребитель","negative"
"истребительница","negative"
"истребительный","negative"
"истребить","negative"
"истребление","negative"
"истреблять","negative"
"истребовать","negative"
"истрепать","negative"
"истрепаться","negative"
"истукан","negative"
"истыкать","negative"
"истязание","negative"
"истязатель","negative"
"истязать","negative"
"исхитряться","negative"
"исхлестать","negative"
"исхудалость","negative"
"исхудалый","negative"
"исхудание","negative"
"исхудать","negative"
"исцарапать","negative"
"исцарапаться","negative"
"исцарапывать","negative"
"исчадие","negative"
"исчахнуть","negative"
"исчезнуть","negative"
"исчерпание","negative"
"исчерпанность","negative"
"исчерпать","negative"
"исчерпаться","negative"
"исчерпывать","negative"
"исчерпываться","negative"
"иуда","negative"
"ишачий","negative"
"ишачить","negative"
"кабак","negative"
"кавардак","negative"
"каверзность","negative"
"каверзный","negative"
"кагэбэшник","negative"
"казино","negative"
"казнить","negative"
"казниться","negative"
"казнокрад","negative"
"казнокрадство","negative"
"казнь","negative"
"казус","negative"
"кака","negative"
"калека","negative"
"калечить","negative"
"калечиться","negative"
"кальян","negative"
"калякать","negative"
"каменеть","negative"
"камикадзе","negative"
"камнепад","negative"
"кандалы","negative"
"канитель","negative"
"каннибал","negative"
"каннибализм","negative"
"каннибальский","negative"
"каннибальство","negative"
"кануть","negative"
"канцелярщина","negative"
"канцероген","negative"
"канючить","negative"
"капитулировать","negative"
"капитуляция","negative"
"капкан","negative"
"каприз","negative"
"капризница","positive"
"капризничать","negative"
"капризность","negative"
"капризный","negative"
"капут","negative"
"капуша","negative"
"кара","negative"
"карантин","negative"
"карантинный","negative"
"каратель","negative"
"карательный","negative"
"карать","negative"
"караул","negative"
"карга","negative"
"кардиобольной","negative"
"кариес","negative"
"карикатурность","negative"
"карканье","negative"
"каркать","negative"
"каркнуть","negative"
"карликовость","negative"
"карманник","negative"
"карманница","negative"
"картавить","negative"
"картавый","negative"
"картёжник","negative"
"карцер","negative"
"кастет","negative"
"кастрировать","negative"
"катавасия","negative"
"катаклизм","negative"
"каталажка","negative"
"катаракта","negative"
"катастрофа","negative"
"катастрофизм","negative"
"катастрофически","negative"
"катастрофический","negative"
"катастрофичность","negative"
"катастрофичный","negative"
"катафалк","negative"
"категорически","negative"
"категорический","negative"
"категоричность","negative"
"категоричный","negative"
"каторга","negative"
"каторжанин","negative"
"каторжник","negative"
"катышек","negative"
"кашель","negative"
"кашлянуть","negative"
"кашлять","negative"
"каюк","negative"
"кибератака","negative"
"киберпреступление","negative"
"киберпреступник","negative"
"киберпреступность","negative"
"кибертерроризм","negative"
"киберугроза","negative"
"кибершпионаж","negative"
"кидалово","negative"
"кидаться","negative"
"кикимора","negative"
"киллер","negative"
"киллерство","negative"
"киллерша","negative"
"кинжал","negative"
"кинуть","negative"
"кинуться","negative"
"кипеш","negative"
"кипиш","negative"
"кипятиться","negative"
"кирдык","negative"
"кисловатый","negative"
"кислотность","negative"
"кислотный","negative"
"кислый","negative"
"кислятина","negative"
"киснуть","negative"
"киста","negative"
"китобой","negative"
"китобойный","negative"
"кичливость","negative"
"кладбище","negative"
"кладбищенский","negative"
"классуха","negative"
"клаустрофобия","negative"
"клевета","negative"
"клеветать","negative"
"клеветник","negative"
"клеветница","negative"
"клеветнический","negative"
"клеймить","negative"
"клеймо","negative"
"клеймёный","negative"
"клептоман","negative"
"клещ","negative"
"клещевой","negative"
"клещи","negative"
"кликуха","negative"
"клоака","negative"
"клоп","positive"
"клоповник","negative"
"клоунада","negative"
"клоунский","negative"
"клыкастый","negative"
"клякса","negative"
"клянчить","negative"
"кляп","negative"
"кляча","negative"
"книжонка","negative"
"кнут","negative"
"кобелёк","negative"
"коварность","negative"
"коварный","positive"
"коварство","positive"
"коверканье","negative"
"коверкать","negative"
"ковыляние","negative"
"ковылять","negative"
"ковыряние","negative"
"ковырять","negative"
"ковыряться","negative"
"когтистый","negative"
"кое-как","negative"
"козлиный","negative"
"козлятина","negative"
"козырять","negative"
"козявка","negative"
"козявки","negative"
"кокаиновый","negative"
"кокнуть","negative"
"колбасить","negative"
"колдобина","negative"
"колдовской","negative"
"колдун","negative"
"колдунья","negative"
"колит","negative"
"колкий","negative"
"колкость","negative"
"коллаборационизм","negative"
"коллаборационистский","negative"
"коллапс","negative"
"коллектор","negative"
"колониализм","negative"
"колонизатор","negative"
"колонизаторский","negative"
"колонизаторы","negative"
"колонизовать","negative"
"колония","negative"
"колотить","negative"
"колотиться","negative"
"колошматить","negative"
"колупать","negative"
"колупнуть","negative"
"колхозный","negative"
"колымага","negative"
"кольнуть","negative"
"колючесть","negative"
"колючий","negative"
"колючка","negative"
"комарик","negative"
"комарьё","negative"
"коматозный","negative"
"комкать","negative"
"комковатость","negative"
"коммерциализация","negative"
"коммуналка","negative"
"комнатуха","negative"
"компромат","negative"
"компрометация","negative"
"компрометирование","negative"
"компрометировать","negative"
"конвой","negative"
"конвульсивный","negative"
"конвульсии","negative"
"конвульсия","negative"
"конкурент","negative"
"конкурентка","negative"
"контра","negative"
"контрабанда","negative"
"контрабандист","negative"
"контрабандистка","negative"
"контрабандистский","negative"
"контрабандный","negative"
"контрафакт","negative"
"контрпродуктивный","negative"
"контрпропаганда","negative"
"контрреволюционер","negative"
"контры","negative"
"контуженый","negative"
"контузить","negative"
"контузия","negative"
"конфискат","negative"
"конфискационный","negative"
"конфискация","negative"
"конфисковать","negative"
"конфликт","negative"
"конфликтность","negative"
"конфликтный","negative"
"конфликтовать","negative"
"конфронтировать","negative"
"конфуз","negative"
"конфузить","negative"
"конфузиться","negative"
"конфузия","negative"
"конфузный","negative"
"концлагерь","negative"
"конченый","negative"
"кончина","negative"
"конъюнктивит","negative"
"коньяк","negative"
"коньячок","negative"
"копеечный","negative"
"копошение","negative"
"копошиться","negative"
"копуша","negative"
"кораблекрушение","negative"
"корить","negative"
"короед","negative"
"королевна","negative"
"короста","negative"
"коротковатый","negative"
"коротконогий","negative"
"коротнуть","negative"
"коротышка","negative"
"коррозийный","negative"
"коррозионный","negative"
"коррозия","negative"
"коррумпирование","negative"
"коррумпированность","negative"
"коррумпировать","negative"
"коррупционер","negative"
"коррупция","negative"
"корсар","negative"
"корчить","negative"
"корчиться","negative"
"корыстный","negative"
"корыстолюбец","negative"
"корыстолюбивый","negative"
"корыстолюбие","negative"
"корысть","negative"
"корь","negative"
"корявость","negative"
"корявый","negative"
"корячиться","negative"
"корёжить","negative"
"корёжиться","negative"
"коситься","negative"
"косноязычный","negative"
"кособокий","negative"
"косоватый","negative"
"косоглазие","negative"
"косоглазый","negative"
"косолапить","negative"
"косолапость","negative"
"косолапый","negative"
"костенеть","negative"
"костлявость","negative"
"костлявый","negative"
"костолом","negative"
"косячок","negative"
"кочевряжиться","positive"
"коченеть","negative"
"кошара","negative"
"кошатина","negative"
"кошмар","negative"
"кошмарный","negative"
"кошёлка","negative"
"кощей","negative"
"кощунственный","negative"
"кощунство","negative"
"кощунствовать","negative"
"краденое","negative"
"краденый","negative"
"кража","negative"
"крайность","negative"
"кракен","negative"
"крапивница","negative"
"красноглазый","negative"
"краснота","negative"
"краснуха","negative"
"красть","negative"
"крах","negative"
"кредит","positive"
"кредитный","negative"
"крематорий","negative"
"кремация","negative"
"крениться","negative"
"крепостник","negative"
"крепостнический","negative"
"крепостничество","negative"
"кретин","negative"
"кретинизм","negative"
"кривить","negative"
"кривиться","negative"
"кривляка","negative"
"кривляние","negative"
"кривлянье","negative"
"кривляться","negative"
"кривоватый","negative"
"кривоногий","negative"
"криворукий","negative"
"кривошеий","negative"
"кризис","negative"
"кризисный","negative"
"крик","negative"
"крикливость","negative"
"крикливый","negative"
"крикун","negative"
"крикунья","negative"
"криминал","negative"
"криминализация","negative"
"криминалистический","negative"
"криминальный","negative"
"критика","negative"
"критикан","negative"
"критиковать","negative"
"критически","negative"
"критический","negative"
"критичность","negative"
"критичный","negative"
"кричать","negative"
"кровавый","negative"
"кровища","negative"
"кровожадность","negative"
"кровожадный","negative"
"кровоизлияние","negative"
"кровопивец","negative"
"кровопийца","negative"
"кровоподтёк","negative"
"кровопотеря","negative"
"кровопролитие","negative"
"кровопролитный","negative"
"кровопускание","negative"
"кровосмесительство","negative"
"кровосмешение","negative"
"кровосос","negative"
"кровососный","negative"
"кровососущий","negative"
"кровотечение","negative"
"кровоточивость","negative"
"кровоточить","negative"
"кровохарканье","negative"
"кровохаркать","negative"
"кромешный","negative"
"кромсание","negative"
"кромсать","negative"
"кручиниться","negative"
"крушение","negative"
"крушить","negative"
"крушиться","negative"
"крысий","negative"
"крысиный","negative"
"крыска","negative"
"крысоловка","negative"
"крысёнок","negative"
"крючить","negative"
"крючкотворский","negative"
"крякнуть","negative"
"кряхтение","negative"
"кряхтенье","negative"
"куковать","negative"
"кулачище","negative"
"кулачный","negative"
"культ","positive"
"культяпка","negative"
"кумовство","negative"
"кунсткамера","negative"
"курево","negative"
"курилка","negative"
"курильщица","negative"
"курительный","negative"
"курнуть","negative"
"курок","negative"
"куролесить","negative"
"куртизанка","negative"
"курьёз","negative"
"кусание","negative"
"кусать","negative"
"кусаться","negative"
"кусачий","negative"
"кустарщина","negative"
"кутить","negative"
"лавина","negative"
"лавиноопасный","negative"
"лазутчик","negative"
"лапать","negative"
"ларингит","negative"
"лаяться","negative"
"лганьё","negative"
"лгать","negative"
"лгун","negative"
"лгунишка","negative"
"лгунья","negative"
"лебезить","negative"
"легковерие","negative"
"легковерность","negative"
"легковерный","negative"
"легковооружённый","negative"
"легковоспламеняющийся","negative"
"легкомысленность","negative"
"легкомысленный","negative"
"легкомыслие","negative"
"леденеть","negative"
"леденить","negative"
"ледопад","negative"
"ленивец","negative"
"ленивый","negative"
"лениться","negative"
"лентяй","negative"
"лентяйка","negative"
"лентяйничать","negative"
"лесбиянство","negative"
"лесть","negative"
"летальность","negative"
"летальный","negative"
"летаргический","negative"
"леший","negative"
"лжебанкрот","negative"
"лженаука","negative"
"лженаучный","negative"
"лжепредпринимательство","negative"
"лжепророк","negative"
"лжесвидетель","negative"
"лжесвидетельство","negative"
"лжесвидетельствовать","negative"
"лжеучение","negative"
"лживость","negative"
"лживый","negative"
"лизаться","negative"
"ликвидатор","negative"
"ликвидаторство","negative"
"ликвидация","negative"
"ликвидировать","negative"
"ликвидироваться","negative"
"линчевание","negative"
"линялый","negative"
"линять","negative"
"липкий","negative"
"липкость","negative"
"липовый","negative"
"липучий","negative"
"литературщина","negative"
"лихач","positive"
"лихачество","positive"
"лихой","positive"
"лихолетье","negative"
"лихорадить","negative"
"лихорадка","negative"
"лихорадочность","negative"
"лихорадочный","negative"
"лицедей","negative"
"лицемер","negative"
"лицемерие","negative"
"лицемерить","negative"
"лицемерка","negative"
"лицемерность","negative"
"лицемерный","negative"
"лишать","negative"
"лишаться","negative"
"лишение","negative"
"лишить","negative"
"лишиться","negative"
"лишний","negative"
"лишённый","negative"
"лобешник","negative"
"лоботомия","negative"
"лоботряс","negative"
"лоботрясничать","negative"
"лобызание","negative"
"ловелас","negative"
"ловушка","negative"
"лодырничать","negative"
"лодырь","negative"
"ложность","negative"
"ложный","negative"
"ложь","negative"
"ломание","negative"
"ломаный","negative"
"ломать","negative"
"ломаться","negative"
"ломить","negative"
"ломиться","negative"
"ломкий","negative"
"ломкость","negative"
"ломота","negative"
"лопаться","negative"
"лопнуть","negative"
"лопоухий","negative"
"лопух","negative"
"лох","negative"
"лохматиться","negative"
"лохмотья","negative"
"лохотрон","negative"
"лохотронщик","negative"
"лохушка","negative"
"лузер","negative"
"лукавец","negative"
"лукавить","negative"
"лукавость","positive"
"лукавство","positive"
"лукавый","positive"
"лунатизм","negative"
"лупить","negative"
"лупиться","negative"
"лысеть","negative"
"лысоватый","negative"
"льстец","negative"
"льстивость","negative"
"льстивый","negative"
"льстить","positive"
"льститься","positive"
"любительщина","negative"
"любовник","negative"
"любовница","negative"
"любовничек","negative"
"людишки","negative"
"людоед","negative"
"людоедка","negative"
"людоедский","negative"
"людоедство","negative"
"лютовать","negative"
"лютость","negative"
"лютый","negative"
"лягать","negative"
"лягаться","negative"
"лягнуть","negative"
"лягушатник","negative"
"лязг","negative"
"ляп","negative"
"ляпать","negative"
"ляпнуть","negative"
"мажор","positive"
"мажорный","positive"
"мазня","negative"
"мазохизм","negative"
"мазохист","negative"
"мазохистка","negative"
"мазохистский","negative"
"малоактивный","negative"
"маловразумительный","negative"
"маловыгодный","negative"
"маловыразительность","negative"
"маловыразительный","negative"
"малограмотность","negative"
"малограмотный","negative"
"малодоступный","negative"
"малодушествовать","negative"
"малодушие","negative"
"малодушный","negative"
"малозначащий","negative"
"малозначимость","negative"
"малоимущий","negative"
"малоинтересный","negative"
"малокомпетентный","negative"
"малокровие","negative"
"маломощный","negative"
"малообоснованный","negative"
"малообразованный","negative"
"малообщительный","negative"
"малоопытность","negative"
"малоопытный","negative"
"малоосмысленный","negative"
"малоподвижность","negative"
"малоподвижный","negative"
"малоподходящий","negative"
"малопонятный","negative"
"малопочтенный","negative"
"малопригодный","negative"
"малоприятный","negative"
"малопродуктивный","negative"
"малоразвитый","negative"
"малосведущий","negative"
"малосильный","negative"
"малосодержательный","negative"
"малоспособный","negative"
"малоубедительность","negative"
"малоубедительный","negative"
"малоудачный","negative"
"малоутешительный","negative"
"малоценность","negative"
"малоценный","negative"
"малоэффективность","negative"
"малоэффективный","negative"
"малявка","negative"
"малярийный","negative"
"малярия","negative"
"мамаша","negative"
"мамашка","negative"
"маменькин","negative"
"мамка","negative"
"мандраж","negative"
"маниакальность","negative"
"маниакальный","negative"
"манипулирование","negative"
"манипулировать","negative"
"манипулятор","negative"
"манипуляция","negative"
"маньяк","negative"
"маньячка","negative"
"маразм","negative"
"маразматик","negative"
"марать","negative"
"мараться","negative"
"марионетка","negative"
"марионеточный","negative"
"мародёр","negative"
"мародёрский","negative"
"мародёрство","negative"
"мародёрствовать","negative"
"мат","negative"
"математичка","negative"
"материть","negative"
"материться","negative"
"матерный","negative"
"матерок","negative"
"матерщина","negative"
"матерщинник","negative"
"мафиози","negative"
"мафия","negative"
"махаться","negative"
"махач","negative"
"махинатор","negative"
"махинация","negative"
"маяться","negative"
"маячить","negative"
"мгла","negative"
"медвежатник","negative"
"медленность","negative"
"медлительность","negative"
"медлительный","negative"
"медлить","negative"
"междоусобие","negative"
"междоусобица","negative"
"междоусобный","negative"
"меланхолически","negative"
"меланхолический","negative"
"мелеть","negative"
"мелить","negative"
"мелковатый","negative"
"мелкость","negative"
"мелкота","negative"
"мелочность","negative"
"мелочный","negative"
"мельтешение","negative"
"мельтешить","negative"
"мельчать","negative"
"мелюзга","negative"
"менингит","negative"
"мерзавец","negative"
"мерзавка","negative"
"мерзавчик","negative"
"мерзкий","negative"
"мерзлота","negative"
"мерзлотный","negative"
"мерзляк","negative"
"мерзопакостность","negative"
"мерзопакостный","negative"
"мерзостный","negative"
"мерзость","negative"
"меркантилизм","negative"
"меркантильность","negative"
"меркантильный","negative"
"меркнуть","negative"
"мертвенный","negative"
"мертветь","negative"
"мертвец","negative"
"мертвецкая","negative"
"мертвецки","negative"
"мертвецкий","negative"
"мертвечина","negative"
"мертворождённый","negative"
"мертвяк","negative"
"месиво","negative"
"месть","negative"
"метастазы","negative"
"метаться","negative"
"метель","negative"
"метеоризм","negative"
"мешанина","negative"
"мешать","negative"
"мешаться","negative"
"мешкать","negative"
"мешковатость","negative"
"мещанка","negative"
"мещанский","negative"
"мигрень","negative"
"мизантропка","negative"
"мизерность","negative"
"мизерный","negative"
"микробный","negative"
"микроинфаркт","negative"
"микротрещина","negative"
"милитаризация","negative"
"милитаризм","negative"
"милитаристский","negative"
"милитаристы","negative"
"мина","negative"
"минирование","negative"
"минировать","negative"
"минный","negative"
"миномёт","negative"
"миномётный","negative"
"миномётчик","negative"
"минорный","negative"
"минотавр","negative"
"минусовый","negative"
"мистификатор","negative"
"мистификация","negative"
"мистифицировать","negative"
"мистичность","negative"
"митинговать","negative"
"мнимость","negative"
"мнимый","negative"
"мнительность","negative"
"мнительный","negative"
"мнить","positive"
"многовластие","negative"
"многогрешный","negative"
"многоженец","negative"
"многоженство","negative"
"многожёнство","negative"
"многострадальный","negative"
"могила","negative"
"могилка","negative"
"могильник","negative"
"могильный","negative"
"могильщик","negative"
"мозолистый","negative"
"мозолить","negative"
"мозоль","negative"
"мозольный","negative"
"мокрота","negative"
"молокосос","negative"
"молочница","negative"
"моль","negative"
"монополизация","negative"
"монополизировать","negative"
"монополизм","negative"
"монополист","negative"
"монстр","negative"
"морда","negative"
"мордастый","negative"
"мордатый","negative"
"мордобитие","negative"
"мордобой","negative"
"мордовать","negative"
"мордоворот","negative"
"моретрясение","negative"
"морить","negative"
"морозить","negative"
"морока","negative"
"морочить","negative"
"морщина","negative"
"морщинистость","negative"
"морщинистый","negative"
"морщинить","negative"
"морщить","negative"
"морщиться","negative"
"москит","negative"
"москиты","negative"
"мотание","negative"
"мотаться","negative"
"мочилово","negative"
"мочить","negative"
"мочиться","negative"
"мошенник","negative"
"мошенница","negative"
"мошенничать","negative"
"мошеннически","negative"
"мошеннический","negative"
"мошенничество","negative"
"мошкара","negative"
"мрак","negative"
"мракобес","negative"
"мракобесие","negative"
"мракобесный","negative"
"мрачнеть","negative"
"мрачноватый","negative"
"мрачность","negative"
"мрачный","negative"
"мститель","negative"
"мстительница","negative"
"мстительность","negative"
"мстительный","negative"
"мстить","negative"
"мудрить","negative"
"мужеложество","negative"
"мужененавистница","negative"
"мужичьё","negative"
"мужлан","negative"
"мурыжить","negative"
"мусолить","negative"
"мусолиться","negative"
"мусор","negative"
"мусорить","negative"
"мусорный","negative"
"мутант","negative"
"мутантка","negative"
"мутация","negative"
"мутить","negative"
"мутиться","negative"
"мутнеть","negative"
"мутноватый","negative"
"мутность","negative"
"мутный","negative"
"муторный","negative"
"мутузить","negative"
"муть","negative"
"мухлевать","negative"
"мухлёж","negative"
"мухомор","negative"
"мучение","negative"
"мученик","negative"
"мученица","negative"
"мученически","negative"
"мученический","negative"
"мученичество","negative"
"мучитель","negative"
"мучительница","negative"
"мучительность","negative"
"мучительный","negative"
"мучительство","negative"
"мучить","negative"
"мучиться","negative"
"мщение","negative"
"мыкаться","negative"
"мышеловка","negative"
"мышьяк","negative"
"мягкотелость","positive"
"мягкотелый","positive"
"мямлить","negative"
"мятеж","negative"
"мятежник","negative"
"мятежница","negative"
"мятежнический","negative"
"мятежность","negative"
"мятежный","negative"
"мятость","negative"
"мяться","negative"
"мёрзлый","negative"
"мёрзнуть","negative"
"мёртвый","negative"
"набаламутить","negative"
"набаловать","negative"
"набег","negative"
"набегать","negative"
"набедокурить","negative"
"набезобразничать","negative"
"набекрень","negative"
"набиться","negative"
"наблевать","negative"
"наболевший","negative"
"наболеть","negative"
"наболтать","negative"
"набрасываться","negative"
"набрехать","negative"
"наброситься","negative"
"набухать","negative"
"набухнуть","negative"
"набычиться","negative"
"наваждение","negative"
"наваливать","negative"
"наваливаться","negative"
"навалить","negative"
"навалиться","negative"
"навалять","negative"
"навернуться","negative"
"навешать","negative"
"навешивание","negative"
"навешивать","negative"
"навзрыд","negative"
"нависать","negative"
"навлекать","negative"
"навлечь","negative"
"наводнение","negative"
"наводнять","negative"
"навоевать","negative"
"навоз","negative"
"навозник","negative"
"навозный","negative"
"навонять","negative"
"наворовать","negative"
"наворовывать","negative"
"наворожить","negative"
"наворотить","negative"
"наворочать","negative"
"наворчать","negative"
"наврать","negative"
"навредить","negative"
"навыдумывать","negative"
"навыкате","negative"
"навязать","negative"
"навязаться","negative"
"навязчивость","negative"
"навязчивый","negative"
"навязывание","negative"
"навязывать","negative"
"навязываться","negative"
"нагадить","negative"
"наглеть","negative"
"наглец","negative"
"нагловатый","negative"
"наглость","negative"
"наглотаться","negative"
"наглумиться","negative"
"наглый","negative"
"нагнать","negative"
"нагнетание","negative"
"нагнетатель","negative"
"нагнетать","negative"
"нагнетение","negative"
"нагноение","negative"
"наговаривать","negative"
"наговор","negative"
"наговорить","negative"
"наголодаться","negative"
"нагородить","negative"
"награбастать","negative"
"награбить","negative"
"нагрешить","negative"
"нагромождать","negative"
"нагромождаться","negative"
"нагромождение","negative"
"нагромоздить","negative"
"нагрубить","negative"
"нагрубиянить","negative"
"нагружать","negative"
"нагружаться","negative"
"нагрузить","negative"
"нагрузиться","negative"
"нагрызать","negative"
"нагрянуть","negative"
"нагулять","negative"
"надавать","negative"
"надавить","negative"
"надавливание","negative"
"надавливать","negative"
"надвигаться","negative"
"надгробие","negative"
"надебоширить","negative"
"наделать","negative"
"надерзить","negative"
"надзиратель","negative"
"надзирательница","negative"
"надзирать","negative"
"надзор","negative"
"надирать","negative"
"надираться","negative"
"надламываться","negative"
"надлом","negative"
"надломать","negative"
"надломить","negative"
"надломиться","negative"
"надломленность","negative"
"надломленный","negative"
"надменность","negative"
"надменный","negative"
"надоеда","negative"
"надоедать","negative"
"надоедливость","negative"
"надоедливый","negative"
"надоедный","negative"
"надоесть","negative"
"надорвать","negative"
"надорваться","negative"
"надоумить","negative"
"надрать","negative"
"надругательство","negative"
"надругаться","negative"
"надрыв","negative"
"надрывать","negative"
"надрываться","negative"
"надсмотр","negative"
"надсмотрщик","negative"
"надсмотрщица","negative"
"надтреснутый","negative"
"надувание","negative"
"надувательство","negative"
"надуваться","negative"
"надуманность","negative"
"надурить","negative"
"надутость","negative"
"надуться","negative"
"наезд","negative"
"наезжать","negative"
"наехать","negative"
"нажаловаться","negative"
"нажива","negative"
"наживать","negative"
"наживаться","negative"
"нажираться","negative"
"нажиться","negative"
"нажрать","negative"
"нажраться","negative"
"назанимать","negative"
"названивать","negative"
"назло","negative"
"назойливость","negative"
"назойливый","negative"
"наивность","negative"
"наигранность","negative"
"наихудший","negative"
"наказ","negative"
"наказание","negative"
"наказать","negative"
"наказной","negative"
"наказуемость","negative"
"наказуемый","negative"
"наказывать","negative"
"накал","negative"
"накалиться","negative"
"накалять","negative"
"накаркать","negative"
"накарябать","negative"
"накатать","negative"
"накатить","negative"
"накидываться","negative"
"накинуться","negative"
"накипеть","negative"
"накипь","negative"
"наклеветать","negative"
"наклепать","negative"
"накликать","negative"
"наклюкаться","negative"
"наковырять","negative"
"наковыряться","negative"
"наколка","negative"
"наколотить","negative"
"наколоться","negative"
"накостылять","negative"
"накось","negative"
"накричать","negative"
"накричаться","negative"
"накрошить","negative"
"накрутить","negative"
"накрутка","negative"
"накручивание","negative"
"накручивать","negative"
"накручиваться","negative"
"накуковать","negative"
"накурить","negative"
"накуролесить","negative"
"накусать","negative"
"налакаться","negative"
"налегать","negative"
"налетать","negative"
"налететь","negative"
"нализаться","negative"
"налипать","negative"
"налипнуть","negative"
"налог","negative"
"налогообложение","negative"
"наложница","negative"
"наломать","negative"
"налопаться","negative"
"налупить","negative"
"налёт","negative"
"налётчик","negative"
"налётчица","negative"
"намалевать","negative"
"намаяться","negative"
"намертво","negative"
"намозолить","negative"
"намокнуть","negative"
"наморщить","negative"
"наморщиться","negative"
"намошенничать","negative"
"намудрить","negative"
"намусорить","negative"
"намутить","negative"
"намучиться","negative"
"намыкаться","negative"
"намёрзнуться","negative"
"нанюхаться","negative"
"наобещать","negative"
"наобум","negative"
"наорать","negative"
"наораться","negative"
"наотмашь","negative"
"наотрез","negative"
"нападать","negative"
"нападение","negative"
"нападки","negative"
"напакостить","negative"
"напарываться","negative"
"напасть","negative"
"напачкать","negative"
"наперерез","negative"
"напереть","negative"
"напиваться","positive"
"напирать","negative"
"напиться","positive"
"напихать","negative"
"напичкать","negative"
"наплакать","negative"
"наплакаться","negative"
"наплевательский","negative"
"наплевательство","negative"
"наплевать","negative"
"наплеваться","negative"
"наплести","negative"
"наплодить","negative"
"наповал","negative"
"наподдать","negative"
"напоказ","negative"
"напороться","negative"
"напортачить","negative"
"напортить","negative"
"напрасность","negative"
"напрасный","negative"
"напрашиваться","negative"
"напроказить","negative"
"напромышлять","negative"
"напророчить","negative"
"напроситься","negative"
"напрочь","negative"
"напрудить","negative"
"напрягать","negative"
"напрягаться","negative"
"напряжение","negative"
"напряжёнка","negative"
"напряжённость","negative"
"напряжённый","negative"
"напугать","negative"
"напугаться","negative"
"напустить","negative"
"напуститься","negative"
"напутать","negative"
"напыжиться","negative"
"напыщенность","negative"
"напыщенный","negative"
"напяливать","negative"
"напялить","negative"
"напёрсточник","negative"
"нарваться","negative"
"нареветься","negative"
"нарезаться","negative"
"нарекание","negative"
"наркобанда","negative"
"наркобандит","negative"
"наркобарыга","negative"
"наркобизнес","negative"
"наркобизнесмен","negative"
"наркогруппа","negative"
"наркогруппировка","negative"
"наркоделец","negative"
"наркодилер","negative"
"наркодилерша","negative"
"наркозависимость","negative"
"наркокартель","negative"
"наркокурьер","negative"
"наркокурьерша","negative"
"наркология","negative"
"наркоман","negative"
"наркоманка","negative"
"наркомафиози","negative"
"наркомафия","negative"
"наркоперевозчик","negative"
"наркопотребитель","negative"
"наркопотребление","negative"
"наркопреступление","negative"
"наркопреступник","negative"
"наркопреступность","negative"
"наркопритон","negative"
"наркопроизводитель","negative"
"наркопроизводство","negative"
"наркорынок","negative"
"наркосеть","negative"
"наркотизация","negative"
"наркотоксикомания","negative"
"наркоторговец","negative"
"наркоторговка","negative"
"наркоторговля","negative"
"наркотрафик","negative"
"наркоугроза","negative"
"народишко","negative"
"нарожать","negative"
"нарост","negative"
"нарочно","negative"
"нарочный","negative"
"наручник","negative"
"нарушать","negative"
"нарушаться","negative"
"нарушение","negative"
"нарушитель","negative"
"нарушительница","negative"
"нарушить","negative"
"нарушиться","negative"
"нарциссизм","negative"
"нарыв","negative"
"нарывать","negative"
"нарываться","negative"
"насаждать","negative"
"насвинячить","negative"
"насвистеть","negative"
"наседать","negative"
"насилие","negative"
"насилование","negative"
"насиловать","negative"
"насилу","negative"
"насильник","negative"
"насильница","negative"
"насильничать","negative"
"насильнический","negative"
"насильно","negative"
"насильственный","negative"
"наскок","negative"
"наскочить","negative"
"наскучивать","negative"
"наскучить","negative"
"наслать","negative"
"наследить","negative"
"наслушаться","negative"
"насмарку","negative"
"насмерть","negative"
"насмехаться","negative"
"насмешка","negative"
"насмешливость","negative"
"насмешливый","negative"
"насмешник","negative"
"насмешница","negative"
"насмешничать","negative"
"насмеяться","negative"
"насморк","negative"
"насобачиться","negative"
"насовать","negative"
"насоветовать","negative"
"насолить","negative"
"насорить","negative"
"насосаться","negative"
"насочинять","negative"
"наспех","negative"
"насплетничать","negative"
"настигать","negative"
"настораживать","negative"
"настораживаться","negative"
"настороженно","negative"
"настороженность","negative"
"насторожить","negative"
"насторожиться","negative"
"насторожённость","negative"
"настрадаться","negative"
"настрого","negative"
"настучать","negative"
"настырность","negative"
"настырный","negative"
"насупить","negative"
"насупиться","negative"
"насылать","negative"
"натворить","negative"
"натерпеться","negative"
"натиск","negative"
"натоптать","negative"
"натравить","negative"
"натравливание","negative"
"натравливать","negative"
"натянутость","negative"
"науськивание","negative"
"науськивать","negative"
"наутёк","negative"
"нахал","negative"
"нахалка","negative"
"нахальный","negative"
"нахальство","negative"
"нахамить","negative"
"нахапать","negative"
"нахаркать","negative"
"нахвалиться","negative"
"нахватать","negative"
"нахвататься","negative"
"нахлебаться","negative"
"нахлебник","negative"
"нахлобучивать","negative"
"нахлобучить","negative"
"нахлобучиться","negative"
"нахмуренность","negative"
"нахмурить","negative"
"нахмуриться","negative"
"нахохлиться","negative"
"нахулиганить","negative"
"нацарапать","negative"
"нацарапывать","negative"
"наценка","negative"
"национал-патриот","negative"
"национал-социалистский","negative"
"национал-экстремизм","negative"
"националист","negative"
"националистка","negative"
"националистский","negative"
"нацист","negative"
"нацистка","negative"
"нацистский","negative"
"начальничек","negative"
"начеркать","negative"
"начерно","negative"
"начихать","negative"
"начудить","negative"
"начхать","negative"
"нашествие","negative"
"нашкодить","negative"
"нашлёпать","negative"
"нашуметь","negative"
"наябедничать","negative"
"наёмник","negative"
"наёмница","negative"
"неадекватность","negative"
"неаккуратность","negative"
"неаккуратный","negative"
"неактуальность","negative"
"неактуальный","negative"
"неандертальский","negative"
"неаппетитный","negative"
"небезгрешный","negative"
"небезобидный","negative"
"небезопасность","negative"
"небезопасный","negative"
"небезупречный","negative"
"небескорыстный","negative"
"неблаговидность","negative"
"неблаговидный","negative"
"неблагодарность","negative"
"неблагодарный","negative"
"неблагозвучность","negative"
"неблагозвучный","negative"
"неблагонадёжность","negative"
"неблагополучие","negative"
"неблагополучный","negative"
"неблагопристойность","negative"
"неблагопристойный","negative"
"неблагоприятность","negative"
"неблагоприятный","negative"
"неблагоразумие","negative"
"неблагоразумный","negative"
"неблагородный","negative"
"неблагородство","negative"
"небоеспособность","negative"
"небоеспособный","negative"
"небрежение","negative"
"небрежничать","negative"
"небрежность","negative"
"небрежный","negative"
"небритость","negative"
"небывальщина","negative"
"неважнецкий","negative"
"неважный","negative"
"неведение","negative"
"невежа","negative"
"невежда","negative"
"невежественность","negative"
"невежественный","negative"
"невежество","negative"
"невежливость","negative"
"невежливый","negative"
"невезение","negative"
"невезуха","negative"
"невезучесть","negative"
"невезучий","negative"
"неверие","negative"
"неверность","negative"
"невесёлый","negative"
"невзвидеть","negative"
"невзгода","negative"
"невзгоды","negative"
"невзлюбить","negative"
"невзрачность","negative"
"невзрачный","negative"
"невидящий","negative"
"невкусный","negative"
"невменяемость","negative"
"невменяемый","negative"
"невнимание","negative"
"невнимательность","negative"
"невнимательный","negative"
"невнятица","negative"
"невнятность","negative"
"невнятный","negative"
"невовремя","negative"
"невозврат","negative"
"невозвратимый","negative"
"невозвратность","negative"
"невозвратный","negative"
"невозвращение","negative"
"невоздержание","negative"
"невоздержанность","negative"
"невоздержанный","negative"
"невоздержность","negative"
"невозможность","negative"
"невозможный","negative"
"неволить","negative"
"невольник","negative"
"невольница","negative"
"невольнический","negative"
"невольничество","negative"
"невольный","negative"
"невоспитанность","negative"
"невоспитанный","negative"
"невосполнимость","negative"
"невосполнимый","negative"
"невосприимчивость","negative"
"невостребованность","negative"
"невпопад","negative"
"невразумительность","negative"
"невразумительный","negative"
"невралгия","negative"
"неврастения","negative"
"невроз","negative"
"невропатология","negative"
"невротик","negative"
"невтерпёж","negative"
"невыгода","negative"
"невыгодность","negative"
"невыгодный","negative"
"невыдача","negative"
"невыдержанность","negative"
"невыдержанный","negative"
"невыносимость","negative"
"невыносимый","negative"
"невыплата","negative"
"невыполнение","negative"
"невыполнимость","negative"
"невыполнимый","negative"
"невыразительность","negative"
"невыразительный","negative"
"невыход","negative"
"негатив","negative"
"негативизм","negative"
"негативность","negative"
"негативный","negative"
"негибкость","negative"
"негодник","negative"
"негодница","negative"
"негодность","negative"
"негодный","negative"
"негодование","negative"
"негодовать","negative"
"негодяй","negative"
"негодяйка","negative"
"негодяйский","negative"
"негодяйство","negative"
"негожий","negative"
"негостеприимный","negative"
"негостеприимство","negative"
"неготовность","negative"
"неграмотность","negative"
"негритос","negative"
"негуманность","negative"
"негусто","negative"
"недальновидность","negative"
"недальновидный","negative"
"недалёкий","negative"
"недалёкость","negative"
"недееспособность","negative"
"недееспособный","negative"
"недействительность","negative"
"недействительный","negative"
"неделикатность","negative"
"неделикатный","negative"
"недержание","negative"
"недисциплинированность","negative"
"недисциплинированный","negative"
"недобитый","negative"
"недобор","negative"
"недоброжелатель","negative"
"недоброжелательница","negative"
"недоброжелательность","negative"
"недоброжелательный","negative"
"недоброжелательство","negative"
"недоброкачественность","negative"
"недоброкачественный","negative"
"недобросовестность","negative"
"недобросовестный","negative"
"недобрый","negative"
"недоверие","negative"
"недоверчивость","negative"
"недоверчивый","negative"
"недовесить","negative"
"недовольный","negative"
"недовольство","negative"
"недовыполнять","negative"
"недогадливость","negative"
"недогадливый","negative"
"недоглядеть","negative"
"недоговаривать","negative"
"недоговорить","negative"
"недоговорённость","negative"
"недодавать","negative"
"недодать","negative"
"недоделать","negative"
"недоделка","negative"
"недоделывать","negative"
"недоедание","negative"
"недоедать","negative"
"недозволенность","negative"
"недозволенный","negative"
"недозрелый","negative"
"недоказанность","negative"
"недолговечность","negative"
"недолюбливать","negative"
"недоля","negative"
"недолёт","negative"
"недомерок","negative"
"недомогание","negative"
"недомогать","negative"
"недомолвка","negative"
"недомыслие","negative"
"недоносок","negative"
"недоношенный","negative"
"недооценивать","negative"
"недооценить","negative"
"недооценка","negative"
"недоплата","negative"
"недоплатить","negative"
"недоплачивать","negative"
"недополучать","negative"
"недополучить","negative"
"недопонимание","negative"
"недопонимать","negative"
"недопонять","negative"
"недопустимость","negative"
"недопустимый","negative"
"недопущение","negative"
"недорабатывать","negative"
"недоработка","negative"
"недоразвитие","negative"
"недоразвитость","negative"
"недоразвитый","negative"
"недоразумение","negative"
"недоросль","negative"
"недоросток","negative"
"недосказанность","negative"
"недосказать","negative"
"недослушать","negative"
"недосматривать","negative"
"недосмотр","negative"
"недосмотреть","negative"
"недоспать","negative"
"недоставать","negative"
"недостаток","negative"
"недостаточность","negative"
"недостаточный","negative"
"недостать","negative"
"недостача","negative"
"недостижимость","negative"
"недостижимый","negative"
"недостоверность","negative"
"недостоверный","negative"
"недостойность","negative"
"недостойный","negative"
"недоступность","negative"
"недоступный","negative"
"недосчитаться","negative"
"недосчитываться","negative"
"недосып","negative"
"недосыпание","negative"
"недосыпать","negative"
"недосягаемость","negative"
"недосягаемый","negative"
"недотрога","negative"
"недотягивать","negative"
"недотянуть","negative"
"недотёпа","negative"
"недоумевать","negative"
"недоумевающе","negative"
"недоумение","negative"
"недоучитывать","negative"
"недоучка","negative"
"недоучёт","negative"
"недофинансирование","negative"
"недочёт","negative"
"недруг","negative"
"недружелюбие","negative"
"недружелюбный","negative"
"недружный","negative"
"недуг","negative"
"недёшево","negative"
"неестественность","negative"
"неестественный","negative"
"нежелание","negative"
"нежеланный","negative"
"нежелательность","negative"
"нежелательный","negative"
"неженка","negative"
"неживой","negative"
"нежизненность","negative"
"нежизненный","negative"
"нежизнеспособность","negative"
"нежизнеспособный","negative"
"незавершёнка","negative"
"незавершённость","negative"
"незавершённый","negative"
"незавидный","negative"
"незадача","negative"
"незадачливость","negative"
"незадачливый","negative"
"незаинтересованно","negative"
"незаинтересованность","negative"
"незаконнорождённость","negative"
"незаконнорождённый","negative"
"незаконность","negative"
"незаконный","negative"
"незаконченность","negative"
"незаконченный","negative"
"незаслуженность","negative"
"незаслуженный","negative"
"незачёт","negative"
"незащищённость","negative"
"незваный","negative"
"нездоровиться","negative"
"нездоровый","negative"
"нездоровье","negative"
"незнание","negative"
"незнатный","negative"
"незрелость","negative"
"незрелый","negative"
"незрячий","negative"
"неизбежность","negative"
"неизбежный","negative"
"неизгладимость","positive"
"неизлечимость","negative"
"неизлечимый","negative"
"неимение","negative"
"неимущий","negative"
"неинтересный","negative"
"неискренний","negative"
"неискренность","negative"
"неискупимый","negative"
"неискусно","negative"
"неискусность","negative"
"неискусный","negative"
"неисполнение","negative"
"неисполнимость","negative"
"неисполнимый","negative"
"неиспользование","negative"
"неисправимый","negative"
"неисправность","negative"
"неисправный","negative"
"неистинность","negative"
"неистинный","negative"
"неистовость","negative"
"неистовство","negative"
"неистовствовать","negative"
"неисцелимый","negative"
"нейротоксин","negative"
"неказистость","negative"
"неказистый","negative"
"некачественный","negative"
"неквалифицированный","negative"
"некоммуникабельность","negative"
"некомпетентность","negative"
"некомпетентный","negative"
"некомплект","negative"
"некомфортно","negative"
"неконкурентоспособность","negative"
"неконституционность","negative"
"неконституционный","negative"
"неконтактный","negative"
"некорректность","negative"
"некорректный","negative"
"некрасивость","negative"
"некрасивый","negative"
"некрепкий","negative"
"некроз","negative"
"некромантия","negative"
"некстати","negative"
"некуда","negative"
"некультурность","negative"
"некультурный","negative"
"неладный","negative"
"нелады","negative"
"неласковый","negative"
"нелегал","negative"
"нелегалка","negative"
"нелегальность","negative"
"нелегальный","negative"
"нелегальщина","negative"
"нелегитимность","negative"
"нелепица","negative"
"нелепость","negative"
"нелепый","negative"
"нелестный","negative"
"нелитературный","negative"
"нелицеприятный","negative"
"неловкий","negative"
"неловкость","negative"
"нелогичность","negative"
"нелогичный","negative"
"нелояльность","negative"
"нельзя","negative"
"нелюбезность","negative"
"нелюбезный","negative"
"нелюбимый","negative"
"нелюбовь","negative"
"нелюбопытный","negative"
"нелюдимка","negative"
"нелюдимость","negative"
"нелюдимый","negative"
"нелюдь","negative"
"нелёгкий","negative"
"нелётный","negative"
"неметь","negative"
"немилосердие","negative"
"немилосердный","negative"
"немилость","negative"
"неминуемость","negative"
"неминуемый","negative"
"немирный","negative"
"немодный","negative"
"немота","negative"
"немотивированность","negative"
"немотивированный","negative"
"немочь","negative"
"немощность","negative"
"немощный","negative"
"немощь","negative"
"немудрящий","negative"
"немыслимость","negative"
"немытый","negative"
"ненаблюдательный","negative"
"ненавидеть","negative"
"ненавистник","negative"
"ненавистница","negative"
"ненавистнический","negative"
"ненавистничество","negative"
"ненавистный","negative"
"ненависть","negative"
"ненадлежащий","negative"
"ненадобность","negative"
"ненадёжность","negative"
"ненадёжный","negative"
"ненастный","negative"
"ненастоящий","negative"
"ненастье","negative"
"ненасытность","negative"
"ненасытный","negative"
"ненатуральность","negative"
"ненатуральный","negative"
"ненаучность","negative"
"ненаучный","negative"
"ненормальность","negative"
"ненужность","negative"
"ненужный","negative"
"необдуманность","negative"
"необдуманный","negative"
"необеспеченность","negative"
"необеспеченный","negative"
"необоснованность","negative"
"необоснованный","negative"
"необработанный","negative"
"необразованность","negative"
"необразованный","negative"
"необратимость","negative"
"необратимый","negative"
"необузданность","negative"
"необузданный","negative"
"необщительность","negative"
"необщительный","negative"
"необъективность","negative"
"необъективный","negative"
"необязательность","negative"
"неодобрение","negative"
"неодобрительность","negative"
"неодобрительный","negative"
"неодолимость","negative"
"неодолимый","negative"
"неоказание","negative"
"неоплата","negative"
"неоплатный","negative"
"неоправданность","negative"
"неоправданный","negative"
"неопрятность","negative"
"неопрятный","negative"
"неопытность","negative"
"неопытный","negative"
"неорганизованность","negative"
"неорганизованный","negative"
"неосведомлённость","negative"
"неосмотрительность","negative"
"неосмотрительный","negative"
"неосмысленно","negative"
"неосновательность","negative"
"неосновательный","negative"
"неосознанность","negative"
"неосторожность","negative"
"неосторожный","negative"
"неосуществимость","negative"
"неосуществимый","negative"
"неотвратимость","negative"
"неотвратимый","negative"
"неотвязность","negative"
"неотвязный","negative"
"неотвязчивый","negative"
"неотзывчивость","negative"
"неотчётливость","negative"
"неотчётливый","negative"
"неотёсанность","negative"
"неотёсанный","negative"
"неофашист","negative"
"неохотный","negative"
"непереводимый","negative"
"непереносимость","negative"
"непереносимый","negative"
"непечатный","negative"
"неплательщик","negative"
"неплательщица","negative"
"неплатёж","negative"
"неплатёжеспособность","negative"
"неплодородный","negative"
"неповиновение","negative"
"неповоротливость","negative"
"неповоротливый","negative"
"непогода","negative"
"непогодь","negative"
"неподатливый","negative"
"неподготовленность","negative"
"неподобающий","negative"
"неподходящий","negative"
"неподчинение","negative"
"непозволительность","negative"
"непозволительный","negative"
"непокладистость","positive"
"непокладистый","positive"
"непокорный","negative"
"непокорство","positive"
"неполадка","negative"
"неполноправный","negative"
"неполнота","negative"
"неполноценность","negative"
"неполноценный","negative"
"неполучение","negative"
"непомерный","negative"
"непонимание","negative"
"непонимающе","negative"
"непонятка","negative"
"непонятливость","negative"
"непонятливый","negative"
"непонятный","negative"
"непоправимость","negative"
"непоправимый","negative"
"непопулярность","negative"
"непорядок","negative"
"непорядочность","negative"
"непорядочный","negative"
"непоседливость","negative"
"непоседливый","negative"
"непосещение","negative"
"непосильный","negative"
"непоследовательность","negative"
"непоследовательный","negative"
"непослушание","negative"
"непослушный","negative"
"непостоянность","negative"
"непостоянный","negative"
"непостоянство","negative"
"непотребность","negative"
"непотребный","negative"
"непотребство","negative"
"непочтение","negative"
"непочтительность","negative"
"непочтительный","negative"
"неправда","negative"
"неправдоподобие","negative"
"неправдоподобность","negative"
"неправдоподобный","negative"
"неправедность","negative"
"неправедный","negative"
"неправильность","negative"
"неправильный","negative"
"неправомерность","negative"
"неправомерный","negative"
"неправосудие","negative"
"неправосудный","negative"
"неправота","negative"
"неправый","negative"
"непрактичность","negative"
"непрактичный","negative"
"непредвиденный","negative"
"непредусмотрительность","negative"
"непредусмотрительный","negative"
"непрезентабельный","negative"
"непреодолимость","negative"
"непреодолимый","negative"
"непреходящий","positive"
"неприветливость","negative"
"неприветливый","negative"
"непривлекательность","negative"
"непривлекательный","negative"
"неприглядность","negative"
"неприглядный","negative"
"непригодность","negative"
"непригодный","negative"
"непригожий","negative"
"неприемлемость","negative"
"неприемлемый","negative"
"непризнание","negative"
"непризнанный","negative"
"неприкаянный","negative"
"неприкрытый","negative"
"неприличие","negative"
"неприличность","negative"
"неприличный","negative"
"неприменимость","negative"
"непримиримость","negative"
"непримиримый","negative"
"непринятие","negative"
"неприсоединение","negative"
"неприспособленность","negative"
"непристойность","negative"
"непристойный","negative"
"непритязательность","positive"
"неприязненность","negative"
"неприязненный","negative"
"неприязнь","negative"
"неприятель","negative"
"неприятельский","negative"
"неприятие","negative"
"неприятность","negative"
"неприятный","negative"
"непробудный","negative"
"непроглядный","negative"
"непродуктивность","negative"
"непродуктивный","negative"
"непродуманность","negative"
"непродуманный","negative"
"непроезжий","negative"
"непроизводительность","negative"
"непроизводительный","negative"
"непролазный","negative"
"непропорциональность","negative"
"непропорциональный","negative"
"непросвещённость","negative"
"непросвещённый","negative"
"непростительность","negative"
"непростительный","negative"
"непрофессионал","negative"
"непрофессионализм","negative"
"непроходимость","negative"
"непроходимый","negative"
"непрочность","negative"
"непрочный","negative"
"непрошеный","negative"
"непруха","negative"
"непутёвый","negative"
"неработоспособность","negative"
"нерабочий","negative"
"неравенство","negative"
"неравновесие","negative"
"неравновесность","negative"
"неравномерность","negative"
"неравномерный","negative"
"неравноправие","negative"
"неравноправный","negative"
"неравноценность","negative"
"неравноценный","negative"
"неравный","negative"
"нерадивость","negative"
"нерадивый","negative"
"нерадостно","negative"
"нерадостность","negative"
"неразбериха","negative"
"неразборчивость","negative"
"неразборчивый","negative"
"неразвитость","negative"
"неразвитый","negative"
"неразговорчивость","negative"
"неразговорчивый","negative"
"неразрешимость","negative"
"неразрешимый","negative"
"неразумение","negative"
"неразумие","negative"
"неразумность","negative"
"неразумный","negative"
"нераскаянность","negative"
"нераскаянный","negative"
"нерасположение","negative"
"нераспорядительность","negative"
"нерасторопность","negative"
"нерасторопный","negative"
"нерациональность","negative"
"нерациональный","negative"
"нервировать","negative"
"нервический","negative"
"нервничать","negative"
"нервность","negative"
"нервный","negative"
"нервозность","negative"
"нервозный","negative"
"нервотрёпка","negative"
"нереалистичность","negative"
"нерегулярность","negative"
"нерегулярный","negative"
"нерентабельность","negative"
"нерентабельный","negative"
"нерешимость","negative"
"нерешительность","negative"
"нерешительный","negative"
"нерешённость","negative"
"неритмичный","negative"
"неровность","negative"
"неродной","negative"
"неряха","negative"
"неряшество","negative"
"неряшливость","negative"
"неряшливый","negative"
"несамостоятельность","negative"
"несбалансированность","negative"
"несбыточность","negative"
"несбыточный","negative"
"несварение","negative"
"несведущий","negative"
"несвежесть","negative"
"несвежий","negative"
"несвобода","negative"
"несвободный","negative"
"несвоевременность","negative"
"несвоевременный","negative"
"несвязанность","positive"
"несвязность","negative"
"несвязный","negative"
"несговорчивость","negative"
"несговорчивый","negative"
"несдержанность","negative"
"несдержанный","negative"
"несдобровать","negative"
"несерьёзность","negative"
"несерьёзный","negative"
"несимпатичный","negative"
"нескладность","negative"
"нескладный","negative"
"нескромность","negative"
"нескромный","negative"
"несладко","negative"
"несмелость","negative"
"несмелый","negative"
"несмолкаемый","negative"
"несмышлёный","negative"
"несмышлёныш","negative"
"несносность","negative"
"несносный","negative"
"несоблюдение","negative"
"несобранность","negative"
"несовершенный","negative"
"несовершенство","negative"
"несовместимость","negative"
"несовместимый","negative"
"несовместность","negative"
"несовместный","negative"
"несовпадение","negative"
"несовременный","negative"
"несогласие","negative"
"несогласованность","negative"
"несогласованный","negative"
"несознательность","negative"
"несознательный","negative"
"несообразительность","negative"
"несообразность","negative"
"несообразный","negative"
"несоответствие","negative"
"несопоставимость","negative"
"несопоставимый","negative"
"несостоятельность","negative"
"несостоятельный","negative"
"несостыковка","negative"
"неспелый","negative"
"неспециалист","negative"
"неспокойный","negative"
"неспокойствие","negative"
"неспортивный","negative"
"неспособность","negative"
"неспособный","negative"
"несправедливость","negative"
"несправедливый","negative"
"нестабильность","negative"
"нестерпимость","negative"
"нестерпимый","negative"
"нестойкий","negative"
"нестойкость","negative"
"нестройность","negative"
"нестройный","negative"
"нестыковка","negative"
"нестыковочка","negative"
"несуразица","negative"
"несуразность","negative"
"несуразный","negative"
"несусветица","negative"
"несусветный","negative"
"несходный","negative"
"несходство","negative"
"несчастие","negative"
"несчастливец","negative"
"несчастливица","negative"
"несчастливый","negative"
"несчастнейший","negative"
"несчастный","negative"
"несчастье","negative"
"несъедобность","negative"
"несъедобный","negative"
"нетактичность","negative"
"нетактичный","negative"
"неталантливость","negative"
"нетерпеливость","negative"
"нетерпеливый","negative"
"нетерпение","negative"
"нетерпимость","negative"
"нетерпимый","negative"
"неточность","negative"
"неточный","negative"
"нетрезвость","negative"
"нетрезвый","negative"
"нетрудовой","negative"
"нетрудоспособность","negative"
"нетрудоспособный","negative"
"нету","negative"
"неубедительность","negative"
"неубедительный","negative"
"неуважение","negative"
"неуважительность","negative"
"неуважительный","negative"
"неуверенность","negative"
"неуверенный","negative"
"неувязка","negative"
"неугодный","negative"
"неугомонность","negative"
"неугомонный","negative"
"неуд","negative"
"неудача","negative"
"неудачливость","negative"
"неудачливый","negative"
"неудачник","negative"
"неудачница","negative"
"неудачность","negative"
"неудачный","negative"
"неудержимость","negative"
"неудобный","negative"
"неудобочитаемый","negative"
"неудобство","negative"
"неудовлетворение","negative"
"неудовлетворительность","negative"
"неудовлетворительный","negative"
"неудовлетворённость","negative"
"неудовлетворённый","negative"
"неудовольствие","negative"
"неуживчивость","negative"
"неуживчивый","negative"
"неуклюжесть","negative"
"неуклюжий","negative"
"неумелость","negative"
"неумелый","negative"
"неумение","negative"
"неумеренность","negative"
"неумеренный","negative"
"неуместность","negative"
"неуместный","negative"
"неумеха","negative"
"неумный","negative"
"неумолимость","negative"
"неумолимый","negative"
"неумолкаемый","negative"
"неуплата","negative"
"неупорядоченность","negative"
"неуправляемость","negative"
"неуправляемый","negative"
"неуравновешенность","negative"
"неуравновешенный","negative"
"неурожай","negative"
"неурожайный","negative"
"неурочный","negative"
"неурядица","negative"
"неуспеваемость","negative"
"неуспех","negative"
"неуспешность","negative"
"неуспешный","negative"
"неуспокоенность","negative"
"неустойка","negative"
"неустойчивость","negative"
"неустойчивый","negative"
"неустранимый","negative"
"неустроенность","negative"
"неустроенный","negative"
"неустройство","negative"
"неуступчивость","negative"
"неуступчивый","negative"
"неутешительность","negative"
"неутешительный","negative"
"неутешность","negative"
"неутешный","negative"
"неухоженность","negative"
"неуч","negative"
"неучастие","negative"
"неученье","negative"
"неучтивость","negative"
"неучтивый","negative"
"неучёный","negative"
"неуют","negative"
"неуютность","negative"
"неуютный","negative"
"неуёмность","negative"
"неуёмный","negative"
"нефтеразлив","negative"
"нехватка","negative"
"неходовой","negative"
"нехоженый","negative"
"нехороший","negative"
"нехотя","negative"
"нецелесообразность","negative"
"нецелесообразный","negative"
"нецензурность","negative"
"нецензурный","negative"
"нецензурщина","negative"
"нечеловечески","negative"
"нечеловеческий","negative"
"нечеловечность","negative"
"нечеловечный","negative"
"нечестивость","negative"
"нечестивый","negative"
"нечестность","negative"
"нечестный","negative"
"нечесть","negative"
"нечистоплотность","negative"
"нечистоплотный","negative"
"нечистота","negative"
"нечистый","negative"
"нечисть","negative"
"нечленораздельный","negative"
"нечувствительность","negative"
"нечуткий","negative"
"нечуткость","negative"
"нечёткий","negative"
"нещадный","negative"
"неэквивалентный","negative"
"неэтичность","negative"
"неэффективность","negative"
"неявка","negative"
"неясность","negative"
"нигер","negative"
"нигилистический","negative"
"нижестоящий","negative"
"низвергать","negative"
"низвергаться","negative"
"низвергнуться","negative"
"низвержение","negative"
"низкокачественный","negative"
"низкооплачиваемый","negative"
"низкопоклонство","negative"
"низкопробность","negative"
"низкопробный","negative"
"низкосортность","negative"
"низкосортный","negative"
"низлагать","negative"
"низменный","negative"
"низость","negative"
"низший","negative"
"никогда","negative"
"никотин","negative"
"никотиновый","negative"
"никудышность","negative"
"никудышный","negative"
"никчёмность","negative"
"никчёмный","negative"
"нимфомания","negative"
"нимфоманка","negative"
"ниспровергатель","negative"
"ниспровергнуть","negative"
"ничегонеделание","negative"
"ничо","positive"
"ничтожнейший","negative"
"ничтожность","negative"
"ничтожный","negative"
"нищать","negative"
"нищенка","negative"
"нищенски","negative"
"нищенский","negative"
"нищенство","negative"
"нищенствовать","negative"
"нищета","negative"
"ножевой","negative"
"нокаут","negative"
"нокаутировать","negative"
"нокдаун","negative"
"норовистость","negative"
"носатый","negative"
"носильный","negative"
"ноша","negative"
"ношеный","negative"
"нуб","negative"
"нудизм","negative"
"нудить","negative"
"нудность","negative"
"нудный","negative"
"нудятина","negative"
"нужда","negative"
"нуждаться","negative"
"нытик","negative"
"ныть","negative"
"нытьё","negative"
"обабиться","negative"
"обанкротиться","negative"
"обвал","negative"
"обваливать","negative"
"обваливаться","negative"
"обвалить","negative"
"обвалиться","negative"
"обварить","negative"
"обвес","negative"
"обвесить","negative"
"обветриться","negative"
"обветшалость","negative"
"обветшалый","negative"
"обветшать","negative"
"обвешать","negative"
"обвешаться","negative"
"обвешивать","negative"
"обвешиваться","negative"
"обвинение","negative"
"обвинитель","negative"
"обвинительница","negative"
"обвинительный","negative"
"обвинить","negative"
"обвинять","negative"
"обвислый","negative"
"обвиснуть","negative"
"обворовать","negative"
"обворовывание","negative"
"обворовывать","negative"
"обгадить","negative"
"обгадиться","negative"
"обгаживаться","negative"
"обглодать","negative"
"обгорать","negative"
"обгорелый","negative"
"обгореть","negative"
"обгрызать","negative"
"обгрызть","negative"
"обделать","negative"
"обделить","negative"
"обделять","negative"
"обдираловка","negative"
"обдирание","negative"
"обдирать","negative"
"обдираться","negative"
"обдурить","negative"
"обеднение","negative"
"обеднеть","negative"
"обеднить","negative"
"обеднять","negative"
"обезвоживание","negative"
"обезвоживать","negative"
"обезвоживаться","negative"
"обезглавить","negative"
"обезглавливание","negative"
"обезглавливать","negative"
"обездвиживание","negative"
"обезденежеть","negative"
"обездоленность","negative"
"обездолить","negative"
"обезличивание","negative"
"обезличивать","negative"
"обезличить","negative"
"обезлюдеть","negative"
"обезнадёживать","negative"
"обезображивание","negative"
"обезображивать","negative"
"обезображиваться","negative"
"обезобразить","negative"
"обезуметь","negative"
"обезьянник","negative"
"обезьянничать","negative"
"обезьяноподобный","negative"
"обезьяночеловек","negative"
"обескровить","negative"
"обескровливание","negative"
"обескровливать","negative"
"обескураженность","negative"
"обеспокоенность","negative"
"обеспокоить","negative"
"обеспокоиться","negative"
"обессилеть","negative"
"обессиливание","negative"
"обессиливать","negative"
"обессилить","negative"
"обессмысливание","negative"
"обессмысливать","negative"
"обессмысливаться","negative"
"обессмыслить","negative"
"обессмыслиться","negative"
"обессудить","negative"
"обесточивание","negative"
"обесточить","negative"
"обесценивание","negative"
"обесценивать","negative"
"обесцениваться","negative"
"обесценить","negative"
"обесцениться","negative"
"обесчестить","negative"
"обесчещивать","negative"
"обжалование","negative"
"обжаловать","negative"
"обжечь","negative"
"обжечься","negative"
"обжигание","negative"
"обжигать","negative"
"обжигаться","negative"
"обжираловка","negative"
"обжирать","negative"
"обжираться","negative"
"обжора","negative"
"обжорка","negative"
"обжорный","negative"
"обжорство","negative"
"обзывание","negative"
"обзывательство","negative"
"обзывать","negative"
"обида","negative"
"обидеть","negative"
"обидеться","negative"
"обидка","negative"
"обидный","negative"
"обидчивость","negative"
"обидчивый","negative"
"обидчик","negative"
"обидчица","negative"
"обижать","negative"
"обижаться","negative"
"обиженность","negative"
"обирать","negative"
"обкалывать","negative"
"обколоть","negative"
"обкорнать","negative"
"обкрадывание","negative"
"обкрадывать","negative"
"обкурить","negative"
"облава","negative"
"облагать","negative"
"облаивать","negative"
"обламывать","negative"
"обламываться","negative"
"облапошивание","negative"
"облапошивать","negative"
"облапошить","negative"
"облаять","negative"
"облевать","negative"
"обледенелый","negative"
"обледенение","negative"
"обледенеть","negative"
"облезлый","negative"
"облезть","negative"
"облениваться","negative"
"облениться","negative"
"облить","negative"
"облиться","negative"
"обличать","negative"
"обличительный","negative"
"обличить","negative"
"облобызаться","negative"
"облом","negative"
"обломать","negative"
"обломаться","negative"
"обломить","negative"
"обломиться","negative"
"обломок","negative"
"облупиться","negative"
"облучение","negative"
"облучить","negative"
"облысение","negative"
"облысеть","negative"
"обляпать","negative"
"обляпаться","negative"
"облёвывать","negative"
"обман","negative"
"обманка","negative"
"обманный","negative"
"обмануть","negative"
"обмануться","negative"
"обманчивость","negative"
"обманчивый","negative"
"обманщик","negative"
"обманщица","negative"
"обманывать","negative"
"обманываться","positive"
"обмелеть","negative"
"обмельчать","negative"
"обмереть","negative"
"обмирать","negative"
"обмораживать","negative"
"обморожение","negative"
"обморозить","negative"
"обморозиться","negative"
"обморок","negative"
"обморочный","negative"
"обмочить","negative"
"обмочиться","negative"
"обмякнуть","negative"
"обмёрзнуть","negative"
"обнаглеть","negative"
"обнажёнка","negative"
"обнести","negative"
"обнищание","negative"
"обнищать","negative"
"обносить","negative"
"обноситься","negative"
"обносок","negative"
"обнюхаться","negative"
"обобрать","negative"
"ободрать","negative"
"ободраться","negative"
"обожрать","negative"
"обожраться","negative"
"обозвать","negative"
"обозлить","negative"
"обозлиться","negative"
"обознаться","negative"
"обокрасть","negative"
"оболванивание","negative"
"оболванивать","negative"
"оболванить","negative"
"оболгать","negative"
"оболтус","negative"
"обольститель","negative"
"обольстительница","negative"
"обольстить","positive"
"обольститься","negative"
"обольщаться","positive"
"обомшелый","negative"
"оборванец","negative"
"оборванка","negative"
"оборвать","negative"
"оборваться","negative"
"оборвыш","negative"
"обормот","negative"
"оборотень","negative"
"обострение","negative"
"обострить","negative"
"обостриться","negative"
"обострять","negative"
"обостряться","negative"
"обрезаться","negative"
"обрекать","negative"
"обрекаться","negative"
"обременение","negative"
"обременительность","negative"
"обременительный","negative"
"обременить","negative"
"обремениться","negative"
"обременять","negative"
"обречение","negative"
"обречь","negative"
"обречённость","negative"
"оброк","negative"
"обрубать","negative"
"обрубить","negative"
"обругать","negative"
"обрушение","negative"
"обрушивать","negative"
"обрушиваться","negative"
"обрушить","negative"
"обрушиться","negative"
"обрывание","negative"
"обрывать","negative"
"обрываться","negative"
"обрывочность","negative"
"обрывочный","negative"
"обрызгать","negative"
"обрюзглость","negative"
"обрюхатить","negative"
"обслюнить","negative"
"обслюнявить","negative"
"обсосать","negative"
"обстрел","negative"
"обстреливать","negative"
"обстрелять","negative"
"обсчитать","negative"
"обсчитаться","negative"
"обсчитывание","negative"
"обсчитывать","negative"
"обсчитываться","negative"
"обсчёт","negative"
"обтерпеться","negative"
"обтрепаться","negative"
"обугливаться","negative"
"обуглиться","negative"
"обуза","negative"
"обуревать","negative"
"обхамить","negative"
"обхаркать","negative"
"обхитрить","negative"
"обцарапать","negative"
"обчистить","negative"
"обчищать","negative"
"обшаривание","negative"
"обшаривать","negative"
"обшарить","negative"
"обшарпать","negative"
"обшастать","negative"
"общипывать","negative"
"объедать","negative"
"объедаться","negative"
"объедки","negative"
"объедок","negative"
"объесть","negative"
"объесться","negative"
"обывательщина","negative"
"обыск","negative"
"обыскать","negative"
"обыскаться","negative"
"обыскивать","negative"
"обязаловка","negative"
"обязывать","negative"
"овдоветь","negative"
"оглохнуть","negative"
"оглупление","negative"
"оглушать","negative"
"оглушающе","negative"
"оглушение","negative"
"оглушительный","negative"
"оглушить","negative"
"оглушённость","negative"
"огнемёт","negative"
"огнестрел","negative"
"огнестрельный","negative"
"оговаривать","negative"
"оговариваться","negative"
"оговор","negative"
"оговорить","negative"
"оговориться","negative"
"оговорка","negative"
"оголодать","negative"
"оголяться","negative"
"огораживаться","negative"
"огорошить","positive"
"огорчать","negative"
"огорчаться","negative"
"огорчение","negative"
"огорчительный","negative"
"огорчить","negative"
"огорчиться","negative"
"огр","negative"
"ограбить","negative"
"ограбление","negative"
"ограждаться","negative"
"ограничение","negative"
"ограниченность","negative"
"ограничивать","negative"
"ограничиваться","negative"
"ограничительный","negative"
"ограничить","negative"
"огребать","negative"
"огрести","negative"
"огреть","negative"
"огрех","negative"
"огрубевать","negative"
"огрубелость","negative"
"огрубелый","negative"
"огрубеть","negative"
"огрубление","negative"
"огрызаться","negative"
"огрызнуться","negative"
"огрызок","negative"
"огульно","negative"
"одалживаться","negative"
"одеревенелость","negative"
"одеревенелый","negative"
"одеревенение","negative"
"одеревенеть","negative"
"одержимость","negative"
"одинокий","negative"
"одинокость","negative"
"одиночество","negative"
"одиночка","negative"
"одичалость","negative"
"одичалый","negative"
"одичание","negative"
"одичать","negative"
"однобокий","negative"
"однобокость","negative"
"одноглазый","negative"
"одноногий","negative"
"однообразность","negative"
"однорукий","negative"
"одрябнуть","negative"
"одряхление","negative"
"одряхлеть","negative"
"одряхнуть","negative"
"одурачивание","negative"
"одурачивать","positive"
"одурачить","negative"
"одурелый","negative"
"одурение","negative"
"одуреть","negative"
"одурманивание","negative"
"одурманивать","negative"
"одурманить","negative"
"одурять","negative"
"одышка","negative"
"одёргивание","negative"
"одёргивать","negative"
"одёрнуть","negative"
"ожесточать","negative"
"ожесточаться","negative"
"ожесточение","negative"
"ожесточить","negative"
"ожесточиться","negative"
"ожесточённость","negative"
"ожесточённый","negative"
"ожечь","negative"
"ожечься","negative"
"ожирение","negative"
"ожиреть","negative"
"ожог","negative"
"озабоченность","negative"
"озверелый","negative"
"озверение","negative"
"озвереть","negative"
"озлить","negative"
"озлиться","negative"
"озлобить","negative"
"озлобиться","negative"
"озлобление","negative"
"озлобленность","negative"
"озлоблять","negative"
"озлобляться","negative"
"озноб","negative"
"озябнуть","negative"
"ойканье","negative"
"ойкать","negative"
"оказия","negative"
"окаменеть","negative"
"окатить","negative"
"окаянный","negative"
"окислиться","negative"
"окисляться","negative"
"оккультист","negative"
"оккупант","negative"
"оккупантский","negative"
"оккупация","negative"
"оккупировать","negative"
"оклеветать","negative"
"оковать","negative"
"оковы","negative"
"околачиваться","negative"
"околдовывать","negative"
"околесица","negative"
"околеть","negative"
"оконфузиться","negative"
"окостеневать","negative"
"окостенение","negative"
"окостенеть","negative"
"окоченелость","negative"
"окоченелый","negative"
"окоченение","negative"
"окоченеть","negative"
"окочуриться","negative"
"окриветь","negative"
"окровавить","negative"
"окрутить","negative"
"оледенеть","negative"
"олигархия","negative"
"олух","negative"
"омерзение","negative"
"омерзительность","negative"
"омерзительный","negative"
"омертвелость","negative"
"омертвелый","negative"
"омертвение","negative"
"омертветь","negative"
"омертвление","negative"
"омрачать","negative"
"омрачаться","negative"
"омрачение","negative"
"омрачить","negative"
"омрачиться","negative"
"омут","negative"
"онанирование","negative"
"онемелость","negative"
"онемелый","negative"
"онемение","negative"
"онеметь","negative"
"онкологический","negative"
"онкология","negative"
"опаздывать","negative"
"опаивание","negative"
"опаивать","negative"
"опалиться","negative"
"опасаться","negative"
"опасение","negative"
"опаска","negative"
"опасливый","negative"
"опаснейший","negative"
"опасность","negative"
"опасный","negative"
"опечалить","negative"
"опечалиться","negative"
"опечатка","negative"
"опечатывание","negative"
"опечатывать","negative"
"опешить","negative"
"опиатный","negative"
"опий","negative"
"описаться","negative"
"описка","negative"
"оплакать","negative"
"оплакивание","negative"
"оплакивать","negative"
"оплевать","negative"
"оплеуха","negative"
"оплошать","negative"
"оплошность","negative"
"оплёвывать","negative"
"опоганить","negative"
"опоздание","negative"
"опоздать","negative"
"опозорить","negative"
"опозориться","negative"
"опоить","negative"
"оползень","negative"
"оползневый","negative"
"ополовинить","negative"
"ополоуметь","negative"
"ополчаться","negative"
"ополчение","negative"
"ополчиться","negative"
"опорожниться","negative"
"опорочивать","negative"
"опорочить","negative"
"опохмелиться","negative"
"опохмеляться","negative"
"опошление","negative"
"опошливание","negative"
"опошлить","negative"
"опошлять","negative"
"опошляться","negative"
"оппозиционер","negative"
"оппозиционный","negative"
"оппонент","negative"
"оправдываться","negative"
"опрелость","negative"
"оприходовать","negative"
"опричнина","negative"
"опровергать","negative"
"опровергнуть","negative"
"опрокидывание","negative"
"опрокидывать","negative"
"опрокидываться","negative"
"опрокинуть","negative"
"опрокинуться","negative"
"опрометчивость","negative"
"опрометчивый","negative"
"опростоволоситься","negative"
"опротестование","negative"
"опротестовать","negative"
"опротестовывать","negative"
"опротиветь","negative"
"опупение","negative"
"опускание","negative"
"опускаться","negative"
"опустелый","negative"
"опустение","negative"
"опустеть","negative"
"опустошать","negative"
"опустошение","negative"
"опустошитель","negative"
"опустошительный","negative"
"опустошить","negative"
"опустошённость","negative"
"опустынивание","negative"
"опутать","negative"
"опутывать","negative"
"опухание","negative"
"опухать","negative"
"опухлость","negative"
"опухнуть","negative"
"опухолевый","negative"
"опущение","negative"
"опьянеть","negative"
"опьянить","negative"
"опьянять","negative"
"ор","negative"
"орать","negative"
"оргпреступность","negative"
"орда","negative"
"ордынцы","negative"
"орк","negative"
"оробеть","negative"
"орудие","negative"
"оружие","negative"
"осада","negative"
"осадить","negative"
"осадный","negative"
"осаждать","negative"
"осаждение","negative"
"осатанеть","negative"
"освистать","negative"
"освистывать","negative"
"осекаться","negative"
"осердиться","negative"
"осерчать","negative"
"осечка","negative"
"осечь","negative"
"осечься","negative"
"осиплость","negative"
"осиплый","negative"
"осипнуть","negative"
"осиротеть","negative"
"осиротить","negative"
"оскал","negative"
"оскаливать","negative"
"оскаливаться","negative"
"оскалить","negative"
"оскалиться","negative"
"оскальзываться","negative"
"оскандалиться","negative"
"осквернение","negative"
"осквернитель","negative"
"осквернить","negative"
"оскверниться","negative"
"осквернять","negative"
"оскверняться","negative"
"осколок","negative"
"оскользнуться","negative"
"оскорбитель","negative"
"оскорбительница","negative"
"оскорбительность","negative"
"оскорбительный","negative"
"оскорбить","negative"
"оскорбиться","negative"
"оскорбление","negative"
"оскорблять","negative"
"оскорбляться","negative"
"оскудевать","negative"
"оскудение","negative"
"оскудеть","negative"
"ослабевать","negative"
"ослабелый","negative"
"ослабеть","negative"
"ослабить","negative"
"ослабиться","negative"
"ослабление","negative"
"ослабленность","negative"
"ослабляться","negative"
"ослабнуть","negative"
"ослепить","positive"
"ослепление","negative"
"ослеплять","positive"
"ослепнуть","negative"
"ослиный","negative"
"осложнение","negative"
"осложнить","negative"
"осложниться","negative"
"осложнять","negative"
"осложняться","negative"
"ослушание","negative"
"ослушаться","negative"
"осмеивать","positive"
"осмеяние","negative"
"осмеять","negative"
"оспа","negative"
"оспорить","negative"
"осрамить","negative"
"осрамиться","negative"
"останки","negative"
"остекленеть","negative"
"остеоартрит","negative"
"остеохондроз","negative"
"остервенелость","negative"
"остервенелый","negative"
"остервенеть","negative"
"остервенить","negative"
"остерегаться","negative"
"остолбенелый","negative"
"остолбенение","negative"
"остолбенеть","negative"
"остолоп","negative"
"осточертеть","negative"
"острить","negative"
"острозаразный","negative"
"острячка","positive"
"оступаться","negative"
"оступиться","negative"
"осудить","negative"
"осуждать","negative"
"осуждающе","negative"
"осуждение","negative"
"осуждённый","negative"
"осунуться","negative"
"осушение","negative"
"отбиваться","negative"
"отбирание","negative"
"отбирать","negative"
"отбить","negative"
"отбомбиться","negative"
"отбраковать","negative"
"отбраковывать","negative"
"отбрить","negative"
"отброс","negative"
"отбрыкиваться","negative"
"отбушевать","negative"
"отбывание","negative"
"отбывать","negative"
"отвадить","negative"
"отваливать","negative"
"отваливаться","negative"
"отвалить","negative"
"отвалиться","negative"
"отвергать","negative"
"отвергнуть","negative"
"отверженец","negative"
"отвержение","negative"
"отверженность","negative"
"отверженный","negative"
"отвернуться","negative"
"отвертеться","negative"
"отвесить","negative"
"отвешивать","negative"
"отвильнуть","negative"
"отвисать","negative"
"отвислый","negative"
"отвлекать","negative"
"отвлекаться","negative"
"отвлечь","negative"
"отвлечённость","negative"
"отворачиваться","negative"
"отворотить","negative"
"отворотиться","negative"
"отвоёвывание","negative"
"отвратительность","negative"
"отвратительный","negative"
"отвратить","negative"
"отвратный","negative"
"отвращать","negative"
"отвращение","negative"
"отвязаться","negative"
"отвязываться","negative"
"отвёртываться","negative"
"отгнивать","negative"
"отговариваться","negative"
"отговориться","negative"
"отговорка","negative"
"отгонять","negative"
"отгораживаться","negative"
"отгореть","negative"
"отгородиться","negative"
"отгороженность","negative"
"отграничиваться","negative"
"отгребать","negative"
"отгрести","negative"
"отгрызать","negative"
"отдавить","negative"
"отдаление","negative"
"отдалиться","negative"
"отдаляться","negative"
"отделаться","negative"
"отделиться","negative"
"отделываться","negative"
"отдубасить","negative"
"отдуваться","negative"
"отдышка","negative"
"отдёргивать","negative"
"отдёргиваться","negative"
"отдёрнуть","negative"
"отдёрнуться","negative"
"отекать","negative"
"отечь","negative"
"отжарить","negative"
"отжать","negative"
"отжевать","negative"
"отживший","negative"
"отжить","negative"
"отираться","negative"
"отит","negative"
"отказ","negative"
"отказать","negative"
"отказаться","negative"
"отказник","negative"
"отказывать","negative"
"отказываться","negative"
"откалываться","negative"
"откат","negative"
"откаточный","negative"
"откатывать","negative"
"откатываться","negative"
"отклеиваться","negative"
"отклеиться","negative"
"отклонение","negative"
"отклонить","negative"
"отклониться","negative"
"отклонять","negative"
"отклоняться","negative"
"отключение","negative"
"отключиться","negative"
"отключка","negative"
"откол","negative"
"отколотить","negative"
"отколоться","negative"
"откосить","negative"
"откреститься","negative"
"открещиваться","negative"
"откромсать","negative"
"откуп","negative"
"откупаться","negative"
"откупиться","negative"
"откупной","negative"
"отлавливание","negative"
"отлагательство","negative"
"отламываться","negative"
"отлаять","negative"
"отлежать","negative"
"отломать","negative"
"отломиться","negative"
"отлупить","negative"
"отлучать","negative"
"отлучение","negative"
"отлучить","negative"
"отлучка","negative"
"отлынивание","negative"
"отлынивать","negative"
"отлюбить","negative"
"отлёживать","negative"
"отлёживаться","negative"
"отмазать","negative"
"отмазка","negative"
"отмазывать","negative"
"отмалчиваться","negative"
"отмахаться","negative"
"отмахиваться","negative"
"отмахнуть","negative"
"отмахнуться","negative"
"отмашка","negative"
"отмена","negative"
"отменить","negative"
"отменять","negative"
"отменяться","negative"
"отмереть","negative"
"отместка","negative"
"отмирание","negative"
"отмирать","negative"
"отмораживать","negative"
"отморожение","negative"
"отморозить","negative"
"отмочить","negative"
"отмучиться","negative"
"отмщать","negative"
"отмщение","negative"
"отмывание","negative"
"отмёрзнуть","negative"
"отнекиваться","negative"
"отнимать","negative"
"отниматься","negative"
"отнюдь","negative"
"отнятие","negative"
"отнять","negative"
"отняться","negative"
"отобрать","negative"
"отогнать","negative"
"отодрать","negative"
"отомстить","negative"
"оторванность","negative"
"оторвать","negative"
"оторопелый","negative"
"оторопеть","negative"
"отощать","negative"
"отпевание","negative"
"отпевать","negative"
"отпеть","negative"
"отпираться","negative"
"отписаться","negative"
"отписка","negative"
"отписываться","negative"
"отпихивать","negative"
"отпихиваться","negative"
"отпихнуть","negative"
"отплата","negative"
"отплачивать","negative"
"отплеваться","negative"
"отплёвываться","negative"
"отпрыск","negative"
"отпрянуть","negative"
"отпугивание","negative"
"отпугивать","negative"
"отпугнуть","negative"
"отпущенник","negative"
"отрава","negative"
"отравитель","negative"
"отравительница","negative"
"отравить","negative"
"отравиться","negative"
"отравление","negative"
"отравлять","negative"
"отравляться","negative"
"отравный","negative"
"отребье","negative"
"отрезание","negative"
"отрекаться","negative"
"отрепье","negative"
"отречение","negative"
"отречься","negative"
"отрешаться","negative"
"отрешение","negative"
"отрешить","negative"
"отрешиться","negative"
"отрешённость","negative"
"отринуть","negative"
"отрицание","negative"
"отрицатель","negative"
"отрицательность","negative"
"отрицательный","negative"
"отрицать","negative"
"отродье","negative"
"отрубание","negative"
"отрубать","negative"
"отрубить","negative"
"отрубиться","negative"
"отругать","negative"
"отругиваться","negative"
"отрывание","negative"
"отрыгивать","negative"
"отрыгнуть","negative"
"отсебятина","negative"
"отсекание","negative"
"отсекать","negative"
"отселение","negative"
"отселить","negative"
"отсечение","negative"
"отсечь","negative"
"отсеяться","negative"
"отсидеть","negative"
"отсиживать","negative"
"отсохнуть","negative"
"отставание","negative"
"отставать","negative"
"отставить","negative"
"отставка","negative"
"отсталость","negative"
"отсталый","negative"
"отстать","negative"
"отстегать","negative"
"отстойник","negative"
"отстойный","negative"
"отстрадать","negative"
"отстранение","negative"
"отстранить","negative"
"отстраниться","negative"
"отстранять","negative"
"отстраняться","negative"
"отстранённость","negative"
"отстрел","negative"
"отстреливать","negative"
"отстреливаться","negative"
"отстрелить","negative"
"отстрелять","negative"
"отступательный","negative"
"отступать","negative"
"отступаться","negative"
"отступить","negative"
"отступиться","negative"
"отступление","negative"
"отступник","negative"
"отступница","negative"
"отступничество","negative"
"отсудить","negative"
"отсутствие","negative"
"отсутствовать","negative"
"отсутствующий","negative"
"отсыреть","negative"
"отталкивание","negative"
"отталкивать","negative"
"оттаскать","negative"
"оттеснение","negative"
"оттеснить","negative"
"оттеснять","negative"
"оттесняться","negative"
"оттолкнуть","negative"
"оттоптать","negative"
"оттопыриваться","negative"
"отторгать","negative"
"отторгаться","negative"
"отторгнуть","negative"
"отторжение","negative"
"оттрубить","negative"
"оттягать","negative"
"оттяпать","negative"
"отупевать","negative"
"отупелый","negative"
"отупение","negative"
"отупеть","negative"
"отуплять","negative"
"отфутболивать","negative"
"отфутболить","negative"
"отхаркивание","negative"
"отхаркивать","negative"
"отхаркиваться","negative"
"отхаркивающее","negative"
"отхватить","negative"
"отхватывать","negative"
"отхлестать","negative"
"отход","negative"
"отходняк","negative"
"отцветать","negative"
"отцепиться","negative"
"отцеубийство","negative"
"отцеубийца","negative"
"отчаиваться","negative"
"отчаяние","negative"
"отчаянность","negative"
"отчаянный","negative"
"отчаянье","negative"
"отчаяться","negative"
"отчеркнуть","negative"
"отчисление","negative"
"отчислить","negative"
"отчислять","negative"
"отчисляться","negative"
"отчитать","negative"
"отчитывать","negative"
"отчубучить","negative"
"отчудить","negative"
"отчуждать","negative"
"отчуждение","negative"
"отчуждённость","negative"
"отшатнуться","negative"
"отшатываться","negative"
"отшвыривать","negative"
"отшвыриваться","negative"
"отшвырнуть","negative"
"отшельница","negative"
"отшельничество","negative"
"отшиб","negative"
"отшибать","negative"
"отшибить","negative"
"отшивать","negative"
"отшиваться","negative"
"отшить","negative"
"отшлёпать","negative"
"отщепенец","negative"
"отъедать","negative"
"отъедаться","negative"
"отъединение","negative"
"отъесться","negative"
"отъявленный","negative"
"отыгрываться","negative"
"отяготить","negative"
"отягощать","negative"
"отягощаться","negative"
"отягощение","negative"
"отягощённость","negative"
"отягчать","negative"
"отяжелеть","negative"
"отёчность","negative"
"отёчный","negative"
"оферта","negative"
"офицерик","negative"
"офицеришка","negative"
"охаивать","negative"
"охаметь","negative"
"охать","negative"
"охладевать","negative"
"охладеть","negative"
"охламон","negative"
"охмелеть","negative"
"охмурить","negative"
"охмурять","positive"
"охота","negative"
"охриплость","negative"
"охриплый","negative"
"охрипнуть","negative"
"оцарапать","negative"
"оцарапаться","negative"
"оцепенелость","negative"
"оцепенелый","negative"
"оцепенение","negative"
"оцепенеть","negative"
"оцепление","negative"
"очернение","negative"
"очернительство","negative"
"очернить","negative"
"очернять","negative"
"очерствелость","negative"
"очерствелый","negative"
"очерствение","negative"
"очерстветь","negative"
"очерствить","negative"
"очкарик","negative"
"очкастый","negative"
"очковать","negative"
"очковый","negative"
"очумелый","negative"
"ошалевать","negative"
"ошалелость","negative"
"ошалелый","negative"
"ошалеть","negative"
"ошарашивать","negative"
"ошарашить","negative"
"ошибаться","negative"
"ошибиться","negative"
"ошибка","negative"
"ошибочка","negative"
"ошибочность","negative"
"ошибочный","negative"
"ошмёток","negative"
"ошпаривать","negative"
"ошпариваться","negative"
"ошпарить","negative"
"ошпариться","negative"
"оштрафовать","negative"
"ощериться","negative"
"ощетинивать","negative"
"ощетиниваться","negative"
"ощетиниться","negative"
"пагубность","negative"
"пагубный","negative"
"падаль","negative"
"падальщик","negative"
"падать","negative"
"падение","negative"
"падучий","negative"
"падший","negative"
"падёж","negative"
"пакостить","negative"
"пакостник","negative"
"пакостный","negative"
"пакость","negative"
"пал","negative"
"палач","negative"
"палить","negative"
"пальба","negative"
"пальнуть","negative"
"палёный","negative"
"пандемический","negative"
"панибратски","negative"
"панибратский","negative"
"панибратство","negative"
"паника","negative"
"паниковать","negative"
"паникёр","negative"
"паникёрский","negative"
"паникёрство","negative"
"паникёрствовать","negative"
"паникёрша","negative"
"панихида","negative"
"панически","negative"
"панический","negative"
"панты","negative"
"папарацци","negative"
"папаша","negative"
"папашка","negative"
"папироска","negative"
"паразит","negative"
"паразитарный","negative"
"паразитизм","negative"
"паразитирование","negative"
"паразитировать","negative"
"паразитический","negative"
"паразитный","negative"
"парализация","negative"
"парализование","negative"
"парализовать","negative"
"паралич","negative"
"параноик","negative"
"параноический","negative"
"паранойя","negative"
"паранойяльный","negative"
"париться","negative"
"партизанить","negative"
"паршиветь","negative"
"паршивец","negative"
"паршивка","negative"
"паршивость","negative"
"паршивый","negative"
"паскуда","negative"
"паскудить","negative"
"паскудничать","negative"
"паскудный","negative"
"паскудство","negative"
"пасмурность","negative"
"пасмурный","negative"
"пасовать","negative"
"пассивность","negative"
"патлатый","negative"
"патогенный","negative"
"патологический","negative"
"патология","negative"
"паучище","negative"
"пафос","positive"
"пафосность","negative"
"пафосный","positive"
"пацанка","negative"
"пачкать","negative"
"пачкаться","negative"
"паясничанье","negative"
"паясничать","negative"
"певичка","negative"
"педантка","positive"
"педантский","negative"
"педантство","negative"
"педофилия","negative"
"пендаль","negative"
"пендель","negative"
"пентаграмма","negative"
"пенять","negative"
"пепелище","negative"
"перебарщивать","negative"
"перебежчица","negative"
"перебеситься","negative"
"перебивать","negative"
"перебиваться","negative"
"перебить","negative"
"перебиться","negative"
"перебой","negative"
"перебойный","negative"
"перебор","negative"
"переборщить","negative"
"перебраниваться","negative"
"перебранка","negative"
"перебудить","negative"
"перевирать","negative"
"перевозбуждение","negative"
"переволновать","negative"
"переволноваться","negative"
"переворошить","negative"
"переврать","negative"
"перегар","negative"
"перегарный","negative"
"перегиб","negative"
"перегибать","negative"
"переглаживать","negative"
"перегнивать","negative"
"перегнить","negative"
"перегнуть","negative"
"перегораживать","negative"
"перегорание","negative"
"перегорать","negative"
"перегореть","negative"
"перегревание","negative"
"перегревать","negative"
"перегреваться","negative"
"перегретый","negative"
"перегреть","negative"
"перегреться","negative"
"перегружать","negative"
"перегружаться","negative"
"перегруженность","negative"
"перегруз","negative"
"перегрузить","negative"
"перегрузка","negative"
"перегрызать","negative"
"перегрызть","negative"
"перегрызться","negative"
"передавить","negative"
"передарить","negative"
"передержать","negative"
"передержка","negative"
"передоз","negative"
"передозировка","negative"
"передразнивание","negative"
"передразнивать","negative"
"передразнить","negative"
"передрать","negative"
"передраться","negative"
"передряга","negative"
"передушить","negative"
"передёргивание","negative"
"передёргивать","negative"
"передёргиваться","negative"
"передёрнуть","negative"
"передёрнуться","negative"
"переедание","negative"
"переедать","negative"
"переесть","negative"
"пережарить","negative"
"пережатие","negative"
"пережать","negative"
"пережениться","negative"
"пережечь","negative"
"переживание","negative"
"переживать","negative"
"пережигать","negative"
"пережимать","negative"
"пережиток","negative"
"пережиточный","negative"
"пережрать","negative"
"перезахоронение","negative"
"перезрелый","negative"
"перезреть","negative"
"переигрывать","negative"
"переизбыток","negative"
"переиначивать","negative"
"перекалечить","negative"
"перекармливать","negative"
"перекашивать","negative"
"перекашиваться","negative"
"перекипеть","negative"
"переклинить","negative"
"переколотить","negative"
"переколошматить","negative"
"перекоптить","negative"
"перекормить","negative"
"перекоробить","negative"
"перекорёжить","negative"
"перекос","negative"
"перекосить","negative"
"перекоситься","negative"
"перекрикивать","negative"
"перекричать","negative"
"перекуривать","negative"
"перекурить","negative"
"перекусать","negative"
"переламывать","negative"
"переламываться","negative"
"перелом","positive"
"переломать","negative"
"переломаться","negative"
"переломиться","negative"
"перелопачивать","negative"
"перемазать","negative"
"перемазаться","negative"
"перемазывать","negative"
"переманивание","negative"
"переманивать","negative"
"переманить","negative"
"перемереть","negative"
"перемерзать","negative"
"переметнуться","negative"
"перемудрить","negative"
"перемёрзнуть","negative"
"перенапрягать","negative"
"перенапрягаться","negative"
"перенапряжение","negative"
"перенапрячь","negative"
"перенапрячься","negative"
"перенаселение","negative"
"перенаселённость","negative"
"перенасыщение","negative"
"перенасыщенность","negative"
"перенервничать","negative"
"переорать","negative"
"переохладить","negative"
"переохладиться","negative"
"переохлаждать","negative"
"переохлаждаться","negative"
"переохлаждение","negative"
"переоценивание","negative"
"переоценивать","negative"
"переоценить","negative"
"переоценка","negative"
"перепаивать","negative"
"перепалка","negative"
"перепачкать","negative"
"перепачкаться","negative"
"переперчить","negative"
"перепить","negative"
"перепиться","negative"
"переплата","negative"
"переплатить","negative"
"переплачивать","negative"
"перепоить","negative"
"переполох","negative"
"переполошить","negative"
"переполошиться","negative"
"перепортить","negative"
"перепрелый","negative"
"перепуг","negative"
"перепугать","negative"
"перепугаться","negative"
"перепутать","negative"
"перепутаться","negative"
"перепутывать","negative"
"перепутываться","negative"
"перерасход","negative"
"перервать","negative"
"перерезание","negative"
"переросток","negative"
"переругать","negative"
"переругаться","negative"
"переругивание","negative"
"переругиваться","negative"
"перерывать","negative"
"пересаливать","negative"
"пересдавать","negative"
"пересдача","negative"
"пересластить","negative"
"переслащивать","negative"
"пересмеиваться","negative"
"пересолить","negative"
"пересохнуть","negative"
"переспелый","negative"
"переспорить","negative"
"перессорить","negative"
"перессориться","negative"
"перестараться","negative"
"перестоять","negative"
"перестрадать","negative"
"перестреливаться","negative"
"перестрелка","negative"
"перестрелять","negative"
"пересушивать","negative"
"пересушить","negative"
"пересыхание","negative"
"пересыхать","negative"
"перетерпеть","positive"
"перетираться","negative"
"перетопить","negative"
"перетревожить","negative"
"перетрудиться","negative"
"перетруждать","negative"
"перетрусить","negative"
"перетряска","negative"
"переть","negative"
"переться","negative"
"переусердствовать","negative"
"переутомить","negative"
"переутомиться","negative"
"переутомление","negative"
"переутомлять","negative"
"переутомляться","negative"
"перехваливание","negative"
"перехваливать","positive"
"перехвалить","negative"
"перехитрить","negative"
"перехоронить","negative"
"перечеркнуть","negative"
"перечить","negative"
"перечёркивать","negative"
"перешвыривать","negative"
"перешибать","negative"
"перешибить","negative"
"переэкзаменовка","negative"
"перхоть","negative"
"першение","negative"
"першить","negative"
"пессимизм","negative"
"пессимист","negative"
"пессимистически","negative"
"пессимистический","negative"
"пессимистичность","negative"
"пессимистичный","negative"
"пессимистка","negative"
"пестицид","negative"
"петушиный","negative"
"петушиться","negative"
"печалить","negative"
"печалиться","negative"
"печаль","negative"
"печалька","negative"
"печальный","negative"
"печенег","negative"
"пивко","negative"
"пивнушка","negative"
"пивцо","negative"
"пигалица","negative"
"пиджачишко","negative"
"пижон","negative"
"пижонский","negative"
"пижонство","negative"
"пикетировать","negative"
"пиликание","negative"
"пиликать","negative"
"пинать","negative"
"пинаться","negative"
"пиранья","negative"
"пират","negative"
"пиратка","negative"
"пиратски","negative"
"пиратский","negative"
"пиратство","negative"
"пиратствовать","negative"
"писака","negative"
"писанина","negative"
"писаться","negative"
"пискливый","negative"
"пискля","negative"
"писклявость","negative"
"писклявый","negative"
"пистолет","negative"
"пистолетный","negative"
"писулька","negative"
"пихать","negative"
"пихаться","negative"
"пихнуть","negative"
"пичкать","negative"
"плагиат","negative"
"плагиатор","negative"
"плакальщица","negative"
"плакать","negative"
"плакаться","negative"
"плакса","negative"
"плаксивость","negative"
"плаксивый","negative"
"плакучий","negative"
"платиться","negative"
"плач","negative"
"плачевность","negative"
"плачевный","negative"
"плебей","negative"
"плебейски","negative"
"плебейский","negative"
"плебейство","negative"
"плевание","negative"
"плевать","negative"
"плеваться","negative"
"плевок","negative"
"пленение","negative"
"пленитель","negative"
"пленить","negative"
"плениться","positive"
"пленник","negative"
"пленница","negative"
"пленять","negative"
"плесень","negative"
"плесневелый","negative"
"плесневеть","negative"
"плесневой","negative"
"плестись","negative"
"плеть","negative"
"плешиветь","negative"
"плешивый","negative"
"плешь","negative"
"плоскогрудый","negative"
"плоскостопие","negative"
"плоховатый","negative"
"плохой","negative"
"плохонький","negative"
"плошать","negative"
"плут","negative"
"плутание","negative"
"плутать","negative"
"плутишка","negative"
"плутоватый","negative"
"плутовать","negative"
"плутовка","negative"
"плутовской","negative"
"плутовство","negative"
"плюнуть","negative"
"плющить","negative"
"плётка","negative"
"пневмония","negative"
"пнуть","negative"
"по-бабьи","negative"
"по-бандитски","negative"
"по-бараньи","negative"
"по-варварски","negative"
"по-волчьи","negative"
"по-воровски","negative"
"по-глупому","negative"
"по-дилетантски","negative"
"по-дурацки","negative"
"по-еврейски","negative"
"по-заговорщицки","negative"
"по-звериному","negative"
"по-змеиному","negative"
"по-идиотски","negative"
"по-козлиному","negative"
"по-куриному","negative"
"по-медвежьи","negative"
"по-мышиному","negative"
"по-нищенски","negative"
"по-обезьяньи","negative"
"по-овечьи","negative"
"по-петушиному","negative"
"по-пиратски","negative"
"по-поросячьи","negative"
"по-предательски","negative"
"по-рабски","negative"
"по-свински","negative"
"по-сиротски","negative"
"по-скотски","negative"
"по-старушечьи","negative"
"по-хамски","negative"
"по-хулигански","negative"
"по-цыгански","negative"
"по-черепашьи","negative"
"побагроветь","negative"
"побаиваться","negative"
"побаливать","negative"
"побег","negative"
"побездельничать","negative"
"побеситься","negative"
"побеспокоить","negative"
"побеспокоиться","positive"
"побираться","negative"
"побирушка","negative"
"побить","negative"
"побиться","negative"
"побледнение","negative"
"побледнеть","negative"
"поблёклый","negative"
"поблёкнуть","negative"
"побои","negative"
"побоище","negative"
"поболеть","positive"
"побочный","negative"
"побояться","negative"
"побранивать","negative"
"побранить","negative"
"побраниться","negative"
"побрезгать","negative"
"побрезговать","negative"
"побросать","negative"
"побурчать","negative"
"побушевать","negative"
"побуянить","negative"
"повадиться","negative"
"повалить","negative"
"повалиться","negative"
"пованивать","negative"
"повелевать","negative"
"повергать","negative"
"повергнуть","negative"
"повергнуться","negative"
"повеситься","negative"
"повестись","negative"
"повешение","negative"
"повздорить","negative"
"повизгивание","negative"
"повизгивать","negative"
"повизжать","negative"
"повиливать","negative"
"повиниться","negative"
"повинность","negative"
"повинный","negative"
"повиноваться","positive"
"повиновение","negative"
"повоевать","negative"
"поволноваться","negative"
"поволочиться","negative"
"поволочься","negative"
"повольничать","negative"
"поворовать","negative"
"поворчать","negative"
"повредить","negative"
"повредиться","negative"
"повреждать","negative"
"повреждаться","negative"
"повреждение","negative"
"повстанческий","negative"
"повстанчество","negative"
"повыбивать","negative"
"повыбить","negative"
"повыгонять","negative"
"повыдергать","negative"
"повыдёргивать","negative"
"повымереть","negative"
"повымирать","negative"
"повыть","negative"
"повязать","negative"
"повязаться","negative"
"повянуть","negative"
"поганец","negative"
"поганить","negative"
"поганка","negative"
"поганый","negative"
"погасать","negative"
"погаснуть","negative"
"погибать","negative"
"погибель","negative"
"погибельный","negative"
"погибнуть","negative"
"поглазеть","negative"
"поглотитель","negative"
"поглумиться","negative"
"поглупеть","negative"
"поглядывание","negative"
"погневаться","negative"
"погнить","negative"
"погнуть","negative"
"погнуться","negative"
"поголодать","negative"
"погоня","negative"
"погоревать","negative"
"погорелец","negative"
"погорелый","negative"
"погореть","negative"
"погорячиться","negative"
"пограбить","negative"
"погребальный","negative"
"погребать","negative"
"погребение","negative"
"погреметь","negative"
"погрешать","negative"
"погрешить","negative"
"погрешность","negative"
"погрозить","negative"
"погрозиться","negative"
"погром","negative"
"погромить","negative"
"погромщик","negative"
"погрустить","negative"
"погрустнеть","negative"
"погрызться","negative"
"погрязать","negative"
"погрязнуть","negative"
"погубитель","negative"
"погубить","negative"
"погуливать","negative"
"подавитель","negative"
"подавить","negative"
"подавиться","negative"
"подавление","negative"
"подавленность","negative"
"подавлять","negative"
"подачка","negative"
"подбивать","negative"
"подбить","negative"
"подвалить","negative"
"подвергать","negative"
"подвергаться","negative"
"подвергнуть","negative"
"подвергнуться","negative"
"подверженность","negative"
"подверженный","negative"
"подвернуть","negative"
"подвести","negative"
"подвешиваться","negative"
"подвластность","negative"
"подвластный","negative"
"подводить","negative"
"подворотня","negative"
"подвох","negative"
"подвывание","negative"
"подвыпить","negative"
"подгадить","negative"
"подгаживать","negative"
"подглядеть","negative"
"подглядывание","negative"
"подглядывать","negative"
"подгнивать","negative"
"подгнить","negative"
"подговаривать","negative"
"подговор","negative"
"подговорить","negative"
"подгорать","negative"
"подгорелый","negative"
"подгореть","negative"
"подгрызать","negative"
"подгулять","negative"
"поддакивание","negative"
"поддакивать","negative"
"поддакнуть","negative"
"поддаться","negative"
"поддевать","negative"
"подделать","negative"
"подделка","negative"
"подделыватель","negative"
"подделывать","negative"
"подделываться","negative"
"поддельность","negative"
"поддельный","negative"
"поддельщик","negative"
"поддеть","negative"
"поддонок","negative"
"поддразнивание","negative"
"поддразнивать","negative"
"поддразнить","negative"
"поделом","negative"
"подельник","negative"
"подельница","negative"
"поджечь","negative"
"поджигание","negative"
"поджигатель","negative"
"поджигательница","negative"
"поджигательский","negative"
"поджигать","negative"
"поджог","negative"
"подзабыть","negative"
"подзатыльник","negative"
"подкаблучник","negative"
"подкалывать","negative"
"подкапываться","negative"
"подкарауливать","negative"
"подкараулить","negative"
"подкашивать","negative"
"подкашиваться","negative"
"подкидыш","negative"
"подковырка","negative"
"подковырнуть","negative"
"подкол","negative"
"подколка","negative"
"подколодный","negative"
"подколоть","negative"
"подкопаться","negative"
"подкосить","negative"
"подкоситься","negative"
"подкрадываться","negative"
"подкуп","negative"
"подкупать","positive"
"подкупить","positive"
"подкуривать","negative"
"подкурить","negative"
"подламываться","negative"
"подленький","negative"
"подлец","negative"
"подлиза","negative"
"подлизаться","negative"
"подлизываться","negative"
"подловить","negative"
"подложить","negative"
"подломить","negative"
"подломиться","negative"
"подлость","negative"
"подлый","negative"
"подлюга","negative"
"подлянка","negative"
"подмазать","negative"
"подмазаться","negative"
"подмазка","negative"
"подмазывать","negative"
"подмазываться","negative"
"подманивать","negative"
"подманить","negative"
"подмачивать","negative"
"подмен","negative"
"подмена","negative"
"подменить","negative"
"подменный","negative"
"подменять","negative"
"подмерзание","negative"
"подмерзать","negative"
"подмешать","negative"
"подмешивать","negative"
"подминать","negative"
"подмочить","negative"
"подмять","negative"
"подмёрзнуть","negative"
"поднадзорный","negative"
"подначивание","negative"
"подначивать","negative"
"подначить","negative"
"подневольность","negative"
"подневольный","negative"
"подноготная","negative"
"подножка","negative"
"подоврать","negative"
"подозревать","negative"
"подозрение","negative"
"подозрительность","negative"
"подозрительный","negative"
"подольститься","negative"
"подонок","negative"
"подоплёка","negative"
"подопытный","negative"
"подорвать","negative"
"подорваться","negative"
"подорожание","negative"
"подорожать","negative"
"подосадовать","negative"
"подослать","negative"
"подохнуть","negative"
"подпаивать","negative"
"подпакостить","negative"
"подпаливать","negative"
"подпалить","negative"
"подпевала","negative"
"подпихивать","negative"
"подпихнуть","negative"
"подпоить","negative"
"подпольный","negative"
"подпольщик","negative"
"подпольщица","negative"
"подпортить","negative"
"подражатель","negative"
"подражательство","negative"
"подразнить","negative"
"подранить","negative"
"подранок","negative"
"подрать","negative"
"подраться","negative"
"подрезание","negative"
"подрезать","negative"
"подрыв","negative"
"подрывать","negative"
"подрываться","negative"
"подрывник","negative"
"подрывной","negative"
"подряхлеть","negative"
"подсасывать","negative"
"подсечка","negative"
"подсидеть","negative"
"подсиживание","negative"
"подсиживать","negative"
"подслеповатый","negative"
"подслушать","negative"
"подслушивание","negative"
"подслушивать","negative"
"подсматривание","negative"
"подсматривать","negative"
"подсмеиваться","positive"
"подсмотреть","negative"
"подсовывание","negative"
"подсовывать","negative"
"подсос","negative"
"подсосать","negative"
"подспудный","negative"
"подстава","negative"
"подставить","negative"
"подставлять","negative"
"подставной","negative"
"подстерегать","negative"
"подстеречь","negative"
"подстрекатель","negative"
"подстрекательница","negative"
"подстрекательский","negative"
"подстрекательство","negative"
"подстрекать","negative"
"подстрекнуть","negative"
"подстреливать","negative"
"подстрелить","negative"
"подстроить","positive"
"подстёгивание","negative"
"подсудимая","negative"
"подсудимый","negative"
"подсудить","negative"
"подсудность","negative"
"подсудный","negative"
"подсуживать","negative"
"подсунуть","negative"
"подсылать","negative"
"подсыпать","negative"
"подсюсюкивать","negative"
"подтасовать","negative"
"подтасовка","negative"
"подтасовывание","negative"
"подтасовывать","negative"
"подташнивание","negative"
"подтекать","negative"
"подтереться","negative"
"подтечь","negative"
"подтираться","negative"
"подтопить","negative"
"подтопление","negative"
"подтормаживать","negative"
"подтравливать","negative"
"подтрунивание","negative"
"подтрунивать","positive"
"подтрунить","negative"
"подубасить","negative"
"подурнеть","negative"
"подхалим","negative"
"подхалимаж","negative"
"подхалимка","negative"
"подхалимничать","negative"
"подхалимство","negative"
"подхалимствовать","negative"
"подхихикивать","negative"
"подцензурный","negative"
"подцепить","negative"
"подчинение","negative"
"подчинить","negative"
"подчиниться","negative"
"подчинять","positive"
"подчиняться","positive"
"подчинённость","negative"
"подшвырнуть","negative"
"подшибать","negative"
"подъедать","negative"
"подыхать","negative"
"подёргивание","negative"
"подёргиваться","negative"
"поединок","negative"
"пожадничать","negative"
"пожаловаться","negative"
"пожар","negative"
"пожарище","negative"
"пожароопасность","negative"
"поживиться","negative"
"пожирание","negative"
"пожиратель","negative"
"пожирательница","negative"
"пожирать","negative"
"пожирнеть","negative"
"пожрать","negative"
"пожурить","negative"
"пожухлый","negative"
"пожухнуть","negative"
"позабывать","negative"
"позабыть","negative"
"позабыться","negative"
"позавидовать","negative"
"позариться","positive"
"поздно","negative"
"позлить","negative"
"позлиться","negative"
"позлорадствовать","negative"
"позлословить","negative"
"позор","negative"
"позорить","negative"
"позориться","negative"
"позорище","negative"
"позорный","negative"
"позубоскалить","negative"
"позябнуть","negative"
"позёр","negative"
"позёрство","negative"
"поиздеваться","negative"
"поиздержаться","negative"
"поизноситься","negative"
"поиметь","negative"
"пойло","negative"
"показной","negative"
"показуха","negative"
"покалечить","negative"
"покалечиться","negative"
"покалывать","negative"
"покапризничать","negative"
"покарать","negative"
"покаркать","negative"
"покашливание","negative"
"покашливать","negative"
"покашлять","negative"
"поквитаться","negative"
"покидание","negative"
"покидать","negative"
"покинутый","negative"
"покинуть","negative"
"поковылять","negative"
"покойник","negative"
"покойница","negative"
"покойничек","negative"
"поколачивать","negative"
"поколотить","negative"
"покончить","negative"
"покориться","negative"
"покоробить","negative"
"покоробиться","negative"
"покорствовать","positive"
"покоряться","positive"
"покорёжить","negative"
"покоситься","negative"
"покража","negative"
"покраснение","negative"
"покривить","negative"
"покривиться","negative"
"покривляться","negative"
"покрикивание","negative"
"покрикивать","negative"
"покритиковать","negative"
"покричать","negative"
"покромсать","negative"
"покуривать","negative"
"покурить","negative"
"покуролесить","negative"
"покусать","negative"
"покуситься","negative"
"покушаться","negative"
"покушение","negative"
"полаяться","negative"
"полбеды","negative"
"полениться","negative"
"полечь","negative"
"полинялый","negative"
"полинять","negative"
"полип","negative"
"политзаключённый","negative"
"политизация","negative"
"полицай","negative"
"полицемерить","negative"
"полнеть","negative"
"полнить","negative"
"полноватый","negative"
"поломать","negative"
"поломаться","negative"
"поломка","negative"
"поломойка","negative"
"полопаться","negative"
"полоснуть","negative"
"полосовать","negative"
"полоумие","negative"
"полоумный","negative"
"полтергейст","negative"
"полубесчувственный","negative"
"полубред","negative"
"полуголодный","negative"
"полуграмотный","negative"
"полудикий","negative"
"полудурок","negative"
"полуживой","negative"
"полукровка","negative"
"полулегальный","negative"
"полумёртвый","negative"
"полунасмешливо","negative"
"полунищий","negative"
"полуобморок","negative"
"полуобразованный","negative"
"полуправда","negative"
"полупрезрительный","negative"
"полупьяный","negative"
"полуразложившийся","negative"
"полуразрушенный","negative"
"полуслепой","negative"
"полусмерть","negative"
"полусумасшедший","negative"
"полутруп","negative"
"получеловек","negative"
"полчище","negative"
"полысеть","negative"
"полыхать","negative"
"полыхнуть","negative"
"польстить","positive"
"польститься","positive"
"помарка","negative"
"помаяться","negative"
"помереть","negative"
"померкнуть","negative"
"помертвелый","negative"
"помертветь","negative"
"помеха","negative"
"помешательство","negative"
"помешать","negative"
"помешаться","negative"
"помешкать","negative"
"поминать","negative"
"поминка","negative"
"поминки","negative"
"помирать","negative"
"помои","negative"
"помойка","negative"
"помойный","negative"
"поморозить","negative"
"поморщить","negative"
"поморщиться","negative"
"помотаться","negative"
"помочиться","negative"
"помощничек","negative"
"помпезность","positive"
"помрачать","negative"
"помрачение","negative"
"помрачить","negative"
"помрачиться","negative"
"помрачнеть","negative"
"помусолить","negative"
"помутить","negative"
"помутиться","negative"
"помутнение","negative"
"помутнеть","negative"
"помучить","negative"
"помучиться","negative"
"помыкать","negative"
"помыкаться","negative"
"помятость","negative"
"помятый","negative"
"помяться","negative"
"помёрзнуть","negative"
"помёт","negative"
"понабраться","negative"
"понаделать","negative"
"понаехать","negative"
"понапрасну","negative"
"понаставить","negative"
"понастроить","negative"
"поневоле","negative"
"понервничать","negative"
"понижать","negative"
"понижаться","negative"
"понижение","negative"
"понизить","negative"
"понизиться","negative"
"поникать","negative"
"поникнуть","negative"
"поножовщина","negative"
"поносить","negative"
"поношенный","negative"
"понт","negative"
"понудить","negative"
"понуждать","negative"
"понуждение","negative"
"понукать","negative"
"понуриться","negative"
"поныть","negative"
"пообломать","negative"
"поорать","negative"
"попадаться","negative"
"попасться","negative"
"попахивать","negative"
"попачкать","negative"
"попереть","negative"
"попереться","negative"
"поперхнуться","negative"
"попинать","negative"
"поплакать","negative"
"поплакаться","negative"
"поплатиться","negative"
"поплевать","negative"
"поплутать","negative"
"поплёвывать","negative"
"поползень","negative"
"пополнеть","negative"
"попортить","negative"
"попортиться","negative"
"попрекать","negative"
"попрекнуть","negative"
"попрошайка","negative"
"попрошайничать","negative"
"попрошайничество","negative"
"попугать","negative"
"попугивать","negative"
"популистка","negative"
"попускать","negative"
"попустительство","negative"
"попустить","negative"
"попусту","negative"
"попутать","negative"
"попьянствовать","negative"
"поработители","negative"
"поработитель","negative"
"поработить","negative"
"порабощать","negative"
"порабощение","negative"
"пораженец","negative"
"поражение","negative"
"пораженческий","negative"
"поразбросать","negative"
"поранить","negative"
"пораниться","negative"
"порвать","negative"
"порваться","negative"
"пореветь","negative"
"поревновать","negative"
"поредеть","negative"
"порез","negative"
"порезаться","negative"
"порешить","negative"
"поржаветь","negative"
"порисоваться","negative"
"порицание","negative"
"порицать","negative"
"порка","negative"
"порознь","negative"
"поросятина","negative"
"пороть","negative"
"порочить","negative"
"порочность","negative"
"порочный","negative"
"портачить","negative"
"портить","negative"
"портиться","negative"
"поругание","negative"
"поругать","negative"
"поругаться","negative"
"поругивать","negative"
"поругиваться","negative"
"порушить","negative"
"порушиться","negative"
"порча","negative"
"порченый","negative"
"порывать","negative"
"порыдать","negative"
"порыкивать","negative"
"порычать","negative"
"поседеть","negative"
"посереть","negative"
"посетовать","negative"
"посинение","negative"
"посинеть","negative"
"поскальзываться","negative"
"поскандалить","negative"
"поскользнуться","negative"
"поскрипеть","negative"
"поскуливать","negative"
"поскулить","negative"
"поскупиться","negative"
"поскучнеть","negative"
"посмеиваться","positive"
"посмертие","negative"
"посмертный","negative"
"посметь","negative"
"посмешище","negative"
"пособница","negative"
"пособничество","negative"
"посохнуть","negative"
"поспешность","negative"
"поспешный","negative"
"посплетничать","negative"
"поспорить","negative"
"посрамить","negative"
"посрамление","negative"
"посрамлять","negative"
"посредственность","negative"
"посредственный","negative"
"поссорить","negative"
"поссориться","negative"
"постанывать","negative"
"постареть","negative"
"посторонний","negative"
"пострадать","negative"
"постреливать","negative"
"пострелять","negative"
"постыдиться","negative"
"постыдность","negative"
"постыдный","negative"
"посуроветь","negative"
"посшибать","negative"
"посягательство","negative"
"посягать","negative"
"посягнуть","negative"
"пот","negative"
"потакание","positive"
"потакать","positive"
"потаскать","negative"
"потаскаться","negative"
"потасовка","negative"
"поташнивать","negative"
"потворствовать","negative"
"потеря","negative"
"потерянность","negative"
"потерять","negative"
"потеряться","negative"
"потеснить","negative"
"потешаться","positive"
"потливость","negative"
"потный","negative"
"потолкаться","negative"
"потолстеть","negative"
"потонуть","negative"
"потоп","negative"
"потопить","negative"
"потопление","negative"
"потоплять","negative"
"поторчать","negative"
"потравить","negative"
"потратить","negative"
"потратиться","negative"
"потребительство","negative"
"потревожить","negative"
"потрепать","negative"
"потрепаться","negative"
"потрескаться","negative"
"потрох","negative"
"потрошение","negative"
"потрошитель","negative"
"потрошить","negative"
"потрошёный","negative"
"потрясение","negative"
"потрёпанность","negative"
"потупить","negative"
"потупиться","negative"
"потуплять","negative"
"потускнение","negative"
"потускнеть","negative"
"потусторонность","negative"
"потухать","negative"
"потухнуть","negative"
"потявкать","negative"
"потёртый","negative"
"поубавиться","negative"
"поубивать","negative"
"поупрямиться","negative"
"пофигизм","negative"
"пофигист","negative"
"пофыркать","negative"
"пофыркивать","negative"
"похабник","negative"
"похабность","negative"
"похабный","negative"
"похабство","negative"
"похабщина","negative"
"похваляться","negative"
"похварывать","negative"
"похвастать","negative"
"похвастаться","negative"
"похватать","negative"
"похворать","negative"
"похититель","negative"
"похитительница","negative"
"похитить","negative"
"похищать","negative"
"похищение","negative"
"похмелье","negative"
"похолодание","negative"
"похолодеть","negative"
"похоронить","negative"
"похоронка","negative"
"похоронный","negative"
"похороны","negative"
"похотливость","negative"
"похотливый","negative"
"похоть","negative"
"похрамывать","negative"
"похрапывать","negative"
"похромать","negative"
"похуделый","negative"
"поцапаться","negative"
"поцарапать","negative"
"поцарапаться","negative"
"почернеть","negative"
"пошаливать","negative"
"пошаркать","negative"
"пошатнуть","negative"
"пошатнуться","negative"
"пошатываться","negative"
"пошвырять","negative"
"пошипеть","negative"
"пошлеть","negative"
"пошловатый","negative"
"пошлость","negative"
"пошляк","negative"
"пошлятина","negative"
"пошляться","negative"
"пошмыгать","negative"
"пошуметь","negative"
"пощёчина","negative"
"поёживаться","negative"
"поёжиться","negative"
"правонарушение","negative"
"правонарушитель","negative"
"празднословие","negative"
"празднословный","negative"
"прах","negative"
"пребольно","negative"
"превратность","negative"
"превысить","negative"
"превышать","negative"
"превышение","negative"
"преглупо","negative"
"преграда","negative"
"преградить","negative"
"преграждать","negative"
"прегрешение","negative"
"предавать","negative"
"предатель","negative"
"предательница","negative"
"предательски","negative"
"предательский","negative"
"предательство","negative"
"предать","negative"
"предвзятость","negative"
"предвзятый","negative"
"предерзко","negative"
"предкризисный","negative"
"предосудительность","negative"
"предосудительный","negative"
"предрассудок","negative"
"предсмертный","negative"
"предубеждение","negative"
"предубеждённость","negative"
"предубеждённый","negative"
"предумышленный","negative"
"предъява","negative"
"предъявить","negative"
"предъявление","negative"
"предынфарктный","negative"
"преждевременность","negative"
"прежестоко","negative"
"презирать","negative"
"презрение","negative"
"презреть","negative"
"презрительность","negative"
"презрительный","negative"
"преизбыток","negative"
"преизбыточный","negative"
"преисподняя","negative"
"преклонение","positive"
"прелый","negative"
"прельстить","negative"
"прельститься","positive"
"прельщаться","positive"
"прельщение","positive"
"прелюбодейка","negative"
"прелюбодействовать","negative"
"прелюбодеяние","negative"
"пренебрегать","negative"
"пренебрежение","negative"
"пренебрежительность","negative"
"пренебрежительный","negative"
"пренебречь","negative"
"пренеприятный","negative"
"препирательство","negative"
"препираться","negative"
"препятствие","negative"
"препятствование","negative"
"препятствовать","negative"
"прервать","negative"
"пререкание","negative"
"пререкаться","negative"
"прерывание","negative"
"прерыватель","negative"
"прерывать","negative"
"прескверный","negative"
"преследование","negative"
"преследователь","negative"
"преследовательница","negative"
"преследовать","negative"
"пресловутый","negative"
"пресмыкательство","negative"
"пресмыкаться","negative"
"прессинг","negative"
"прессование","negative"
"прессовать","negative"
"преставать","negative"
"преставиться","negative"
"престарелость","negative"
"престранный","negative"
"преступать","negative"
"преступить","negative"
"преступление","negative"
"преступник","negative"
"преступница","negative"
"преступность","negative"
"преступный","negative"
"пресытиться","negative"
"пресыщаться","negative"
"пресыщение","negative"
"пресыщенность","negative"
"пресыщенный","negative"
"претворяться","negative"
"претензия","positive"
"претерпевать","negative"
"претерпеть","negative"
"преть","negative"
"преувеличение","negative"
"преувеличенность","negative"
"преувеличивать","negative"
"преувеличить","negative"
"преумалять","negative"
"преуменьшение","negative"
"прехладнокровно","negative"
"прибедняться","negative"
"прибить","negative"
"приблудиться","negative"
"приболеть","negative"
"приведение","negative"
"привередливость","negative"
"привередливый","negative"
"привередничать","negative"
"привидение","negative"
"привирать","negative"
"приволочься","negative"
"привораживать","negative"
"приворожить","negative"
"приворот","negative"
"приворотный","negative"
"привратница","negative"
"приврать","negative"
"привязчивость","negative"
"привязчивый","negative"
"пригвождать","negative"
"пригвоздить","negative"
"приговор","negative"
"приговорить","negative"
"пригорать","negative"
"пригорелый","negative"
"пригореть","negative"
"пригорюниваться","negative"
"пригорюниться","negative"
"пригрозить","negative"
"пригубить","negative"
"придавить","negative"
"придавленность","negative"
"придираться","negative"
"придирка","negative"
"придирчивость","negative"
"придирчивый","negative"
"придраться","negative"
"придурки","negative"
"придурковатость","negative"
"придурковатый","negative"
"придурок","negative"
"придурь","negative"
"придушить","negative"
"приедаться","negative"
"приесться","negative"
"прижимистый","negative"
"прижучить","negative"
"призирать","negative"
"призрак","negative"
"призрение","negative"
"призреть","negative"
"приказание","negative"
"приказать","negative"
"приказчица","negative"
"приказывать","negative"
"приканчивать","negative"
"прикарманивать","negative"
"прикарманить","negative"
"прикидываться","negative"
"прикинуться","negative"
"прикованность","negative"
"приковать","negative"
"приковывать","negative"
"приковылять","negative"
"прикончить","negative"
"прикрикивать","negative"
"прикрикнуть","negative"
"прикуриватель","negative"
"прикуривать","negative"
"прикурить","negative"
"прикусить","negative"
"прилгать","negative"
"прилепиться","negative"
"прилизываться","negative"
"прилипание","negative"
"прилипнуть","negative"
"прилипчивость","negative"
"прилипчивый","negative"
"примазаться","negative"
"примазываться","negative"
"примерзать","negative"
"примитив","negative"
"примитивизм","negative"
"примитивность","negative"
"примитивный","negative"
"примёрзнуть","negative"
"принижать","negative"
"принижение","negative"
"приниженность","negative"
"принизить","negative"
"принудиловка","negative"
"принудительность","negative"
"принудительный","negative"
"принудить","negative"
"принуждать","negative"
"принуждение","negative"
"принуждённость","negative"
"припадок","negative"
"припахать","negative"
"припахивать","negative"
"припекать","negative"
"припереть","negative"
"припереться","negative"
"припечатать","negative"
"припечься","negative"
"припирать","negative"
"приписывание","negative"
"приплести","negative"
"приплестись","negative"
"приплетать","negative"
"припоздать","negative"
"припугнуть","negative"
"припухать","negative"
"припухлость","negative"
"припухлый","negative"
"припухнуть","negative"
"приревновать","negative"
"прирезать","negative"
"присасываться","negative"
"присваивание","negative"
"присваивать","negative"
"присвоение","negative"
"присвоить","negative"
"прискорбие","negative"
"прискорбность","negative"
"прискорбный","negative"
"прискучить","negative"
"прислуживание","negative"
"прислуживать","negative"
"прислуживаться","negative"
"прислужничать","negative"
"прислужничество","negative"
"присобачить","negative"
"присосаться","negative"
"присохнуть","negative"
"приспешник","negative"
"приспешница","negative"
"приспичить","negative"
"приспособленческий","negative"
"приспособленчество","negative"
"приставание","negative"
"приставать","negative"
"пристать","negative"
"пристрастить","positive"
"пристреливать","negative"
"пристрелить","negative"
"пристрелять","negative"
"приструнивать","positive"
"приструнить","positive"
"пристукнуть","negative"
"приступ","negative"
"пристыдить","negative"
"пристыжать","negative"
"притащиться","negative"
"притвориться","negative"
"притворность","negative"
"притворный","negative"
"притворство","negative"
"притворщик","negative"
"притворщица","negative"
"притворяться","negative"
"притемнить","negative"
"притерпеться","negative"
"притеснение","negative"
"притеснитель","negative"
"притеснить","negative"
"притеснять","negative"
"притиснуть","negative"
"притомить","negative"
"притомиться","negative"
"притон","negative"
"приторность","negative"
"приторный","negative"
"притрусить","negative"
"притупить","negative"
"притупиться","negative"
"притупление","negative"
"притуплять","negative"
"притупляться","negative"
"притухнуть","negative"
"приукрашивание","positive"
"приуныть","negative"
"прихварывать","negative"
"прихвастнуть","negative"
"прихворнуть","negative"
"прихвостень","negative"
"прихлебательский","negative"
"прихлопнуть","negative"
"прихотливость","negative"
"прихотливый","negative"
"прихоть","negative"
"прихрамывать","negative"
"прицепиться","negative"
"прицепляться","negative"
"причинение","negative"
"причинить","negative"
"причинять","negative"
"причитание","negative"
"причитать","negative"
"пришибить","negative"
"пришибленность","negative"
"пришлёпать","negative"
"пришлёпнуть","negative"
"пришпилить","negative"
"прищемить","negative"
"прищучить","positive"
"пробитие","negative"
"пробить","negative"
"проблема","negative"
"проблематика","negative"
"проблематический","negative"
"проблематичность","negative"
"проблематичный","negative"
"проблемка","negative"
"проблемный","negative"
"проблеять","negative"
"проблуждать","negative"
"пробоина","negative"
"проболеть","negative"
"проболтать","negative"
"проболтаться","negative"
"пробубнить","negative"
"пробуксовка","negative"
"пробурчать","negative"
"провал","negative"
"проваливать","negative"
"проваливаться","negative"
"провалить","negative"
"провалиться","negative"
"проваляться","negative"
"проверещать","negative"
"провизжать","negative"
"провиниться","negative"
"провинность","negative"
"провинциалка","negative"
"провисание","negative"
"провисать","negative"
"провоевать","negative"
"провозиться","negative"
"провокатор","negative"
"провокаторский","negative"
"провокаторша","negative"
"провокационность","negative"
"провокационный","negative"
"провокация","negative"
"проволочь","negative"
"провонять","negative"
"проворонить","negative"
"проворочаться","negative"
"проворчать","negative"
"провоцирование","negative"
"провоцировать","negative"
"провыть","negative"
"прогадать","negative"
"прогадывать","negative"
"прогибаться","negative"
"проглядеть","negative"
"прогнать","negative"
"прогневать","negative"
"прогневаться","negative"
"прогневить","negative"
"прогнивать","negative"
"прогнить","negative"
"прогнусавить","negative"
"прогнуться","negative"
"проговариваться","negative"
"проговориться","negative"
"проголодаться","negative"
"прогонять","negative"
"прогорать","negative"
"прогореть","negative"
"прогромыхать","negative"
"прогрызать","negative"
"прогул","negative"
"прогуливать","positive"
"прогульщик","negative"
"прогульщица","negative"
"прогулять","negative"
"продаваться","negative"
"продавить","negative"
"продавливаться","negative"
"продажность","negative"
"продажный","negative"
"продаться","negative"
"проделка","negative"
"продешевить","negative"
"продирать","negative"
"продрать","negative"
"продраться","negative"
"продребезжать","negative"
"продрогнуть","negative"
"продрыхнуть","negative"
"продуваться","negative"
"продуть","negative"
"продырявить","negative"
"проедать","negative"
"проесть","negative"
"прождать","negative"
"прожечь","negative"
"прожигатель","negative"
"прожигать","negative"
"прожиматься","negative"
"прожорливость","negative"
"прожорливый","negative"
"прозевать","negative"
"прозябание","negative"
"прозябать","negative"
"прозябнуть","negative"
"проигнорировать","negative"
"проиграть","negative"
"проиграться","negative"
"проигрывать","negative"
"проигрываться","negative"
"проигрыш","negative"
"проигрышный","negative"
"произвол","negative"
"происки","negative"
"происшествие","negative"
"пройдоха","negative"
"проказа","negative"
"проказливость","negative"
"проказливый","negative"
"проказник","negative"
"проказница","negative"
"проказничать","negative"
"прокаркать","negative"
"прокисать","negative"
"прокиснуть","negative"
"проклевать","negative"
"проклинать","negative"
"проклясть","negative"
"проклятие","negative"
"проклятый","negative"
"проковылять","negative"
"прокол","negative"
"проколоть","negative"
"прокрасться","negative"
"прокряхтеть","negative"
"прокуковать","negative"
"прокусить","negative"
"прокутить","negative"
"проламывание","negative"
"проламывать","negative"
"проламываться","negative"
"пролаять","negative"
"пролежень","negative"
"пролежни","negative"
"проливать","negative"
"проливаться","negative"
"пролитие","negative"
"пролить","negative"
"пролиться","negative"
"пролом","negative"
"проломать","negative"
"проломить","negative"
"проломиться","negative"
"пролысина","negative"
"пролёживать","negative"
"промазать","negative"
"промазывать","negative"
"промаргивать","negative"
"промах","negative"
"промахиваться","negative"
"промахнуться","negative"
"промашка","negative"
"промаяться","negative"
"промедление","negative"
"промедлить","negative"
"променять","negative"
"промерзание","negative"
"промерзать","negative"
"промешкать","negative"
"промешкаться","negative"
"проминаться","negative"
"промозглость","negative"
"промозглый","negative"
"промокание","negative"
"промокать","negative"
"промокнуть","negative"
"проморгать","negative"
"промотаться","negative"
"промочить","negative"
"промурыжить","negative"
"промучить","negative"
"промучиться","negative"
"промычать","negative"
"промышлять","negative"
"промямлить","negative"
"промяться","negative"
"промёрзлый","negative"
"промёрзнуть","negative"
"пронзать","negative"
"пронзить","negative"
"проныра","negative"
"пронырливость","negative"
"пронырливый","negative"
"пронюхать","negative"
"проорать","negative"
"пропаганда","negative"
"пропагандировать","negative"
"пропагандист","negative"
"пропагандистка","negative"
"пропагандистский","negative"
"пропадание","negative"
"пропадать","negative"
"пропадом","negative"
"пропажа","negative"
"пропалить","negative"
"пропасть","negative"
"пропахнуть","negative"
"пропащий","negative"
"пропесочить","negative"
"пропивать","negative"
"пропиваться","negative"
"пропить","negative"
"пропихивать","negative"
"проплакать","negative"
"проплешина","negative"
"пропороть","negative"
"пропьянствовать","negative"
"прорвать","negative"
"прореветь","negative"
"прореха","negative"
"проржаветь","negative"
"прорыдать","negative"
"прорычать","negative"
"просадить","negative"
"просаживать","negative"
"просвистать","negative"
"проседать","negative"
"просесть","negative"
"просидеть","negative"
"просиживать","negative"
"просквозить","negative"
"проскрежетать","negative"
"проскрипеть","negative"
"проскулить","negative"
"проскучать","negative"
"прослушка","negative"
"прослышать","negative"
"просмеять","negative"
"проспать","positive"
"проспорить","negative"
"просрочивать","negative"
"просрочить","negative"
"просрочка","negative"
"простаивать","negative"
"простак","negative"
"простачок","negative"
"простоволосый","negative"
"простолюдин","negative"
"простолюдинка","negative"
"простонать","negative"
"простофиля","negative"
"прострел","negative"
"простреливать","negative"
"прострелить","negative"
"прострелять","negative"
"простуда","negative"
"простудить","negative"
"простудиться","negative"
"простудный","negative"
"простужаться","negative"
"проступить","negative"
"проступок","negative"
"простушка","negative"
"простывать","negative"
"простыть","negative"
"просчитаться","negative"
"просчитываться","negative"
"просчёт","negative"
"просыпать","negative"
"протаранить","negative"
"протараторить","negative"
"протащиться","negative"
"протекание","negative"
"протест","negative"
"протестант","negative"
"протестовать","negative"
"протестующе","negative"
"протечка","negative"
"протечь","negative"
"противиться","negative"
"противление","negative"
"противник","negative"
"противница","negative"
"противность","negative"
"противный","negative"
"противодействовать","negative"
"противоестественность","negative"
"противоестественный","negative"
"противозаконность","negative"
"противозаконный","negative"
"противопоказание","negative"
"противополагать","negative"
"противопоставление","negative"
"противоправительственный","negative"
"противоправность","negative"
"противоречивость","negative"
"противоречивый","negative"
"противоречие","negative"
"противоречить","negative"
"противостояние","negative"
"противофаза","negative"
"проткнуть","negative"
"протолкаться","negative"
"проторчать","negative"
"протранжирить","negative"
"протрещать","negative"
"протрусить","negative"
"протухать","negative"
"протухнуть","negative"
"протыкать","negative"
"проучить","negative"
"профан","negative"
"профашистский","negative"
"профнепригодность","negative"
"профукать","negative"
"прохворать","negative"
"прохвост","negative"
"прохиндей","negative"
"прохлаждаться","negative"
"прохлопать","negative"
"прохлопывать","negative"
"проходимец","negative"
"прохрипеть","negative"
"прохрюкать","negative"
"прохудиться","negative"
"процарапать","negative"
"прошибать","negative"
"прошибить","negative"
"прошипеть","negative"
"прошляпить","negative"
"прошлёпать","negative"
"прошмыгивать","negative"
"проштрафиться","negative"
"прощай","negative"
"прощальный","negative"
"прощёлкать","negative"
"прыщ","negative"
"прыщаветь","negative"
"прыщавость","negative"
"прыщавый","negative"
"прыщеватость","negative"
"прыщеватый","negative"
"прыщик","negative"
"псевдокультура","negative"
"псевдонаука","negative"
"псевдонаучный","negative"
"псевдорусский","negative"
"псина","negative"
"псих","negative"
"психануть","negative"
"психбольница","negative"
"психдиспансер","negative"
"психиатричка","negative"
"психлечебница","negative"
"психовать","negative"
"психоделик","negative"
"психоз","negative"
"психопат","negative"
"психопатический","negative"
"психопатия","negative"
"психопатка","negative"
"психопатологический","negative"
"психопатология","negative"
"психотравма","negative"
"психушка","negative"
"псовый","negative"
"пугануть","negative"
"пуганый","negative"
"пугать","negative"
"пугаться","negative"
"пугающе","negative"
"пугливость","negative"
"пугливый","negative"
"пугнуть","negative"
"пузатость","negative"
"пузатый","negative"
"пузо","negative"
"пук","negative"
"пукан","negative"
"пуканье","negative"
"пукнуть","negative"
"пулевой","negative"
"пулемёт","negative"
"пули","negative"
"пульнуть","negative"
"пуля","negative"
"пулять","negative"
"пурга","negative"
"пустеть","negative"
"пустоватый","negative"
"пустовать","negative"
"пустоголовый","negative"
"пустозвон","negative"
"пустозвонить","negative"
"пустозвонство","negative"
"пустомеля","negative"
"пустослов","negative"
"пустословие","negative"
"пустословить","negative"
"пустоцвет","negative"
"пустышка","negative"
"путаница","negative"
"путаность","negative"
"путаный","negative"
"путать","positive"
"путаться","negative"
"путчистка","negative"
"путы","negative"
"пухнуть","negative"
"пучеглазый","negative"
"пучина","negative"
"пучить","negative"
"пучиться","negative"
"пыжиться","negative"
"пыл","positive"
"пылить","negative"
"пылиться","negative"
"пылища","negative"
"пыль","negative"
"пыльный","negative"
"пырнуть","negative"
"пытать","negative"
"пытка","negative"
"пыточный","negative"
"пыхнуть","negative"
"пыхтение","negative"
"пьяненький","negative"
"пьянеть","negative"
"пьянить","negative"
"пьяница","negative"
"пьянка","negative"
"пьянство","negative"
"пьянствовать","negative"
"пьянчуга","negative"
"пьянчужка","negative"
"пьяный","negative"
"пьяняще","negative"
"пэтэушник","negative"
"пялить","negative"
"пялиться","negative"
"пятиться","negative"
"пятнать","negative"
"пятно","negative"
"раб","negative"
"рабовладелец","negative"
"рабовладельческий","negative"
"рабовладельчество","negative"
"рабовладение","negative"
"работничек","negative"
"работорговец","negative"
"работорговля","negative"
"рабски","negative"
"рабский","negative"
"рабство","negative"
"рабствовать","negative"
"рабыня","negative"
"равнодушие","negative"
"равнодушный","negative"
"радиационный","negative"
"радиация","negative"
"радикал","negative"
"радикализация","negative"
"радикализироваться","negative"
"радикализм","negative"
"радикализовать","negative"
"радикальность","negative"
"радикальный","negative"
"радикулит","negative"
"радиоактивность","negative"
"радиоактивный","negative"
"радиоизлучение","negative"
"разбазаривание","negative"
"разбазаривать","negative"
"разбазарить","negative"
"разбаловать","negative"
"разбаловаться","negative"
"разбалтывать","negative"
"разбивание","negative"
"разбивать","negative"
"разбиваться","negative"
"разбиение","negative"
"разбирательство","negative"
"разбитие","negative"
"разбитость","negative"
"разбитый","negative"
"разбить","negative"
"разбиться","negative"
"разбой","negative"
"разбойник","negative"
"разбойница","negative"
"разбойничать","negative"
"разбойничек","negative"
"разбойничество","negative"
"разбойничий","negative"
"разбойный","negative"
"разболеться","negative"
"разболтанность","negative"
"разболтать","negative"
"разболтаться","negative"
"разбомбить","negative"
"разборка","negative"
"разбраниться","negative"
"разбрасывать","negative"
"разбрасываться","negative"
"разбросать","negative"
"разбросаться","negative"
"разбросить","negative"
"разбрызгаться","negative"
"разбушеваться","negative"
"разбуяниться","negative"
"разважничаться","negative"
"развал","negative"
"разваливать","negative"
"разваливаться","negative"
"развалина","negative"
"развалистый","negative"
"развалить","negative"
"развалиться","negative"
"развалюха","negative"
"развалюшка","negative"
"разведёнка","negative"
"разверзаться","negative"
"развестись","negative"
"развизжаться","negative"
"развод","negative"
"разводить","negative"
"разводиться","negative"
"разводка","negative"
"развозиться","negative"
"разволновать","negative"
"разволноваться","negative"
"разворовать","negative"
"разворовывание","negative"
"разворовывать","negative"
"разворотить","negative"
"разворочать","negative"
"разворошить","negative"
"разворчаться","negative"
"развратитель","negative"
"развратить","negative"
"развратиться","negative"
"развратник","negative"
"развратница","negative"
"развратничать","negative"
"развратность","negative"
"развратный","negative"
"развращать","negative"
"развращаться","negative"
"развращающе","negative"
"развращение","negative"
"развращённость","negative"
"развязность","negative"
"развязный","negative"
"разгильдяй","negative"
"разгильдяйка","negative"
"разгильдяйничать","negative"
"разгильдяйский","negative"
"разгильдяйство","negative"
"разглагольствование","negative"
"разглагольствовать","negative"
"разгласить","negative"
"разглашать","negative"
"разглашение","negative"
"разгневанность","negative"
"разгневать","negative"
"разгневаться","negative"
"разгонять","negative"
"разгорячить","negative"
"разгорячиться","negative"
"разграбить","negative"
"разграбление","negative"
"разгром","negative"
"разгромить","negative"
"разгул","negative"
"разгульный","negative"
"раздавить","negative"
"раздавливать","negative"
"разделаться","negative"
"разделываться","negative"
"раздирать","negative"
"раздираться","negative"
"раздолбайство","negative"
"раздолбать","negative"
"раздолбить","negative"
"раздор","negative"
"раздосадовать","negative"
"раздражать","negative"
"раздражаться","negative"
"раздражающе","negative"
"раздражение","negative"
"раздражимость","negative"
"раздражитель","negative"
"раздражительность","negative"
"раздражительный","negative"
"раздражить","negative"
"раздражиться","negative"
"раздражённость","negative"
"раздразнивать","negative"
"раздразнить","negative"
"раздраконить","negative"
"раздробиться","negative"
"раздробление","negative"
"раздробленность","negative"
"раздробляться","negative"
"раздувание","negative"
"раздувать","negative"
"раздутие","negative"
"раздуть","negative"
"раздуться","negative"
"раздёргать","negative"
"раздёргивать","negative"
"разевать","negative"
"разжалобить","negative"
"разжалование","negative"
"разжаловать","negative"
"разжиреть","negative"
"раззява","negative"
"раззявить","negative"
"разинуть","negative"
"разиня","negative"
"разить","negative"
"разлагать","negative"
"разлагаться","negative"
"разлад","negative"
"разладиться","negative"
"разлаживаться","negative"
"разламывать","negative"
"разламываться","negative"
"разлезться","negative"
"разлениваться","negative"
"разлениться","negative"
"разлить","negative"
"разлиться","negative"
"разложение","negative"
"разложиться","negative"
"разлом","negative"
"разломать","negative"
"разломаться","negative"
"разломить","negative"
"разломиться","negative"
"разлука","negative"
"разлучать","negative"
"разлучаться","negative"
"разлучение","negative"
"разлучить","negative"
"разлучиться","negative"
"разлучница","negative"
"разлюбить","negative"
"разлёживаться","negative"
"размазаться","negative"
"размазня","negative"
"размазываться","negative"
"размалевать","negative"
"размалеваться","negative"
"размахиваться","negative"
"размозжить","negative"
"размолвка","negative"
"размолотить","negative"
"размякать","negative"
"размякнуть","negative"
"разнервничаться","negative"
"разнести","negative"
"разнестись","negative"
"разногласие","negative"
"разногласить","negative"
"разноголосица","negative"
"разнос","negative"
"разнюхивать","negative"
"разобидеть","negative"
"разобидеться","negative"
"разоблачиться","negative"
"разобщать","negative"
"разобщение","negative"
"разобщить","negative"
"разобщённость","negative"
"разовраться","negative"
"разодеться","negative"
"разодрать","negative"
"разодраться","negative"
"разозлить","negative"
"разозлиться","negative"
"разораться","negative"
"разорванность","negative"
"разорвать","negative"
"разорваться","negative"
"разорение","negative"
"разоритель","negative"
"разорительница","negative"
"разорительность","negative"
"разорительный","negative"
"разорить","negative"
"разориться","negative"
"разорять","negative"
"разоряться","negative"
"разоспаться","negative"
"разочарование","negative"
"разочарованность","negative"
"разочаровать","negative"
"разочароваться","negative"
"разочаровывать","negative"
"разочаровываться","negative"
"разражаться","negative"
"разразить","negative"
"разразиться","negative"
"разреветься","negative"
"разрезаться","negative"
"разрозненность","negative"
"разрубание","negative"
"разругать","negative"
"разругаться","negative"
"разруха","negative"
"разрушать","negative"
"разрушаться","negative"
"разрушение","negative"
"разрушитель","negative"
"разрушительница","negative"
"разрушительность","negative"
"разрушительный","negative"
"разрушить","negative"
"разрушиться","negative"
"разрывать","negative"
"разрываться","negative"
"разрывной","negative"
"разрыдаться","negative"
"разрядиться","positive"
"разряжаться","positive"
"разубедиться","negative"
"разуверение","positive"
"разувериться","negative"
"разуверяться","negative"
"разучиваться","negative"
"разучиться","negative"
"разъедать","negative"
"разъедаться","negative"
"разъединённость","negative"
"разъесть","negative"
"разъесться","negative"
"разъярить","negative"
"разъяриться","negative"
"разыскиваться","negative"
"рана","negative"
"ранение","negative"
"раненый","negative"
"ранимость","negative"
"ранить","negative"
"ранка","negative"
"расизм","negative"
"расист","negative"
"расистский","negative"
"раскалываться","negative"
"раскапризничаться","negative"
"раскашляться","negative"
"расквасить","negative"
"расквитаться","negative"
"раскидать","negative"
"раскидывать","negative"
"раскидываться","negative"
"раскипятиться","negative"
"раскисать","negative"
"раскиснуть","negative"
"расклеиваться","negative"
"расклеиться","negative"
"расковыривать","negative"
"расковырять","negative"
"раскол","negative"
"расколотить","negative"
"расколоться","negative"
"расколошматить","negative"
"раскольнический","negative"
"раскормить","negative"
"раскоряка","negative"
"раскорячить","negative"
"раскорячиться","negative"
"раскорячка","negative"
"раскосматиться","negative"
"раскошеливаться","negative"
"раскошелиться","negative"
"раскритиковать","negative"
"раскричаться","negative"
"раскромсать","negative"
"раскрошиться","negative"
"раскудахтаться","negative"
"раскулачивать","negative"
"раскулачить","negative"
"раскурить","negative"
"распад","negative"
"распадаться","negative"
"распадок","negative"
"распалить","negative"
"распалять","negative"
"распасться","negative"
"распекание","negative"
"распекать","negative"
"распетушиться","negative"
"распивать","negative"
"распинать","negative"
"распинаться","negative"
"распихать","negative"
"распихивать","negative"
"расплакаться","negative"
"расплата","negative"
"расплеваться","negative"
"расплескать","negative"
"расплескаться","negative"
"расплюснуться","negative"
"расплющивать","negative"
"расплющиваться","negative"
"расплющить","negative"
"расплющиться","negative"
"располнеть","negative"
"располосовать","negative"
"распороть","negative"
"распотрошить","negative"
"распоясаться","negative"
"распоясываться","negative"
"расправа","negative"
"расправиться","negative"
"расправляться","negative"
"распрощаться","negative"
"распугать","negative"
"распугивать","negative"
"распуститься","negative"
"распутица","negative"
"распутник","negative"
"распутница","negative"
"распутничать","negative"
"распутный","negative"
"распутство","negative"
"распухание","negative"
"распухать","negative"
"распухнуть","negative"
"распущенность","negative"
"распылиться","negative"
"распятие","negative"
"распять","negative"
"рассадник","negative"
"рассвирепелый","negative"
"рассвирепеть","negative"
"рассекретиться","negative"
"рассердить","negative"
"рассердиться","negative"
"рассечение","negative"
"рассечь","negative"
"рассечься","negative"
"рассеяние","negative"
"рассеянность","negative"
"рассиживаться","negative"
"рассинхронизация","negative"
"расслаиваться","negative"
"расслоение","negative"
"рассогласование","negative"
"рассогласованность","negative"
"рассориваться","negative"
"рассорить","negative"
"рассориться","negative"
"рассохнуться","negative"
"рассредоточенность","negative"
"расставание","negative"
"расставаться","negative"
"расстараться","negative"
"расстаться","negative"
"расстраивать","negative"
"расстраиваться","negative"
"расстрел","negative"
"расстреливать","negative"
"расстрелять","negative"
"расстроенно","negative"
"расстроить","negative"
"расстроиться","negative"
"расстройство","negative"
"рассусоливать","negative"
"рассыпаться","negative"
"расталкивать","negative"
"растаптывать","negative"
"растаскать","negative"
"растаскивать","negative"
"растащить","negative"
"растеребить","positive"
"растерзание","negative"
"растерзать","negative"
"растерянность","negative"
"растерять","negative"
"растеряться","negative"
"растеряха","negative"
"растлевать","negative"
"растление","negative"
"растленный","negative"
"растлитель","negative"
"растлить","negative"
"растолкать","negative"
"растолстеть","negative"
"растоптать","negative"
"растопыривать","negative"
"расторгать","negative"
"расторгнуть","negative"
"расторжение","negative"
"расточать","negative"
"расточение","negative"
"расточитель","negative"
"расточительница","negative"
"расточительность","negative"
"расточительный","negative"
"расточительство","negative"
"расточить","negative"
"расточиться","negative"
"растравить","negative"
"растранжиривание","negative"
"растранжиривать","negative"
"растранжирить","negative"
"растрата","negative"
"растратить","negative"
"растратчица","negative"
"растрачивание","negative"
"растрачивать","negative"
"растревоживать","negative"
"растревожить","negative"
"растрезвонить","negative"
"растрепать","negative"
"растрепаться","negative"
"растрескаться","negative"
"растрескиваться","negative"
"раструбить","negative"
"растрёпа","negative"
"растрёпанный","negative"
"растяжение","negative"
"растяпа","negative"
"расфуфыренный","negative"
"расхваливаться","negative"
"расхвастаться","negative"
"расхвораться","negative"
"расхититель","negative"
"расхитить","negative"
"расхищать","negative"
"расхищение","negative"
"расхлебать","negative"
"расхлестать","negative"
"расхлябанность","negative"
"расхлёбывать","negative"
"расхныкаться","negative"
"расход","negative"
"расходовать","negative"
"расхотеться","negative"
"расцарапать","negative"
"расцарапаться","negative"
"расцарапывать","negative"
"расчленение","negative"
"расчленить","negative"
"расчленять","negative"
"расчленяться","negative"
"расчленёнка","negative"
"расчленённость","negative"
"расшалиться","negative"
"расшаркаться","positive"
"расшаркиваться","positive"
"расшатанность","negative"
"расшататься","negative"
"расшатывать","negative"
"расшатываться","negative"
"расшвыривать","negative"
"расшвырять","negative"
"расшибать","negative"
"расшибаться","negative"
"расшибить","negative"
"расшибиться","negative"
"расшуметься","negative"
"рахит","negative"
"рванина","negative"
"рваный","negative"
"рвань","negative"
"рваньё","negative"
"рвать","negative"
"рваться","negative"
"реветь","negative"
"ревнивец","negative"
"ревнивица","negative"
"ревнивость","negative"
"ревнивый","negative"
"ревнительница","negative"
"ревновать","negative"
"ревностность","negative"
"ревностный","negative"
"ревность","negative"
"регресс","negative"
"регрессивный","negative"
"регрессировать","negative"
"регрессия","negative"
"редеть","negative"
"резануть","negative"
"резаться","negative"
"резкий","negative"
"резковатый","negative"
"резкость","positive"
"резнуть","negative"
"резня","negative"
"рейдер","negative"
"рейх","negative"
"репрессивный","negative"
"репрессировать","negative"
"рептилоид","negative"
"рехнуться","negative"
"рецидив","negative"
"рецидивист","negative"
"рецидивистка","negative"
"рецидивный","negative"
"ржаветь","negative"
"ржавчина","negative"
"ржавый","negative"
"ринит","negative"
"риск","negative"
"рискованный","negative"
"рисоваться","negative"
"робеть","negative"
"рогатка","negative"
"рогоносец","negative"
"родственничек","negative"
"рожа","negative"
"рожон","negative"
"розга","negative"
"розниться","negative"
"рознь","negative"
"розыск","negative"
"розыскник","negative"
"роковой","negative"
"ронять","negative"
"ропот","negative"
"роптание","negative"
"роптать","negative"
"роспуск","negative"
"россказни","negative"
"ростовщик","negative"
"ростовщический","negative"
"рубануть","negative"
"рубиться","negative"
"ругань","negative"
"ругатель","negative"
"ругательный","negative"
"ругательски","negative"
"ругательство","negative"
"ругать","negative"
"ругаться","negative"
"ругнуть","negative"
"ругнуться","negative"
"ружьё","negative"
"руина","negative"
"рукоблудие","negative"
"рукопашный","negative"
"рукоприкладство","negative"
"русофоб","negative"
"русофобский","negative"
"рутина","negative"
"рутинность","negative"
"рутинный","negative"
"рухлядь","negative"
"рухнуть","negative"
"рушить","negative"
"рушиться","negative"
"рыгание","negative"
"рыгать","negative"
"рыгнуть","negative"
"рыдание","negative"
"рыдать","negative"
"рыдающе","negative"
"рык","negative"
"рыкать","negative"
"рыкнуть","negative"
"рыпаться","negative"
"рыскание","negative"
"рычание","negative"
"рычать","negative"
"рэкетир","negative"
"рябить","negative"
"рявкать","negative"
"рявкнуть","negative"
"рёв","negative"
"саботаж","negative"
"саботажник","negative"
"саботировать","negative"
"садист","negative"
"садистический","negative"
"садистка","negative"
"садистский","negative"
"садомазохизм","negative"
"садомазохист","negative"
"садомазохистка","negative"
"салага","negative"
"салажонок","negative"
"сальмонеллёз","negative"
"сальный","negative"
"самобичевание","negative"
"самовластие","negative"
"самовластность","negative"
"самовластный","negative"
"самовлюблённость","negative"
"самовлюблённый","negative"
"самовозвеличение","negative"
"самовозвеличивание","negative"
"самовозгорание","negative"
"самоволие","negative"
"самовольничать","negative"
"самовольный","negative"
"самовольство","negative"
"самовоспламенение","negative"
"самовосхваление","negative"
"самогон","negative"
"самогонка","negative"
"самогоноварение","negative"
"самогонщик","negative"
"самогонщица","negative"
"самодовлеющий","positive"
"самодовольный","negative"
"самодовольство","negative"
"самодур","negative"
"самодурство","negative"
"самодурствовать","negative"
"самоедство","negative"
"самозабвение","positive"
"самозахват","negative"
"самозванец","negative"
"самозванка","negative"
"самозванно","negative"
"самозванство","negative"
"самозваный","negative"
"самоизоляция","negative"
"самоистребление","negative"
"самоистязание","negative"
"самолечение","negative"
"самоликвидация","negative"
"самолюб","negative"
"самолюбивый","negative"
"самолюбие","negative"
"самолюбование","negative"
"самонадеянность","negative"
"самонадеянный","negative"
"самообвинение","negative"
"самообман","negative"
"самообожание","negative"
"самообольщаться","negative"
"самообольщение","negative"
"самооговор","negative"
"самоосуждение","negative"
"самоотвержение","positive"
"самоотравление","negative"
"самоотречение","negative"
"самоподрыв","negative"
"самопринуждение","negative"
"саморазоблачение","negative"
"саморазрушение","negative"
"самосожжение","negative"
"самострел","negative"
"самосуд","negative"
"самосудный","negative"
"самоубийственный","negative"
"самоубийство","negative"
"самоубийца","negative"
"самоунижение","negative"
"самоуничижение","negative"
"самоуничтожение","negative"
"самоуправство","negative"
"самоустранение","negative"
"самоустраниться","negative"
"самоустраняться","negative"
"самохвальство","negative"
"самочинствовать","negative"
"санкционирование","negative"
"санкционировать","negative"
"санкция","negative"
"саранча","negative"
"саранчовый","negative"
"сарказм","negative"
"саркастически","negative"
"саркастический","negative"
"саркастичность","negative"
"саркастичный","negative"
"сатана","negative"
"сатанеть","negative"
"сатанизм","negative"
"сатанинский","negative"
"сатанист","negative"
"сачковать","negative"
"сбагрить","negative"
"сбегать","negative"
"сбежать","negative"
"сбивать","negative"
"сбиваться","positive"
"сбивчивость","negative"
"сбивчивый","negative"
"сбить","negative"
"сбиться","positive"
"сблевать","negative"
"сбой","negative"
"сболтнуть","negative"
"сборище","negative"
"сбрасываться","negative"
"сбрендить","negative"
"сброд","negative"
"сброситься","negative"
"сваливать","negative"
"сваливаться","negative"
"свалить","negative"
"свалиться","negative"
"свалка","negative"
"сваляться","negative"
"сварливость","negative"
"сварливый","negative"
"свастика","negative"
"свергать","negative"
"свергаться","negative"
"свергнуть","negative"
"свержение","negative"
"сверхнизкий","negative"
"сверхтяжёлый","negative"
"сверхурочный","negative"
"светобоязнь","negative"
"свин","negative"
"свинарник","negative"
"свинарь","negative"
"свиноматка","negative"
"свинский","negative"
"свинство","negative"
"свинтить","negative"
"свинтус","negative"
"свинья","negative"
"свинячий","negative"
"свинячить","negative"
"свирепеть","negative"
"свирепость","negative"
"свирепство","negative"
"свирепствовать","negative"
"свирепый","negative"
"свистопляска","negative"
"свистун","negative"
"свихнуться","negative"
"своеволие","negative"
"своевольничать","negative"
"своевольность","negative"
"своевольный","negative"
"своевольство","negative"
"своенравие","negative"
"своенравность","negative"
"своенравный","negative"
"сволочить","negative"
"сволочной","negative"
"своровать","negative"
"своротить","negative"
"свысока","negative"
"святотатство","negative"
"сгибнуть","negative"
"сгинуть","negative"
"сглаз","negative"
"сглазить","negative"
"сглупить","negative"
"сгнивать","negative"
"сгнить","negative"
"сгноить","negative"
"сговариваться","negative"
"сговор","negative"
"сговориться","negative"
"сгорание","negative"
"сгорать","negative"
"сгорбить","negative"
"сгорбиться","negative"
"сгореть","negative"
"сгоряча","negative"
"сграбастать","negative"
"сгубить","negative"
"сдаваться","negative"
"сдавить","negative"
"сдавленность","negative"
"сдавленный","negative"
"сдавливание","negative"
"сдавливать","negative"
"сдаться","negative"
"сдирание","negative"
"сдирать","negative"
"сдрейфить","negative"
"сдуреть","negative"
"сдуру","negative"
"сдыхать","negative"
"себялюбец","negative"
"себялюбивый","negative"
"себялюбие","negative"
"седеть","negative"
"секира","negative"
"сексизм","negative"
"сексуализация","negative"
"секта","negative"
"сектант","negative"
"сектантка","negative"
"сектантский","negative"
"сектантство","negative"
"сепаратизм","negative"
"сепаратистский","negative"
"сепаратисты","negative"
"сердитость","negative"
"сердитый","negative"
"сердить","negative"
"сердиться","negative"
"сердцеед","negative"
"сердцеедка","negative"
"сержантик","negative"
"серость","negative"
"серчать","negative"
"сетование","negative"
"сетовать","negative"
"сечь","negative"
"сечься","negative"
"сжечь","negative"
"сживать","negative"
"сжигание","negative"
"сжигатель","negative"
"сжигать","negative"
"сжирать","negative"
"сжить","negative"
"сжульничать","negative"
"сигануть","negative"
"сигара","negative"
"сигаретка","negative"
"сигаретный","negative"
"сигарный","negative"
"симулировать","negative"
"симулянт","negative"
"симуляция","negative"
"синдром","negative"
"синеть","negative"
"синька","negative"
"синяк","negative"
"сипеть","negative"
"сипловатый","negative"
"сиплый","negative"
"сирена","negative"
"сирота","negative"
"сиротеть","negative"
"сиротка","negative"
"сиротливый","negative"
"сиротски","negative"
"сиротский","negative"
"сиротство","negative"
"сисястый","positive"
"сифилис","negative"
"сказануть","negative"
"скалить","negative"
"скалиться","negative"
"скальпирование","negative"
"скальпировать","negative"
"скандал","negative"
"скандализировать","negative"
"скандалист","negative"
"скандалистка","negative"
"скандалить","negative"
"скандальничать","negative"
"скандальность","negative"
"скандальный","negative"
"скандальчик","negative"
"скатиться","negative"
"скатываться","negative"
"сквернослов","negative"
"сквернословие","negative"
"сквернословить","negative"
"скверность","negative"
"скверный","negative"
"сквитаться","negative"
"сквозняк","negative"
"скелетон","negative"
"скептицизм","negative"
"скептически","negative"
"скептичность","negative"
"скептичный","negative"
"скинхед","negative"
"скинхеды","negative"
"скисать","negative"
"скиснуть","negative"
"скиснуться","negative"
"скитальчество","negative"
"скитание","negative"
"скитаться","negative"
"склероз","negative"
"склерозный","negative"
"склеротический","negative"
"склизкий","negative"
"склочничать","negative"
"склочность","negative"
"склочный","negative"
"скованность","negative"
"сковать","negative"
"сковывать","negative"
"сковырнуть","negative"
"скол","negative"
"сколиоз","negative"
"скользкий","negative"
"скользкость","negative"
"скомкать","negative"
"скомкаться","negative"
"скомпрометировать","negative"
"сконфузить","negative"
"сконфузиться","negative"
"скончание","negative"
"скончаться","negative"
"скопытиться","negative"
"скорбеть","negative"
"скорбность","negative"
"скорбный","negative"
"скорбь","negative"
"скоропалительный","negative"
"скоропортящийся","negative"
"скоропостижность","negative"
"скоропостижный","negative"
"скорпион","negative"
"скорчить","negative"
"скорчиться","negative"
"скособочиться","negative"
"скотина","negative"
"скотобойня","negative"
"скотский","negative"
"скотство","negative"
"скрадывать","negative"
"скрасть","negative"
"скрежет","negative"
"скрежетание","negative"
"скрежетать","negative"
"скривить","negative"
"скривиться","negative"
"скрипение","negative"
"скрипеть","negative"
"скрипучий","negative"
"скрывание","negative"
"скрывать","negative"
"скрываться","negative"
"скрытие","negative"
"скрытничать","negative"
"скрытность","negative"
"скрытный","negative"
"скрыть","negative"
"скрючиваться","negative"
"скрючить","negative"
"скрючиться","negative"
"скряга","negative"
"скряжничать","negative"
"скудеть","negative"
"скудность","negative"
"скудный","negative"
"скудоумие","negative"
"скудоумный","negative"
"скука","negative"
"скукоживаться","negative"
"скукожиться","negative"
"скукота","negative"
"скукотища","negative"
"скукситься","negative"
"скуление","negative"
"скулила","negative"
"скулить","negative"
"скулёж","negative"
"скупердяй","negative"
"скупердяйка","negative"
"скупердяйство","negative"
"скупец","negative"
"скупиться","negative"
"скупой","negative"
"скупость","negative"
"скурить","negative"
"скучать","negative"
"скучища","negative"
"скучливый","negative"
"скучнейший","negative"
"скучнеть","negative"
"скучноватый","negative"
"скучность","negative"
"скучный","negative"
"слабак","negative"
"слабейший","negative"
"слабенький","negative"
"слабеть","negative"
"слабина","negative"
"слабинка","negative"
"слабнуть","negative"
"слабоватый","negative"
"слабоволие","negative"
"слабовольный","negative"
"слабодушие","negative"
"слабонервный","negative"
"слаборазвитый","negative"
"слабосилие","negative"
"слабосильный","negative"
"слабость","negative"
"слабоумие","negative"
"слабоумный","negative"
"слабохарактерность","negative"
"слабохарактерный","negative"
"слабый","negative"
"славолюбие","negative"
"сластолюбивый","negative"
"сластолюбие","negative"
"слащавость","negative"
"слащавый","negative"
"слежаться","negative"
"слежение","negative"
"слежка","negative"
"слезиться","negative"
"слезливость","negative"
"слезливый","negative"
"слезотечение","negative"
"слезоточивый","negative"
"слезоточить","negative"
"слепнуть","negative"
"слепота","negative"
"слепяще","negative"
"слететь","negative"
"слечь","negative"
"слизень","negative"
"слизняк","negative"
"слизь","negative"
"слинять","negative"
"слипнуться","negative"
"слишком","negative"
"словоблуд","negative"
"словоблудие","negative"
"словоизвержение","negative"
"сложность","negative"
"сломать","negative"
"сломаться","negative"
"сломить","negative"
"сломиться","negative"
"слоноподобный","negative"
"слоняться","negative"
"слукавить","negative"
"слушок","negative"
"слюни","negative"
"слюнтяй","positive"
"слюнтяйка","negative"
"слюнтяйский","positive"
"слюнтяйство","positive"
"слюнявить","negative"
"слюнявый","negative"
"слякотный","negative"
"слякоть","negative"
"слямзить","negative"
"сляпать","negative"
"слёзный","negative"
"смазливость","negative"
"смазливый","negative"
"смалодушничать","negative"
"сманивать","negative"
"сманить","negative"
"сматываться","negative"
"смердеть","negative"
"смертельный","negative"
"смертник","negative"
"смертница","negative"
"смертность","negative"
"смертный","negative"
"смертоносность","negative"
"смертоносный","negative"
"смертоубийственный","negative"
"смертоубийство","negative"
"смерть","negative"
"смерч","negative"
"сморкание","negative"
"сморозить","negative"
"сморщиваться","negative"
"сморщить","negative"
"сморщиться","negative"
"смотаться","negative"
"смошенничать","negative"
"смрад","negative"
"смрадный","negative"
"смута","negative"
"смутить","negative"
"смутиться","negative"
"смутность","negative"
"смутный","negative"
"смухлевать","negative"
"смываться","negative"
"смыться","negative"
"смятение","negative"
"смять","negative"
"снаряд","negative"
"снашиваться","negative"
"снедать","negative"
"снижаться","negative"
"снижение","negative"
"снизить","negative"
"снизиться","negative"
"сникнуть","negative"
"сноб","negative"
"снос","negative"
"сносить","negative"
"снюхаться","positive"
"собачатина","negative"
"собачиться","negative"
"собезьянничать","negative"
"соблазн","negative"
"соблазнитель","negative"
"соблазнительница","negative"
"соблазнить","negative"
"соблазниться","negative"
"собственнический","negative"
"собственничество","negative"
"собутыльник","negative"
"собутыльница","negative"
"совать","negative"
"соваться","negative"
"совковый","negative"
"совратитель","negative"
"совратительница","negative"
"совратить","negative"
"совратиться","negative"
"соврать","negative"
"совращать","negative"
"совращаться","negative"
"совращение","negative"
"согнать","negative"
"согрешать","negative"
"согрешение","negative"
"согрешить","negative"
"содержанка","positive"
"содрать","negative"
"содрогание","negative"
"содрогаться","negative"
"содрогнуться","negative"
"сожаление","negative"
"сожалеть","negative"
"сожжение","negative"
"сожрать","negative"
"созависимость","negative"
"сокамерница","negative"
"сократить","negative"
"сокрушать","negative"
"сокрушаться","negative"
"сокрушение","negative"
"сокрушитель","negative"
"сокрушительный","negative"
"сокрушить","negative"
"сокрытие","negative"
"сокрыть","negative"
"солгать","negative"
"солдафонский","negative"
"солнцепёк","negative"
"сомнение","negative"
"сомнительность","negative"
"сомнительный","negative"
"сонливость","negative"
"сонливый","negative"
"сообщник","negative"
"сообщница","negative"
"соперник","negative"
"соперница","negative"
"соперничать","negative"
"соперничество","negative"
"сопливый","negative"
"сопля","negative"
"сопляк","negative"
"соплячка","negative"
"сопреть","negative"
"сопротивление","negative"
"сопротивляться","negative"
"сор","negative"
"сорванец","negative"
"сорваться","negative"
"сорвиголова","positive"
"соринка","negative"
"сорить","negative"
"сорный","negative"
"сорняк","negative"
"сортир","negative"
"соскользнуть","negative"
"сослать","negative"
"сослепу","negative"
"соснуть","negative"
"состарить","negative"
"состариться","negative"
"сострить","negative"
"сосунок","negative"
"сотрясать","negative"
"сотрясаться","negative"
"сотрясение","negative"
"сотрясти","negative"
"сотрястись","negative"
"соумышленник","negative"
"соумышленница","negative"
"соучастник","negative"
"соучастница","negative"
"сохнуть","negative"
"спад","negative"
"спазм","negative"
"спазматический","negative"
"спазмолитический","negative"
"спаивать","positive"
"спалить","negative"
"спам","negative"
"спам-бот","negative"
"спамер","negative"
"спасовать","negative"
"спекулянт","negative"
"спекулянтка","negative"
"спекулятивный","negative"
"спекуляция","negative"
"спереть","negative"
"спермотоксикоз","negative"
"спечься","negative"
"спешка","negative"
"спиваться","negative"
"спиногрыз","negative"
"спиритизм","negative"
"спиртной","negative"
"списание","negative"
"списать","negative"
"списывание","negative"
"списывать","negative"
"спитый","negative"
"спиться","negative"
"спихивать","negative"
"спихнуть","negative"
"сплетник","negative"
"сплетница","negative"
"сплетничать","negative"
"сплетня","negative"
"сплоховать","negative"
"сплутовать","negative"
"сплюнуть","negative"
"сплющиваться","negative"
"сплёвывать","negative"
"споить","negative"
"спор","negative"
"спорить","negative"
"спориться","negative"
"спорщик","negative"
"спорщица","negative"
"споткнуться","negative"
"спотыкаться","negative"
"спотыкнуться","negative"
"спровадить","negative"
"спроваживать","negative"
"спровоцировать","negative"
"спугивать","negative"
"спугнуть","negative"
"спутанность","negative"
"спутать","negative"
"спутаться","negative"
"спутывать","negative"
"спутываться","negative"
"спьяна","negative"
"спьяну","negative"
"спятить","negative"
"спёртость","negative"
"сражать","negative"
"сражаться","negative"
"сражение","negative"
"сразиться","negative"
"срам","negative"
"срамить","negative"
"срамиться","negative"
"срамной","negative"
"срамота","negative"
"сребролюбивый","negative"
"срезаться","negative"
"срубать","negative"
"срывать","negative"
"срываться","negative"
"срыгивать","negative"
"срыгнуть","negative"
"ссадина","negative"
"ссора","negative"
"ссорить","negative"
"ссориться","negative"
"ссохнуться","negative"
"ссутулить","negative"
"ссутулиться","negative"
"ссылать","negative"
"ссыльный","negative"
"ссыхаться","negative"
"стагнация","negative"
"стадность","negative"
"стадный","negative"
"сталинщина","negative"
"сталкер","negative"
"сталкерство","negative"
"сталкивать","negative"
"стаптывать","negative"
"старение","negative"
"стареть","negative"
"старикан","negative"
"старикашка","negative"
"старить","negative"
"старичишка","negative"
"староватый","negative"
"старомодный","negative"
"старуха","negative"
"старушенция","negative"
"старьё","negative"
"статейка","negative"
"стафилококк","negative"
"стачиваться","negative"
"стачка","negative"
"стащить","negative"
"стебать","positive"
"стегать","negative"
"стегнуть","negative"
"стекленеть","negative"
"стенокардия","negative"
"стервец","negative"
"стервоза","negative"
"стервозность","negative"
"стервозный","negative"
"стервятник","negative"
"стереотип","negative"
"стереотипность","negative"
"стереотипный","negative"
"стереться","negative"
"стероид","negative"
"стеснить","negative"
"стеснять","negative"
"стеснённость","negative"
"стибрить","negative"
"стиснуть","negative"
"стихийный","negative"
"стихоплёт","negative"
"столбенеть","positive"
"столбняк","negative"
"столбнячный","negative"
"столкновение","negative"
"столкнуть","negative"
"столпиться","negative"
"столпотворение","negative"
"стоматит","negative"
"стон","negative"
"стонать","negative"
"стонуще","negative"
"стопорить","negative"
"стопориться","negative"
"стопорный","negative"
"стоптать","negative"
"сторониться","negative"
"стосковаться","negative"
"стошнить","negative"
"стравить","negative"
"стравливать","negative"
"страдалец","negative"
"страдалица","negative"
"страдальчески","negative"
"страдальческий","negative"
"страдание","negative"
"страдательный","negative"
"страдать","negative"
"страдающе","negative"
"странноватый","positive"
"страх","negative"
"страхолюдина","negative"
"страшенный","negative"
"страшилище","negative"
"страшилка","negative"
"страшить","negative"
"страшиться","negative"
"страшноватый","negative"
"страшный","negative"
"стребовать","negative"
"стрелочник","negative"
"стрельба","negative"
"стрельбище","negative"
"стрелять","negative"
"стреляться","negative"
"стресс","negative"
"стрессор","negative"
"стрип-бар","negative"
"стриптизёрша","negative"
"строго-настрого","negative"
"строжайший","negative"
"строптивец","negative"
"строптивица","negative"
"строптиво","negative"
"строптивость","negative"
"строптивый","negative"
"струсить","negative"
"струхнуть","negative"
"стряпня","negative"
"стрястись","negative"
"стужа","negative"
"стукаться","negative"
"стукач","negative"
"стукачество","negative"
"стукачка","negative"
"стукнуть","negative"
"стукнуться","negative"
"ступор","negative"
"стухнуть","negative"
"стушеваться","negative"
"стыд","negative"
"стыдить","negative"
"стыдиться","negative"
"стыдливость","negative"
"стыдливый","negative"
"стыдный","negative"
"стырить","negative"
"стычка","negative"
"стяжатель","negative"
"стянуть","negative"
"стёб","negative"
"судачить","negative"
"судилище","negative"
"судимость","negative"
"судить","negative"
"судиться","negative"
"судный","negative"
"судорога","negative"
"судорожность","negative"
"судорожный","negative"
"суеверие","negative"
"суеверность","negative"
"суеверный","negative"
"суета","negative"
"суетиться","negative"
"суетливость","negative"
"суетливый","negative"
"суетность","negative"
"суетный","negative"
"суетня","negative"
"суицид","negative"
"сукин","negative"
"сумасброд","negative"
"сумасбродить","negative"
"сумасбродка","negative"
"сумасбродничать","negative"
"сумасбродный","positive"
"сумасбродство","positive"
"сумасбродствовать","negative"
"сумасшедшинка","negative"
"сумасшествие","positive"
"суматоха","negative"
"суматошливый","negative"
"суматошный","negative"
"сумбур","negative"
"сумбурность","negative"
"сумбурный","negative"
"сумничать","negative"
"сумрак","negative"
"сумрачность","negative"
"сумрачный","negative"
"сунуться","negative"
"супостат","negative"
"супротивник","negative"
"суроветь","negative"
"суровость","negative"
"суровый","negative"
"суррогатный","negative"
"сутенёрство","negative"
"сутулить","negative"
"сутулиться","negative"
"сутуловатость","negative"
"сутуловатый","negative"
"сутулость","negative"
"сутулый","negative"
"суховатый","negative"
"сухомятка","negative"
"сухостой","negative"
"сухота","negative"
"сухощавость","negative"
"сушняк","negative"
"сфабриковать","negative"
"сфальшивить","negative"
"схватка","negative"
"схитрить","negative"
"схлестнуться","negative"
"схлопотать","negative"
"схлёстываться","negative"
"схоронить","negative"
"сцапать","negative"
"сцепиться","negative"
"сшибать","negative"
"сшибить","negative"
"съехидничать","negative"
"съябедничать","negative"
"съязвить","negative"
"съёживаться","negative"
"съёжиться","negative"
"сыр-бор","negative"
"сыреть","negative"
"сырость","negative"
"сюсюкать","negative"
"табак","negative"
"табакокурение","negative"
"табачный","negative"
"табу","negative"
"тавтология","negative"
"тайфун","negative"
"талдычить","negative"
"танцулька","negative"
"тарабанить","negative"
"тарабарщина","negative"
"таракан","negative"
"тараканий","negative"
"таранить","negative"
"тарантул","negative"
"тараторить","negative"
"тараторка","negative"
"тарахтение","negative"
"тарахтеть","negative"
"таращить","negative"
"таращиться","negative"
"таскаться","negative"
"тахикардия","negative"
"тварь","negative"
"тварюга","negative"
"твердолобость","negative"
"твердолобый","negative"
"театральщина","negative"
"текучка","negative"
"темень","negative"
"темнить","negative"
"темница","negative"
"темнотища","negative"
"температурить","negative"
"теневой","negative"
"теракт","negative"
"терзание","negative"
"терзать","negative"
"терзаться","negative"
"терминатор","negative"
"термит","negative"
"тернистый","negative"
"терновый","negative"
"терпеть","positive"
"террор","negative"
"терроризирование","negative"
"терроризировать","negative"
"терроризм","negative"
"терроризовать","negative"
"террорист","negative"
"террористический","negative"
"террористка","negative"
"терять","negative"
"теряться","negative"
"теснение","negative"
"теснить","negative"
"тесниться","negative"
"тесноватый","negative"
"тесность","positive"
"теснота","negative"
"тесный","positive"
"тетеря","negative"
"тик","negative"
"тирада","negative"
"тиран","negative"
"тиранить","negative"
"тиранически","negative"
"тиранический","negative"
"тирания","negative"
"тиранка","negative"
"тиранство","negative"
"тиранствовать","negative"
"тиф","negative"
"ткнуть","negative"
"тлен","negative"
"тление","negative"
"тленность","negative"
"тленный","negative"
"токсикоз","negative"
"токсикологический","negative"
"токсин","negative"
"токсический","negative"
"токсичность","negative"
"токсичный","negative"
"толкание","negative"
"толкануть","negative"
"толкаться","negative"
"толкнуть","negative"
"толкнуться","negative"
"толкотня","negative"
"толкучка","negative"
"толпиться","negative"
"толстеть","negative"
"толстовство","negative"
"толстогубый","negative"
"толстозадый","negative"
"толстокожесть","negative"
"толстокожий","negative"
"толстомордый","negative"
"толстопузый","negative"
"толстосум","negative"
"толстощёкий","negative"
"толстушка","negative"
"толстый","negative"
"толстяк","negative"
"томительный","negative"
"томить","negative"
"томиться","negative"
"тонуть","negative"
"топить","negative"
"топиться","negative"
"топкий","negative"
"топнуть","negative"
"топорный","negative"
"топорщиться","negative"
"топтание","negative"
"торгаш","negative"
"торговка","negative"
"торговлишка","negative"
"тормоз","negative"
"тормозить","negative"
"тормозной","negative"
"тормознуть","negative"
"тормошить","negative"
"торнадо","negative"
"торопливость","negative"
"торопливый","negative"
"торпедировать","negative"
"торчать","negative"
"тоска","negative"
"тоскливость","negative"
"тоскливый","negative"
"тосковать","negative"
"тоскующе","negative"
"тоталитаризм","negative"
"тоталитарный","negative"
"тошнить","negative"
"тошнота","negative"
"тошнотворность","negative"
"тошнотворный","negative"
"тошнотный","negative"
"тошный","negative"
"тощать","negative"
"тощий","negative"
"травить","negative"
"травиться","negative"
"травление","negative"
"травленый","negative"
"травля","negative"
"травма","negative"
"травматизм","negative"
"травматический","negative"
"травматологический","negative"
"травмировать","negative"
"травмпункт","negative"
"трагедийность","negative"
"трагедийный","negative"
"трагедия","negative"
"трагизм","negative"
"трагически","negative"
"трагический","negative"
"трагичность","negative"
"трагичный","negative"
"транжирить","negative"
"транжирка","negative"
"транжирство","negative"
"трансмутация","negative"
"трата","negative"
"тратить","negative"
"тратиться","negative"
"траур","negative"
"траурный","negative"
"трафикинг","negative"
"требовать","negative"
"тревога","negative"
"тревожить","negative"
"тревожиться","negative"
"тревожность","negative"
"тревожный","negative"
"трезвонить","negative"
"трепать","positive"
"трепаться","negative"
"трепач","negative"
"трепло","negative"
"трескаться","negative"
"треснуть","negative"
"треснуться","negative"
"третьесортный","negative"
"треш","negative"
"трещать","negative"
"трещина","negative"
"трещинка","negative"
"трибунал","negative"
"триггер","negative"
"троглодит","negative"
"троечник","negative"
"троечница","negative"
"троллинг","negative"
"тролль","negative"
"тромб","negative"
"тромбоз","negative"
"тромбообразование","negative"
"троян","negative"
"труднейший","negative"
"трудноватый","negative"
"трудновоспитуемый","negative"
"труднодоступность","negative"
"труднодоступный","negative"
"труднопреодолимый","negative"
"труднопроходимый","negative"
"трудность","negative"
"трудный","negative"
"труп","negative"
"трупак","negative"
"трупик","negative"
"труповозка","negative"
"трус","negative"
"трусить","negative"
"трусиха","negative"
"трусишка","negative"
"трусливость","negative"
"трусливый","negative"
"трусоватый","negative"
"трусость","negative"
"трутень","negative"
"труха","negative"
"трухлявый","negative"
"трущоба","negative"
"трущобный","negative"
"трюкачество","negative"
"тряпьё","negative"
"трясина","negative"
"трясинный","negative"
"трястись","negative"
"трясучка","negative"
"трёп","negative"
"трёпка","negative"
"туберкулёз","negative"
"туберкулёзник","negative"
"туберкулёзница","negative"
"тугодум","negative"
"тугоподвижность","negative"
"тугость","negative"
"тугоухий","negative"
"тугоухость","negative"
"тужить","negative"
"тузить","negative"
"тумак","negative"
"туманить","negative"
"тунеядец","negative"
"тунеядство","negative"
"тупеть","negative"
"тупизм","negative"
"тупик","negative"
"тупиковость","negative"
"тупиковый","negative"
"тупить","negative"
"тупиться","negative"
"тупица","negative"
"туповатый","negative"
"тупоголовый","negative"
"тупой","positive"
"тупоносый","negative"
"тупорылый","negative"
"тупость","negative"
"тупоумие","negative"
"тускловатый","negative"
"тусклость","negative"
"тусклый","negative"
"тускнеть","negative"
"тускнуть","negative"
"туфта","negative"
"тухлый","negative"
"тухлятина","negative"
"тухнуть","negative"
"тучность","negative"
"тучный","negative"
"тушеваться","negative"
"тщедушие","negative"
"тщедушный","negative"
"тщеславие","negative"
"тщеславиться","negative"
"тщеславность","negative"
"тщеславный","negative"
"тщетность","negative"
"тщетный","negative"
"тыканье","negative"
"тыкать","negative"
"тыкаться","negative"
"тырить","negative"
"тыркаться","negative"
"тычок","negative"
"тьма","negative"
"тьма-тьмущая","negative"
"тюканье","negative"
"тюкать","negative"
"тюкнуть","negative"
"тюкнуться","negative"
"тюремный","negative"
"тюремщик","negative"
"тюремщица","negative"
"тюрьма","negative"
"тюряга","negative"
"тюфяк","negative"
"тюфячок","negative"
"тявканье","negative"
"тявкать","negative"
"тявкнуть","negative"
"тягомотина","negative"
"тягостность","negative"
"тягостный","negative"
"тягость","negative"
"тягота","negative"
"тяготеть","positive"
"тяготить","negative"
"тяготиться","negative"
"тяготы","negative"
"тягчайший","negative"
"тяжба","negative"
"тяжеленный","negative"
"тяжелеть","negative"
"тяжелить","negative"
"тяжесть","negative"
"тяжкий","negative"
"тяпнуть","negative"
"тёмный","negative"
"убавиться","negative"
"убавление","negative"
"убавляться","negative"
"убивание","negative"
"убивать","negative"
"убиваться","negative"
"убивец","negative"
"убиение","negative"
"убийственность","negative"
"убийственный","negative"
"убийство","negative"
"убийца","negative"
"убитый","negative"
"убить","negative"
"убиться","negative"
"убогий","negative"
"убогость","negative"
"убожество","negative"
"убой","negative"
"убойность","negative"
"убояться","negative"
"убывание","negative"
"убывать","negative"
"убыль","negative"
"убытие","negative"
"убыток","negative"
"убыточность","negative"
"убыточный","negative"
"увечить","negative"
"увечье","negative"
"увиваться","negative"
"увиливание","negative"
"увиливать","negative"
"увильнуть","negative"
"уводить","negative"
"уволакивать","negative"
"уволить","negative"
"уволиться","negative"
"уволочь","negative"
"увольнение","negative"
"увольнительный","negative"
"увольнять","negative"
"увольняться","negative"
"увядание","negative"
"увядать","negative"
"увядший","negative"
"увязать","negative"
"увязаться","negative"
"увязнуть","negative"
"увязываться","negative"
"увянуть","negative"
"увёртливо","negative"
"угар","negative"
"угасание","negative"
"угасать","negative"
"угасить","negative"
"угаснуть","negative"
"угнать","negative"
"угнетатель","negative"
"угнетать","negative"
"угнетающе","negative"
"угнетение","negative"
"угнетённость","negative"
"угодливость","negative"
"угодник","negative"
"угодничать","negative"
"угодничество","negative"
"уголовка","negative"
"уголовник","negative"
"уголовница","negative"
"уголовный","negative"
"уголовщина","negative"
"угон","negative"
"угонщик","negative"
"угонщица","negative"
"угонять","negative"
"угораздить","negative"
"угорелый","negative"
"угореть","negative"
"угробить","negative"
"угробиться","negative"
"угрожаемый","negative"
"угрожать","negative"
"угроза","negative"
"угрохать","negative"
"угрызение","negative"
"угрюметь","negative"
"угрюмец","negative"
"угрюмость","negative"
"угрюмый","negative"
"удавить","negative"
"удавиться","negative"
"удавка","negative"
"удавление","negative"
"удаление","negative"
"удалить","negative"
"удар","negative"
"ударить","negative"
"удариться","negative"
"ударять","negative"
"ударяться","negative"
"уделать","negative"
"уделывать","negative"
"удержание","negative"
"удирать","negative"
"удорожание","negative"
"удорожать","negative"
"удорожаться","negative"
"удорожить","negative"
"удосуживаться","negative"
"удосужиться","negative"
"удрать","negative"
"удручать","negative"
"удручение","negative"
"удручить","negative"
"удручённость","negative"
"удумать","negative"
"удушать","negative"
"удушающе","negative"
"удушение","negative"
"удушить","negative"
"удушливый","negative"
"удушье","negative"
"ужалить","negative"
"ужариться","negative"
"ужас","negative"
"ужасать","negative"
"ужасаться","negative"
"ужаснейший","negative"
"ужасность","negative"
"ужаснуть","negative"
"ужаснуться","negative"
"ужасный","negative"
"ужастик","negative"
"ужать","negative"
"ужаться","negative"
"ужесточение","negative"
"ужесточить","negative"
"ужиматься","negative"
"узкоглазый","negative"
"узкокорыстный","negative"
"узколобость","negative"
"узколобый","negative"
"узник","negative"
"узница","negative"
"узурпаторша","negative"
"узурпация","negative"
"укачать","negative"
"укачивание","negative"
"укиснуть","negative"
"уклончивость","negative"
"уклончивый","negative"
"уклоняться","negative"
"уковылять","negative"
"укокошить","negative"
"уколоть","negative"
"уколоться","negative"
"укор","negative"
"укоризненность","negative"
"укоризненный","negative"
"укорить","negative"
"укорять","negative"
"украсть","negative"
"укрыватель","negative"
"укрывательство","negative"
"укус","negative"
"укусить","negative"
"уламывать","negative"
"улепётывать","negative"
"улизнуть","negative"
"уличать","negative"
"уличение","negative"
"уличить","negative"
"уловка","negative"
"уломать","negative"
"ультимативность","negative"
"ультимативный","negative"
"ультиматум","negative"
"улюлюканье","negative"
"умалить","negative"
"умалчивать","negative"
"умалять","negative"
"уматывать","negative"
"умаять","negative"
"умаяться","negative"
"умереть","negative"
"умертвить","negative"
"умерщвление","negative"
"умерщвлять","negative"
"умирание","negative"
"умирать","negative"
"умирающий","negative"
"умишко","negative"
"умничанье","negative"
"умничать","negative"
"умопомешательство","negative"
"умопомрачение","positive"
"уморить","negative"
"умориться","negative"
"умотать","negative"
"умотаться","negative"
"умучиться","negative"
"умыкать","negative"
"умыкнуть","negative"
"умысел","negative"
"умыслить","negative"
"умышлять","negative"
"унижать","negative"
"унижаться","negative"
"унижение","negative"
"униженность","negative"
"унижённый","negative"
"унизать","negative"
"унизительность","negative"
"унизительный","negative"
"унизить","negative"
"унизиться","negative"
"уничижать","negative"
"уничижительный","negative"
"уничтожать","negative"
"уничтожаться","negative"
"уничтожение","negative"
"уничтожитель","negative"
"уничтожить","negative"
"уничтожиться","negative"
"унывать","negative"
"унылость","negative"
"унылый","negative"
"уныние","negative"
"унынье","negative"
"упад","negative"
"упадничество","negative"
"упадок","negative"
"упадочный","negative"
"упариться","negative"
"упасть","negative"
"упереть","negative"
"упечь","negative"
"упирать","negative"
"упираться","positive"
"упиться","positive"
"упразднение","negative"
"упрашивать","negative"
"упрекать","negative"
"упрекнуть","negative"
"упрямец","negative"
"упрямиться","negative"
"упрямица","negative"
"упрямство","negative"
"упрямый","negative"
"упрятать","negative"
"упрятывать","negative"
"упрёк","negative"
"упускать","negative"
"упустить","negative"
"упущение","negative"
"упырь","negative"
"уравниловка","negative"
"ураган","negative"
"ураганный","negative"
"урвать","negative"
"урезать","negative"
"урод","negative"
"уродец","negative"
"уродина","negative"
"уродить","negative"
"уродка","negative"
"уродливость","negative"
"уродливый","negative"
"уродование","negative"
"уродовать","negative"
"уродоваться","negative"
"уродский","negative"
"уродство","negative"
"урон","negative"
"уронить","negative"
"урывать","negative"
"усечение","negative"
"ускользать","negative"
"ускользнуть","negative"
"усложнение","negative"
"усложнить","negative"
"усложниться","negative"
"усложнять","negative"
"усложняться","negative"
"усложнённость","negative"
"усмехаться","positive"
"усмешечка","negative"
"усмешка","negative"
"усобица","negative"
"усомниться","negative"
"усохнуть","negative"
"усрачка","positive"
"уставать","negative"
"уставиться","negative"
"усталость","negative"
"усталый","negative"
"устаревать","negative"
"устарелость","negative"
"устарелый","negative"
"устареть","negative"
"устать","negative"
"устранение","negative"
"устранить","negative"
"устраниться","negative"
"устранять","negative"
"устраняться","negative"
"устрашать","negative"
"устрашаться","negative"
"устрашение","negative"
"устрашить","negative"
"устрашиться","negative"
"устыдить","negative"
"устыдиться","negative"
"усугубить","negative"
"усугубиться","negative"
"усугубление","negative"
"усугублять","negative"
"усугубляться","negative"
"усыпить","negative"
"усыпление","negative"
"усыплять","negative"
"усыхать","negative"
"утаивание","negative"
"утаивать","negative"
"утаить","negative"
"утаскивать","negative"
"утащить","negative"
"утереть","negative"
"утереться","negative"
"утеря","negative"
"утерять","negative"
"утеснять","negative"
"утечка","negative"
"утечь","negative"
"утиль","negative"
"утомительность","negative"
"утомительный","negative"
"утомить","negative"
"утомиться","negative"
"утомление","negative"
"утомляемость","negative"
"утомлять","negative"
"утомляться","negative"
"утомлённость","negative"
"утомлённый","negative"
"утонуть","negative"
"утопать","negative"
"утопизм","negative"
"утопить","negative"
"утопиться","negative"
"утопичность","negative"
"утопление","negative"
"утопленник","negative"
"утопленница","negative"
"утоптать","negative"
"утрата","negative"
"утратить","negative"
"утратиться","negative"
"утрачивать","negative"
"утрачиваться","negative"
"утрирование","negative"
"утрировать","negative"
"утрировка","negative"
"утруждать","negative"
"утруждаться","negative"
"утыкать","negative"
"утыкаться","negative"
"утяжеляться","negative"
"утянуть","negative"
"ухаб","negative"
"ухабистый","negative"
"ухищрение","negative"
"ухищряться","negative"
"ухлопать","negative"
"ухлёстывать","negative"
"ухмылка","negative"
"ухмыльнуться","negative"
"ухмыляться","negative"
"ухудшать","negative"
"ухудшаться","negative"
"ухудшение","negative"
"ухудшить","negative"
"ухудшиться","negative"
"участь","negative"
"ученичок","negative"
"училка","negative"
"учинить","negative"
"учиниться","negative"
"учинять","negative"
"учудить","negative"
"ушиб","negative"
"ушибать","negative"
"ушибаться","negative"
"ушибить","negative"
"ушибиться","negative"
"ущемить","negative"
"ущемление","negative"
"ущемлять","negative"
"ущемляться","negative"
"ущемлённость","negative"
"ущерб","negative"
"ущербность","negative"
"ущербный","negative"
"ущипнуть","negative"
"уязвимость","negative"
"уязвимый","negative"
"уязвить","negative"
"уязвление","negative"
"уязвлять","negative"
"уязвлённость","negative"
"фабрикация","negative"
"фабриковать","negative"
"фальсификатор","negative"
"фальсификация","negative"
"фальсифицировать","negative"
"фальстарт","negative"
"фальшивить","negative"
"фальшивка","negative"
"фальшивомонетничество","negative"
"фальшивомонетчик","negative"
"фальшивомонетчица","negative"
"фальшивость","negative"
"фальшивый","negative"
"фальшь","negative"
"фамильярничать","negative"
"фамильярный","negative"
"фанатизм","negative"
"фанатик","negative"
"фанатичка","negative"
"фанатичность","negative"
"фанатичный","negative"
"фанфаронский","negative"
"фас","negative"
"фастфуд","negative"
"фаталистически","negative"
"фатальность","negative"
"фатальный","negative"
"фашист","negative"
"фашистка","negative"
"фейк","negative"
"фейл","negative"
"фекалия","negative"
"феминизм","negative"
"фетишизм","negative"
"фетишист","negative"
"фетишистский","negative"
"фиаско","negative"
"фиг","negative"
"фига","negative"
"фиговина","negative"
"фиговый","negative"
"физиономия","negative"
"физичка","negative"
"фиктивность","negative"
"фиктивный","negative"
"фингал","negative"
"финтить","negative"
"фифа","negative"
"фифочка","negative"
"фобия","negative"
"фол","negative"
"форс-мажор","negative"
"форсмажорный","negative"
"французик","negative"
"фрик","negative"
"фронт","negative"
"фурия","negative"
"фурункул","negative"
"фырканье","negative"
"фыркать","negative"
"фыркнуть","negative"
"фырчать","negative"
"фюрер","negative"
"хакер","negative"
"хакерство","negative"
"хакнуть","negative"
"халатность","negative"
"халатный","negative"
"халтура","negative"
"халтурить","negative"
"халтурный","negative"
"халтурщик","negative"
"халупа","negative"
"халявщик","negative"
"хам","negative"
"хамить","negative"
"хамка","negative"
"хамоватый","negative"
"хамски","negative"
"хамский","negative"
"хамство","negative"
"хандра","negative"
"хандрить","negative"
"хаос","negative"
"хаотичный","negative"
"хапать","negative"
"хапнуть","negative"
"харакири","negative"
"хардкор","positive"
"харкать","negative"
"харкнуть","negative"
"харя","negative"
"хаус","negative"
"хахаль","positive"
"хаять","negative"
"хвалиться","positive"
"хвастать","negative"
"хвастаться","negative"
"хвастливость","negative"
"хвастливый","negative"
"хвастнуть","negative"
"хвастовство","negative"
"хвастун","negative"
"хвастунья","negative"
"хватануть","negative"
"хвататься","negative"
"хворать","negative"
"хворый","negative"
"хворь","negative"
"хилость","negative"
"хилый","negative"
"хиляк","negative"
"химера","negative"
"химикат","negative"
"химичить","negative"
"хиреть","negative"
"хитренький","negative"
"хитренько","negative"
"хитрец","negative"
"хитреца","negative"
"хитрить","negative"
"хитроватый","negative"
"хитросплетение","negative"
"хитрюга","negative"
"хитрющий","negative"
"хищение","negative"
"хищник","negative"
"хищница","negative"
"хищнически","negative"
"хищнический","negative"
"хищничество","negative"
"хищность","negative"
"хищный","negative"
"хладеть","negative"
"хладнокровие","positive"
"хладнокровность","positive"
"хлам","negative"
"хламьё","negative"
"хлестануть","negative"
"хлестать","negative"
"хлестаться","negative"
"хлестнуть","negative"
"хлипкий","positive"
"хлипкость","positive"
"хлопнуться","negative"
"хлопотный","negative"
"хлопоты","negative"
"хлыст","negative"
"хлыстать","negative"
"хлюпать","negative"
"хлюпик","negative"
"хлёстко","negative"
"хмелеть","negative"
"хмурить","negative"
"хмуриться","negative"
"хмурость","negative"
"хмурый","negative"
"хмыканье","negative"
"хмыкать","negative"
"хныканье","negative"
"хныкать","negative"
"холера","negative"
"холестерин","negative"
"холодать","negative"
"холодеть","negative"
"холоднокровный","negative"
"холодность","negative"
"холодрыга","negative"
"холоп","negative"
"холопка","negative"
"хоронить","negative"
"хорониться","negative"
"хорохориться","negative"
"хоррор","negative"
"храп","negative"
"храпение","negative"
"храпенье","negative"
"храпеть","negative"
"хреновина","negative"
"хреновый","negative"
"хренотень","negative"
"хрипение","negative"
"хрипеть","negative"
"хриплость","negative"
"хриплый","negative"
"хрипнуть","negative"
"хрипота","negative"
"хромать","negative"
"хромой","negative"
"хромоногий","negative"
"хромота","negative"
"хронический","negative"
"хрущёвка","negative"
"хрюканье","negative"
"хрюкнуть","negative"
"худоба","negative"
"худородный","negative"
"худосочность","negative"
"худощавость","negative"
"худший","negative"
"хулиган","negative"
"хулиганистый","negative"
"хулиганить","negative"
"хулиганка","negative"
"хулигански","negative"
"хулиганский","negative"
"хулиганство","negative"
"хулиганствовать","negative"
"хулиганьё","negative"
"цапать","negative"
"цапаться","negative"
"цапнуть","negative"
"царапание","negative"
"царапанье","negative"
"царапать","negative"
"царапаться","negative"
"царапина","negative"
"царапинка","negative"
"царапнуть","negative"
"цареубийство","negative"
"царёк","negative"
"цацка","negative"
"цацкаться","negative"
"целлюлит","negative"
"цензура","negative"
"цензурность","positive"
"цензуровать","negative"
"цепенеть","negative"
"цербер","negative"
"церемониться","negative"
"церемонничать","negative"
"цианид","negative"
"циклоп","negative"
"цинга","negative"
"цинизм","negative"
"циник","negative"
"цинически","negative"
"цинический","negative"
"циничность","negative"
"циничный","negative"
"цистит","negative"
"цоканье","negative"
"цунами","negative"
"цыганистый","negative"
"цыганщина","negative"
"цыкать","negative"
"цыкнуть","negative"
"чавканье","negative"
"чавкать","negative"
"чавкнуть","negative"
"чахлость","negative"
"чахлый","negative"
"чахнуть","negative"
"чахотка","negative"
"чекистский","negative"
"человеконенавистник","negative"
"человеконенавистнический","negative"
"человеконенавистничество","negative"
"человекоубийство","negative"
"человечина","negative"
"челядь","negative"
"чепуха","negative"
"чепуховина","negative"
"червивый","negative"
"червоточина","negative"
"червоточинка","negative"
"чересчур","negative"
"чернеться","negative"
"чернить","negative"
"чернокнижие","negative"
"чернокнижник","negative"
"чернокнижница","negative"
"чернота","negative"
"чернуха","negative"
"чернь","negative"
"черстветь","negative"
"чертовка","negative"
"чертовский","negative"
"чертовщина","negative"
"чертыхание","negative"
"чертыхнуться","negative"
"чертёнок","negative"
"чесотка","negative"
"четвертование","negative"
"четвертовать","negative"
"чиновничек","negative"
"чиновничество","negative"
"чиновничий","negative"
"чистилище","negative"
"чистоплюй","negative"
"читер","negative"
"членовредительский","negative"
"чокнутый","negative"
"чокнуться","negative"
"чопорность","negative"
"чопорный","negative"
"чреватый","negative"
"чревоугодие","negative"
"чревоугодник","negative"
"чревоугодничать","negative"
"чревоугодничество","negative"
"чрезвычайность","negative"
"чрезвычайный","negative"
"чрезмерность","negative"
"чрезмерный","negative"
"чувиха","negative"
"чудаковатый","negative"
"чудик","positive"
"чудище","negative"
"чудовище","negative"
"чудовищность","negative"
"чудовищный","negative"
"чужак","negative"
"чужанин","negative"
"чужачка","negative"
"чужбина","negative"
"чуждость","negative"
"чуждый","negative"
"чужеродный","negative"
"чумазый","negative"
"чумной","negative"
"чурбан","negative"
"чурка","negative"
"чучело","negative"
"чушка","negative"
"чушь","negative"
"чхать","negative"
"чёрствость","negative"
"чёрствый","negative"
"чёрт","negative"
"чёртик","negative"
"чёртов","negative"
"шабаш","negative"
"шабашить","negative"
"шабашка","negative"
"шавка","negative"
"шайка","negative"
"шайтан","negative"
"шакал","negative"
"шалеть","negative"
"шалить","negative"
"шалопай","negative"
"шалость","negative"
"шальной","positive"
"шаляй-валяй","negative"
"шаманство","negative"
"шантаж","negative"
"шантажирование","negative"
"шантажировать","negative"
"шантажист","negative"
"шантажистка","negative"
"шантажистский","negative"
"шантажный","negative"
"шапокляк","negative"
"шарага","negative"
"шараханье","negative"
"шарахать","negative"
"шарахаться","negative"
"шарахнуть","negative"
"шарахнуться","negative"
"шарканье","negative"
"шаркать","negative"
"шарлатан","negative"
"шарлатанить","negative"
"шарлатанский","negative"
"шарлатанство","negative"
"шастать","negative"
"шатание","negative"
"шататься","negative"
"шаткий","negative"
"шаткость","negative"
"швырнуть","negative"
"швыряние","negative"
"швырять","negative"
"швыряться","negative"
"шелудивый","negative"
"шелушение","negative"
"шелушиться","negative"
"шепелявить","negative"
"шепелявость","negative"
"шепелявый","negative"
"шестёрка","negative"
"шибануть","negative"
"шиворот-навыворот","negative"
"шиза","negative"
"шизик","negative"
"шизоид","negative"
"шизофреник","negative"
"шизофренический","negative"
"шизофреничка","negative"
"шизофрения","negative"
"шиканье","negative"
"шикать","negative"
"шикнуть","negative"
"шипение","negative"
"шипеть","negative"
"ширпотреб","negative"
"шквал","negative"
"шквалистый","negative"
"шквальный","negative"
"шкирка","negative"
"шкода","negative"
"шкодить","negative"
"шкодливый","negative"
"шкодник","negative"
"шкодница","negative"
"школка","negative"
"шкурный","positive"
"шлак","negative"
"шлаковый","negative"
"шлепок","negative"
"шляться","negative"
"шлёпанье","negative"
"шлёпать","negative"
"шлёпаться","negative"
"шлёпнуть","negative"
"шлёпнуться","negative"
"шмон","negative"
"шмотьё","negative"
"шмыганье","negative"
"шмыгать","negative"
"шмякаться","negative"
"шмякнуть","negative"
"шмякнуться","negative"
"шнырять","negative"
"шовинист","negative"
"шовинистский","negative"
"шок","negative"
"шокер","negative"
"шокировать","negative"
"шоковый","negative"
"шпана","negative"
"шпион","negative"
"шпионаж","negative"
"шпионить","negative"
"шпионка","negative"
"шпиономания","negative"
"шпионский","negative"
"шпионство","negative"
"шрам","negative"
"шрамик","negative"
"шторм","negative"
"штормить","negative"
"штормовой","negative"
"штраф","negative"
"штрафник","negative"
"штрафники","negative"
"штрафной","negative"
"штрафовать","negative"
"штрафстоянка","negative"
"штурм","negative"
"штурмовать","positive"
"штырить","positive"
"шугануть","negative"
"шугать","negative"
"шугнуть","negative"
"шулер","negative"
"шулерский","negative"
"шулерство","negative"
"шум","negative"
"шуметь","negative"
"шумиха","negative"
"шумливость","negative"
"шумливый","negative"
"шумность","negative"
"шумный","negative"
"шутовской","negative"
"шухер","negative"
"шушуканье","negative"
"шушукаться","negative"
"щегол","negative"
"щеголеватость","negative"
"щеголеватый","negative"
"щеголиха","negative"
"щеголь","negative"
"щегольски","negative"
"щегольство","negative"
"щелбан","negative"
"щемить","negative"
"щетиниться","negative"
"щипаный","negative"
"щипать","negative"
"щипаться","negative"
"щипнуть","negative"
"щупленький","negative"
"щуплый","negative"
"эвакуация","negative"
"эвакуироваться","negative"
"эгоизм","negative"
"эгоист","negative"
"эгоистически","negative"
"эгоистический","negative"
"эгоистичность","negative"
"эгоистичный","negative"
"эгоистка","negative"
"эгоцентризм","negative"
"эгоцентрический","positive"
"экзекуция","negative"
"экзорцизм","negative"
"экскремент","negative"
"эксплуататор","negative"
"эксплуататорский","negative"
"эксплуатация","negative"
"эксплуатировать","negative"
"экстрадиция","negative"
"экстремизм","negative"
"экстремист","negative"
"экстремисты","negative"
"экстренный","negative"
"эпатировать","negative"
"эпидемический","negative"
"эпидемия","negative"
"эпилепсия","negative"
"эпилептик","negative"
"эпилептический","negative"
"этночистка","negative"
"эшафот","negative"
"юлить","negative"
"ютиться","negative"
"ябеда","negative"
"ябедник","negative"
"ябедничать","negative"
"ябедничество","negative"
"яга","negative"
"яд","negative"
"ядерный","negative"
"ядовитость","negative"
"ядовитый","negative"
"язва","negative"
"язвенный","negative"
"язвительность","negative"
"язвительный","negative"
"язвить","negative"
"язвочка","negative"
"языкастый","negative"
"ямища","negative"
"яростный","negative"
"ярость","negative"
"ярый","positive"
"ёжиться","negative"
"ёрзать","negative"
"ёрничать","negative"
"адюльтер ","negative"
"ажиотажный ","negative"
"ажитация","negative"
"ажитйрованный ","negative"
"ажитйроваться","negative"
"азарт ","positive"
"азартничать ","negative"
"азартный ","positive"
"азиат","negative"
"акклиматизироваться","positive"
"актер","negative"
"актерство","negative"
"актерствовать","negative"
"актриса","negative"
"алармист","negative"
"анахорет","negative"
"антагонистический ","negative"
"антагонистичный ","negative"
"антигуманистический ","negative"
"антигуманно ","negative"
"антигуманность ","negative"
"антигуманный ","negative"
"антипатический ","negative"
"антипатичный ","negative"
"антипатия ","negative"
"антисемит ","negative"
"антисемитский ","negative"
"апатично ","negative"
"апатический ","negative"
"апатичность ","negative"
"апатичный ","negative"
"апатия ","negative"
"апломб ","negative"
"аполитизм ","negative"
"аполитичность ","negative"
"аполитичный ","negative"
"арапистый","negative"
"артист","negative"
"артистка","negative"
"аспид","negative"
"аспидский","negative"
"афронт","negative"
"аффект ","negative"
"антисемйтский ","negative"
"апатйчный ","negative"
"ахнуть","negative"
"базарить","negative"
"базариться","negative"
"барский ","negative"
"барственно ","negative"
"барственность ","negative"
"барственный ","negative"
"басурман","negative"
"беганье","negative"
"беготня","negative"
"беда ","negative"
"бедный ","negative"
"бедовать","negative"
"бедолажный","negative"
"бедствие ","negative"
"бедствовать ","negative"
"безвыходность ","negative"
"безвыходный ","negative"
"бездолье","negative"
"бездольный","negative"
"бездушие ","negative"
"бездушно ","negative"
"бездушность ","negative"
"бездушный ","negative"
"безжалостно ","negative"
"безжалостность ","negative"
"безжалостный ","negative"
"беззастенчиво ","negative"
"беззастенчивость ","negative"
"беззастенчивый ","negative"
"безнадежно ","negative"
"безнадежность ","negative"
"безнадежный ","negative"
"безотрадно","negative"
"безрадостно ","negative"
"безрадостность ","negative"
"безрадостный ","negative"
"безразличие ","negative"
"безразлично ","negative"
"безразличный ","negative"
"безудержный ","negative"
"безутешно ","negative"
"безутешность ","negative"
"безутешный ","negative"
"безучастие ","negative"
"безучастно ","negative"
"безучастность ","negative"
"безучастный ","negative"
"безысходно ","negative"
"безысходность ","negative"
"безысходный ","negative"
"бенц","negative"
"бередить ","negative"
"бесовка ","negative"
"беспамятство ","negative"
"беспардонно","negative"
"бесповинно ","negative"
"беспокойно ","negative"
"беспокойный ","negative"
"беспокойство ","negative"
"беспокоиться ","negative"
"беспорядки ","negative"
"беспощадно ","negative"
"беспощадность ","negative"
"беспощадный ","negative"
"беспросветно ","negative"
"беспросветность ","negative"
"беспросветный ","negative"
"бессемейный ","negative"
"бессемейный","negative"
"бессердечие ","negative"
"бессердечно ","negative"
"бессердечность ","negative"
"бессердечный ","negative"
"бесславно ","negative"
"бессловесный ","positive"
"бессовестно ","negative"
"бессовестность ","negative"
"бессовестный ","negative"
"бесстрастный ","positive"
"бесстыдник ","negative"
"бесстыдница ","negative"
"бесстыдничать ","negative"
"бесстыдно ","negative"
"бесстыдность ","negative"
"бесстыдный ","negative"
"бесстыдство ","negative"
"бессчастный","negative"
"бестактный ","negative"
"бесцеремонно ","negative"
"бесцеремонность ","negative"
"бесцеремонный ","negative"
"бесчеловечность ","negative"
"бесчеловечный ","negative"
"бесчестить ","negative"
"бесчестье ","negative"
"бесчувственно ","negative"
"бесчувственность ","negative"
"бесчувственный ","negative"
"бесчувствие ","negative"
"бешено ","negative"
"бздун","negative"
"бирюк","negative"
"бичевать ","negative"
"благость","positive"
"бобыль","negative"
"болезненный ","negative"
"больно ","negative"
"борзой","negative"
"боязливо ","negative"
"боязливость ","negative"
"боязливый ","negative"
"боязно","negative"
"боязнь ","negative"
"бояка","negative"
"бояться ","negative"
"браниться ","negative"
"брань ","negative"
"брезгливо ","negative"
"брезгливость ","negative"
"брезгливый ","negative"
"брожение ","negative"
"брошенный ","negative"
"брюзгливо ","negative"
"брюзгливость ","negative"
"брюзгливый ","negative"
"брюзжание ","negative"
"брюзжать ","negative"
"будировать","negative"
"будоражащий ","negative"
"будоражиться ","negative"
"буза","negative"
"бузила","negative"
"бузотер","negative"
"буйно ","negative"
"буйствовать ","negative"
"бурливый ","negative"
"бухтеть","negative"
"буча","negative"
"бушевать ","negative"
"буян ","negative"
"выковать ","negative"
"важно ","negative"
"вампирный","negative"
"вампирский","negative"
"вандалистский ","negative"
"варвар ","negative"
"велеречиво","negative"
"велеречивость","negative"
"велеречивый","negative"
"великомученик ","negative"
"величавый ","negative"
"вельможеский ","negative"
"вельможный ","negative"
"вендетта ","negative"
"вередить","negative"
"веролом","negative"
"вероломно ","negative"
"вероломность ","negative"
"вероломный ","negative"
"вероломство ","negative"
"вероотступник ","negative"
"вероотступнический ","negative"
"взбеленить ","negative"
"взбеленить","negative"
"взбелениться","negative"
"взбешенный","negative"
"взбудораженность ","negative"
"взбудораженный","negative"
"взбулгачить","negative"
"взволнованно ","negative"
"взволнованность ","negative"
"взволнованный ","negative"
"вздорщик","negative"
"взъерошиться","negative"
"взъярить","negative"
"взъяриться","negative"
"вкрадчиво ","negative"
"вкрадчивый ","negative"
"внушительно ","negative"
"внушительность ","negative"
"внушительный ","negative"
"возбудимость ","negative"
"возбуждение ","negative"
"возбужденность ","negative"
"возбужденный ","negative"
"воздыхать","negative"
"возмутитель ","negative"
"возмутительно ","negative"
"возмутительность ","negative"
"возмутительный ","negative"
"возмущение ","negative"
"возмущенный ","negative"
"волнительный","negative"
"волноваться ","negative"
"волнующий ","negative"
"волнующий","negative"
"волнуясь ","negative"
"вольность ","negative"
"вольный ","negative"
"воображала","negative"
"вопиющий","negative"
"вопль ","negative"
"воркотня","negative"
"ворчливо","negative"
"ворчливость ","negative"
"ворчливый ","negative"
"враг ","negative"
"вражда ","negative"
"враждебно ","negative"
"враждебность ","negative"
"враждебный ","negative"
"враждовать ","negative"
"вредничать","negative"
"всесокрушающий ","negative"
"вскидчивость","negative"
"вскидчивый","negative"
"вспыльчивость ","negative"
"вспыльчивый ","negative"
"встревоженно ","negative"
"встревоженный ","negative"
"встряска","positive"
"вызвериться","negative"
"вызывающе ","negative"
"выплакать ","negative"
"выплакаться ","negative"
"высокомерие ","negative"
"высокомерно ","negative"
"высокомерность ","negative"
"высокомерный ","negative"
"высокопарно ","negative"
"высокопарный ","negative"
"выспренне","negative"
"выспренний","negative"
"выспренность","negative"
"вытерпеть","negative"
"вяло ","negative"
"вялость ","negative"
"гадить ","negative"
"гадкий ","negative"
"гадливо ","negative"
"гадливость ","negative"
"гадливый ","negative"
"гадский","negative"
"герострат ","negative"
"гибельно ","negative"
"гибельность ","negative"
"гибельный ","negative"
"глотнуть","negative"
"глумиться ","negative"
"глумление ","negative"
"глумливый ","negative"
"гнев ","negative"
"гневить ","negative"
"гневливость ","negative"
"гневливый ","negative"
"гневно ","negative"
"гневный ","negative"
"гнетущий ","negative"
"гнусность ","negative"
"гнусный ","negative"
"гнусь","negative"
"говнюк","negative"
"гонение ","negative"
"гонор ","negative"
"горделиво ","negative"
"горделивость ","negative"
"горделивый ","negative"
"гордец ","negative"
"гордо ","negative"
"гордость ","negative"
"гордый ","negative"
"гордый","positive"
"гордыня ","negative"
"гордячка ","negative"
"горе ","negative"
"горевать ","negative"
"горевой ","negative"
"горевой","negative"
"горе-злосчастие","negative"
"горестно ","negative"
"горестный ","negative"
"горечь ","negative"
"горюн ","negative"
"горюниться ","negative"
"горюниться","negative"
"горюнья ","negative"
"горюша ","negative"
"горюшко ","negative"
"горячиться ","negative"
"горячность ","positive"
"горячность","positive"
"грозить ","negative"
"грозно ","negative"
"грозный ","negative"
"громозвучный ","negative"
"грубый ","negative"
"грустить ","negative"
"грустно ","negative"
"грустноватый ","negative"
"грустный ","negative"
"грусть ","negative"
"грусть-тоска","negative"
"губительно ","negative"
"губительность ","negative"
"двоедушие ","negative"
"двоедушничать ","negative"
"двоедушный ","negative"
"двойственность ","negative"
"двойственный ","negative"
"двуличничать","negative"
"двурушник ","negative"
"двусмысленность ","negative"
"двусмысленный ","negative"
"дебошир ","negative"
"дебоширить ","negative"
"депрессивный ","negative"
"депрессия ","negative"
"досада ","negative"
"досадительный","negative"
"досадливо ","negative"
"досадливый ","negative"
"досадно ","negative"
"досадный ","negative"
"досадовать ","negative"
"дразнить ","negative"
"драматичность ","negative"
"драматичный ","negative"
"дрязга","negative"
"дрянцо","negative"
"дурной ","negative"
"дуться ","negative"
"душегубный","negative"
"душепагубный","negative"
"душепродавец","negative"
"душераздирающе ","negative"
"душераздирающий ","negative"
"ежиться","negative"
"ехида","negative"
"ехидина","negative"
"ехидна","negative"
"ехидничать ","negative"
"ехидный ","negative"
"ехидство ","negative"
"жалисто","negative"
"жалкий ","negative"
"жалко ","negative"
"жалоба ","negative"
"жалобить ","negative"
"жалобно ","negative"
"жалобный ","negative"
"жалобщик ","negative"
"жалостливо","negative"
"жалостно","negative"
"жалость ","negative"
"жаль ","negative"
"женоненавистнический ","negative"
"жертва ","negative"
"жестко ","negative"
"жестковатый ","negative"
"жестокий ","negative"
"жестоковыйный","negative"
"жестокосердечность ","negative"
"жестокосердечный ","negative"
"жестокосердно","negative"
"жестокость ","negative"
"живоглотский","negative"
"живодер","negative"
"живодерство","negative"
"живорез","negative"
"жупел ","negative"
"журиться ","negative"
"жуткий ","negative"
"жуткость ","negative"
"жуть ","negative"
"забвение","negative"
"забеспокоить","negative"
"забота ","positive"
"заботить ","negative"
"забранить ","negative"
"забуреть","negative"
"забытье ","negative"
"завзятый","positive"
"завидно ","negative"
"завидовать ","negative"
"завидущий ","negative"
"завистливость ","negative"
"завистливый ","negative"
"завистник ","negative"
"завистница ","negative"
"зависть ","negative"
"заводила","positive"
"заводка","negative"
"задавала","negative"
"задаваться ","negative"
"задориться","negative"
"задорливый","positive"
"зажатый","negative"
"зазнавшийся ","negative"
"зазнайство ","negative"
"зазор","negative"
"зазорно","negative"
"заискивать ","negative"
"заискивающе ","negative"
"заискивающий ","negative"
"заискивающий","negative"
"замкнуто ","negative"
"замкнутость ","negative"
"замученный ","negative"
"заносчиво ","negative"
"заносчивость ","negative"
"заносчивый ","negative"
"занудно","negative"
"занудность ","negative"
"запуганный ","negative"
"засмущаться","negative"
"засовеститься","negative"
"засомневаться ","negative"
"засомневаться","negative"
"застенчиво ","negative"
"застенчивость ","positive"
"застесняться","negative"
"затиранить","negative"
"затомить","negative"
"затомиться","negative"
"затосковать ","negative"
"затрахать","negative"
"затужить","negative"
"заунывно ","negative"
"заунывный ","negative"
"заушательный ","negative"
"заушательство ","negative"
"заушение","negative"
"захандрить ","negative"
"звероватый","negative"
"зверовидный","negative"
"злец ","negative"
"злиться ","negative"
"зло ","negative"
"злоба ","negative"
"злобить","negative"
"злобно ","negative"
"злобность ","negative"
"злобный ","negative"
"злобствующий ","negative"
"зловещий ","negative"
"зловредина","negative"
"зловредничать","negative"
"зловредность ","negative"
"злодейский ","negative"
"злодейство ","negative"
"злоехидный","negative"
"зложелание ","negative"
"зложелатель","negative"
"зложелательно","negative"
"зложелательность","negative"
"зложелательный","negative"
"зложелательство","negative"
"злой ","positive"
"злокозненный","negative"
"злонравный","negative"
"злопамятность ","negative"
"злопамятный ","negative"
"злополучный ","negative"
"злопыхатель","negative"
"злопыхательски","negative"
"злопыхательский","negative"
"злопыхательство","negative"
"злопыхательствовать ","negative"
"злорадный ","negative"
"злорадство ","negative"
"злорадствовать ","negative"
"злословие и злословье ","negative"
"злословить ","negative"
"злостность ","negative"
"злостный ","negative"
"злость ","negative"
"злосчастие","negative"
"злотворный","negative"
"злоумышленник ","negative"
"злоумышленный ","negative"
"злоязыкий","negative"
"злоязычие ","negative"
"злоязычный ","negative"
"злыдень","negative"
"злыдничать","negative"
"злыдня","negative"
"змей","negative"
"зуда ","negative"
"игнорирование ","negative"
"иезуитство ","negative"
"избегнуть ","negative"
"избранить ","negative"
"изверг ","negative"
"извинение ","negative"
"извинительный ","negative"
"изволноваться","negative"
"изгореваться","negative"
"издевательский ","negative"
"издеваться ","negative"
"издевка","negative"
"издергаться","negative"
"измаять","negative"
"изменнически ","negative"
"изменнический ","negative"
"изменчивость ","negative"
"измученность ","negative"
"измученный ","negative"
"изнемогать ","negative"
"изнеможение ","negative"
"изнеможенный ","negative"
"изнурение ","negative"
"изнуренность ","negative"
"изнурительный ","negative"
"изнуряющий ","negative"
"изнывать ","negative"
"изобидеть","negative"
"изобидеться","negative"
"изолированность ","negative"
"изолированный ","negative"
"изругать ","negative"
"изувер ","negative"
"изуверка ","negative"
"изуверски ","negative"
"изуверский ","negative"
"изуверство ","negative"
"индифферентизм","negative"
"индифферентно","negative"
"индифферентность","negative"
"индифферентный","negative"
"инспиратор","negative"
"инспирация","negative"
"инспирирование","negative"
"инспирировать","negative"
"ипокритство","negative"
"ипохондрия","negative"
"искательно","negative"
"искательность","negative"
"искательный","negative"
"искательство","negative"
"испоганиться","negative"
"исподлобья ","negative"
"испсиховаться","negative"
"испуг ","negative"
"испуганный ","negative"
"исстрадавшийся ","negative"
"исступление ","negative"
"исступленно ","negative"
"исступленный ","negative"
"истерзанность ","negative"
"истерзанный ","negative"
"истерический ","negative"
"истиранить","negative"
"истово","negative"
"истовость","negative"
"истовый","negative"
"истома ","negative"
"истомленный ","negative"
"истязание ","negative"
"истязатель ","negative"
"истязательница ","negative"
"истязательство ","negative"
"истязать ","negative"
"каверза ","negative"
"каверзить ","negative"
"каверзник ","negative"
"каверзница ","negative"
"каверзничать ","negative"
"каверзность ","negative"
"каверзный ","negative"
"казниться ","negative"
"каналья","negative"
"кара ","negative"
"карать ","negative"
"карьерист","negative"
"кичиться ","negative"
"кичливо ","negative"
"кичливость ","negative"
"кичливый ","negative"
"клевета ","negative"
"клеветать ","negative"
"клеветник ","negative"
"клеветнический ","negative"
"клясть","negative"
"кляуза ","negative"
"кляузный ","negative"
"коварно ","negative"
"коварность ","negative"
"коварный ","negative"
"коварство ","negative"
"козел","negative"
"колгота ","negative"
"колготиться ","negative"
"коловратность","negative"
"консервативный ","negative"
"конфликт ","negative"
"конфликтовать ","negative"
"конфуз ","negative"
"конфузливо ","negative"
"конфузливость ","negative"
"конфузливый ","negative"
"конфузный ","negative"
"корить ","negative"
"костить","negative"
"кощунственный ","negative"
"кощунство ","negative"
"кощунствовать ","negative"
"криводушие","negative"
"криводушный","negative"
"критиканский ","negative"
"критиканство ","negative"
"критически ","negative"
"критический ","negative"
"критичность ","negative"
"критичный ","negative"
"кровожадность ","negative"
"кровопийца ","negative"
"кручина","negative"
"кручинный","negative"
"кручинушка","negative"
"кукиш ","negative"
"кукситься ","negative"
"куражиться","negative"
"ламентация","negative"
"ласкатель","negative"
"ласкательство","positive"
"лживо ","negative"
"лживость ","negative"
"лживый ","negative"
"лизоблюдничать","negative"
"лизун","negative"
"лихо ","negative"
"лихо","negative"
"лиходей","negative"
"лиходейка","negative"
"лиходейский","negative"
"лихой ","positive"
"лицемер ","negative"
"лицемерие ","negative"
"лицемерить ","negative"
"лицемерка ","negative"
"лицемерно ","negative"
"лицемерность ","negative"
"лицемерный ","negative"
"лицемерский ","negative"
"ложный ","negative"
"льстец ","negative"
"льстиво ","negative"
"льстивость ","negative"
"льстивый ","negative"
"льстить ","negative"
"лютеть","negative"
"люто ","negative"
"лютование","negative"
"лютой","negative"
"лютый и лютой","negative"
"маета","negative"
"маетно","negative"
"маетный","negative"
"макиавеллиевский","negative"
"макиавеллизм","negative"
"малоавторитетный ","negative"
"маловер ","negative"
"маловерие ","negative"
"малодоступный ","negative"
"малодушничать","negative"
"малодушный ","positive"
"малообщительность ","negative"
"малообщительный ","negative"
"малопривлекательный ","negative"
"малоприятный ","negative"
"манерный","negative"
"манкирование","negative"
"манкировать","negative"
"манкировка","negative"
"медоточивый ","negative"
"меланхолик ","negative"
"меланхолически ","negative"
"меланхолический ","negative"
"меланхоличка ","negative"
"меланхолично ","negative"
"меланхоличность ","negative"
"меланхоличный ","negative"
"меланхолия ","negative"
"мельтешня","negative"
"мерехлюндия","negative"
"мерзить","negative"
"мерзко","negative"
"мерзопакостно ","negative"
"мерзостно ","negative"
"мерзостный ","negative"
"мерзость ","negative"
"месть ","negative"
"мизантроп","negative"
"мизантропический","negative"
"мизантропия","negative"
"мизерабельный","negative"
"мнительность ","negative"
"мнительный ","negative"
"многострадальный ","negative"
"мразь","negative"
"мрачить","negative"
"мстивый","negative"
"мстительность ","negative"
"мстительный ","negative"
"мстить ","negative"
"мужененавистнический ","negative"
"мука ","negative"
"муторно","negative"
"мучать","negative"
"мучение ","negative"
"мученик ","negative"
"мученица ","negative"
"мученический ","negative"
"мученичество ","negative"
"мучитель ","negative"
"мучительница ","negative"
"мучительно ","negative"
"мучительность ","negative"
"мучительный ","negative"
"мучительство ","negative"
"мщение ","negative"
"мымра","negative"
"мытарство","negative"
"набедоваться ","negative"
"набедствоваться ","negative"
"набузить","negative"
"навидаться","negative"
"наволноваться","negative"
"навязчиво ","negative"
"нагло ","negative"
"наглость ","negative"
"наглый ","negative"
"надменно ","negative"
"надменность ","negative"
"надменный ","negative"
"надоедала","negative"
"надоедливо ","negative"
"надоедливость ","negative"
"надоедливый ","negative"
"надокучить","negative"
"надругание ","negative"
"назойливо ","negative"
"назола","negative"
"наигранность ","negative"
"наигранный ","negative"
"накричать ","negative"
"намаять","negative"
"наморить","negative"
"намориться","negative"
"намытариться ","negative"
"намытариться","negative"
"наплакаться ","negative"
"наприниматься ","negative"
"напряг","negative"
"напряжение ","negative"
"напряженность ","negative"
"напряженный ","negative"
"напуганный","negative"
"напускной","negative"
"напыщенно ","negative"
"напыщенность ","negative"
"напыщенный ","negative"
"нарекание ","negative"
"нарочито ","negative"
"наругаться ","negative"
"наскучаться ","negative"
"настороженный ","negative"
"настрадаться ","negative"
"настращать","negative"
"насупившись ","negative"
"насупливаться ","negative"
"насупясь ","negative"
"натерпеться ","negative"
"натешиться ","negative"
"натомиться ","negative"
"натосковаться ","negative"
"натужность ","negative"
"натужный ","negative"
"наущение","negative"
"нахальничать ","negative"
"нахально","negative"
"нахальство ","negative"
"нахмуренный ","positive"
"нахрап","negative"
"нахраписто","negative"
"нахрапистость","negative"
"нахрапистый","negative"
"нахрапом","negative"
"начальственный ","negative"
"наянливо","negative"
"наянливость","negative"
"наянливый","negative"
"небезобидный ","negative"
"неблаговидность ","negative"
"неблаговидный ","negative"
"неблагожелательность ","negative"
"неблагожелательный ","negative"
"неблагонадежность","negative"
"неблагонадежный","negative"
"неблагонамеренность","negative"
"неблагонамеренный","negative"
"неблагопристойность ","negative"
"неблагопристойный ","negative"
"неблагоприятно ","negative"
"неблагоприятный ","negative"
"неблагосклонность ","negative"
"неблагосклонный ","negative"
"небречь","negative"
"неважно ","negative"
"неважный ","negative"
"невежливый ","negative"
"неверие ","negative"
"неверность ","negative"
"неверный","negative"
"неверующий ","negative"
"невесело ","negative"
"невеселый ","negative"
"невзгода ","negative"
"невзрачный ","negative"
"невменяемость ","negative"
"невменяемый ","negative"
"невмоготу","negative"
"невмочь","negative"
"невнимание ","negative"
"невнимательно ","negative"
"невнимательность ","negative"
"невнимательный ","negative"
"невозможно","negative"
"невтерпеж","negative"
"невыносимо ","negative"
"невыносимость ","negative"
"невыносимый ","negative"
"негативизм ","negative"
"негативно","negative"
"неглижирование","negative"
"неглижировать","negative"
"негодный ","negative"
"негодование ","negative"
"негодовать ","negative"
"негодующий ","negative"
"негуманность ","negative"
"негуманный ","negative"
"неделикатно ","negative"
"неделикатность ","negative"
"неделикатный ","negative"
"недоброжелатель ","negative"
"недоброжелательно ","negative"
"недоброжелательность ","negative"
"недоброжелательный ","negative"
"недоброжелательство ","negative"
"недоброта ","negative"
"недоброхот","negative"
"недоброхотный","negative"
"недоброхотство","negative"
"недобрый ","negative"
"недоверие ","negative"
"недоверчиво ","negative"
"недоверчивость ","negative"
"недоверчивый ","negative"
"недовольно ","negative"
"недовольный ","negative"
"недовольство ","negative"
"недолюбливать ","negative"
"недопустимость ","negative"
"недопустимый ","negative"
"недоразумение ","negative"
"недоступный ","negative"
"недотыка","negative"
"недоумение ","positive"
"недоуменный ","positive"
"недруг ","negative"
"недружелюбие ","negative"
"недружелюбно ","negative"
"недружелюбность ","negative"
"недружелюбный ","negative"
"недружественно ","negative"
"недружественный ","negative"
"недуг ","negative"
"неестественно ","negative"
"нежелание ","negative"
"нежелательный ","negative"
"незаинтересованный ","negative"
"неинтересно ","negative"
"неинтересный ","negative"
"неискренне ","negative"
"неискренний ","negative"
"неискренно ","negative"
"неискренность ","negative"
"неистовость ","negative"
"неистовство ","negative"
"неистовствовать ","negative"
"неистовый ","negative"
"некоммуникабельность ","negative"
"некоммуникабельный ","negative"
"неконтактность","negative"
"неконтактный ","negative"
"некорректность ","negative"
"некорректный ","negative"
"некультурный ","negative"
"неладица","negative"
"неласковость ","negative"
"неласковый ","negative"
"нелегко ","negative"
"нелестно ","negative"
"нелестный ","negative"
"неловкий ","negative"
"неловко","negative"
"неловкость ","negative"
"нелояльность ","negative"
"нелояльный ","negative"
"нелюбезность ","negative"
"нелюбезный ","negative"
"нелюбимый ","negative"
"нелюбовь ","negative"
"нелюбый","negative"
"нелюдим ","negative"
"нелюдимка ","negative"
"нелюдимо ","negative"
"нелюдимость ","negative"
"нелюдимый ","negative"
"немилосердие ","negative"
"немилосердно ","negative"
"немилостивый ","negative"
"немилость ","negative"
"немилый","negative"
"ненавидеть ","negative"
"ненавистник ","negative"
"ненавистница ","negative"
"ненавистничать ","negative"
"ненавистнический ","negative"
"ненавистничество ","negative"
"ненавистный ","negative"
"ненависть ","negative"
"ненадежность ","negative"
"ненадежный ","negative"
"ненатурально ","negative"
"ненатуральность ","negative"
"ненатуральный ","negative"
"необузданность ","negative"
"необузданный ","negative"
"необщительность ","negative"
"необщительный ","negative"
"неодобрение ","negative"
"неодобрительно ","negative"
"неодобрительность ","negative"
"неодобрительный ","negative"
"неотвязно","negative"
"неотзывчиво ","negative"
"неотзывчивость ","negative"
"неотзывчивый ","negative"
"неохота","negative"
"неохотно ","negative"
"непереносимо ","negative"
"непереносимый ","negative"
"непереносно","negative"
"непереносный","negative"
"непозволительность ","negative"
"непозволительный ","negative"
"непокойно","negative"
"непокойный","negative"
"неполадки","negative"
"неполитичный","negative"
"непорядочность ","negative"
"непорядочный ","negative"
"непостоянный ","negative"
"непостоянство ","negative"
"непочтительно ","negative"
"непочтительность ","negative"
"непочтительный ","negative"
"неприветливо ","negative"
"неприветливость ","negative"
"неприветливый ","negative"
"неприветный ","negative"
"неприглядный ","negative"
"неприличие ","negative"
"неприличный ","negative"
"непримиримость ","negative"
"непримиримый ","negative"
"непристойность ","negative"
"непристойный ","negative"
"неприязненно ","negative"
"неприязненность ","negative"
"неприязненный ","negative"
"неприязнь ","negative"
"неприятель ","negative"
"неприятно ","negative"
"неприятный ","negative"
"нерадостно ","negative"
"нерадостный ","negative"
"неразговорчивый ","negative"
"нерасположение ","negative"
"нерасположенный ","negative"
"нервировать ","negative"
"нервически","negative"
"нервничать ","negative"
"нервно ","negative"
"нервность ","negative"
"нервный ","negative"
"нервозно ","negative"
"нервозность ","negative"
"нервозный ","negative"
"нервотрепка","negative"
"нерешимость ","negative"
"нерешительно ","negative"
"нерешительность ","positive"
"нерешительный ","negative"
"неровность ","negative"
"несемейный ","negative"
"несимпатичный ","negative"
"нескромность ","negative"
"нескромный ","negative"
"несмело ","negative"
"несмелость ","negative"
"несмелый ","negative"
"несносно ","negative"
"несносный ","negative"
"несогласие ","negative"
"несообщительность","negative"
"несообщительный","negative"
"неспокойно ","negative"
"неспокойный ","negative"
"нестерпимо ","negative"
"нестерпимость ","negative"
"нестерпимый ","negative"
"несчастливец ","negative"
"несчастливица ","negative"
"несчастливый ","negative"
"несчастный ","negative"
"несчастье ","negative"
"нетактичность ","negative"
"нетактичный ","negative"
"нетерпимо ","negative"
"нетерпимость ","positive"
"нетерпимый ","negative"
"неуважение ","negative"
"неуважительно ","negative"
"неуважительность ","negative"
"неуважительный ","negative"
"неуверенно ","negative"
"неуверенность ","negative"
"неуверенный ","negative"
"неугодный ","negative"
"неугомонный ","negative"
"неудачливость ","negative"
"неудачливый ","negative"
"неудачный ","negative"
"неудобство ","negative"
"неудовлетворение ","negative"
"неудовлетворенность ","negative"
"неудовлетворенный ","negative"
"неудовольствие ","negative"
"неуемный","negative"
"неуживчивость ","negative"
"неуживчивый ","negative"
"неулыбчивый ","negative"
"неумолимость ","negative"
"неумолимый ","negative"
"неуравновешенность ","negative"
"неуравновешенный ","negative"
"неутешительный ","negative"
"неутешно ","negative"
"неутешный ","negative"
"неучтивость ","negative"
"неучтивый ","negative"
"нехороший ","negative"
"нехорошо ","negative"
"нехотя ","negative"
"нецеремонно ","negative"
"нецеремонность ","negative"
"нецеремонный ","negative"
"нечеловеческий ","negative"
"нечистосердсчие","negative"
"нечистосердечный ","negative"
"нечувствительность ","negative"
"нечувствительный ","negative"
"нечуткий ","negative"
"нечутко ","negative"
"нечуткость ","negative"
"нещадно ","negative"
"нещадный ","negative"
"низкопоклонник ","negative"
"никнуть ","negative"
"никчемный","negative"
"никчемушный","negative"
"ниспровергатель ","negative"
"ничто ","negative"
"ничтожество ","negative"
"ничтожный ","negative"
"ностальгический ","negative"
"ностальгия ","negative"
"нудиться","negative"
"нудно","negative"
"нуждаться ","negative"
"ныть ","negative"
"нытье","negative"
"обвинение ","negative"
"обездоленный ","negative"
"обеспокоенно ","negative"
"обеспокоенный ","negative"
"обида ","negative"
"обидно ","negative"
"обидный ","negative"
"обидчивость ","negative"
"обидчивый ","negative"
"обидчик ","negative"
"обидчица ","negative"
"обиженный ","negative"
"обличитель ","negative"
"обличительница ","negative"
"обломовщина ","negative"
"обособленно ","negative"
"обособленность ","negative"
"обособленный ","negative"
"обременительно ","negative"
"обременительный ","negative"
"обругать ","negative"
"обругиваться ","negative"
"обрыднуть","negative"
"оглоед","negative"
"огорчение ","negative"
"огорченный ","negative"
"огорчительно ","negative"
"огорчительный ","negative"
"одинехонек","negative"
"одинешенек","negative"
"один-одинехонек","negative"
"один-одинешенек","negative"
"одинокий ","negative"
"одиноко ","negative"
"одиночество ","negative"
"одиночка ","negative"
"одиночный ","negative"
"одиозность","negative"
"одиозный","negative"
"ожесточение ","negative"
"ожесточение и ожесточенье ","negative"
"ожесточенность ","negative"
"ожесточенный ","negative"
"озверевший","negative"
"озлобление ","negative"
"озлобленность ","negative"
"озлобленный ","negative"
"оконфуженный ","negative"
"оконфузить","negative"
"омерзение ","negative"
"омерзение и омерзенье ","negative"
"омерзеть","negative"
"омерзительно ","negative"
"омерзительность ","negative"
"омерзительный ","negative"
"омраченный ","negative"
"опасаться ","negative"
"опасение ","negative"
"опаскудеть","negative"
"опасливо","negative"
"опасливость","negative"
"опасный ","negative"
"опечаленно ","negative"
"опечаленный ","negative"
"опостылеть","negative"
"опостынуть","negative"
"опостыть","negative"
"оробелый","negative"
"осатаневший","negative"
"осатанелый","negative"
"освирепевший","negative"
"освирепелый","negative"
"осердить","negative"
"осиротелый ","negative"
"осиротить ","negative"
"оскандалить","negative"
"осквернение ","negative"
"оскверненный ","negative"
"оскорбитель ","negative"
"оскорбительница ","negative"
"оскорбительно ","negative"
"оскорбительность ","negative"
"оскорбительный ","negative"
"оскорбление ","negative"
"оскорбленный ","negative"
"ославиться","negative"
"оставленный ","negative"
"остервеневший ","negative"
"остервенелый ","negative"
"остервенение ","negative"
"остервененный ","negative"
"осторожность ","positive"
"острастка ","negative"
"остыть","positive"
"осудительный ","negative"
"осуждать ","negative"
"осуждение ","negative"
"отвергнутый ","negative"
"отверженец ","negative"
"отверженность ","negative"
"отверженный ","negative"
"отвратительно ","negative"
"отвратительный ","negative"
"отвратно","negative"
"отвращение ","negative"
"оторопь","negative"
"отповедь ","negative"
"отрешенно ","negative"
"отрешенность ","negative"
"отрешенный ","negative"
"отрицательно ","negative"
"отругать ","negative"
"отругиваться ","negative"
"отталкивающий ","negative"
"отчаяние ","negative"
"отчаяние и отчаянье ","negative"
"отчаянно ","positive"
"отчужденно ","negative"
"отчужденность ","negative"
"отчужденный ","negative"
"отчураться ","negative"
"отшепенец","negative"
"отщепенка","negative"
"охаивание","negative"
"охальник","negative"
"охальницкий","negative"
"охальничать","negative"
"охальнический","negative"
"охальный","negative"
"очертенеть","negative"
"очертеть","negative"
"ошеломительный ","positive"
"ошеломление ","positive"
"ошеломленный ","positive"
"ошеломляющий ","negative"
"ошикать ","negative"
"пагуба ","negative"
"пагубно ","negative"
"пагубность ","negative"
"пагубный ","negative"
"падла","negative"
"пакостливый","negative"
"пакостничать","negative"
"пакостно","negative"
"палачество ","negative"
"памятозлобие","negative"
"памятозлобный","negative"
"панибратский ","negative"
"панибратство ","negative"
"паника ","negative"
"паникер ","negative"
"паникерский ","negative"
"паникерство ","negative"
"паникерствовать ","negative"
"паникерша ","negative"
"паниковать ","negative"
"панически ","negative"
"панический ","negative"
"парий","negative"
"паршиво","negative"
"паскудно","negative"
"пассивный ","negative"
"пенять ","negative"
"перебежчик ","negative"
"перебранить ","negative"
"перебранка ","negative"
"перебулгачить","negative"
"переведать","negative"
"перевидать","negative"
"перевозбудиться","negative"
"перевоспалиться","negative"
"переживать ","negative"
"переиспытаться","negative"
"переконфузить","negative"
"переконфузиться","negative"
"перекоры","negative"
"перекоряться","negative"
"перекручиваться","negative"
"перенандражировать","negative"
"перенаяться","negative"
"переметчик","negative"
"перемогаться","negative"
"перемучить","negative"
"перемучиться","negative"
"переполох ","negative"
"переполошный ","negative"
"перепуганный ","negative"
"переругиваться ","negative"
"пересуд ","negative"
"перетревожиться ","negative"
"перетревожиться","negative"
"перетрухнуть","negative"
"перетрястись","negative"
"переутомленный ","negative"
"перечувствовать","negative"
"пессимизм ","negative"
"пессимист ","negative"
"пессимистически ","negative"
"пессимистический ","negative"
"пессимистично ","negative"
"пессимистичность ","negative"
"пессимистичный ","negative"
"пессимистка ","negative"
"печалование","negative"
"печаловаться","positive"
"печально ","negative"
"печальный ","negative"
"печорин ","negative"
"плакальщик ","negative"
"плакать ","negative"
"плакаться ","negative"
"плаксиво ","negative"
"плач ","negative"
"плачевно ","negative"
"плачевность ","negative"
"плачевный ","negative"
"плохо ","negative"
"плохой ","negative"
"побегушки","negative"
"побесить","negative"
"погань","negative"
"погибельность","negative"
"погромный","negative"
"подавленно ","negative"
"подавленность ","negative"
"подавленный ","negative"
"подговорщик","negative"
"поддразнивание ","negative"
"подковырка ","negative"
"подкузьмить","negative"
"подлеть","negative"
"подлец ","negative"
"подлипала","negative"
"подличать ","negative"
"подлый ","negative"
"подлячка","negative"
"подначка","negative"
"подобострастие ","negative"
"подобострастный ","negative"
"подозревать ","negative"
"подозреваться ","negative"
"подозрение ","negative"
"подозрительно ","negative"
"подозрительность ","negative"
"подозрительный ","negative"
"подосадовать ","negative"
"подстрекатель ","negative"
"подстрекательство ","negative"
"подхалим ","negative"
"поехидничать","negative"
"пожалиться","negative"
"пожалобиться","negative"
"позор ","negative"
"позорно ","negative"
"позорный ","negative"
"позорящий ","negative"
"поизмываться","negative"
"показной ","negative"
"покор ","negative"
"покровительственно ","negative"
"покровительственный ","negative"
"покручиниться ","negative"
"полгоря ","negative"
"полуживой ","negative"
"полумертвый ","negative"
"помытариться","negative"
"поносный","negative"
"поношение ","negative"
"поношение","negative"
"понуро ","negative"
"понурость ","negative"
"понурый ","negative"
"попенять","negative"
"поплакать ","negative"
"попомнить","negative"
"попрание","negative"
"попрек ","negative"
"порицание ","negative"
"порицатель ","negative"
"порицательный ","negative"
"порицать ","negative"
"порицающий ","negative"
"порочность ","negative"
"порочный ","positive"
"поруганный ","negative"
"поруха","negative"
"поскучать ","negative"
"посовеститься","negative"
"посрамиться","negative"
"посредственность ","negative"
"посредственный ","negative"
"постращать","negative"
"постыдить","negative"
"постыдно ","negative"
"постыдный ","negative"
"постылый","negative"
"потерянность ","negative"
"потерянный ","negative"
"потосковать","negative"
"потревожиться","negative"
"потрясение ","negative"
"потрясенный ","negative"
"потужить","negative"
"потусторонний ","negative"
"поусомниться","negative"
"похаять","negative"
"пощада ","negative"
"пощадить ","negative"
"пощечина ","negative"
"предатель ","negative"
"предательски ","negative"
"предательский ","negative"
"предательство ","negative"
"предосудительность ","negative"
"предосудительный ","negative"
"предубеждение ","negative"
"предубежденность ","negative"
"предубежденный ","negative"
"презрение ","negative"
"презренный ","negative"
"презрительно ","negative"
"презрительность ","negative"
"презрительный ","negative"
"пренебрежение ","negative"
"пренебрежительно ","negative"
"пренебрежительность ","negative"
"пренебрежительный ","negative"
"придира ","negative"
"придирка ","negative"
"придирки ","negative"
"придирчивость ","positive"
"придирчивый ","positive"
"придуриваться","negative"
"примитивный ","negative"
"приниженно ","negative"
"приниженность ","negative"
"принужденно ","negative"
"принужденность ","negative"
"припомнить","negative"
"прискорбно ","negative"
"прискорбный ","negative"
"приставучий","negative"
"пристыженный ","negative"
"притвора","negative"
"притворность ","negative"
"притворный ","negative"
"притворство ","negative"
"притворствовать ","negative"
"притворщик ","negative"
"притворщица ","negative"
"притворяшка","negative"
"причитать ","negative"
"пробрюзжать ","negative"
"пробурчать ","negative"
"провещать ","negative"
"проворчать ","negative"
"проклятие ","negative"
"проклятущий","negative"
"проклятый ","negative"
"промаячить","negative"
"проныть","negative"
"проплакаться","negative"
"прослезиться ","negative"
"прострация","negative"
"противник ","negative"
"противно ","negative"
"противный ","negative"
"протомить","negative"
"профанация ","negative"
"профанирование ","negative"
"профанировать","negative"
"психастения ","negative"
"психованный","negative"
"пугающий ","negative"
"пугливость ","negative"
"пугливый ","negative"
"пышный ","negative"
"равнодушие ","negative"
"равнодушно ","negative"
"равнодушный ","negative"
"раж","negative"
"развоеваться","negative"
"развыться","negative"
"развязно ","negative"
"развязность ","negative"
"развязный ","negative"
"разгневанно ","negative"
"разгневанный ","negative"
"разгневаться ","negative"
"разгромность","negative"
"разгромный","negative"
"раздерганный","negative"
"раздирательный","negative"
"раздирающий ","negative"
"раздосадованный ","negative"
"раздосадоваться","negative"
"раздражающий ","negative"
"раздражение ","negative"
"раздраженно ","negative"
"раздраженность ","negative"
"раздраженный ","negative"
"раздражительность ","negative"
"раздражительный ","negative"
"раздружить","negative"
"раздружиться","negative"
"раздумывать ","negative"
"разлад ","negative"
"разладица","negative"
"разлучник ","negative"
"разлютоваться","negative"
"размирье","negative"
"размолвка ","negative"
"разносный","negative"
"разнузданность ","negative"
"разнюниться","negative"
"разобиженный","negative"
"разобщенность ","negative"
"разобщенный ","negative"
"разогорчить","negative"
"разогорчиться","negative"
"разойтись","negative"
"разонравиться","negative"
"разочарование ","negative"
"разочарованность ","negative"
"разочарованный ","negative"
"разругать ","negative"
"разругаться ","negative"
"разрушительно","negative"
"разрушительный ","negative"
"разрюмиться","negative"
"разъединение ","negative"
"разъединенность ","negative"
"разъединенный ","negative"
"разъяренно ","negative"
"ранимость ","positive"
"ранимый ","positive"
"распря","negative"
"распсиховаться","negative"
"рассерженный ","negative"
"рассерчать","negative"
"расстроенный ","negative"
"растерянность ","negative"
"растленный ","negative"
"растосковаться","negative"
"растревоженный","negative"
"растревожиться","negative"
"растужиться","negative"
"расхотеть","negative"
"расчесться","negative"
"реветь ","negative"
"ревнивец ","negative"
"ревнивица ","negative"
"ревнивость ","negative"
"ревнивый ","positive"
"ревновать ","positive"
"ревность ","negative"
"робкий ","negative"
"робко ","negative"
"роковой ","negative"
"роптание ","negative"
"роптать ","negative"
"ругань ","negative"
"ругатель ","negative"
"ругательница ","negative"
"ругательский","negative"
"ругня ","negative"
"рыдание ","negative"
"рыдать ","negative"
"садистски ","negative"
"садистский ","negative"
"самобичующий ","negative"
"самодур ","negative"
"самолюбивый ","negative"
"самолюбие ","negative"
"самомнение ","negative"
"самообличение ","negative"
"самоосуждение ","negative"
"самоунижение ","negative"
"самоуничижение ","negative"
"самоуправец","negative"
"сардонический ","negative"
"сатанеть ","negative"
"сатанинский ","negative"
"сатаниться","negative"
"сбычить","negative"
"сбычиться","negative"
"свара","negative"
"сварливый ","negative"
"сволота","negative"
"сволочиться","negative"
"сволочь","negative"
"свысока ","negative"
"связанно ","negative"
"связанность ","negative"
"святотатство ","negative"
"сгоряча ","negative"
"сгрубить ","negative"
"сгрустнуться","negative"
"сердечный","positive"
"сердешный","positive"
"сердито ","negative"
"сердитость ","negative"
"сердитый ","negative"
"сердиться ","negative"
"сердоболие ","positive"
"сердяга","negative"
"серчать ","negative"
"серьезно ","negative"
"серьезность ","negative"
"сетование ","negative"
"сиротливо ","negative"
"сиротливость ","negative"
"сиротливый ","negative"
"сиротский ","negative"
"сиротство ","negative"
"скандалезный","negative"
"скандализировать ","negative"
"скандализироваться","negative"
"скандалист ","negative"
"скандалистка ","negative"
"скандалить ","negative"
"скандальность ","negative"
"скверна","negative"
"сквернавец","negative"
"сквернить ","negative"
"скверно ","negative"
"скверность ","negative"
"скверный ","negative"
"скепсис ","negative"
"скептик ","negative"
"скептицизм ","negative"
"скептически ","negative"
"скептический ","negative"
"скептичность ","negative"
"скептичный ","negative"
"склока ","negative"
"склочнический","negative"
"скованно ","negative"
"сконфуженно ","negative"
"сконфуженность ","negative"
"сконфуженный ","negative"
"скорбеть ","negative"
"скорбно ","negative"
"скорбность ","negative"
"скорбный ","negative"
"скорбь ","negative"
"скорбящий ","negative"
"скрытность ","negative"
"скрытный ","negative"
"скука ","negative"
"скучать ","negative"
"скучающий ","negative"
"скучиться","negative"
"скучно ","negative"
"скучный ","negative"
"славолюбивый","negative"
"сладкоречивый","negative"
"слащавый ","negative"
"слеза ","negative"
"слезливость ","negative"
"слезливый ","positive"
"слезно","negative"
"смелый ","positive"
"смертоносность ","negative"
"смертоносный ","negative"
"смеяться ","positive"
"смиловаться","positive"
"смилостивиться","positive"
"смурной ","negative"
"смурной","negative"
"смурость ","negative"
"смурый","negative"
"смута ","negative"
"смутно ","negative"
"смутьян","negative"
"смущение ","negative"
"смущенно ","negative"
"смущенность ","negative"
"смущенный ","negative"
"смятение ","negative"
"смятенно ","negative"
"смятенность ","negative"
"смятенный ","negative"
"смятенный","negative"
"снулый","negative"
"собачить","negative"
"соболезновать ","positive"
"соболезнующе ","negative"
"соболезнующий ","negative"
"совестить","positive"
"совестливость ","negative"
"совестно ","negative"
"содомить","negative"
"содомиться","negative"
"сожаление ","negative"
"сожалеть ","negative"
"сокрушаться ","negative"
"сокрушение ","negative"
"сокрушенно ","negative"
"сокрушенный ","negative"
"сокрушительность ","negative"
"сокрушительный ","negative"
"солоно","negative"
"сомнение ","negative"
"сомнительно ","negative"
"сомнительность ","negative"
"сомнительный ","negative"
"сором","negative"
"соромный","negative"
"соскучиться ","negative"
"сострадание ","negative"
"сострадательно ","negative"
"сострадательность ","negative"
"сострадательный ","negative"
"сострадать ","negative"
"сострадающий ","negative"
"сочувственно ","positive"
"спесивец","negative"
"спесивиться","negative"
"спесивица","negative"
"спесиво ","negative"
"спесивость ","negative"
"спесивый ","negative"
"спесь ","negative"
"сплин","negative"
"сполох ","negative"
"срамец","negative"
"срамник","negative"
"сробеть","negative"
"ссора ","negative"
"ссориться ","negative"
"стерва","negative"
"стеснение ","negative"
"стесненно ","negative"
"стесненность ","negative"
"стесненный ","negative"
"стеснительный ","positive"
"стон ","negative"
"стосковаться ","negative"
"страдалец ","negative"
"страдалица ","negative"
"страдальческий ","negative"
"страдание ","negative"
"страдательность","negative"
"страдательный ","negative"
"страдать ","negative"
"страдающий ","negative"
"страстотерпец","negative"
"страстотерпица","negative"
"страсть ","positive"
"страх ","negative"
"страховитый","negative"
"страшилище ","negative"
"страшило ","negative"
"страшиться ","negative"
"страшливый","negative"
"страшно ","negative"
"страшный ","negative"
"стращать","negative"
"стремно","negative"
"стрессовый ","negative"
"строить","positive"
"стыд ","negative"
"стыдливо ","negative"
"стыдливость ","negative"
"стыдливый ","negative"
"стыдно ","negative"
"стыдновато","negative"
"стыдноватый","negative"
"стыдоба","negative"
"стыдобище","negative"
"стыдобушка","negative"
"стычка ","negative"
"суета ","negative"
"суетиться ","negative"
"суетливо ","negative"
"суетливость ","negative"
"суетливый ","negative"
"сука","negative"
"сумасшествие ","negative"
"сумасшествовать ","negative"
"суматоха ","negative"
"суматошиться","negative"
"суматошливо","negative"
"суматошливость","negative"
"суматошно","negative"
"суматошность","negative"
"сумятица","negative"
"сурово ","negative"
"суровый ","negative"
"сутолока ","negative"
"сучара","negative"
"схватка ","negative"
"тарарам","negative"
"тартюфизм","negative"
"темпераментность ","negative"
"темпераментный ","positive"
"терзание ","negative"
"терпеть ","negative"
"тиранить ","negative"
"тираничный","negative"
"тиранский ","negative"
"тиранство ","negative"
"тлетворность","negative"
"томительность ","negative"
"томительный ","negative"
"томить ","negative"
"томление ","negative"
"тормошиться","negative"
"тормошливый","negative"
"тоска ","negative"
"тоскливо ","negative"
"тоскливость ","negative"
"тоскливый ","negative"
"тосковать ","negative"
"тощища","negative"
"трагедийный ","negative"
"трагизм ","negative"
"трагикомический ","negative"
"трагический ","negative"
"трагичность ","negative"
"трагичный ","negative"
"траур ","negative"
"трафить","negative"
"тревога ","negative"
"тревожно ","negative"
"тревожность ","negative"
"тревожный ","negative"
"треволнения","negative"
"третировать ","negative"
"трогательность ","positive"
"трогательный ","positive"
"трус ","negative"
"трусить ","negative"
"трусливо ","negative"
"трусливость ","negative"
"трусливый ","negative"
"трусоватость ","negative"
"трусоватый ","negative"
"трусость ","negative"
"тужиться","negative"
"тупосердие","negative"
"тушеваться ","negative"
"тщеславие ","negative"
"тщеславиться ","negative"
"тщеславный ","negative"
"тягомотный","negative"
"тягостно","negative"
"угнетающий ","negative"
"угнетение ","negative"
"угнетенность ","negative"
"угнетенный ","negative"
"угождающий ","negative"
"угрожаемый ","negative"
"угрожать ","negative"
"угрожающе ","negative"
"угрожающий ","negative"
"угроза ","negative"
"угрозительный","negative"
"угрызать","negative"
"угрызаться","negative"
"угрызение ","negative"
"угрюметь ","negative"
"угрюмиться ","negative"
"угрюмо ","negative"
"угрюмость ","negative"
"угрюмый ","negative"
"удручающий ","negative"
"удрученность ","negative"
"удрученный ","negative"
"уединение ","negative"
"уединенность ","negative"
"уединенный ","negative"
"ужас ","negative"
"ужасающий ","negative"
"ужасно ","negative"
"ужасный ","negative"
"ужасть","negative"
"укор ","negative"
"укоризна ","negative"
"укоризненно ","negative"
"укоризненный ","negative"
"укорительно","negative"
"укорительность ","negative"
"укорительный","negative"
"укоряющий ","negative"
"умильный ","positive"
"умоисступление","negative"
"умучить","negative"
"унижение ","negative"
"униженно ","negative"
"униженность ","negative"
"униженный ","negative"
"унизительность ","negative"
"унизительный ","negative"
"уничижаться","negative"
"уничижение","negative"
"уничижительность ","negative"
"унывать ","negative"
"унывно","negative"
"унывный","negative"
"уныло ","negative"
"унылость ","negative"
"унылый ","negative"
"уныние ","negative"
"упаднический ","negative"
"упадничество ","negative"
"упадочник","negative"
"упадочнический ","negative"
"упадочность ","negative"
"упадочный ","negative"
"упрек ","negative"
"устрашающе ","negative"
"устрашающий ","negative"
"устрашение ","negative"
"устрашительный","negative"
"утомительный ","negative"
"участие ","positive"
"уязвленный ","negative"
"фальшивить ","negative"
"фальшиво ","negative"
"фальшивость ","negative"
"фальшивый ","negative"
"фальшь ","negative"
"фамильярничанье ","negative"
"фамильярничать ","negative"
"фамильярность ","negative"
"фамильярный ","negative"
"фанаберия","negative"
"фарисей ","negative"
"фарисейски ","negative"
"фарисейский ","negative"
"фарисейство ","negative"
"фарисействовать","negative"
"ферт","negative"
"форс","negative"
"форсистость ","negative"
"форсистый","negative"
"форсить","positive"
"форсун","negative"
"форсунья","negative"
"фразисто","negative"
"фразистость","negative"
"фразистый","negative"
"фривольность ","negative"
"фривольный ","negative"
"фрондерский ","negative"
"фрондировать ","negative"
"фуфыриться","positive"
"хай","negative"
"халла","negative"
"халда","negative"
"хамить ","negative"
"хамье","negative"
"хандра ","negative"
"хандрить ","negative"
"ханжа ","negative"
"ханжески ","negative"
"ханжеский ","negative"
"ханжество ","negative"
"ханжить","negative"
"хитрость ","negative"
"хладнодушно","negative"
"хладнодушный","negative"
"хладнокровный ","positive"
"хлопотливо ","negative"
"хлопотливость ","negative"
"хлопотливый ","positive"
"хлопотный ","positive"
"хлопоты ","negative"
"хмуриться ","negative"
"хмуро ","negative"
"хмурость ","negative"
"хмурый ","negative"
"хмурь","negative"
"хныкать ","negative"
"ходульность ","negative"
"ходульный ","negative"
"холодность ","negative"
"христопродавец","negative"
"худо","negative"
"хула","negative"
"хуление ","negative"
"хулитель ","negative"
"хулить ","negative"
"цаца","negative"
"цинизм ","negative"
"циник ","negative"
"цинический ","negative"
"цинично ","negative"
"циничность ","negative"
"циничный ","negative"
"чваниться ","negative"
"чванливо ","negative"
"чванливость ","negative"
"чванливый ","negative"
"чванно ","negative"
"чванный ","negative"
"чванство ","negative"
"человеконенавистник ","negative"
"человеконенавистнический ","negative"
"человеконенавистничество ","negative"
"черствить","negative"
"черствость ","negative"
"честолюбец ","negative"
"честолюбивый ","negative"
"честолюбие ","negative"
"чинно ","negative"
"чинность ","negative"
"чувствительность ","positive"
"чувствительный ","positive"
"чудовище ","negative"
"чудовищный ","negative"
"чуждаться ","negative"
"чуждый ","negative"
"чужой","negative"
"чураться","negative"
"шантаж ","negative"
"шантажировать ","negative"
"шантажист ","negative"
"шантажистка ","negative"
"шаркун","negative"
"шебутиться","negative"
"шебутной","negative"
"шельмование ","negative"
"шерстить","negative"
"эгоизм ","positive"
"экзальтация","positive"
"юдофоб ","negative"
"юдофобия ","negative"
"юдофобский ","negative"
"юдофобство ","negative"
"якшаться","negative"
"ярить","negative"
"яриться","negative"
"яростно ","negative"
"яростный ","negative"
"ярость ","negative"
"ярый ","negative"
"поберечься ","negative"
"взбеситься ","negative"
"обеспокоить ","negative"
"побеспокоить ","negative"
"обеспокоиться ","negative"
"оборзеть","negative"
"побрезгать ","negative"
"побрезговать ","negative"
"заважничать ","negative"
"взбудоражить ","negative"
"взбудоражиться ","negative"
"возбудиться ","negative"
"возмутить ","negative"
"возмутиться ","negative"
"взволновать ","negative"
"взволноваться ","negative"
"навредить и повредить ","negative"
"выместить ","negative"
"погнушаться ","negative"
"возгордиться ","negative"
"погрозить ","negative"
"погрозиться ","negative"
"сгубить ","negative"
"донять","negative"
"допечь","negative"
"пожалеть ","negative"
"пожалобиться ","negative"
"пожаловаться ","negative"
"позаботиться ","positive"
"зазнаться ","negative"
"замучиться ","negative"
"замкнуться ","negative"
"заподозрить ","negative"
"запугать ","negative"
"озлеть ","negative"
"обозлить ","negative"
"обозлиться и разозлиться ","negative"
"озлиться ","negative"
"извинить ","negative"
"извиниться ","negative"
"изжить ","negative"
"измучиться ","negative"
"измытарить ","negative"
"измытариться ","negative"
"изнемочь ","negative"
"изнурить ","negative"
"изнуриться ","negative"
"истомить ","negative"
"истомиться ","negative"
"покаяться ","negative"
"кинуться ","negative"
"скомпрометировать ","negative"
"оконфузить ","negative"
"оконфузиться ","negative"
"помиловать ","positive"
"замордовать","negative"
"отомстить и отмстить ","negative"
"замучить ","negative"
"измучить ","negative"
"замытарить","negative"
"измытариться","negative"
"обнаглеть ","negative"
"надоесть ","negative"
"накликать ","negative"
"наскучить ","negative"
"насторожить ","negative"
"насторожиться ","negative"
"настропалить","negative"
"нахмурить ","positive"
"нахмуриться ","negative"
"недооценить ","negative"
"обвинить ","negative"
"обвыкнуть","positive"
"обвыкнуться","negative"
"обескуражить ","negative"
"обесславить ","negative"
"обесчестить ","negative"
"обозвать ","negative"
"обидеть ","negative"
"обидеться ","negative"
"обличить ","negative"
"обмануть ","negative"
"обмереть ","negative"
"обомлеть","positive"
"обособиться ","negative"
"обособить ","negative"
"обременить ","negative"
"огорчить ","negative"
"огорчиться ","negative"
"одурачить ","negative"
"ожесточить ","negative"
"ожесточиться ","negative"
"озаботить ","positive"
"озаботиться ","positive"
"озлобить ","negative"
"озлобиться ","negative"
"опечалить ","negative"
"оплакать ","negative"
"опорочить ","negative"
"осквернить ","negative"
"оскверниться ","negative"
"оскорбить ","negative"
"оскорбиться ","negative"
"ославить","negative"
"остервениться","negative"
"осудить ","negative"
"отвергнуть ","negative"
"отомстить ","negative"
"отступиться ","negative"
"охаять","negative"
"очерствить ","negative"
"перебраниться ","negative"
"опечалиться ","negative"
"побояться ","negative"
"подговорить ","negative"
"подзудить","positive"
"подольститься ","negative"
"подслужиться ","negative"
"подстрекнуть ","negative"
"подуськать","negative"
"подучить","positive"
"опозорить ","negative"
"поостеречься ","negative"
"попрекнуть ","negative"
"потрафить","positive"
"превознестись ","negative"
"предать ","negative"
"пренебречь ","negative"
"придраться ","negative"
"принизить ","negative"
"принизиться ","positive"
"приобвыкнуть ","negative"
"приобвыкнуть","positive"
"пристращать ","negative"
"пристыдить ","negative"
"притвориться ","negative"
"прицыкнуть ","negative"
"проклясть ","negative"
"испугать ","negative"
"испугаться ","negative"
"напугаться ","negative"
"разбранить ","negative"
"раздражить ","negative"
"раздражиться ","negative"
"разлучить ","negative"
"разлучиться ","negative"
"разобидеть. разг. ","negative"
"разочаровать ","negative"
"разочароваться ","negative"
"разуверить ","negative"
"разувериться ","negative"
"разъярить ","negative"
"разъяриться ","negative"
"разыграть","negative"
"раскаяться ","negative"
"раскритиковать ","negative"
"распечь ","negative"
"расплатиться","negative"
"расстроить ","negative"
"растлить ","negative"
"растлиться ","negative"
"растревожить ","negative"
"расхаять ","negative"
"оробеть ","negative"
"выругать ","negative"
"выругаться ","negative"
"освирепеть ","negative"
"освирепеть и рассвирепеть ","negative"
"сдавить ","negative"
"рассердить ","negative"
"рассердиться ","negative"
"осерчать и рассерчать ","negative"
"смаяться","negative"
"смутить ","negative"
"смутиться ","negative"
"усовеститься","positive"
"соизволить ","negative"
"посомневаться ","negative"
"посочувствовать ","negative"
"спознаться","positive"
"спугнуть ","negative"
"поссорить ","negative"
"поссориться ","negative"
"постесняться ","negative"
"стравиться","negative"
"стушеваться ","negative"
"постыдиться ","negative"
"истерзаться ","negative"
"встревожить ","negative"
"встревожиться ","negative"
"ублажить","positive"
"угнести ","negative"
"удручиться ","negative"
"уединиться ","negative"
"ужаснуть ","negative"
"ужаснуться ","negative"
"укорить ","negative"
"умаяться ","negative"
"унизить ","negative"
"унизиться ","negative"
"упрекнуть ","negative"
"усовестить","negative"
"устрашить ","negative"
"устрашиться ","negative"
"устыдить ","negative"
"утомить ","negative"
"утомиться ","negative"
"ухмыльнуться ","negative"
"уязвить ","negative"
"фыркнуть ","negative"
"отчихвостить","negative"
"ошельмовать","negative"
"борзеть","negative"
"булгачить","negative"
"взбудораживать","negative"
"взбудораживаться","negative"
"возбуждаться","negative"
"возникать","negative"
"возноситься","positive"
"волновать","negative"
"гнушаться","negative"
"гордиться","positive"
"жалеть","positive"
"жалобиться","negative"
"заботиться","positive"
"заподазривать и заподозривать","negative"
"извинять","positive"
"извиняться","positive"
"измучиваться","negative"
"измытаривать","negative"
"измытариваться","negative"
"изнуряться","negative"
"испоганивать","negative"
"истомлять","negative"
"каяться","positive"
"кукситься","negative"
"миловать","positive"
"мытарить","negative"
"мытариться","negative"
"навыкать","negative"
"напускаться","negative"
"настропалять","negative"
"нахмуривать","positive"
"нахмуриваться","negative"
"обвыкать","negative"
"обвыкаться","negative"
"обескураживать","negative"
"обеспокоивать","negative"
"обеспокоиваться","negative"
"обесславливать","negative"
"обомлевать","positive"
"озабочивать","positive"
"озабочиваться","positive"
"опечаливать","negative"
"ославлять","negative"
"остервенять","negative"
"остервеняться","negative"
"отваживать","negative"
"откликаться","positive"
"отомщать","negative"
"очерствлять","negative"
"ошеломлять","positive"
"подзуживать","positive"
"подольщаться","negative"
"подслуживаться","negative"
"подуськивать","negative"
"познавать","positive"
"полошиться","negative"
"помрачаться","negative"
"поостерегаться","negative"
"потрафлять","positive"
"превозноситься","positive"
"предубеждать","negative"
"привыкать","positive"
"принижаться","positive"
"прискучивать","negative"
"пристращивать","negative"
"приунывать","negative"
"прицыкивать","negative"
"прощать","positive"
"разбранивать","negative"
"раздраконивать","negative"
"разобижать","negative"
"разуверять","negative"
"разъярять","negative"
"разъяряться","negative"
"раскаиваться","positive"
"раскритиковывать","negative"
"расплачиваться","negative"
"растлеваться","negative"
"расхаивать","negative"
"свыкаться","negative"
"сживаться","positive"
"смаиваться","negative"
"смущать","negative"
"смущаться","negative"
"совеститься","negative"
"соизволять","negative"
"сомневаться","negative"
"сочувствовать","positive"
"стервенеть","negative"
"стесняться","negative"
"стравливаться","negative"
"стушевываться","negative"
"ублажать","positive"
"угождать","positive"
"удручаться","negative"
"умаивать","negative"
"умаиваться","negative"
"усовещать","negative"
"усовещиваться","negative"
"устыжать","negative"
"устыжаться","negative"
"хаметь","negative"
"чихвостить","negative"
"шельмовать","negative"
"щадить","positive"
"абортивный","negative"
"абракадабра","negative"
"авантюристический","negative"
"авантюрный","negative"
"аварийная защита","negative"
"авиакрушение","negative"
"авианалет","negative"
"авиационный налет","negative"
"аврал","negative"
"авральный","negative"
"автовор","negative"
"автоматная очередь","negative"
"автоматный огонь","negative"
"автомобильная пробка","negative"
"автоподстава","negative"
"авторитет падает","negative"
"авторитет снижается","negative"
"авторитет снизился","negative"
"авторитет упал","negative"
"авторитетом не пользоваться","negative"
"автотрасса перекрыта","negative"
"агент иностранной разведки","negative"
"агитка","negative"
"агонизировать","negative"
"агрессорский","negative"
"ад","negative"
"административная ответственность","negative"
"административное воздействие","negative"
"административное давление","negative"
"административные меры","negative"
"административный барьер","negative"
"адов","negative"
"адовый","negative"
"ажиотаж","negative"
"активная зона","negative"
"алкатель","negative"
"алкоголизация","negative"
"алкоголик","negative"
"алкогольная зависимость","negative"
"алкогольное опьянение","negative"
"алкогольный угроза","negative"
"аллергенный","negative"
"алогизм","negative"
"алогический","negative"
"аморфность","negative"
"аморфный","negative"
"ампутационный","negative"
"ампутированный","negative"
"ангажированность","negative"
"ангинный","negative"
"анемический","negative"
"анемичность","negative"
"анемичный","negative"
"анорексичка","negative"
"антагонизм","negative"
"антагонистка","negative"
"антагонистский","negative"
"антигуманистический","negative"
"антигуманный","negative"
"антизаконный","negative"
"антиконституционность","negative"
"антиконституционный","negative"
"антимонопольный","positive"
"антипатичность","negative"
"антисемит","negative"
"антисемитизм","negative"
"антисемитка","negative"
"антисемитский","negative"
"антисионистский","negative"
"антисоциальный","negative"
"античеловеческий","negative"
"античеловечный","negative"
"антракс","negative"
"антропофагия","negative"
"анус","negative"
"анфолловер","negative"
"анфолловинг","negative"
"анфолловить","negative"
"анфоловить","negative"
"апартеид","negative"
"апатический","negative"
"апоплексический","negative"
"апоплексия","negative"
"артачиться","positive"
"артериосклероз","negative"
"артеросклероз","negative"
"архаический","negative"
"архаичность","negative"
"архаичный","negative"
"атеросклеротический","negative"
"атмосферный выброс","negative"
"аутсайдерский","negative"
"аферистский","negative"
"афтершок","negative"
"афтершоковый","negative"
"ахиллесова пята","negative"
"бабка","negative"
"бабский","negative"
"бабье","negative"
"байка","negative"
"балбеска","negative"
"балласт","negative"
"балованный","positive"
"баловать","positive"
"бандгруппа","negative"
"бандгруппировка","negative"
"бандитствовать","negative"
"бандитствующий","negative"
"бандподполье","negative"
"бандформирование","negative"
"банковская интервенция","negative"
"бардачный","negative"
"барсеточник","negative"
"бархатный","positive"
"барьер","negative"
"басмаческий","negative"
"басмачество","negative"
"басня","negative"
"бахвал","negative"
"бахвалка","negative"
"бахвальский","negative"
"бацилловый","negative"
"башибузук","negative"
"бегство капитала","negative"
"бедственность","negative"
"без зазрения совести","negative"
"без предупреждения","negative"
"без электричества оставаться","negative"
"без электричества остаться","negative"
"безальтернативный","negative"
"безапелляционность","negative"
"безбилетный проезд","negative"
"безвкусность","negative"
"безвременность","negative"
"безвременный","negative"
"бездомничать","negative"
"бездомничество","negative"
"беззастенчивый","negative"
"безликая серость","negative"
"безликий","negative"
"безнадега","negative"
"безнадежность","negative"
"безнадежный","negative"
"безобидный на первый взгляд","negative"
"безработный","negative"
"безраздельное господство","negative"
"безрезультативный","negative"
"безумье","negative"
"белесость","negative"
"белесый","negative"
"белокровие","negative"
"белокровный","negative"
"бесконечный повтор","negative"
"бескультурие","negative"
"бескультурный","negative"
"беспечный","negative"
"беспризорнический","negative"
"беспризорный","negative"
"беспризорщина","negative"
"беспутница","negative"
"беспутнический","negative"
"беспутность","negative"
"беспутство","negative"
"бессчетный","negative"
"бесцветность","negative"
"бесцветный","negative"
"бесчисленность","negative"
"бесчисленный","negative"
"биотоксин","negative"
"бирюлька","negative"
"бирючий","negative"
"битком","negative"
"бить баклуши","negative"
"бить по нервам","negative"
"бить по основам","negative"
"бич общества","negative"
"бичиха","negative"
"блабла","negative"
"благим матом","negative"
"благоверный","positive"
"блажь","positive"
"блатарка","negative"
"блатарь","negative"
"блатной","negative"
"блевание","negative"
"блевануть","negative"
"блевать","negative"
"блеклый","negative"
"блекнуть","negative"
"блефовый","negative"
"блюдолиз","negative"
"богатей","negative"
"богатенький","negative"
"богач","negative"
"богачка","negative"
"богохульничанье","negative"
"богохульственный","negative"
"бодряцкий","positive"
"бодряческий","positive"
"боевое искусство","negative"
"божеее","negative"
"божечка","negative"
"бойкий","positive"
"бойкость","positive"
"бойкотирование","negative"
"больной","negative"
"большая натяжка","negative"
"больше не пойду","negative"
"больше не приходить","negative"
"больше ни ногой","negative"
"большое но","negative"
"большой взрыв","negative"
"большой вопрос","negative"
"большой облом","negative"
"бомбануть","negative"
"бомбежка","negative"
"бомбежный","negative"
"бомж","negative"
"бомжевать","negative"
"бомжеский","negative"
"бомжовый","negative"
"бормотать","negative"
"босяк","negative"
"бошка","negative"
"бравада","positive"
"бравировать","negative"
"браконьерствовать","negative"
"брать под стражу","negative"
"бред","negative"
"бредни","negative"
"брехло","negative"
"бродяжий","negative"
"бродячий собака","negative"
"брожение умов","negative"
"бронхитный","negative"
"бросаться деньгами","negative"
"бросаться под поезд","negative"
"броситься под поезд","negative"
"бросовая цена","negative"
"бросовый","negative"
"брюзга","negative"
"брюзжать","negative"
"брякнуть языком","negative"
"будоражить","negative"
"будоражиться","negative"
"бузотерка","negative"
"бузотерский","negative"
"буйная горная река","negative"
"буйная горная речка","negative"
"буйная река","negative"
"буйная речка","negative"
"букашка","negative"
"бульварность","negative"
"бульварный","negative"
"бумаготворчество","negative"
"бумажная душа","negative"
"бумажная душонка","negative"
"бумажная карусель","negative"
"бумажный червь","negative"
"буравить глазами","negative"
"буранный","negative"
"буря","negative"
"бутафория","negative"
"бутафорский","negative"
"буфер","positive"
"буферный","positive"
"бухло","negative"
"бухой","negative"
"бывало и лучше","negative"
"бывать и получше","negative"
"быдло","negative"
"было бы добавить","negative"
"было бы здорово","negative"
"быстро заканчиваться","negative"
"быстротечность","negative"
"быстротечный","negative"
"бытовое насекомое","negative"
"быть в меньшинстве","negative"
"быть задержанным","negative"
"быть лишним","negative"
"бюджет не позволяет","negative"
"бюрократическая карусель","negative"
"бюрократический","negative"
"в воду опущенный","negative"
"в глазах кружится","negative"
"в голове кружится","negative"
"в голове туман","negative"
"в интересах","negative"
"в общей сложности","negative"
"в печенках сидеть","negative"
"в пику","negative"
"в пожарном порядке","negative"
"в последний путь проводить","negative"
"в последний путь провожать","negative"
"в пределах погрешности","negative"
"в противном случае","negative"
"в пылу","negative"
"в спешном порядке","negative"
"в среднем","negative"
"в стельку пьяный","negative"
"в точности","negative"
"в упор не видеть","negative"
"в упор не замечать","negative"
"в честь","negative"
"в чистом виде","negative"
"вакуум власти","negative"
"валандаться","positive"
"валкий","negative"
"валкость","negative"
"валютная интервенция","negative"
"валять дурака","negative"
"валяться","negative"
"вандалистский","negative"
"вандалка","negative"
"вареный","negative"
"ваххабизм","negative"
"ваххабист","negative"
"ваххабистский","negative"
"ваххабит","negative"
"ваххабитка","negative"
"ваще","negative"
"вбить в гугл","negative"
"вбить в поиск","negative"
"вбить в яндекс","negative"
"веб-пиратство","negative"
"ведун","negative"
"ведунья","negative"
"везти","positive"
"Великая отечественная война","negative"
"Великие Луки","negative"
"Великий Новгород","negative"
"великий пост","negative"
"великий риск","negative"
"Великий Устюг","negative"
"великий","positive"
"великодержавие","negative"
"великодержавный","positive"
"величина","positive"
"вендетта","negative"
"вера","positive"
"верноподданический","negative"
"верноподданичество","negative"
"верноподданный","positive"
"верность","positive"
"верный","positive"
"вертопрах","negative"
"Верховная Рада","negative"
"вести интригу","negative"
"весьма средний","negative"
"ветер в голове","negative"
"ветер с порывами","negative"
"ветеран войны","negative"
"ветирование","negative"
"ветировать","negative"
"ветреник","negative"
"ветхозаветность","negative"
"ветхозаветный","negative"
"веха","positive"
"вешать голову","negative"
"вешать нос","negative"
"взбрыкивание","negative"
"взбудоражить","negative"
"взбудоражиться","negative"
"взвинтить тарифы","negative"
"взвинтить цену","negative"
"взвинчивание цен","negative"
"взвинчивать тарифы","negative"
"взвинчивать цены","negative"
"взволнованный","negative"
"взволновать","negative"
"вздернулись цены","negative"
"вздернуть цены","negative"
"вздорожание","negative"
"вздувание цен","negative"
"вздувать цены","negative"
"вздуть цены","negative"
"вздыхать","positive"
"взламывание","negative"
"взлет цен","negative"
"взлет","positive"
"взрыв","negative"
"взрывное устройство","negative"
"взрывной","negative"
"взятие под стражу","negative"
"взятка","negative"
"взяткодательница","negative"
"взятнический","negative"
"взять под стражу","negative"
"взять силой","negative"
"видимость","negative"
"видимый","negative"
"виновник праздника","negative"
"виновник торжества","negative"
"виновный","negative"
"винтик","negative"
"вклад","positive"
"вклиниться","negative"
"вкрадчивость","negative"
"вкрадчивый","negative"
"влазить","positive"
"властный","negative"
"влезание","negative"
"влезать в долг","negative"
"влезать","positive"
"влезть в долг","negative"
"вместо того чтобы","negative"
"внешнее давление","negative"
"внешний","negative"
"внештатная ситуация","negative"
"внутреннее метание","negative"
"внутреннее опустошение","negative"
"внутренняя пустота","negative"
"внушительность","positive"
"внушительный","positive"
"во всей красе","negative"
"водить за нос","negative"
"водотолчение","negative"
"воду лить","negative"
"военная акция","negative"
"военная операция","negative"
"военное время","negative"
"военные действия","negative"
"военный переворот","negative"
"военный период","negative"
"вожжаться","negative"
"возбудимость","negative"
"возбудимый","negative"
"возбудить дело","negative"
"возбудить по статье","negative"
"возбудиться","negative"
"возбуждать дело","negative"
"возбуждение дела","negative"
"возбуждение по статье","negative"
"возбужденность","negative"
"возбужденный","negative"
"возвратно-поступательный","negative"
"возвышенное место","negative"
"возвышенность","positive"
"воздушный удар","negative"
"возрастают тарифы","negative"
"возрастают цены","negative"
"возрастные изменения","negative"
"возродиться","positive"
"возрождаться","positive"
"возросли тарифы","negative"
"возросли цены","negative"
"воинствующий","negative"
"войсковая операция","negative"
"вокруг пальца обвести","negative"
"волнение","negative"
"волнения","negative"
"волокита","positive"
"волокитчик","negative"
"волокитчица","negative"
"волынить","negative"
"волынка","negative"
"волынщик","negative"
"волынщица","negative"
"вольность","positive"
"вольный","positive"
"волюнтаризм","negative"
"волюнтаристический","negative"
"волюнтаристский","negative"
"воображать","negative"
"вооруженная группировка","negative"
"вооруженное нападение","negative"
"вооруженный налет","negative"
"вооруженный переворот","negative"
"вооруженный сторонник","negative"
"вопрос безопасности","negative"
"вопрос вызывать","negative"
"ворона","negative"
"воротить с души","negative"
"ворье","negative"
"воскресать","positive"
"воскреснуть","positive"
"воспаленность","negative"
"воспаленный","negative"
"воспрепятствование","negative"
"восстать","negative"
"враль","negative"
"вранье","negative"
"вредительница","negative"
"время потерять","negative"
"врожденный порок","negative"
"врубаться","positive"
"врубиться","positive"
"врядли","negative"
"все запустить","negative"
"вседозволенный","negative"
"всеисцеляющий","negative"
"всколыхивать","negative"
"всколыхнуть","negative"
"вслепую","negative"
"вспышка","negative"
"вставить палки в колеса","negative"
"вставлять палки в колеса","negative"
"встать в позу","negative"
"встревание","negative"
"встревоженный","negative"
"встрянуть","negative"
"встряхиваться","positive"
"встряхнуться","positive"
"втаптывать в грязь","negative"
"втоптать в грязь","negative"
"Вторая мировая война","negative"
"второй сорт","negative"
"второстепенность","negative"
"второстепенный","negative"
"втрескаться","positive"
"втрескиваться","negative"
"втюриваться","negative"
"втюриться","positive"
"вулканическая активность","negative"
"вулканическая деятельность","negative"
"вулканический процесс","negative"
"вчерашний","negative"
"выбесить","negative"
"выбешивать","negative"
"выбиться из сил","negative"
"выбрасывать в атмосферу","negative"
"выбрасывать на ветер","negative"
"выброс в атмосферный воздух","negative"
"выброс в атмосферу","negative"
"выброс парниковых газов","negative"
"выброс промышленных предприятий","negative"
"выброс углекислого газа","negative"
"выбросить на ветер","negative"
"вывеска","negative"
"вывести из строя","negative"
"вывести на чистую воду","negative"
"вывод активов","negative"
"вывод из строя","negative"
"вывод капитала","negative"
"выводить из строя","negative"
"выводиться из строя","negative"
"вывоз капитала","negative"
"вывозиться","negative"
"выволочка","negative"
"выговаривание","negative"
"выговаривать","positive"
"выдавать желаемое за действительное","negative"
"выдать желаемое за действительное","negative"
"выделывать","negative"
"выдержка","positive"
"выдумка","negative"
"вызвать вопросы","negative"
"вызвать серьезные вопросы","negative"
"вызвать смех","negative"
"вызубривание","negative"
"вызубривать","negative"
"вызубрить","negative"
"вызывать вопросы","negative"
"вызывать серьезные вопросы","negative"
"вызывать смех","negative"
"вызывать только жалость","negative"
"выйти из берегов","negative"
"выйти из себя","negative"
"выйти из строя","negative"
"выкаблучиваться","negative"
"выкамаривать","negative"
"выкинуть","negative"
"выклянчивание","negative"
"выкрадывание","negative"
"вылететь в трубу","negative"
"выматывание","negative"
"вымысел","negative"
"вынести мусор из избы","negative"
"выносить мусор из избы","negative"
"выпадение волос","negative"
"выпендреж","negative"
"выпендрежничать","negative"
"выпендривание","negative"
"выпендриться","negative"
"выпивоха","negative"
"выправить","positive"
"выправлять","positive"
"выпяливать глаза","negative"
"выпялить глаза","negative"
"выражать удивление","negative"
"выразить удивление","negative"
"вырасти в цене","negative"
"выросла цена","negative"
"выросли тарифы","negative"
"выросли цены","negative"
"высасывать из пальца","negative"
"высокая температура тела","negative"
"высокие цены","negative"
"высокое кровяное давление","negative"
"высокопарность","negative"
"высокотоксичный","negative"
"высосать из пальца","negative"
"выступать с критикой","negative"
"выступить с критикой","negative"
"выташнивать","negative"
"выход из берегов","negative"
"выход из строя","negative"
"выходить из берегов","negative"
"выходить из строя","negative"
"вышедший из моды","negative"
"вышел облом","negative"
"вяловатость","negative"
"вяловатый","negative"
"гавно","negative"
"гадливый","negative"
"гадостность","negative"
"газетная утка","negative"
"газовая атака","negative"
"газы в кишечнике","negative"
"гайморитный","negative"
"галиматья","negative"
"галимый","negative"
"гамно","negative"
"гангстерша","negative"
"гандон","negative"
"гармония","positive"
"гастрит","negative"
"гастритный","negative"
"гастрический","negative"
"гваздаться","negative"
"геенна огненная","negative"
"гематурия","negative"
"гемблинг","negative"
"геморрагический","negative"
"геморрагия","negative"
"геноцидный","negative"
"гепатитный","negative"
"гепатопатия","negative"
"герой анекдота","negative"
"герой","positive"
"героиня","positive"
"герпес","negative"
"герпетический","negative"
"гигантский","negative"
"гиперинфляционный","negative"
"гипертермический","negative"
"гипертермия","negative"
"гипертонический","negative"
"гиповитаминоз","negative"
"гитлеризм","negative"
"гламур","negative"
"гламурный","negative"
"глаукомный","negative"
"глобальное потепление","negative"
"глубина","positive"
"глубинка","negative"
"глубокая ночь","negative"
"глубокий","positive"
"глухой","negative"
"глючить","negative"
"глючный","negative"
"гнет","negative"
"гнида","negative"
"гнойниковый","negative"
"гнус","negative"
"говнарь","negative"
"говнища","negative"
"говно","negative"
"говорильня","negative"
"говорить себе под нос","negative"
"голова кружится","negative"
"голова помутилась","negative"
"голова трещит","negative"
"головастость","positive"
"головастый","positive"
"головокружительный","positive"
"головотяпство","negative"
"голодность","negative"
"голодомор","negative"
"гололед","negative"
"гололедичный","negative"
"гололедный","negative"
"голословность","negative"
"голошение","negative"
"голытьба","negative"
"голь перекатная","negative"
"голь","negative"
"гомосек","negative"
"гомофобский","negative"
"гонитель","negative"
"гонительница","negative"
"гонка вооружений","negative"
"гонор","negative"
"гопник","negative"
"гордость","positive"
"горести","negative"
"горестность","negative"
"гори все огнем","negative"
"гори все синим пламенем","negative"
"горлан","negative"
"горлодер","negative"
"горлопан","negative"
"горлопанка","negative"
"горлохват","negative"
"Город без наркотиков","negative"
"горчинка","negative"
"горькость","negative"
"горячий","positive"
"госизменник","negative"
"госпади","negative"
"господи","negative"
"государственная безопасность","negative"
"государственный интерес","negative"
"государственный переворот","negative"
"грабануть","negative"
"грабеж","negative"
"грабиловка","negative"
"гравитационный рывок","negative"
"градобитие","negative"
"градобойный","negative"
"гражданская ответственность","negative"
"гребанный","negative"
"гребаный","negative"
"гребать","negative"
"грипповать","negative"
"гриппозный","negative"
"громадность","negative"
"громадный","negative"
"грубая аналогия","negative"
"грудная жаба","negative"
"груз","negative"
"Грузинская мечта","negative"
"группа интересов","negative"
"грустьпечаль","negative"
"грыжевой","negative"
"грыжевый","negative"
"губошлеп","negative"
"гугл в помощь","negative"
"гэмблинг","negative"
"гяур","negative"
"гяурский","negative"
"давать в лапу","negative"
"давать взятку","negative"
"давать вышку","negative"
"давать на лапу","negative"
"далекий от совершенство","negative"
"далекий","negative"
"далекость","negative"
"дальше декларации","negative"
"даром","positive"
"дать в лапу","negative"
"дать взятку","negative"
"дать вышку","negative"
"дать маху","negative"
"дать на лапу","negative"
"дача взятку","negative"
"двоевластный","negative"
"двоедушие","negative"
"двоемыслие","negative"
"двойное налогообложение","negative"
"двойное толкование","negative"
"двойной стандарт","negative"
"двойственность","negative"
"двойственный","negative"
"двоякий","negative"
"двуликость","negative"
"двумыслие","negative"
"двурушник","negative"
"двурушница","negative"
"двурушничать","negative"
"двурушнический","negative"
"двурушничество","negative"
"двусмысленность","negative"
"двусмысленный","negative"
"дебил","negative"
"дебилка","negative"
"дебильный","negative"
"дебоширка","negative"
"дебоширский","negative"
"девальвационный","negative"
"девальвация","negative"
"девальвирование","negative"
"девальвировать","negative"
"девальвироваться","negative"
"дегенерационный","negative"
"дедовский","negative"
"дежавю","negative"
"деза","negative"
"дезинформирование","negative"
"дезорганизатор","negative"
"дезорганизаторский","negative"
"дезорганизаторство","negative"
"дезорганизация","negative"
"действовать на нервы","negative"
"декларативность","negative"
"декларативный характер","negative"
"декларативный","negative"
"деланность","negative"
"деланный","negative"
"деликатность","positive"
"деликатный","positive"
"деликт","negative"
"дело возбуждено","negative"
"дело нечисто","negative"
"дело по статье","negative"
"дело серьезное","negative"
"деловой","positive"
"демагогический","negative"
"демагогичность","negative"
"демагогичный","negative"
"демагогствовать","negative"
"деменция","negative"
"демонизация","negative"
"демонизировать","negative"
"деморализация","negative"
"демпинг","negative"
"демпинговать","negative"
"демпинговый","negative"
"денежная интервенция","negative"
"денежная пирамида","negative"
"денежный мешок","negative"
"денежный туз","negative"
"денежный","positive"
"День защитника Отечества","negative"
"деньги в никуда","negative"
"деньги в труба","negative"
"деньги на ветер","negative"
"деньги не пахнут","negative"
"деньги отмываются","negative"
"деньги пропали","negative"
"деньги снялись","negative"
"деньги списали","negative"
"депопуляционный","negative"
"депопуляция","negative"
"депортирование","negative"
"депортировать","negative"
"депрессивность","negative"
"депрессионный","negative"
"депрессовать","negative"
"державный","positive"
"держать под колпаком","negative"
"дерматоз","negative"
"дерьмище","negative"
"дерьмо","negative"
"дерьмовый","negative"
"десинхрония","negative"
"деспотичность","negative"
"дестабилизационный","negative"
"дестабилизировать","negative"
"дестабилизироваться","negative"
"дестабильность","negative"
"дестабильный","negative"
"детальный","positive"
"дефляционный","negative"
"дефляция","negative"
"дефолтный","negative"
"деформированность","negative"
"дешевенький","negative"
"дешевка","negative"
"дешевый","positive"
"джетлаг","negative"
"джихадист","negative"
"дибил","negative"
"дибильный","negative"
"диверсантский","negative"
"дизентерийный","negative"
"диковинный","positive"
"дилетантизм","negative"
"дипломатический","positive"
"дипломатия","positive"
"дипрессия","negative"
"директивность","negative"
"директивный","negative"
"дисбалансовый","negative"
"дисквалификационный","negative"
"дисквалифицироваться","negative"
"дискомфортный","negative"
"дискредитирование","negative"
"диспепсия","negative"
"диссидентство","negative"
"диссидентствовать","negative"
"дистония","negative"
"дистрофичный","negative"
"дисфункциональный","negative"
"дисциплинарная мера","negative"
"дисциплинарное воздействие","negative"
"дифтерит","negative"
"дифтеритный","negative"
"дифтерический","negative"
"дифтерия","negative"
"дифференциация по сложности","negative"
"дичь","negative"
"длиннота","negative"
"для галочки","negative"
"днем с огнем не сыскать","negative"
"до посинения","negative"
"до сих пор не мочь","negative"
"добро пожаловать","negative"
"добровольный уход из жизни","negative"
"доброе время суток","negative"
"доброе утро","negative"
"добрый вечер","negative"
"добрый день","negative"
"доверие падает","negative"
"доверие упало","negative"
"довести до слез","negative"
"доводить до слез","negative"
"догматично верующий","negative"
"договорный матч","negative"
"договорняк","negative"
"дождь льет","negative"
"доза ионизирующего излучения","negative"
"доза радиации","negative"
"доза радиоактивного излучения","negative"
"докуриваться","negative"
"долбануться","negative"
"долбаный","negative"
"долго разбираться","negative"
"домашнее насекомое","negative"
"доморощенность","negative"
"доморощенный","negative"
"домушница","negative"
"донжуан","negative"
"доносительский","negative"
"доносчицкий","negative"
"допинговый","negative"
"дорогой","positive"
"дорогущий","negative"
"дорожание","negative"
"дорожная пробка","negative"
"досрочное освобождение","negative"
"доставать","positive"
"достать","positive"
"достигать","positive"
"достигнуть","positive"
"достижение","positive"
"достичь","positive"
"достоинство","positive"
"доступный лишь","negative"
"досужий","negative"
"дохлячка","negative"
"дошлый","negative"
"драматизация ситуации","negative"
"драматизировать ситуацию","negative"
"драматичность","negative"
"дрожание","negative"
"дротить","negative"
"дрочить","negative"
"друг в друга","negative"
"друг друга","negative"
"друг за друга","negative"
"друг к другу","negative"
"друг на друга","negative"
"друг о друге","negative"
"друг от друга","negative"
"друг относительно друга","negative"
"друг про друга","negative"
"друг с другом","negative"
"друг сквозь друга","negative"
"друг","positive"
"дружок","positive"
"дрязги","negative"
"дубина стоеросовая","negative"
"дублирование функций","negative"
"дуболом","negative"
"дура","negative"
"дурачье","negative"
"дуреха","negative"
"дурь в голове","negative"
"дурья голова","negative"
"дутый","negative"
"духовное управление","negative"
"духовный лидер","negative"
"душа в пятки ушла","negative"
"душа не на месте","negative"
"душевная пустота","negative"
"душевная тяжесть","negative"
"душевный","positive"
"душещипательность","negative"
"душещипательный","positive"
"душу воротит","negative"
"дыра","negative"
"дышать на ладан","negative"
"дюжинный","negative"
"егозить","negative"
"егозливый","negative"
"едет крыша","negative"
"единственное достоинство","negative"
"единственный плюс","negative"
"елейность","negative"
"елейный","negative"
"ерничанье","negative"
"ерничать","negative"
"ернический","negative"
"ерничество","negative"
"если бы не было так грустно","negative"
"если верить","negative"
"естественность","positive"
"естественный","positive"
"есть гораздо лучше","negative"
"есть и получше","negative"
"есть к чему придраться","negative"
"есть одно но","negative"
"есть пожелание","negative"
"жаждать","negative"
"жалеть о прошедшем","negative"
"жалеть о прошлом","negative"
"жалостность","positive"
"жалость","negative"
"жара","negative"
"жар-птица","positive"
"жарынь","negative"
"ждать исправления","negative"
"жевать жвачку","negative"
"железный занавес","negative"
"железный","positive"
"желтизна","negative"
"желторотость","negative"
"желтушность","negative"
"желчный","negative"
"женщина легкого поведения","negative"
"жесткий","negative"
"жесткосердие","negative"
"жесткосердный","negative"
"жесткосердый","negative"
"жесткость","negative"
"живая сила","negative"
"живодерка","negative"
"живодерский","negative"
"живой журнал","negative"
"живописный","positive"
"живые деньги","negative"
"жидкий стул","negative"
"жизненное испытание","negative"
"жизненный удар","negative"
"жизненный","positive"
"жизньболь","negative"
"жирная точка","negative"
"жопка","negative"
"жопонька","negative"
"жупел","negative"
"журить","negative"
"жучить","negative"
"за бортом оставаться","negative"
"за бортом остаться","negative"
"за гроши","negative"
"за и против","negative"
"за сущие гроши","negative"
"за что деньги","negative"
"заангажированный","negative"
"заартачиться","positive"
"забанить","negative"
"забормотать","negative"
"заботить","positive"
"забулдыга","negative"
"забытье","negative"
"завальный","negative"
"заведение дела","negative"
"заведомый","negative"
"завести дело","negative"
"заветировать","negative"
"завидки берут","negative"
"завидно","negative"
"завиральный","negative"
"завираться","negative"
"завистнический","negative"
"заволынить","negative"
"завысить цену","negative"
"завышать цену","negative"
"завышенность","negative"
"завышенный","negative"
"загваздать","negative"
"загваздаться","negative"
"загрязненность","negative"
"задворки","negative"
"задевать самолюбие","negative"
"задеть самолюбие","negative"
"задирать цену","negative"
"задним числом","negative"
"задолбать","negative"
"задрать нос","negative"
"задрать цену","negative"
"задрачивать","negative"
"задрот","negative"
"задротить","negative"
"заезженность","negative"
"заезженный","negative"
"заезживать","negative"
"заесть","negative"
"зазвездиться","negative"
"зазевываться","negative"
"зазубривание","negative"
"зазубривать","negative"
"зазубрить","negative"
"заигрывание","negative"
"заигрывать","positive"
"заинтересованная сторона","negative"
"заискивание","negative"
"зайти слишком далеко","negative"
"закабаление","negative"
"закабалить","negative"
"закабалять","negative"
"закатить концерт","negative"
"закладывать за воротник","negative"
"заключение","negative"
"заклятый","negative"
"закомплексованный","negative"
"закомплексовать","negative"
"закон не писан","negative"
"закономерность","positive"
"закономерный","positive"
"закончить за упокой","negative"
"закончиться пшиком","negative"
"закоперщик","negative"
"закоперщица","negative"
"закоперщицкий","negative"
"закоренелость","negative"
"закоренелый","negative"
"закоротить","negative"
"закоснелость","negative"
"закоснелый","negative"
"закостенение","negative"
"закрутить все гайки","negative"
"закрутить гайки","negative"
"закручивание всех гаей","negative"
"закручивание гаек","negative"
"закручивать все гайки","negative"
"закручивать гайки","negative"
"закрытие границы","negative"
"закрытие школы","negative"
"закрытый перелом","negative"
"закулисный","negative"
"закупорка кровеносного сосуда","negative"
"закупорка сосуда","negative"
"залезать в долги","negative"
"залезть в долги","negative"
"заливать кровью","negative"
"залипнуть","negative"
"залить кровью","negative"
"залихорадить","negative"
"заложить за воротник","negative"
"заляпаный","negative"
"заматерелость","negative"
"заматерелый","negative"
"замерзнуть","negative"
"замести следы","negative"
"заметать следы","negative"
"заметаться","negative"
"замкнутый","negative"
"замкнуться в себе","negative"
"замминистра экономического развития","negative"
"замор","negative"
"заморачивать","negative"
"замутить","negative"
"замутнение","negative"
"замыкание в проводах","negative"
"замыкание в проводке","negative"
"замыкание проводки","negative"
"замыкание электропроводки","negative"
"замыкаться в себе","negative"
"занедужить","negative"
"занесение снегом","negative"
"занести при движении","negative"
"занести снегом","negative"
"заносить при движении","negative"
"заносить снегом","negative"
"заношенный","negative"
"занудливость","negative"
"заоблачная цена","negative"
"запал","negative"
"запальный","negative"
"запальчивость","negative"
"запар","negative"
"запилить","negative"
"запить горькую","negative"
"заплевывать","negative"
"заполитизировать","negative"
"запор кишечника","negative"
"запуганный","negative"
"запудрить мозги","negative"
"запущенный","negative"
"заразный","negative"
"зариться","positive"
"засилье","negative"
"засирать","negative"
"засранец","negative"
"засрать","negative"
"застенчивость","negative"
"застенчивый","negative"
"застывать","negative"
"застынуть","negative"
"застыть","negative"
"засуживание","negative"
"затасканный","negative"
"затерроризировать","negative"
"затерянный город","negative"
"затмение мозга","negative"
"затмение сознания","negative"
"затмение","negative"
"заторможенный","negative"
"затормозить","negative"
"заторный","negative"
"затрагивание","negative"
"затрагивать","negative"
"затронуть","negative"
"затяжка","negative"
"затянуть","negative"
"заунывность","negative"
"захваливать","positive"
"захвалить","positive"
"захват власти","negative"
"захват компании","negative"
"захват морского судна","negative"
"захват организации","negative"
"захват предприятия","negative"
"захват фирмы","negative"
"захватить компанию","negative"
"захватить предприятие","negative"
"захилеть","negative"
"захлебывание","negative"
"захлебываться","negative"
"захоранивать","negative"
"зацепить за живое","positive"
"зацепить","negative"
"заштатный","negative"
"зашумленность","negative"
"защита диссертации","negative"
"защитить диссертацию","negative"
"защитник","positive"
"защитница","positive"
"защищать диссертацию","negative"
"зверь","negative"
"зверье","negative"
"звизда","negative"
"здоровенный","negative"
"здоровский","positive"
"здоровый","positive"
"зевать","negative"
"зевнуть","negative"
"зевок","negative"
"зеленый змий","negative"
"зеленый","negative"
"зло","negative"
"злобствованье","negative"
"злодеянье","negative"
"злокозненность","negative"
"злополучность","negative"
"злопыхательница","negative"
"злопыхательный","negative"
"злопыхательствовать","negative"
"злосчастность","negative"
"значительная часть","negative"
"зомбировать","negative"
"зрелищный","positive"
"зрелость","positive"
"зрелый возраст","negative"
"зрелый","positive"
"зря","negative"
"зряшный","negative"
"зубоскал","negative"
"зубоскалка","negative"
"зубоскальский","negative"
"зубрежка","negative"
"зубрить","negative"
"зудить","negative"
"игнореть","negative"
"игнорить","negative"
"игра на публику","negative"
"играть на нервах","negative"
"играть на публику","negative"
"игрушечный","negative"
"игрушка в руках","negative"
"игрушка в чужих руках","negative"
"игрушка","positive"
"идеализация","negative"
"идеализирование","negative"
"идеализировать","negative"
"идеализм","negative"
"идея не нова","negative"
"идиллия","positive"
"идиотка","negative"
"идол","positive"
"идти на панель","negative"
"идти по головам","negative"
"идти поверх голов","negative"
"идти под откос","negative"
"идти под суд","negative"
"иезуитский","negative"
"иезуитство","negative"
"иждивенец","negative"
"иждивенство","negative"
"иждивенческий","negative"
"иждивенчество","negative"
"из пальца высасывать","negative"
"из пальца высосать","negative"
"из рук вон","negative"
"избалованный","negative"
"избитая истина","negative"
"избитый","negative"
"избыток","negative"
"изверг","negative"
"извериваться","positive"
"извериться","negative"
"извести","negative"
"изветшалость","negative"
"извод","negative"
"извращенка","negative"
"извращенный","negative"
"издеватель","negative"
"издевательница","negative"
"издержки","negative"
"излишек","negative"
"излияние крови","negative"
"изменило чувство меры","negative"
"изменить","negative"
"изменять","negative"
"изможденный","negative"
"измочаливать","negative"
"измочалить","negative"
"измызгать","negative"
"измызгивать","negative"
"измышление","negative"
"изнасилование","negative"
"изнасиловать","negative"
"изнеможенность","negative"
"изнеможенный","negative"
"изношенный","negative"
"изнуренность","negative"
"изнуренный","negative"
"изобиловать","positive"
"изувер","negative"
"изуверка","negative"
"изуверский","negative"
"изуверство","negative"
"изуверствовать","negative"
"изюминка","positive"
"иллюзия","negative"
"иллюзорность","negative"
"иллюзорный","negative"
"иммунодефицитный","negative"
"иммунопатологический","negative"
"имперский","negative"
"инакомыслие","negative"
"инвазионный","negative"
"инвазия","negative"
"инертность","negative"
"инертный","negative"
"инородец","negative"
"инородность","negative"
"иностранное вмешательство","negative"
"иностранный агент","negative"
"иностранный разведчик","negative"
"инстинкт","positive"
"институт проблем","negative"
"инсультный","negative"
"инсургент","negative"
"интегральный","positive"
"интенсивность","positive"
"интенсивный","positive"
"интервент","negative"
"интервентский","negative"
"интервенция","negative"
"интерес","positive"
"интересоваться","positive"
"интрига","negative"
"интриговать","positive"
"инфарктник","negative"
"инфлюэнца","negative"
"инфляционный","negative"
"информационная безопасность","negative"
"инцест","negative"
"искать логику","negative"
"исключительность","positive"
"исключительный","positive"
"искорежить","negative"
"искусственность","negative"
"искусственный интеллект","negative"
"искусственный","negative"
"искусывать","negative"
"искушать судьбу","negative"
"исламизация","negative"
"исламизировать","negative"
"исламизм","negative"
"исламист","negative"
"исламистский","negative"
"исполинский","negative"
"исполнительная ветвь","negative"
"исполнительная власть","negative"
"исполнительный директор","negative"
"исполнительный менеджер","negative"
"исполнительный орган","negative"
"исполнительный","positive"
"испытание","negative"
"испытания в жизни","negative"
"испытать судьбу","negative"
"испытывать комплекс","negative"
"испытывать судьбу","negative"
"иссушивание","negative"
"истерить","negative"
"истинная причина","negative"
"истинное намерение","negative"
"истинный мотив","negative"
"истирание","negative"
"истирать","negative"
"истрепать нервы","negative"
"истый","negative"
"истязательница","negative"
"истязательский","negative"
"ишемический","negative"
"ишемия","negative"
"к черту","negative"
"кабала","negative"
"кабальность","negative"
"кабальный","negative"
"казаться лишним","negative"
"каземат","negative"
"казенность","negative"
"казенный","negative"
"казенщина","negative"
"казнокрадка","negative"
"кайф","positive"
"как бочка","negative"
"как в воду кануть","negative"
"как вам не стыдно","negative"
"как карточный домик","negative"
"как корова языком слизнула","negative"
"как кость в горле","negative"
"как мертвому припарка","negative"
"как ни в чем не бывало","negative"
"как ни стараться","negative"
"как сквозь землю провалиться","negative"
"как скелет","negative"
"как сонная муха","negative"
"какать","negative"
"какого черта","negative"
"каменное лицо","negative"
"каменность","negative"
"каменный","negative"
"камень на душе","negative"
"камень на сердце","negative"
"камень преткновения","negative"
"кандидат на вылет","negative"
"канителиться","negative"
"канительное дело","negative"
"канительщик","negative"
"канительщица","negative"
"канительщицкий","negative"
"канцелярская крыса","negative"
"канцер","negative"
"канцерный","negative"
"канцерогенность","negative"
"канцерогенный","negative"
"капееец","negative"
"капеец","negative"
"капец","negative"
"карикатура","negative"
"карикатурный","negative"
"кариозный","negative"
"картинность","negative"
"картинный","negative"
"катар","negative"
"катаральный","negative"
"катить бочку","negative"
"катиться под откос","negative"
"каторжный труд","negative"
"качественно иной","negative"
"качественное изменение","negative"
"качественный перелом","negative"
"качественный","positive"
"квасить","negative"
"кибер-атака","negative"
"кибернетическая атака","negative"
"киберсквоттер","negative"
"киберсквоттинг","negative"
"кидануть","negative"
"киллджой","negative"
"киллерский","negative"
"кислость","negative"
"кичиться","negative"
"кичливый","negative"
"классный","positive"
"класть под сукно","negative"
"клеймо на репутации","negative"
"клеймо позора","negative"
"клептократия","negative"
"клептомания","negative"
"клептоманка","negative"
"клинический случай","negative"
"клоун","positive"
"клубок проблем","negative"
"кобениться","negative"
"кожа да кости","negative"
"кожа и кости","negative"
"кожное раздражение","negative"
"козни","negative"
"кокать","negative"
"коктейль молотова","negative"
"колдовать","negative"
"колдовство","negative"
"колейность","negative"
"коленопреклоненный","negative"
"колика","negative"
"колитный","negative"
"коллаборационист","negative"
"колледж искусств","negative"
"коллизионный","negative"
"коллизия","negative"
"колонизация","negative"
"колорадский жук","negative"
"колорит","positive"
"колоритность","positive"
"колоритный","positive"
"колоссальность","negative"
"колоссальный","positive"
"колоть","negative"
"колотье","negative"
"колоться","negative"
"ком в горле","negative"
"ком к горлу","negative"
"кома","negative"
"комик","positive"
"комиссия по безопасности","negative"
"комитет по безопасности","negative"
"комитет по обороне и безопасности","negative"
"комический","positive"
"комичность","positive"
"комичный","positive"
"комковатый","negative"
"комок в горле","negative"
"комок к горлу","negative"
"компетентность","positive"
"компетентный орган","negative"
"компетентный","positive"
"компетенция","positive"
"комплексовать","negative"
"комплиментарность","positive"
"комплиментарный","positive"
"компроматный","negative"
"конец нулевых","negative"
"конкретный случай","negative"
"конокрад","negative"
"конституционный переворот","negative"
"конструктив","positive"
"конструктивный","positive"
"контактная группа","negative"
"контактный","positive"
"контаминант","negative"
"контрафактный","negative"
"контрафакция","negative"
"контрзаговор","negative"
"контрпродуктивность","negative"
"контрреволюционный","negative"
"контрреволюция","negative"
"конфисковывать","negative"
"конфликтующий","negative"
"конформист","negative"
"конформистка","negative"
"конфронтационность","negative"
"конфронтационный","negative"
"конфронтация","negative"
"конченный","negative"
"конъюнктурщик","negative"
"конъюнктурщица","negative"
"копание","negative"
"копаться","negative"
"копеечная плата","negative"
"копун","negative"
"копунья","negative"
"коревой","negative"
"корежить","negative"
"корнать","negative"
"коробить","negative"
"корова","negative"
"коронный","positive"
"короткое замыкание","negative"
"корродирование","negative"
"корродировать","negative"
"корродироваться","negative"
"коррозировать","negative"
"коррозия души","negative"
"коррумпированный","negative"
"коррумпироваться","negative"
"коррупционерский","negative"
"коррупционность","negative"
"коррупционный","negative"
"корча","negative"
"космическая цена","negative"
"космополит","negative"
"космополитизм","negative"
"космополитический","negative"
"космополитичный","negative"
"космополитка","negative"
"косо глядеть","negative"
"косо смотреть","negative"
"костерить","negative"
"костный перелом","negative"
"косяк","negative"
"косячить","negative"
"котел окружения","negative"
"котироваться","positive"
"крайняя степень","negative"
"крамола","negative"
"крамольный","negative"
"красивость","positive"
"красить","positive"
"красная карточка","negative"
"краснеть от стыда","negative"
"краснобайство","negative"
"красного петуха пустить","negative"
"красочность","positive"
"красочный","positive"
"крепкий алкоголь","negative"
"крепкий","positive"
"крепкоголовость","negative"
"крепкоголовый","positive"
"крепколобость","negative"
"крепколобый","positive"
"крепость","positive"
"кретинка","negative"
"кривить душой","negative"
"кривить лицо","negative"
"кривить нос","negative"
"кривить рот","negative"
"кривить сердцем","negative"
"кривить совестью","negative"
"Кривой Рог","negative"
"кривотолки","negative"
"кризисность","negative"
"криминалитет","negative"
"криминогенность","negative"
"криминогенный","negative"
"критиканка","negative"
"критиканский","negative"
"критиканство","negative"
"критиканствовать","negative"
"критически важный","negative"
"кричать во все горло","negative"
"кровоподтек","negative"
"кровопролитнейший","negative"
"кровосмесительный","negative"
"кровь в моче","negative"
"кровь невинных","negative"
"крокодиловы слезы","negative"
"крокодильи слезы","negative"
"крохобор","negative"
"крохоборка","negative"
"круговая порука","negative"
"кружится голова","negative"
"крутой поворот","negative"
"крутой разворот","negative"
"крутой","positive"
"крутость","positive"
"крыса","negative"
"крыть матом","negative"
"крыть","negative"
"крыша едет","negative"
"крыша поехала","negative"
"крючкотвор","negative"
"крючкотворка","negative"
"крючкотворство","negative"
"ксенофоб","negative"
"ксенофобия","negative"
"ксенофобка","negative"
"ксенофобский","negative"
"кукла в чужих руках","negative"
"кукла","negative"
"кулуарность","negative"
"кулуарный","negative"
"культ личности","negative"
"культовый","positive"
"курение","negative"
"кусать локти","negative"
"кусать себе локти","negative"
"кустарный","negative"
"кутузка","negative"
"куча лишнего","negative"
"лабуда","negative"
"лагать","negative"
"лазейка","negative"
"лакей","negative"
"лакомый кусок","negative"
"лакомый кусочек","negative"
"лапша на уши","negative"
"лапша","negative"
"латание дыр","negative"
"латать дыры","negative"
"латентность","negative"
"латентный","negative"
"левый алкоголь","negative"
"легализация доходов","negative"
"легализация проституток","negative"
"легализация проституции","negative"
"легендарный","positive"
"легкий","positive"
"легковесность","negative"
"легковесный","negative"
"легкость","positive"
"леденящий","negative"
"ледяной","negative"
"лежебока","negative"
"лезть в петлю","negative"
"лезть не в свое дело","negative"
"лезть","positive"
"лейкемия","negative"
"лейкоз","negative"
"лейкозный","negative"
"ленивость","negative"
"леность","negative"
"лентяйствовать","negative"
"лень","negative"
"лепта","positive"
"летаргия","negative"
"лечение","positive"
"лжец","negative"
"лидер оппозиции","negative"
"лидер","positive"
"лизоблюд","negative"
"лизоблюдка","negative"
"лизоблюдство","negative"
"липа","negative"
"лирик","positive"
"лить воду на мельницу","negative"
"лить как из ведра","negative"
"лихаческий","negative"
"лихачить","negative"
"лихачка","negative"
"лицемерский","negative"
"лицеприятность","negative"
"лицеприятный","positive"
"лицо без определенного места жительства","negative"
"лишаться сил","negative"
"лишенный смысла","negative"
"лишить права","negative"
"лишиться дара речи","negative"
"лишиться жизни","negative"
"лишиться здоровья","negative"
"лишиться сил","negative"
"лишний вес","negative"
"лишний повод","negative"
"лишний раз","negative"
"лишь марионетка","negative"
"лишь с натяжкой","negative"
"лоботряска","negative"
"ловкаческий","negative"
"ловкачка","positive"
"логика","positive"
"логическая дыра","negative"
"логическая несостыковка","negative"
"логический","positive"
"ЛОЖЬ","negative"
"ломака","negative"
"ломаного гроша не стоит","negative"
"ломанье","negative"
"лопухнуться","negative"
"лохануться","negative"
"лошара","negative"
"лудоман","negative"
"лудомания","negative"
"лупцевать","negative"
"лупцовка","negative"
"лучевая болезнь","negative"
"лучше не стало","negative"
"лыко не вяжет","negative"
"лысина","negative"
"лысый","negative"
"льстица","negative"
"любительство","positive"
"любить","positive"
"любовь к халяве","negative"
"люмбаго","negative"
"лямзить","negative"
"лямка","negative"
"магия","positive"
"мазаться","negative"
"мазафака","negative"
"малейший","negative"
"мало интересного","negative"
"мало информации","negative"
"мало не покажется","negative"
"мало полезного","negative"
"мало того","negative"
"мало хорошего","negative"
"маловажность","negative"
"маловажный","negative"
"маловато","negative"
"малозначимый","negative"
"малозначительный","negative"
"малокомпетентность","negative"
"малообеспеченность","negative"
"малообеспеченный","negative"
"малообоснованность","negative"
"малообщительность","negative"
"малоосмысленность","negative"
"малопригодность","negative"
"малопримечательный","negative"
"малопристойность","negative"
"малопристойный","negative"
"малореалистичный","negative"
"малорезультативный","negative"
"малосимпатичный","negative"
"малость","negative"
"малосущественный","negative"
"маневр","negative"
"манипулятивный","negative"
"мания","positive"
"маразматический","negative"
"марионетка в чужих руках","negative"
"мародер","negative"
"мародерка","negative"
"мародерский","negative"
"мародерство","negative"
"мародерствовать","negative"
"мародерша","negative"
"мастер","positive"
"мастурбация","negative"
"мастурбировать","negative"
"матернуться","negative"
"матерость","negative"
"матерый","negative"
"мат-перемат","negative"
"матюгаться","negative"
"матюгнуться","negative"
"мафиозность","negative"
"мафиозный","negative"
"махровый","negative"
"мегера","negative"
"медвежий угол","negative"
"медвежья услуга","negative"
"медицинская вата","negative"
"медовый","positive"
"меланхолия","negative"
"мелкая рыбешка","negative"
"мелкая сошка","negative"
"мелкий","negative"
"мелкотравчатый","negative"
"мелочиться","negative"
"мелочь","negative"
"мельчайший","negative"
"менингитный","negative"
"менторский","negative"
"мерзнуть","negative"
"мерзостность","negative"
"меркнуть в сравнении","negative"
"меркнуть в тени","negative"
"меркнуть на фоне","negative"
"меркнуть перед","negative"
"местечковость","negative"
"местечковый","negative"
"метание","negative"
"метастаз","negative"
"метастатический","negative"
"метелить","negative"
"меткое выражение","negative"
"механически копировать","negative"
"механическое копирование","negative"
"мешок костей","negative"
"мздоимец","negative"
"мздоимица","negative"
"мздоимство","negative"
"мигреневый","negative"
"мизер","negative"
"микоз","negative"
"министерство безопасности","negative"
"министерство внутренней безопасности","negative"
"министерство экономического развития","negative"
"министр экономический развитие","negative"
"миновать закон","negative"
"минор","negative"
"минус только один","negative"
"минус","negative"
"миньон","negative"
"мираж","negative"
"мириады","negative"
"мирное население","negative"
"мирный","positive"
"мистификаторский","negative"
"мистификаторша","negative"
"миф","negative"
"мифический","negative"
"много мелких","negative"
"много рекламаы","negative"
"многословие","negative"
"многословность","negative"
"многословный","negative"
"многотрудность","negative"
"многотрудный","negative"
"моджахед","negative"
"моджахедский","negative"
"модный","positive"
"мокрое дело","negative"
"молокососка","negative"
"молчаливость","negative"
"молчаливый","negative"
"монополия","negative"
"мор","negative"
"моралистический","negative"
"морально опуститься","negative"
"морально разложить","negative"
"морально разложиться","negative"
"морально устареть","negative"
"моральное падение","negative"
"моральное разложение","negative"
"моральное устаревание","negative"
"море разливанное","negative"
"морфинизм","negative"
"морщинка","negative"
"мот","negative"
"мотать душу","negative"
"мотать нервы","negative"
"мотать срок","negative"
"мотовка","negative"
"мотовской","negative"
"мотовство","negative"
"мощнейший","positive"
"мощное давление","negative"
"мощный","positive"
"мощь","positive"
"мрачнее тучи","negative"
"мудрствование","positive"
"мудрствовать","positive"
"музыкальный","positive"
"мука","negative"
"мура","negative"
"мурашки","negative"
"муторность","negative"
"муть в голове","negative"
"муть в мозгах","negative"
"мухосранск","negative"
"мучительский","negative"
"мхом покрыться","negative"
"мыслишка","negative"
"мышцу свело","negative"
"мягкий знак","negative"
"мягкий","positive"
"мягко говоря","negative"
"мягкость","positive"
"мямля","negative"
"мясистость","negative"
"мясистый","negative"
"мятый","negative"
"на авось","negative"
"на глазок","negative"
"на голубом глазу","negative"
"на коленке","negative"
"на первый взгляд безобидный","negative"
"на повышенных тонах","negative"
"на рожон","negative"
"на скорую руку","negative"
"на фиг надо","negative"
"на фиг не нужен","negative"
"на фиг никому не нужен","negative"
"на фига","negative"
"на штыки","negative"
"набираться","negative"
"набитый","negative"
"набить оскомину","negative"
"наблудить","negative"
"наблюдательный","positive"
"набрать долгов","negative"
"набраться","negative"
"наверстать","positive"
"навет","negative"
"нагоняй","negative"
"награбленный","negative"
"нагрузка","negative"
"надежда не оправдалась","negative"
"надежды не оправдать","negative"
"надо доработать","negative"
"надоедность","negative"
"надраться","negative"
"надсмехаться","negative"
"надувать губы","negative"
"надувать щеки","negative"
"надуваться от важности","negative"
"надуманный","negative"
"надуть губы","negative"
"надуть щеки","negative"
"надуться от важности","negative"
"наемник","negative"
"наемница","negative"
"наемнический","negative"
"наемничество","negative"
"назидательность","negative"
"назидательный","negative"
"наивный","negative"
"наигранный","negative"
"наисложнейший","negative"
"накаление обстановки","negative"
"накаляться","negative"
"накладка","negative"
"накладочка","negative"
"накладывать на себя руки","negative"
"накосячить","negative"
"накрадывать","negative"
"накрасть","negative"
"накуренный","negative"
"накуриться","negative"
"накусывать","negative"
"наледь","negative"
"налет авиации","negative"
"налет бандитов","negative"
"налет грабителей","negative"
"налет","negative"
"налетчик","negative"
"налетчица","negative"
"налитый свинцом","negative"
"наложить на себя руки","negative"
"наломать дров","negative"
"намеренность","negative"
"намеренный","negative"
"намозолить глаза","negative"
"намылить голову","negative"
"намылить шею","negative"
"намять бока","negative"
"наошибаться","negative"
"наперсточник","negative"
"напиться как свинья","negative"
"напраслина","negative"
"напрашивается вывод","negative"
"напряженка","negative"
"напряженная борьба","negative"
"напряженность","negative"
"напряженный","negative"
"напрямик","positive"
"нарик","negative"
"наркоагрессия","negative"
"наркобарон","negative"
"наркобольная","negative"
"наркобольной","negative"
"наркодеятельность","negative"
"наркодурман","negative"
"наркозависимый","negative"
"наркозелье","negative"
"наркоиндустрия","negative"
"наркоинтервенция","negative"
"наркоклан","negative"
"наркокриминал","negative"
"наркокриминальный","negative"
"наркологическая зависимость","negative"
"наркоманизация","negative"
"наркомания","negative"
"наркоманский","negative"
"наркоопасность","negative"
"наркопоток","negative"
"наркопроизводящий","negative"
"наркосбытчик","negative"
"наркосбытчица","negative"
"наркосиндикат","negative"
"наркосклад","negative"
"наркосообщество","negative"
"наркосырье","negative"
"наркота","negative"
"наркотизм","negative"
"наркотик","negative"
"наркотический","negative"
"наркоточка","negative"
"наркотранзит","negative"
"наркотраффик","negative"
"наркоэпидемия","negative"
"наружный","negative"
"нарывный","negative"
"нарядный","positive"
"население голодает","negative"
"насилье","negative"
"насильственно","negative"
"насказать","negative"
"насказывать","negative"
"насмешнический","negative"
"насморочный","negative"
"насрать","negative"
"нассать","negative"
"наставительность","negative"
"наставительный","negative"
"настороженный","negative"
"настоятельность","negative"
"настоятельный","positive"
"настроение не очень","negative"
"настроение то","negative"
"насупленность","negative"
"насупленный","negative"
"натужный","negative"
"натяжка в рассуждениях","negative"
"натяжка","negative"
"натянутый","negative"
"наушничать","negative"
"нафиг","negative"
"нафига","negative"
"нахлобучка","negative"
"нахмуренный","negative"
"нахмурить брови","negative"
"находиться на грани","negative"
"находка","positive"
"нахрен","negative"
"нахрена","negative"
"нацизм","negative"
"национализм","negative"
"националистический","negative"
"национальная безопасность","negative"
"национальный интерес","negative"
"начало нулевых","negative"
"нашкодничать","negative"
"не айс","negative"
"не ахти","negative"
"не блистать","negative"
"не более","negative"
"не больше","negative"
"не было выбора","negative"
"не было другого выбора","negative"
"не было никакого","negative"
"не в пользу","negative"
"не верить","negative"
"не вернуть бабки","negative"
"не вернуть деньги","negative"
"не видеть смысла","negative"
"не внушать","negative"
"не волновать","negative"
"не выдержать сравнения","negative"
"не выдержать","negative"
"не выдерживать никакой критики","negative"
"не выдерживать сравнения","negative"
"не выдерживать","negative"
"не выполнить","negative"
"не выполняться","negative"
"не выполять","negative"
"не вязать лыка","negative"
"не годиться","negative"
"не гуд","negative"
"не густо","negative"
"не дай бог","negative"
"не дать вздохнуть","negative"
"не добиться","negative"
"не доделать","negative"
"не додумать","negative"
"не достаточно","negative"
"не достигать","negative"
"не достигнуть","negative"
"не дотягивать","negative"
"не дотянуть","negative"
"не жаловать","negative"
"не ждать изменений в лучшую сторону","negative"
"не ждать изменений к лучшему","negative"
"не за что награждать","negative"
"не заставил себя долго ждать","negative"
"не захватывать","negative"
"не зацепить","negative"
"не идти на уступки","negative"
"не идти ни в какое сравнение","negative"
"не иметь достаточно времени","negative"
"не иметь шансов","negative"
"не иметь эффекта","negative"
"не исключено","negative"
"не исполнить","negative"
"не исполняться","negative"
"не комильфо","negative"
"не лечится","negative"
"не менее печальный","negative"
"не менее","negative"
"не может быть реализовано","negative"
"не мочь ли","negative"
"не мочь молчать","negative"
"не мочь понять","negative"
"не мочь решить","negative"
"не на шутку","negative"
"не надо","negative"
"не найти ответ","negative"
"не научиться","negative"
"не оборудовать","negative"
"не ожидать","negative"
"не оповестить","negative"
"не оправдаться","negative"
"не осилить","negative"
"не особенно","negative"
"не особо","negative"
"не осознавать","negative"
"не открывать ничего нового","negative"
"не открывать нового","negative"
"не отражать","negative"
"не очень устраивать","negative"
"не очень","negative"
"не очень-то","negative"
"не переваривать","negative"
"не по пути","negative"
"не повезти","negative"
"не поверить","negative"
"не поддержать","negative"
"не позволять","negative"
"не позориться","negative"
"не пойду больше","negative"
"не покупать","negative"
"не получаться","negative"
"не получиться","negative"
"не посоветовать","negative"
"не построить","negative"
"не похожий на других","negative"
"не пошевелить пальцем","negative"
"не пошевельнуть пальцем","negative"
"не предвещать","negative"
"не предупредить","negative"
"не предусмотреть","negative"
"не привнести","negative"
"не приходить больше","negative"
"не произвести","negative"
"не производить","negative"
"не пройти","negative"
"не проникнуться","negative"
"не простительный","negative"
"не просыхать","negative"
"не против","negative"
"не пускать","negative"
"не пустить","negative"
"не работать","negative"
"не раз","negative"
"не располагать","negative"
"не резиновый","negative"
"не рекомендовать","negative"
"не решать задачи","negative"
"не решать проблемы","negative"
"не решить","negative"
"не рыпаться","negative"
"не сварить","negative"
"не связываться","negative"
"не складываются отношения","negative"
"не слишком","negative"
"не сложились отношения","negative"
"не слушать","negative"
"не сметь","negative"
"не смотреться","negative"
"не смочь ли","negative"
"не смочь обеспечить","negative"
"не смочь","negative"
"не соблюдать","negative"
"не соблюдаться","negative"
"не советовать","negative"
"не совсем отражать","negative"
"не согласный","negative"
"не сойтись","negative"
"не соответствовать","negative"
"не спасать","negative"
"не способствовать","negative"
"не срастаться","negative"
"не срастись","negative"
"не стать покупать","negative"
"не стоит потраченных","negative"
"не стоит","negative"
"не стоить гроша ломаного","negative"
"не столь","negative"
"не стоящий","negative"
"не считать избыточным","negative"
"не так давно","negative"
"не так сделать","negative"
"не так-то просто","negative"
"не только","negative"
"не тратить время","negative"
"не тратить нервы","negative"
"не тронуть","negative"
"не убедить","negative"
"не убеждать","negative"
"не увенчаться","negative"
"не удивительно","negative"
"не удивительный","negative"
"не удивить","negative"
"не удосужиться","negative"
"не устраивать","negative"
"не устроить","negative"
"не фонтан","negative"
"не хватать","negative"
"не хватить","negative"
"не хотеть","negative"
"не цеплять","negative"
"не шибко","negative"
"не явиться","negative"
"неадекват","negative"
"неадекватно","negative"
"неадекватный","negative"
"неальтернативный","negative"
"неаргументированный","negative"
"небезвозмездный","negative"
"небезвредный","negative"
"небезупречность","negative"
"небесплатный","negative"
"небеспристрастный","negative"
"небесспорный","negative"
"неблизкий","negative"
"небылица","negative"
"неважность","negative"
"невеселость","negative"
"невеселый","negative"
"невозмутимость","negative"
"невозмутимый","positive"
"неволя","negative"
"невостребованный","negative"
"невралгический","negative"
"неврастеник","negative"
"неврастенический","negative"
"неврастеничка","negative"
"невыплаченная ссуда","negative"
"невыплаченный кредит","negative"
"невыполненный","negative"
"невыясненность","negative"
"невыясненный","negative"
"неглубокий","negative"
"неграмотный","negative"
"негуманный","negative"
"недалекий","negative"
"недалекость","negative"
"недешевый","negative"
"недобровольный","negative"
"недогляд","negative"
"недоделанный","negative"
"недолюбить","negative"
"недопонятый","negative"
"недоработанность","negative"
"недоработанный","negative"
"недострой","negative"
"недостроить","negative"
"недотепа","negative"
"недотепистый","negative"
"недоуменный","positive"
"недоумок","negative"
"недофинансировать","negative"
"недочет","negative"
"недружественный","negative"
"недужный","negative"
"нежаркий","negative"
"нежданчик","negative"
"нежирный","positive"
"нежность","positive"
"нежный","positive"
"незавершенка","negative"
"незавершенность","negative"
"незавершенный","negative"
"незавидность","negative"
"Независимая газета","negative"
"независимый профсоюз","negative"
"незавуалированный","negative"
"незаконно","negative"
"незамысловатость","negative"
"незамысловатый","negative"
"незанятость","negative"
"незанятый","negative"
"незапамятный","positive"
"незаслуженно","negative"
"незатейливость","negative"
"незатейливый","negative"
"неземной","positive"
"незнать","negative"
"незначащий","negative"
"незначимый","negative"
"незначительность","negative"
"незначительный","negative"
"неизбежное следствие","negative"
"неимоверность","negative"
"неимоверный","negative"
"неинтересность","negative"
"неинформированность","negative"
"неискушенность","negative"
"неискушенный","negative"
"неисполненный","negative"
"неисчислимость","negative"
"неисчислимый","negative"
"некачественность","negative"
"неквалифицированность","negative"
"некоммуникабельный","negative"
"неконкурентный","negative"
"некрофил","negative"
"некрофилка","negative"
"нелегально","negative"
"нелегитимный","negative"
"нелегкий","negative"
"нелицензионный","negative"
"нельзя не признать","negative"
"нельзя не учитывать","negative"
"нелюдим","negative"
"немилосердность","negative"
"немногословие","negative"
"немногословность","positive"
"немногословный","positive"
"немолодой","negative"
"немудреный","negative"
"ненаблюдаемая экономика","negative"
"ненавижууу","negative"
"ненадежный","negative"
"ненакрашенный","negative"
"неновый","negative"
"ненормальный","negative"
"ненормативный","negative"
"необыкновенный","positive"
"неодинаковый","negative"
"неоимперский","negative"
"неоказание помощи","negative"
"неоконченность","negative"
"неоконченный","negative"
"неонацизм","negative"
"неонацист","negative"
"неонацистский","negative"
"неоплаченная ссуда","negative"
"неоплаченный кредит","negative"
"неопределенность","negative"
"неопределенный","negative"
"неосведомленность","negative"
"неосведомленный","negative"
"неосуществление","negative"
"неотесанность","negative"
"неотесанный чурбан","negative"
"неотесанный","negative"
"неотзывчивый","negative"
"неотразимость","positive"
"неотразимый","positive"
"неотступность","negative"
"неотступный","negative"
"неотчетливость","negative"
"неотчетливый","negative"
"неофашизм","negative"
"неофашистский","negative"
"неощутимый","negative"
"неперспективность","negative"
"неперспективный","negative"
"непечатность","negative"
"неплатеж","negative"
"непогашенная ссуда","negative"
"непогашенный вексель","negative"
"непогашенный кредит","negative"
"неподатливость","negative"
"неподъемный","negative"
"непокорность","negative"
"неполезный","negative"
"непонимать","negative"
"непонятность","negative"
"непосредственность","positive"
"непосредственный","positive"
"непостижимый","negative"
"непохожесть","negative"
"непохожий","negative"
"непочатый край","negative"
"неправильный глагол","negative"
"непредсказуемость","negative"
"непредсказуемый","negative"
"неприкрытость","negative"
"непримечательный","negative"
"непринципиальный","negative"
"непрозрачная государственная закупка","negative"
"непроплата","negative"
"непростой","negative"
"непросторный","negative"
"непроясненность","negative"
"непроясненный","negative"
"нерабочее состояние","negative"
"нерадостный","negative"
"неразвитой","negative"
"неразрешенный","negative"
"нереализация","negative"
"нереализованная сделка","negative"
"нереалистичный","negative"
"нереальность","negative"
"нереальный","negative"
"нерезультативный","negative"
"нерусский","negative"
"несанкционированный","negative"
"несерьезность","negative"
"несерьезный","negative"
"нескончаемость","negative"
"нескончаемый","negative"
"нескрываемый","negative"
"нескрытый","negative"
"несловоохотливый","negative"
"несложившийся","negative"
"несложность","positive"
"несложный","negative"
"неслучайный","negative"
"несметность","negative"
"несметный","negative"
"несовершенность","negative"
"несовмещающийся","negative"
"несодержательность","negative"
"несодержательный","negative"
"несозревший","negative"
"несоответствующий","negative"
"неспешность","negative"
"неспешный","negative"
"нестабильный","negative"
"нести свой крест","negative"
"несун","negative"
"несущественность","negative"
"несущественный","negative"
"несхожесть","negative"
"несхожий","negative"
"несчастливчик","negative"
"несчетность","negative"
"несчетный","negative"
"нет возможности","negative"
"нет живого места","negative"
"нет информации","negative"
"нет полного единства","negative"
"нет силы","negative"
"нет смысла","negative"
"нет спасибо","negative"
"неталантливый","negative"
"нетрудоустроенный","negative"
"нетугой","negative"
"неувязочка","negative"
"неудобность","negative"
"неудобоваримость","negative"
"неудобоваримый","negative"
"неудовлетворенность","negative"
"неудовлетворенный","negative"
"неуплаченный","negative"
"неуправляемая ракета","negative"
"неурегулирование","negative"
"неурегулированность","negative"
"неурегулированный","negative"
"неуставной","negative"
"неутоленность","negative"
"неутоленный","negative"
"неухоженный","negative"
"неуютно","negative"
"нефиг","negative"
"нефига","negative"
"нехватать","negative"
"нехилый","negative"
"нехитрый","negative"
"нехолодный","negative"
"нехрен","negative"
"нечеткий","negative"
"нечеткость","negative"
"нечисто дело","negative"
"нещадность","negative"
"неэтичный","negative"
"неэффективный","negative"
"неявный","negative"
"неясный","negative"
"ни в коем случае","negative"
"ни логики","negative"
"ни ногой","negative"
"ни странно","negative"
"ни странный","negative"
"ни фига","negative"
"нигилизм","negative"
"нигилист","negative"
"нигилистка","negative"
"нигилистский","negative"
"низвергнуть","negative"
"низкая зарплата","negative"
"низкая квалификация","negative"
"низкая оплата труда","negative"
"низкая оценка","negative"
"низкая плотность","negative"
"низкая температура","negative"
"низкий звук","negative"
"низкий по высоте","negative"
"низкий по качеству","negative"
"низкий поступок","negative"
"низкий пошиб","negative"
"низкий рейтинг","negative"
"низкий слой","negative"
"низкий сорт","negative"
"низкий уровень оплаты","negative"
"низкий человек","negative"
"низкий","negative"
"низко пасть","negative"
"низко профессиональный","negative"
"низкое качество","negative"
"низкое напряжение","negative"
"низкокачественность","negative"
"низкоквалифицированный","negative"
"низкотоксичный","positive"
"низложение","negative"
"низложить","negative"
"низменность","negative"
"никаких изысков","negative"
"никаких новых","negative"
"никаких эмоций","negative"
"никакого желания","negative"
"никакого нет","negative"
"никакого смысла","negative"
"никакого эффекта","negative"
"никакой логики","negative"
"никакой политики","negative"
"никакой смысловой","negative"
"никакущий","negative"
"никнуть","negative"
"никотиновая зависимость","negative"
"никуда не годиться","negative"
"нифига","negative"
"нихрена","negative"
"ничего интересного","negative"
"ничего не делать","negative"
"ничего не сделать","negative"
"ничего нового","negative"
"ничего особенного","negative"
"ничего полезного","negative"
"ничего путного","negative"
"ничего святого","negative"
"ничего хорошего","negative"
"ничегонеделанье","negative"
"ничтожество","negative"
"ничтожно малый","negative"
"ничуть не тронуть","negative"
"нищеброд","negative"
"нищебродский","negative"
"нищий","negative"
"но беда","negative"
"но не дотягивать","negative"
"но не дотянуть","negative"
"но это не спасает","negative"
"новомодный","negative"
"новообразование","negative"
"ноль без палочки","negative"
"ноль","negative"
"нонсенс","negative"
"норовистый","positive"
"ностальгировать","positive"
"ностальгический","positive"
"ностальгия","positive"
"ночлежка","negative"
"ночлежный дом","negative"
"нравоучительность","negative"
"нравоучительный","negative"
"нравственно опуститься","negative"
"нравственное падение","negative"
"нравственное разложение","negative"
"нужен как прошлогодний снег","negative"
"нужно исправить","negative"
"нужно исправлять","negative"
"нужно совершенствовать","negative"
"нужно улучшать","negative"
"нужно улучшить","negative"
"нужно усовершенствовать","negative"
"нулевой результат","negative"
"нулевой эффект","negative"
"нулевые года","negative"
"нуль","negative"
"нюх","positive"
"нянчиться","positive"
"о безопасности","negative"
"обалдевать","positive"
"обалделость","negative"
"обалделый","positive"
"обалдеть","positive"
"обвинительное заключение","negative"
"обвиняемый","negative"
"обдолбать","negative"
"обезводить","negative"
"обездоленный","negative"
"обезземеливание","negative"
"обескроветь","negative"
"обеспокоенный","negative"
"обессилевание","negative"
"обессилевать","negative"
"обессмысление","negative"
"обесценение","negative"
"обзавидоваться","negative"
"обидность","negative"
"обилие","positive"
"обкуренный","negative"
"обкуриться","negative"
"облажать","negative"
"облажаться","negative"
"обложить матом","negative"
"облыжный","negative"
"обматерить","negative"
"обнять и плакать","negative"
"обожемой","negative"
"обойтись в копеечку","negative"
"оборот наркотиков","negative"
"обосрать","negative"
"обостренность","negative"
"обостренный","negative"
"образец","positive"
"образоваться","positive"
"образовываться","positive"
"обрыв","negative"
"обрюзглый","negative"
"обсирать","negative"
"обскурантизм","negative"
"обскурантистский","negative"
"обстреливаться","negative"
"обструкционный","negative"
"обструкция","negative"
"обсчет","negative"
"обход закона","negative"
"обход законодательства","negative"
"обчесться","negative"
"обширность","negative"
"обширный","negative"
"общее место","negative"
"общемировые вызовы","negative"
"обязательность","positive"
"обязательный","positive"
"овердохуя","negative"
"огласка","negative"
"огненная стихия","negative"
"огонек","positive"
"огорчительность","negative"
"ограниченное количество","negative"
"ограниченный","negative"
"огромнейший","negative"
"огромность","negative"
"огромный","negative"
"огрызаться в ответ","negative"
"огрызнуться в ответ","negative"
"одиночное заключение","negative"
"одна звезда","negative"
"однодневка","negative"
"однообразие","negative"
"однообразный","negative"
"односторонний","negative"
"односторонность","negative"
"одноцветность","negative"
"одноцветный","negative"
"одурелость","negative"
"одурь","negative"
"одышечный","negative"
"ожесточенность","negative"
"ожесточенный","negative"
"ожидать больше","negative"
"ожидать большего","negative"
"ожидать много больше","negative"
"ожидать много большего","negative"
"ожидать чего-то более","negative"
"ожидать чего-то большего","negative"
"ожоговый","negative"
"озаботить","negative"
"озаботиться","positive"
"озабоченный","negative"
"озлобленный","negative"
"оказывать давление","negative"
"оказывать нажим","negative"
"оккупационный","negative"
"оккупирование","negative"
"око за око","negative"
"оконфуживаться","negative"
"окосеть","negative"
"окрыситься","negative"
"олигарх","negative"
"олигархический","negative"
"олигофрен","negative"
"онанизм","negative"
"онанировать","negative"
"онкобольной","negative"
"онкозаболевание","negative"
"онкопроцесс","negative"
"опала","negative"
"опальный","negative"
"операция","negative"
"опечаливаться","negative"
"опиат","negative"
"оплевывание","negative"
"оплевывать","negative"
"оплешиветь","negative"
"опостылевать","negative"
"оппа","negative"
"оппозиционная партия","negative"
"оппозиционная фракция","negative"
"оппозиция","negative"
"оппортунизм","negative"
"опрыщаветь","negative"
"опускать нос","negative"
"опустить нос","negative"
"опуститься","negative"
"опустошенность","negative"
"опустошенный","negative"
"опустошить душу","negative"
"опустошить сердце","negative"
"опустыниваться","negative"
"опухоль","negative"
"опытный образец","negative"
"опытный","positive"
"опьянение","positive"
"оранье","negative"
"орать во все горло","negative"
"организация экономического сотрудничества и развития","negative"
"организоваться","positive"
"оргия","negative"
"оргпреступный","negative"
"ординарность","negative"
"ординарный","negative"
"оригинал","positive"
"ориентировочный","negative"
"осадок остается","negative"
"осадок остался","negative"
"осадок","negative"
"осквернительница","negative"
"ослабелость","negative"
"ослабление здоровья","negative"
"ослабление слуха","negative"
"осложненный","negative"
"осложняющий","negative"
"осмысленность","positive"
"осмысленный","positive"
"особенность","negative"
"особенный","positive"
"особость","negative"
"особый порядок","negative"
"особый путь","negative"
"особый","positive"
"осовелость","negative"
"осовелый","negative"
"осознанность","positive"
"осознанный","positive"
"осоловелость","negative"
"осоловелый","negative"
"оспенный","negative"
"оставить без","negative"
"оставить с носом","negative"
"оставлять без","negative"
"оставлять желать лучшего","negative"
"остался осадок","negative"
"остановилось сердце","negative"
"остановка конвейера","negative"
"остановка производства","negative"
"остановка сердечной деятельности","negative"
"остановка сердца","negative"
"остаться за бортом","negative"
"остеопороз","negative"
"осточертевать","negative"
"острая фаза","negative"
"острая форма","negative"
"острота","positive"
"острый живот","negative"
"острый","positive"
"остывание","negative"
"остывать","positive"
"остынуть","positive"
"осудительный","negative"
"осыпать проклятиями","negative"
"ответственность за","negative"
"ответственность лежит","negative"
"ответственность по","negative"
"ответственность","positive"
"ответственный за","negative"
"ответственный секретарь","negative"
"ответственный","positive"
"отвратность","negative"
"отдаление друг от друга","negative"
"отдаляться от граждан","negative"
"отек","negative"
"отекший","negative"
"отечность","negative"
"отечный","negative"
"отзвук","positive"
"отзыв проплачен","negative"
"отзыв","positive"
"отитный","negative"
"откалывать","negative"
"откат и распил","negative"
"откат средств","negative"
"отклик","positive"
"отключение электроснабжения","negative"
"отключение электроэнергии","negative"
"отколоть","negative"
"откровенное предложение","negative"
"откровенность","positive"
"откровенный","positive"
"Открытая Россия","negative"
"открытость","positive"
"открытый перелом","negative"
"открытый","positive"
"откуда взяться","negative"
"отличие","positive"
"отличный от других","negative"
"отличный от","negative"
"отличный","positive"
"отлупцевать","negative"
"отмаз","negative"
"отмачивать","negative"
"отметелить","negative"
"отморозок","negative"
"отмывание денег","negative"
"отмывание денежных средств","negative"
"отмывание доходов","negative"
"отмывание преступных доходов","negative"
"отмывание средств","negative"
"отмывание финансовых средств","negative"
"отмывать деньги","negative"
"отмывать доходы","negative"
"отмывка денег","negative"
"отнять бизнес","negative"
"отобрать бизнес","negative"
"отпадать","negative"
"отпасть","negative"
"отрицательная оценка","negative"
"отрицательная черта","negative"
"отрицательно","negative"
"отрывочность","negative"
"отрывочный","negative"
"отстой","negative"
"отстранить от власти","negative"
"отстранять от власти","negative"
"отсутствие веры","negative"
"отсутствие доверия","negative"
"отсутствие логики","negative"
"отсутствие способности","negative"
"отсутствовать как класс","negative"
"отсутствовать напрочь","negative"
"отталкиваться от","negative"
"отталкивающий","negative"
"оттепель","positive"
"отток капитала","negative"
"оттрахать","negative"
"отчебучивать","negative"
"отчебучить","negative"
"отчубучивать","negative"
"офонареть","negative"
"охладиться","negative"
"охлаждение чувств","negative"
"охота на ведьм","negative"
"охотиться на ведьм","negative"
"оценивать","positive"
"оценить","positive"
"очередная жертва","negative"
"очередь","negative"
"очумевать","negative"
"очуметь","negative"
"ошибочно","negative"
"ощущать комплекс","negative"
"ощущение пустоты","negative"
"ощущение тяжести","negative"
"падает рейтинг","negative"
"падать духом","negative"
"падают головы","negative"
"падеж скота","negative"
"падение авторитета","negative"
"падение морали","negative"
"падение нравов","negative"
"падение нравственности","negative"
"падение популярности","negative"
"падение рейтинга","negative"
"падение самолета","negative"
"падение цен","negative"
"падло","negative"
"падшая женщина","negative"
"палевно","negative"
"палевный","negative"
"палево","negative"
"палехче","negative"
"палка в колесо","negative"
"палку перегибать","negative"
"палку перегнуть","negative"
"палочка коха","negative"
"пальцем не пошевелить","negative"
"пальцем не пошевельнуть","negative"
"пальцем о палец не ударить","negative"
"палящее солнце","negative"
"панацея","positive"
"пандемия","negative"
"паникер","negative"
"паникерский","negative"
"паникерство","negative"
"паникерствовать","negative"
"паникерша","negative"
"пар уходит в свисток","negative"
"пар ушел в свисток","negative"
"парагрипп","negative"
"паразитоз","negative"
"парализовывать","negative"
"паранаркотик","negative"
"Парк Победы","negative"
"паркинсонизм","negative"
"парниковый выброс","negative"
"парниковый эффект","negative"
"пародия","negative"
"пароксизм","negative"
"партийный лидер","negative"
"Партия За справедливость","negative"
"Партия Народной свободы","negative"
"парша","negative"
"пасквиль","negative"
"пасквильный","negative"
"пасквилянт","negative"
"пасквилянтка","negative"
"пасквилянтский","negative"
"пассивный","negative"
"пасть духом","negative"
"пасть","negative"
"патетика","negative"
"патетический","negative"
"патетичность","negative"
"патетичный","negative"
"патоген","negative"
"патриархальность","negative"
"патриархальный","negative"
"пахан","negative"
"пахать как вол","negative"
"паяц","negative"
"педераст","negative"
"педик","negative"
"педофил","negative"
"педофильный","negative"
"педофильский","negative"
"пекло","negative"
"пентюх","negative"
"первая помощь","negative"
"первобытность","positive"
"первобытный","positive"
"пердеж","negative"
"перебежчик","negative"
"перебирать лишнего","negative"
"перебирать со спиртным","negative"
"перебирать","positive"
"переболеть","negative"
"перебрать алкоголя","negative"
"перебрать с алкоголем","negative"
"перебрать со спиртным","negative"
"перебрать спиртного","negative"
"перебрать","positive"
"перевернутая логика","negative"
"перевернуться в гробу","negative"
"перевес","positive"
"переворачиваться в гробу","negative"
"переворот в государстве","negative"
"переворот","negative"
"перегибать палку","negative"
"перегнуть палку","negative"
"перегрев","negative"
"перегрызаться","negative"
"передергивание","negative"
"передергивать","negative"
"передернуть","negative"
"передовой","positive"
"передозировать","negative"
"передозировывать","negative"
"передряги","negative"
"перейти все границы","negative"
"перейти меру","negative"
"перейти на личности","negative"
"перекладывать ответственность","negative"
"перекрестный огонь","negative"
"перекрывать кислород","negative"
"перекрыть кислород","negative"
"переливание из пустого в порожнее","negative"
"переливать из пустого в порожнее","negative"
"переложить ответственность","negative"
"перелом кости","negative"
"перемерзнуть","negative"
"перемирать","negative"
"перенапряженный","negative"
"переоцененность","negative"
"переплачивание","negative"
"переплет","negative"
"переплюнуть","negative"
"переполнение","negative"
"переполненность","negative"
"переполненный","negative"
"переполнить","negative"
"переполниться","negative"
"переполнять","negative"
"переполняться","negative"
"перерезать себе горло","negative"
"пересрать","negative"
"переставать доверять","negative"
"переставать понимать","negative"
"переставать уважать","negative"
"перестать доверять","negative"
"перестать нравиться","negative"
"перестать понимать","negative"
"перестать уважать","negative"
"переступать закон","negative"
"переступать черту","negative"
"переступать","negative"
"переступить закон","negative"
"переступить черту","negative"
"переступить","negative"
"пересушка","negative"
"перехватить через край","negative"
"перехватить","positive"
"перехватывать","positive"
"перехлест","negative"
"перехлестнуть","negative"
"перехлестывать","negative"
"переход на личности","negative"
"переходить все границы","negative"
"переходить на личности","negative"
"перехотеть","negative"
"перспективность","positive"
"перспективный","positive"
"песочить","negative"
"петь с чужлшл голоса","negative"
"печальбеда","negative"
"печальность","negative"
"пешка в чужой игре","negative"
"пешка","negative"
"пигмей","negative"
"пинать ногами","negative"
"пипец","negative"
"пир во время чумы","negative"
"пирамида","negative"
"пиррова победа","negative"
"писец","negative"
"писька","negative"
"пить горькую","negative"
"пичаль","negative"
"пищание","negative"
"пищать","negative"
"пламенный","positive"
"платность","negative"
"платный","negative"
"плевать в потолок","negative"
"племенной","positive"
"плен","negative"
"плести интригу","negative"
"плоский юмор","negative"
"плоский","negative"
"плотное телосложение","negative"
"плотный","positive"
"Площадь Свободы","negative"
"плюс и минус","negative"
"плюс к этому","negative"
"плюс","positive"
"плюсик","positive"
"плюс-минус","negative"
"плясать под","negative"
"по защите","negative"
"по иронии","negative"
"по неизвестной причине","negative"
"по обороне и безопасности","negative"
"по понятиям","negative"
"по преимуществу","negative"
"по скромным подсчетам","negative"
"по слухам","negative"
"по фигу","negative"
"по яйцам бить","negative"
"побаловаться","negative"
"побастовать","negative"
"поблеклость","negative"
"поблеклый","negative"
"поблекнуть","negative"
"поборы","negative"
"побрюзжать","negative"
"побухать","negative"
"повальность","negative"
"повальный","negative"
"повезти","positive"
"поверить","positive"
"поверхностность","negative"
"поверхностный","negative"
"повестись на пряник","negative"
"повозиться","positive"
"повозмущаться","negative"
"повстанец","negative"
"повысились тарифы","negative"
"повысились цены","negative"
"повысить тарифы","negative"
"повысить цены","negative"
"повыситься в цене","negative"
"повышать тарифы","negative"
"повышать цены","negative"
"повышение стоимости","negative"
"повышение тарифов","negative"
"повышение цен","negative"
"повышенная температура","negative"
"погибший","negative"
"погнушаться","negative"
"под градусом","negative"
"под давлением","negative"
"под зад коленом","negative"
"под прессом","negative"
"под раздачу попадать","negative"
"под раздачу попасть","negative"
"подавленный","negative"
"подавляющее большинство","negative"
"податливость","positive"
"податливый","positive"
"подбрасывание улик","negative"
"подбрасывать улики","negative"
"подбросить улики","negative"
"подворовывание","negative"
"подворовывать","negative"
"поддатый","negative"
"поддать","negative"
"подеваться","negative"
"поджать губы","negative"
"поджимать губы","negative"
"подземные толчки","negative"
"подкапывание","negative"
"подкачать","positive"
"подкинуть улики","negative"
"подкладывать свинью","negative"
"подковерный","negative"
"подлинность не установлена","negative"
"подличать","negative"
"подлог","negative"
"подложить свинью","negative"
"подложность","negative"
"подложный","negative"
"подмерзнуть","negative"
"поднабираться","negative"
"поднабраться","negative"
"поднадоесть","negative"
"поднимать тарифы","negative"
"поднимать цены","negative"
"поднимаются цены","negative"
"поднялись тарифы","negative"
"поднялись цены","negative"
"поднять на смех","negative"
"поднять тарифы","negative"
"поднять цены","negative"
"подозреваемый","negative"
"подойти","positive"
"подпитие","negative"
"подполье","negative"
"подрастеряться","negative"
"подробно разжевать","negative"
"подробность","positive"
"подскочили цены","negative"
"подсознательность","negative"
"подсознательный","negative"
"подспудность","negative"
"подставная компания","negative"
"подставная фирма","negative"
"подстраивать","positive"
"подсуживание","negative"
"подтачивать","negative"
"подташнивать","negative"
"подточить","negative"
"подустать","negative"
"подхалимничанье","negative"
"подхалимский","negative"
"подходить","positive"
"подчистка документа","negative"
"подъезжать","negative"
"подъем","positive"
"подъехать","negative"
"поехала крыша","negative"
"пожалеть время","negative"
"пожалеть деньги","negative"
"пожалеть","positive"
"пожалуйста исправьте","negative"
"пожарная безопасность","negative"
"пожизненное заключение","negative"
"пожизненный срок","negative"
"позавчерашний","negative"
"поздно исправили","negative"
"поздно исправлять","negative"
"позер","negative"
"позерка","negative"
"позерский","negative"
"позерство","negative"
"позитив","positive"
"позитивный","positive"
"позорность","negative"
"поймать с поличным","negative"
"пойти на панель","negative"
"показательность","positive"
"показательный","positive"
"показать на дверь","negative"
"показушный","negative"
"покаяние","positive"
"поклеп","negative"
"поколдовать","negative"
"покончить с собой","negative"
"покопаться","negative"
"покорежить","negative"
"покорность","negative"
"покорный","negative"
"покраснеть от стыда","negative"
"покривить душой","negative"
"покривить совестью","negative"
"покуражиться","negative"
"полагаться на авось","negative"
"полая вода","negative"
"полезная нагрузка","negative"
"полезные ископаемые","negative"
"полезть в петлю","negative"
"полиартрит","negative"
"полиомиелит","negative"
"полиомиелитный","negative"
"политизирование","negative"
"политизировать","negative"
"политический вакуум","negative"
"политический лидер","negative"
"политрепрессии","negative"
"полная х","negative"
"полнейший","negative"
"полненький","negative"
"полное уг","negative"
"полномочий лишать","negative"
"полномочий лишаться","negative"
"полномочий лишить","negative"
"полномочий лишиться","negative"
"полнота","negative"
"полный ноль","negative"
"полный провал","negative"
"полный человек","negative"
"полный","negative"
"половодье","negative"
"положительный","positive"
"положить зубы на полку","negative"
"положить под сукно","negative"
"полукриминальный","negative"
"полумертвый","negative"
"полусонный","negative"
"получать выговор","negative"
"получать ожог","negative"
"получать срок","negative"
"получение срока","negative"
"получить ожог","negative"
"получить скро","negative"
"пользмы минимум","negative"
"помеховый","negative"
"помешанный","negative"
"помоечный","negative"
"помотать нервишки","negative"
"помощник","positive"
"помпа","positive"
"помутилось сознание","negative"
"помутиться в голове","negative"
"понижать в статусе","negative"
"понижать статус","negative"
"понижать цену","negative"
"понижение остроты слуха","negative"
"понижение статуса","negative"
"понижение уровня жизни","negative"
"понижение цены","negative"
"пониженный слух","negative"
"понизилась цена","negative"
"понизить в статусе","negative"
"понизить остроту слуха","negative"
"понизить статус","negative"
"понизить цену","negative"
"понизиться в цене","negative"
"поникнуть духом","negative"
"понос","negative"
"поношенность","negative"
"понравиться не очень","negative"
"понурость","negative"
"понурый","negative"
"поостынуть","negative"
"поостыть","negative"
"поп исполнитель","negative"
"поп исполнительница","negative"
"поп музыка","negative"
"поп музыкант","negative"
"поп певец","negative"
"поп певица","negative"
"попадать под раздачу","negative"
"попасть под раздачу","negative"
"попирать","negative"
"поправиться","positive"
"поправка на инфляцию","negative"
"поправление","positive"
"поправляться","positive"
"попрать","negative"
"попрек","negative"
"попрошайнический","negative"
"популизм","negative"
"популист","negative"
"популистский","negative"
"популярность упала","negative"
"попуститель","negative"
"попустительница","negative"
"попустительский","negative"
"попустительствовать","negative"
"попытка не пытка","negative"
"поражать","negative"
"поражение мозга","negative"
"поражение нервной системы","negative"
"поразить","positive"
"порно","negative"
"порнографический","negative"
"порнография","negative"
"порноматериал","negative"
"порнопродукция","negative"
"порнуха","negative"
"порнушка","negative"
"породный","positive"
"порок","negative"
"пороть горячку","negative"
"порыв ветра","negative"
"порыв","positive"
"порядочный","positive"
"поскромничать","negative"
"последовательно соединенный","negative"
"последовательное соединение","negative"
"последовательность","positive"
"последовательный","positive"
"последствие","negative"
"послушная кукла","negative"
"послушная марионетка","negative"
"посмаковать","positive"
"посмеяться","positive"
"пособник","negative"
"пособничать","negative"
"посомневаться","negative"
"поспекулировать","negative"
"посрать","negative"
"поставить в тупик","negative"
"поставить в упрек","negative"
"поставить крест","negative"
"поставить на колени","negative"
"поставить на уши","negative"
"поставить под вопрос","negative"
"поставить под удар","negative"
"поставить с ног на голову","negative"
"постесняться","negative"
"постный","negative"
"постоянное повторение","negative"
"постоянный повтор","negative"
"потасканность","negative"
"потасканный","negative"
"потаскуха","negative"
"потатчик","positive"
"потатчица","negative"
"потворство","negative"
"потворствование","negative"
"потворщик","positive"
"потворщица","negative"
"потемки","negative"
"потепление","positive"
"потеплеть","positive"
"потерпеть провал","negative"
"потертость","negative"
"потертый","negative"
"потеря авторитета","negative"
"потеря актуальности","negative"
"потеря влаги","negative"
"потеря возможности","negative"
"потеря времени","negative"
"потеря доверия","negative"
"потеря интереса","negative"
"потеря крови","negative"
"потеря популярности","negative"
"потеря слух","negative"
"потеря сознания","negative"
"потеря уважения","negative"
"потерять авторитет","negative"
"потерять актуальность","negative"
"потерять в цене","negative"
"потерять возможность","negative"
"потерять время","negative"
"потерять дар речи","negative"
"потерять доверие","negative"
"потерять интерес","negative"
"потерять покой","negative"
"потерять популярность","negative"
"потерять представление","negative"
"потерять свое время","negative"
"потерять свой шарм","negative"
"потерять свой","negative"
"потерять свою актуальность","negative"
"потерять силы","negative"
"потерять сознание","negative"
"потерять человеческий","negative"
"потешность","negative"
"потешный","positive"
"потрава","negative"
"потрахаться","negative"
"потрахушка","negative"
"потребитель","negative"
"потребительница","negative"
"потребительский","negative"
"потребительское отношение","negative"
"потребовать деньги назад","negative"
"потребовать компенсации","negative"
"потребовать объяснений","negative"
"потребовать справедливости","negative"
"потрепанность","negative"
"потрепанный","negative"
"потрепать нервы","negative"
"потроллить","negative"
"потрясать","positive"
"потрясти","negative"
"потянуть","positive"
"пофиг","negative"
"похмельный синдром","negative"
"похмельный","negative"
"похрен","negative"
"похулиганить","negative"
"почитать","positive"
"почудить","negative"
"пошантажировать","negative"
"пошлый","negative"
"пощекотать нервы","negative"
"пощечина","negative"
"поэтический","positive"
"правильность","positive"
"правильный","positive"
"правительство национального единства","negative"
"Право и справедливость","negative"
"правоверный","positive"
"правонарушающий","negative"
"правонарушительница","negative"
"правоохранительные органы","negative"
"правый","positive"
"правящая элита","negative"
"праздничный день","negative"
"праздность","negative"
"праздный","negative"
"превратиться в формальность","negative"
"превратиться в формальный","negative"
"превратно","negative"
"превратности судьбы","negative"
"превратный","negative"
"превращаться в формальность","negative"
"превращаться в формальный","negative"
"превысить властные полномочия","negative"
"превысить должностные полномочия","negative"
"превысить полномочия","negative"
"превысить права","negative"
"превысить свои полномочия","negative"
"превысить служебные полномочия","negative"
"превышать властные полномочия","negative"
"превышать должностные полномочия","negative"
"превышать полномочия","negative"
"превышать права","negative"
"превышать свои полномочия","negative"
"превышать служебные полномочия","negative"
"превышение власти","negative"
"превышение властных полномочий","negative"
"превышение должностных полномочий","negative"
"превышение полномочий","negative"
"превышение служебных полномочий","negative"
"предаварийный","negative"
"предать земле","negative"
"предубежденность","negative"
"предубежденный","negative"
"предупредительная сирена","negative"
"предупредительная тревога","negative"
"предупредительный выстрел","negative"
"предупредительный огонь","negative"
"предупредительный удар","negative"
"предупредительный ядерный удар","negative"
"преждевременный","negative"
"презренный","negative"
"презрительно","negative"
"прекословить","negative"
"пренеприятнейший","negative"
"преогромный","negative"
"препоны","negative"
"пресекать","negative"
"пресекаться","negative"
"пресечение","negative"
"пресечь","negative"
"преследовательский","negative"
"преследовать цель","negative"
"пресловутость","negative"
"пресная вода","positive"
"пресность","negative"
"преснота","negative"
"пресный","positive"
"престарелый","negative"
"преступить закон","negative"
"претензионный","negative"
"претенциозность","negative"
"претенциозный","negative"
"преуменьшать","negative"
"преуменьшить","negative"
"при достижении","negative"
"при помощи","negative"
"приближенность","negative"
"приближенный","negative"
"привести в запустение","negative"
"привести к опустошению","negative"
"привести к провалу","negative"
"приветствовать","positive"
"привлечь внимание","negative"
"приводить в запустение","negative"
"приводить к опустошению","negative"
"привыкание","positive"
"привыкнуть","positive"
"привязаться","positive"
"привязываться","positive"
"придумка","negative"
"прижимистость","negative"
"прилгнуть","negative"
"прилипала","negative"
"приличный","positive"
"применение оружия","negative"
"применение силы","negative"
"применить силу","negative"
"применять силу","negative"
"пример","positive"
"примерность","positive"
"примерный","positive"
"примитивный организм","negative"
"принужденность","negative"
"принужденный","negative"
"приостанавливать деятельность","negative"
"приостановить деятельность","negative"
"приостановка деятельности","negative"
"приостановка развития","negative"
"припадочный","negative"
"приписки","negative"
"приподнятый","positive"
"припоздниться","negative"
"прирост тарифов","negative"
"прирост цен","negative"
"присваивать чужие деньги","negative"
"присваивать чужое","negative"
"присвоение авторства","negative"
"присвоение чужих денег","negative"
"присвоение чужого","negative"
"присвоить чужие деньги","negative"
"присвоить чужое","negative"
"присосаться как пиявка","negative"
"приспешнический","negative"
"приспособленец","negative"
"приспособленка","negative"
"пристрастие","negative"
"пристрастность","negative"
"пристрастный","negative"
"приступ болезни","negative"
"приторно любезный","negative"
"приторно нежный","negative"
"притянутый за уши","negative"
"притянуть за уши","negative"
"приуменьшать","negative"
"приуменьшение","negative"
"приуменьшить","negative"
"приустать","negative"
"прихватило сердце","negative"
"прихлебатель","negative"
"прихлебательница","negative"
"причуда","negative"
"причудливость","negative"
"причудливый","negative"
"пришибленный","negative"
"пробежала черная кошка","negative"
"пробел в информации","negative"
"пробел","negative"
"пробивной","negative"
"пробка на дороге","negative"
"пробка","negative"
"проблевать","negative"
"проблеваться","negative"
"проблема со здоровьем","negative"
"проблемность","negative"
"пробрюзжать","negative"
"пробуждение","positive"
"пробуксовывание","negative"
"пробуксовывать","negative"
"провальность","negative"
"провальный","negative"
"провинциал","negative"
"провинциализм","negative"
"провинциальность","negative"
"провинциальный","negative"
"проводить в последний путь","negative"
"провокативный","negative"
"проволочка","negative"
"провороваться","negative"
"проворовываться","negative"
"прогрессивный налог","negative"
"прогрессивный","positive"
"прогрессирование","positive"
"прогрессировать","positive"
"продуктивность","positive"
"прожженность","negative"
"прожженный","negative"
"произведение искусства","negative"
"производительность","positive"
"пройтись катком","negative"
"прокалываться","negative"
"проканителиться","negative"
"проклятье","negative"
"проколоться","negative"
"прокопаться","negative"
"прокрустово ложе","negative"
"пролаза","negative"
"проливается кровь","negative"
"проливать слезы","negative"
"пролилась кровь","negative"
"пролитие крови","negative"
"пролить кровь","negative"
"пролить слезы","negative"
"проматывать","negative"
"промерзнуть","negative"
"промотать","negative"
"промывание мозгов","negative"
"промывать мозги","negative"
"промываются мозги","negative"
"промывка мозгов","negative"
"промыть мозги","negative"
"промышленный выброс","negative"
"пронацистский","negative"
"пронзительно резкий","negative"
"пронзительность","positive"
"пронзительный","positive"
"пропесочивать","negative"
"пропивать деньги","negative"
"пропитаться","positive"
"пропитываться","positive"
"пропить деньги","negative"
"пропищать","negative"
"проплаченный отзыв","negative"
"пропойца","negative"
"просадить деньги","negative"
"просаживать деньги","negative"
"просить денег","negative"
"просранный","negative"
"просрать","negative"
"просроченный","negative"
"простейший","negative"
"простенький","negative"
"проститутка","negative"
"проституция","negative"
"просто не","negative"
"просто несерьезно","negative"
"просто никакой","negative"
"простоватость","negative"
"простоватый","negative"
"простой","positive"
"пространность","negative"
"пространный","negative"
"простуживаться","negative"
"просчет","negative"
"протеже","negative"
"протекционизм","positive"
"протестное движение","negative"
"протестный","negative"
"противоборство","negative"
"противоборствовать","negative"
"противодействие","negative"
"противоправный","negative"
"профанация","negative"
"профессиональный","positive"
"прохаживаться насчет","negative"
"прохвостка","negative"
"прохиндейка","negative"
"прохиндейский","negative"
"прохладность","negative"
"прохладный","negative"
"прохлопать ушами","negative"
"проходимка","negative"
"процветать","positive"
"прошлепать","negative"
"прощелыга","negative"
"пруссак","negative"
"прямой","positive"
"психологическая обработка","negative"
"психологический комплекс","negative"
"пугало","negative"
"пудрить мозги","negative"
"пузан","negative"
"пунктик","positive"
"пускать ко дну","negative"
"пускать под откос","negative"
"пустая декларация","negative"
"пустить ко дну","negative"
"пустить красного петуха","negative"
"пустить под откос","negative"
"пустить пулю в лоб","negative"
"пустить себе пулю в лоб","negative"
"пуститься во все тяжкие","negative"
"пустобрех","negative"
"пустоголовость","negative"
"пустое место","negative"
"пустой пузырек","negative"
"пустой","negative"
"пустопорожний","negative"
"пустословный","negative"
"пустота в душе","negative"
"пустота","negative"
"пустые кастрюли","negative"
"пустые слова","negative"
"пусть убираются","negative"
"пустяк","negative"
"пустяковина","negative"
"пустяковый","negative"
"пустячность","negative"
"пустячный","negative"
"пустячок","negative"
"путана","negative"
"путч","negative"
"путчист","negative"
"путчистский","negative"
"пшел","negative"
"пьяный от мысли","negative"
"пьяный от чувства","negative"
"пьянь","negative"
"пялить глаза","negative"
"пятки лизать","negative"
"пятно бесчестья","negative"
"пятно на репутации","negative"
"пятно на совести","negative"
"работать как вол","negative"
"работяга","positive"
"рабочий ватник","negative"
"равновесие","positive"
"рад бы","negative"
"рад был бы","negative"
"радиационное поражение","negative"
"радиационноопасный","negative"
"радиационный след","negative"
"радикализировать","negative"
"радикалистский","negative"
"радикалка","negative"
"Радио Свобода","negative"
"радужный","positive"
"разбаливаться","negative"
"разболтанный","negative"
"разбраниваться","negative"
"разбранить","negative"
"разброд","negative"
"разбрюзжаться","negative"
"разбудить","positive"
"разваливание","negative"
"развеивать восторг","negative"
"развеселый","positive"
"развесистая клюква","negative"
"развеять восторг","negative"
"развинченность","negative"
"развинченный","negative"
"развлекательный комплекс","negative"
"разводить антимонии","negative"
"разврат","negative"
"развратнический","negative"
"разгневанный","negative"
"разграблять","negative"
"разгуляться","negative"
"раздавиться","negative"
"раздача обещаний","negative"
"раздеть до последней нитки","negative"
"раздолбай","negative"
"раздражение на коже","negative"
"раздраженность","negative"
"раздраженный","negative"
"раздрай","negative"
"разжигание","negative"
"разительность","negative"
"разительный","positive"
"разлеживаться","negative"
"разлив нефти","negative"
"разливанное море","negative"
"различный","negative"
"размыв","negative"
"размывание","negative"
"размытость","negative"
"размытый","negative"
"разнести магазить","negative"
"разноречивость","negative"
"разноречивый","negative"
"разный","negative"
"разоблачать","negative"
"разоблачение","negative"
"разоблачительный","negative"
"разоблачительство","negative"
"разоблачить","negative"
"разобщенность","negative"
"разобщенный","negative"
"разодетый","negative"
"разорительский","negative"
"разразиться проклятиями","negative"
"разрастание","negative"
"разрегулирование","negative"
"разрегулироваться","negative"
"разрозненный","negative"
"разругивать","negative"
"разрушительский","negative"
"разрыв","negative"
"разрядка","positive"
"разыграться","negative"
"рак крови","negative"
"рак","negative"
"раковый","negative"
"ранг сложности","negative"
"ранний","negative"
"расистка","negative"
"раскалиться","negative"
"раскаляться","negative"
"раскачивание лодки","negative"
"раскачивать лодку","negative"
"раскол в организации","negative"
"раскол в рядах","negative"
"раскольник","negative"
"раскулачивание","negative"
"расовое превосходство","negative"
"расовый барьер","negative"
"распадение","negative"
"распалиться","negative"
"распаляться","negative"
"распечь","negative"
"распил денег","negative"
"распил и откат","negative"
"распил средств","negative"
"распил","negative"
"распитие спиртных напитков","negative"
"расплывчатость","negative"
"расплывчатый","negative"
"расположение","positive"
"расположенность","positive"
"расположенный","positive"
"распространение огня","negative"
"распространение радиации","negative"
"распутнический","negative"
"распущенный","negative"
"рассеянный","negative"
"расстраивание","negative"
"расстроенный","negative"
"рассусоливание","negative"
"рассусолить","negative"
"рассыпание","negative"
"растащиловка","negative"
"растерзать в клочки","negative"
"растерзать в клочья","negative"
"растериваться","negative"
"растерянный","negative"
"растеряша","negative"
"расточительский","negative"
"растратчик","negative"
"растрепа","negative"
"растут цены","negative"
"растянутость","negative"
"растянутый","negative"
"расхварываться","negative"
"расхлябанный","negative"
"расходный материал","negative"
"расхождение","negative"
"расхожий","positive"
"расцвести","positive"
"расцвет","positive"
"расцветание","positive"
"расцветать","positive"
"расчетливость","negative"
"расчетливый","negative"
"расчлененка","negative"
"расшатать","negative"
"расшатывание","negative"
"рахитичка","negative"
"рахитичный","negative"
"рахитный","negative"
"рационализм","positive"
"рациональность","positive"
"рациональный","positive"
"раша","negative"
"рвать на голове волосы","negative"
"рвать на себе волосы","negative"
"рвота","negative"
"рвотный","negative"
"реакционность","negative"
"реализм","positive"
"реалистический","positive"
"реальность","positive"
"реальный","positive"
"революция","positive"
"редкостный","positive"
"резкий на слух","negative"
"резонерский","negative"
"результат нулевой","negative"
"резь","negative"
"рейдерский","negative"
"рейдерство","negative"
"рекомендация","positive"
"религиозный","positive"
"ренегат","negative"
"ренегатка","negative"
"ренегатский","negative"
"ренегатство","negative"
"репрессивность","negative"
"репрессия","negative"
"ретивость","negative"
"ретивый","negative"
"рецессия","negative"
"рецидивизм","negative"
"рецидивистский","negative"
"решить не могли","negative"
"рискнуть","negative"
"рискованность","negative"
"рисковать","positive"
"рисковый","positive"
"рисовка","negative"
"риторика","negative"
"риторический","positive"
"робкий","negative"
"робость","negative"
"рог изобилия","negative"
"родной","positive"
"розовый","positive"
"роль дубинки","negative"
"роль марионетки","negative"
"романтизм","positive"
"романтик","positive"
"романтический","positive"
"роптанье","negative"
"роскошество","positive"
"рост стоимости","negative"
"рост тарифов","negative"
"рост цен","negative"
"ротозей","negative"
"рохля","negative"
"рукалицо","negative"
"русофобия","negative"
"рыло в пуху","negative"
"рыло в пушку","negative"
"рыльце в пуху","negative"
"рыльце в пушку","negative"
"рыхлость","negative"
"рыхлый","negative"
"рьяность","negative"
"рьяный","positive"
"рэкетирша","negative"
"с гнильцой","negative"
"с души воротит","negative"
"с его помощью","negative"
"с ее помощью","negative"
"с их помощью","negative"
"с натягом","negative"
"с позволения сказать","negative"
"с помощью","negative"
"с прохладцей","negative"
"садизм","negative"
"садиться на мель","negative"
"саднить","negative"
"садомазохистский","negative"
"сажать здоровье","negative"
"сальность","negative"
"сам черт не разберет","negative"
"самовлюбленность","negative"
"самовлюбленный","negative"
"самодельничать","negative"
"самодурка","negative"
"самодурничать","negative"
"самодурский","negative"
"самолет упал","negative"
"самомнение","negative"
"самоповешение","negative"
"саморазрушительный","negative"
"самострой","negative"
"самоуверенность","positive"
"самоуверенный","positive"
"самоуничижительный","negative"
"самоуправный","negative"
"сардонический","negative"
"сатрап","negative"
"сахарная вата","negative"
"сахарный","positive"
"свадебный генерал","negative"
"свалить власть","negative"
"сведение счетов","negative"
"свеженький","positive"
"свербеть","negative"
"сверлить глазами","negative"
"сверхъестественность","negative"
"сверхъестественный","negative"
"свести счеты с жизнью","negative"
"свести счеты","negative"
"светлый по цвету","negative"
"светлый цвет","negative"
"светлый","positive"
"свищ","negative"
"свищевой","negative"
"сводить мышцы","negative"
"сводить счеты","negative"
"своекорыстие","negative"
"своекорыстность","negative"
"своекорыстный","negative"
"своеобразный","positive"
"свора","negative"
"святотатственный","negative"
"святотатствовать","negative"
"сгорать от стыда","negative"
"сгорать со стыда","negative"
"сгустить краски","negative"
"сдавать позиции","negative"
"сдавать свои позиции","negative"
"сдать позиции","negative"
"сдать свои позиции","negative"
"сдвурушничать","negative"
"сделанный кое-как","negative"
"сделано не было","negative"
"сделать не так","negative"
"себялюбка","negative"
"сегрегационный","negative"
"сегрегация","negative"
"сейсмические толчки","negative"
"сейсмоактивный","negative"
"секс-скандал","negative"
"сексуальность","negative"
"сексуальный","negative"
"сентиментализм","negative"
"сентиментальность","negative"
"сентиментальный","negative"
"сепаратист","negative"
"сепаратистка","negative"
"серая схема","negative"
"сердечник","negative"
"сердечница","negative"
"сердечный приступ","negative"
"сердце кровью обливается","negative"
"сердце прихватило","negative"
"середина нулевых","negative"
"серенький","negative"
"серый","negative"
"серьезная натяжка","negative"
"серьезность положения","negative"
"серьезность ситуации","negative"
"серьезность","positive"
"серьезный","positive"
"сесть на мель","negative"
"сивуха","negative"
"сивушный","negative"
"сидеть без дела","negative"
"сидеть без света","negative"
"сидеть сложа руки","negative"
"сизо","negative"
"силовое подавление","negative"
"силой задержать","negative"
"силой захватить","negative"
"сильно набраться","negative"
"сильное желание","negative"
"сильное падение","negative"
"синдром хронической усталости","negative"
"синусит","negative"
"сионизм","negative"
"сионист","negative"
"сионистический","negative"
"сионистка","negative"
"сионистский","negative"
"сип","negative"
"сипение","negative"
"сиплость","negative"
"сипнуть","negative"
"сифилитический","negative"
"скабрезность","negative"
"скабрезный","negative"
"сказка","positive"
"сказочный","positive"
"скаред","negative"
"скареда","negative"
"скаредник","negative"
"скаредничать","negative"
"скаредность","negative"
"скаредный","negative"
"скатертью дорожка","negative"
"скачок цен","negative"
"сквалыга","negative"
"сквалыжник","negative"
"сквалыжница","negative"
"сквалыжничать","negative"
"сквалыжнический","negative"
"скепсис","negative"
"скептик","negative"
"скептический","negative"
"скинхэд","negative"
"склеротик","negative"
"склеротичка","negative"
"склока","negative"
"склочничество","negative"
"скованный","negative"
"скопидом","negative"
"скопидомка","negative"
"скопидомничать","negative"
"скопидомнический","negative"
"скопидомничество","negative"
"скопидомский","negative"
"скопидомство","negative"
"скопидомствовать","negative"
"скорая помощь","negative"
"скоропалительность","negative"
"скоропреходящий","negative"
"скороспелость","positive"
"скороспелый","positive"
"скрепя сердце","negative"
"скромничать","negative"
"скромность","positive"
"скромный","positive"
"скрытная мобилизация","negative"
"скрытость","negative"
"скрытый","negative"
"скряжнический","negative"
"скряжничество","negative"
"скуднеть","negative"
"скудость","negative"
"скулеж","negative"
"скупать голоса","negative"
"скупердяйничать","negative"
"скупердяйский","negative"
"скупить голоса","negative"
"скупка голосов","negative"
"скупой на проявление чувств","negative"
"скупой на чувства","negative"
"скупой на эмоции","negative"
"скучашка","negative"
"скученность","negative"
"скученный","negative"
"слабачка","negative"
"слабо натянутый","negative"
"слабовидящий","negative"
"слабое место","negative"
"слабонервность","negative"
"слаборазвитость","negative"
"слабослышащий","negative"
"сладкий","positive"
"сладковатый","positive"
"сладострастие","negative"
"сладострастность","negative"
"сладострастный","negative"
"сладость","positive"
"след простыл","negative"
"следственный изолятор","negative"
"слезный","negative"
"слепо выполняющий","negative"
"слепо исполняющий","negative"
"слепой","negative"
"слив информации","negative"
"сливать информацию","negative"
"слить информацию","negative"
"слишком дешевый","negative"
"слишком низкая цена","negative"
"сложно воспринимать","negative"
"сложно договариваться","negative"
"сложно договориться","negative"
"сложно найти","negative"
"сложно поверить","negative"
"сложности","negative"
"сложный для выполнения","negative"
"сложный для исполнения","negative"
"сложный по характеру","negative"
"сложный","negative"
"служба безопасности","negative"
"служба по контролю за оборотом наркотиков","negative"
"случай возгорания","negative"
"случай заслуживает","negative"
"случился облом","negative"
"смазанный жиром","negative"
"смазанный маслом","negative"
"смазанный салом","negative"
"смазать жиром","negative"
"смазать маслом","negative"
"смазать салом","negative"
"смакование","positive"
"смаковать","positive"
"смерчевой","negative"
"смести","negative"
"сметать","negative"
"смехотворность","negative"
"смехотворный","positive"
"смешать в кучу","negative"
"смешать в одну кучу","negative"
"смешаться в кучу","negative"
"смешаться в одну кучу","negative"
"смешаться","negative"
"смешной","positive"
"смещение","negative"
"смеяться","positive"
"сминание","negative"
"сминаться","negative"
"смириться","negative"
"смиряться","positive"
"смрадность","negative"
"смычка","negative"
"смяться","negative"
"снайперский","positive"
"снегозаносы","negative"
"снегопад","negative"
"снежный обвал","negative"
"снести крышу","negative"
"снижается авторитет","negative"
"снижается качество","negative"
"снижать качество","negative"
"снижать оценку","negative"
"снижать цену","negative"
"снижение авторитета","negative"
"снижение жизнеспособности","negative"
"снижение качества","negative"
"снижение оценки","negative"
"снижение плодородия","negative"
"снижение цен","negative"
"снижение экономической активности","negative"
"снизилась цена","negative"
"снизилось качество","negative"
"снизился авторитет","negative"
"снизить авторитет","negative"
"снизить жизнеспособность","negative"
"снизить качество","negative"
"снизить оценку","negative"
"снизить цену","negative"
"снизиться авторитет","negative"
"снизиться в цене","negative"
"снизиться жизнеспособность","negative"
"сникать","negative"
"снисходительность","positive"
"снисходительный","positive"
"сносить крышу","negative"
"собственный интерес","negative"
"событием не стало","negative"
"совать нос","negative"
"совать свой нос","negative"
"совершенно новый","negative"
"Совет безопасности","negative"
"Совет по правам человека","negative"
"совковость","negative"
"совок","negative"
"современность","positive"
"современный мир","negative"
"современный","positive"
"соглядатай","negative"
"содом и гоморра","negative"
"сознательность","positive"
"сознательный","positive"
"сойти с рук","negative"
"сойти с ума","negative"
"сойти","positive"
"сократить работника","negative"
"сократить рабочие места","negative"
"сократить сотрудника","negative"
"сокращать персонал","negative"
"сокращать рабочие  места","negative"
"сокращение персонала","negative"
"сокращение работника","negative"
"сокращение рабочих мест","negative"
"сокращение сотрудника","negative"
"сокращение штатов","negative"
"сокрушенность","negative"
"сокрушенный","negative"
"соленое слово","negative"
"соленое словцо","negative"
"солнечный","positive"
"сомненье","negative"
"сонность","negative"
"сонный","negative"
"сообщнический","negative"
"сорить деньгами","negative"
"сорняковый","negative"
"сортирный","negative"
"соскучиться","positive"
"состояние опьянения","negative"
"сотворить","positive"
"сочинительство","negative"
"сошка","negative"
"спад производства","negative"
"спад экономики","negative"
"спазма","negative"
"спаивание","negative"
"спамерский","negative"
"спам-индустрия","negative"
"спамовый","negative"
"спасибо за внимание","negative"
"спать с кем попало","negative"
"спекулирование","negative"
"спекулянтский","negative"
"спертость","negative"
"спертый","negative"
"спесивый","negative"
"спесь","negative"
"специзолятор","negative"
"спешность","negative"
"спешный","negative"
"спид","negative"
"спирать","negative"
"спорить трудно","negative"
"спорный","negative"
"Справедливая Россия","negative"
"спускать деньги","negative"
"спустить все деньги","negative"
"спустить деньги","negative"
"спустить на ветер","negative"
"спустя рукава","negative"
"сразить","negative"
"срака","negative"
"сранный","negative"
"сраный","negative"
"срать","negative"
"срач","negative"
"среднего пошиба","negative"
"среднее арифметическое","negative"
"среднее значение случайной величины","negative"
"среднее медицинское образование","negative"
"среднее многолетнее значение","negative"
"среднее образование","negative"
"среднее общее образование","negative"
"среднее педагогическое образование","negative"
"Среднее Поволжье","negative"
"среднее полное общее образование","negative"
"среднее положение","negative"
"среднее предпринимательство","negative"
"среднее предприятие","negative"
"среднее профессиональное образование","negative"
"среднее профессионально-техническое образование","negative"
"среднее расположение","negative"
"среднее специальное образование","negative"
"среднее специальное учебное заведение","negative"
"среднее техническое образование","negative"
"среднее техническое учебное заведение","negative"
"среднее учебное заведение","negative"
"средненький","negative"
"средние века","negative"
"средние волны","negative"
"средние классы школы","negative"
"Средние Курилы","negative"
"средний бизнес","negative"
"Средний Восток","negative"
"средний год","negative"
"средний доход","negative"
"средний за год","negative"
"средний за месяц","negative"
"средний заработок","negative"
"средний класс","negative"
"средний медицинский персонал","negative"
"средний медперсонал","negative"
"средний палец","negative"
"средний по величине","negative"
"средний по качеству","negative"
"средний род","negative"
"Средний Урал","negative"
"средний","negative"
"средних лет","negative"
"Средняя Азия","negative"
"средняя величина","negative"
"Средняя Волга","negative"
"средняя заработная плата","negative"
"средняя зарплата","negative"
"средняя норма","negative"
"средняя общеобразовательная школа","negative"
"средняя оплата труда","negative"
"средняя полная школа","negative"
"средняя ставка","negative"
"средняя цена","negative"
"средняя часть","negative"
"средняя школа","negative"
"срочно дорабатывать","negative"
"срыв","negative"
"ссаный","negative"
"ссать","negative"
"стабилизационный фонд","negative"
"ставить крест","negative"
"ставить на колени","negative"
"ставить под вопрос","negative"
"ставить под удар","negative"
"ставить с ног на голову","negative"
"стагнационный","negative"
"стагнировать","negative"
"стагфляция","negative"
"сталинистский","negative"
"сталкивать с пути","negative"
"стальной","positive"
"становиться дороже","negative"
"старейший","positive"
"старенький","negative"
"старозаветность","negative"
"старозаветный","negative"
"старомодность","negative"
"старость","negative"
"старый","positive"
"статист в чужой игре","negative"
"статист","negative"
"стать дороже","negative"
"стачечник","negative"
"стачечница","negative"
"стачечный","negative"
"сташнивать","negative"
"стенокардический","negative"
"стертость","negative"
"стертый","negative"
"стеснение","negative"
"стеснительность","negative"
"стеснительный","negative"
"стихийщик","negative"
"стихия","negative"
"сторонник","positive"
"странность","negative"
"странный","negative"
"страсть","positive"
"страшненький","negative"
"страшной силы","negative"
"стрелять в себя","negative"
"стремный","negative"
"стрессовый","negative"
"стригущий лишай","negative"
"строгий костюм","negative"
"строгий по характеру","negative"
"строгий режим","negative"
"строгий","positive"
"строгость","positive"
"струп","negative"
"студеный","negative"
"стыдно","negative"
"стыть","negative"
"стяжательница","negative"
"стяжательский","negative"
"стяжательство","negative"
"субъективизм","negative"
"субъективность","negative"
"субъективный","negative"
"сугубый","negative"
"судебное вмешательство","negative"
"судимый","negative"
"суицидальный","negative"
"суицидный","negative"
"суицидологический","negative"
"сумасбродничанье","negative"
"сумасбродность","negative"
"сумасшедший","negative"
"сумашедший","negative"
"сунуть нос","negative"
"сунуть свой нос","negative"
"суровые природные условия","negative"
"сусальность","negative"
"сусальный","negative"
"сутолока","negative"
"сухой","positive"
"сухость","positive"
"сухощавый","negative"
"сушь","negative"
"сущие гроши","negative"
"сущие копейки","negative"
"сфальсифицировать","negative"
"сфера прав человека","negative"
"сфолить","negative"
"схимичить","negative"
"сходить с рук","negative"
"сходить с ума","negative"
"сходить","positive"
"сходка","negative"
"считать ворон","negative"
"съесть лишнее","negative"
"сыпать проклятия","negative"
"сыпь","negative"
"табачный дым","negative"
"тайфунный","negative"
"так и не исправить","negative"
"так и не","negative"
"так не делается","negative"
"так не делают","negative"
"так себе","negative"
"талиб","negative"
"тарифы возросли","negative"
"тарифы выросли","negative"
"тарифы повысились","negative"
"тарифы поднялись","negative"
"тарифы увеличились","negative"
"твердокаменность","negative"
"твердокаменный","negative"
"твердость","positive"
"твердый","positive"
"театральность","negative"
"театральный","negative"
"телка","negative"
"темный","negative"
"тенденциозность","negative"
"тенденциозный","negative"
"теневая экономика","negative"
"теневой бизнес","negative"
"теневой оборот","negative"
"теневой рынок","negative"
"теневой сектор","negative"
"тепленький","negative"
"теплопотеря","negative"
"теплота","positive"
"теплый ватник","negative"
"теплый","positive"
"терпеть провал","negative"
"терять авторитет","negative"
"терять возможность","negative"
"терять время","negative"
"терять дар речи","negative"
"терять доверие","negative"
"терять зрение","negative"
"терять кровь","negative"
"терять поддержку","negative"
"терять популярность","negative"
"терять свое время","negative"
"терять свой","negative"
"терять сознание","negative"
"терять уважение","negative"
"теряться в догадках","negative"
"теряться в предположениях","negative"
"тетка","negative"
"тешить себя","negative"
"тешиться","positive"
"типа","negative"
"тиранский","negative"
"титан","positive"
"титушка","negative"
"тихий","positive"
"тихость","positive"
"токсемия","negative"
"токсикант","negative"
"токсикация","negative"
"токсикозный","negative"
"токсинный","negative"
"толкать на","negative"
"толку минимум","negative"
"толку ноль","negative"
"толочь воду в ступе","negative"
"толстенный","negative"
"толсткожесть","negative"
"толстопузость","negative"
"толстуха","negative"
"толстячок","negative"
"толчея","negative"
"толщина","negative"
"томление","negative"
"тонизировать","positive"
"тонкий","positive"
"тонкость","positive"
"тонус","positive"
"тончайший","positive"
"топорно изготовленный","negative"
"топорное изготовление","negative"
"топорность","negative"
"топтать","negative"
"топь","negative"
"торгашеский","negative"
"торговать телом","negative"
"торговля телом","negative"
"торгово-развлекательный комплекс","negative"
"торможение процесса","negative"
"торможение","negative"
"тормозить дело","negative"
"тормозить деятельность","negative"
"тормозить процесс","negative"
"торпедирование","negative"
"тот самый","negative"
"тоталитаристский","negative"
"тоталитарность","negative"
"тотальная распродажа","negative"
"точь-в-точь","positive"
"трабл","negative"
"травануться","negative"
"травить себя","negative"
"травмирование","negative"
"травмироваться","negative"
"трагедийная ситуация","negative"
"трагическое событие","negative"
"традиционный штамп","negative"
"транжир","negative"
"транжира","negative"
"траффикинг","negative"
"трахать","negative"
"трахаться","negative"
"трахнуть","negative"
"требовать деньги назад","negative"
"требовать компенсации","negative"
"требовать объяснений","negative"
"требовать справедливости","negative"
"треволнение","negative"
"трепать нервы","negative"
"трепет","positive"
"трепетание","negative"
"трепетать","negative"
"третьестепенность","negative"
"третьестепенный","negative"
"тривиальность","negative"
"тривиальный","negative"
"Триумфальная площадь","negative"
"троллить","negative"
"тромбозный","negative"
"тромботический","negative"
"троянская программа","negative"
"троянский конь","negative"
"трудно сказать","negative"
"трудно спорить","negative"
"трудновыполнимый","negative"
"трудоголизм","negative"
"трудоголик","positive"
"трудоемкий","negative"
"трудоизбыточность","negative"
"трудоизбыточный","negative"
"труженик","positive"
"труженица","positive"
"тряпка","negative"
"трясение","negative"
"туберкулез","negative"
"туберкулезник","negative"
"туберкулезница","negative"
"туберкулезный","negative"
"тугодумие","negative"
"тугой на ухо","negative"
"туман в голове","negative"
"туманиться","negative"
"туманность","negative"
"туманный","negative"
"тупейший","negative"
"туфли на шпильках","negative"
"тщедушность","negative"
"тютькаться","negative"
"тягучесть","negative"
"тягучий","negative"
"тяжелая техника","negative"
"тяжелобольной","negative"
"тяжеловато","negative"
"тяжеловатый","negative"
"тяжелое вооружение","negative"
"тяжелое испытание","negative"
"тяжелое оружие","negative"
"тяжелый больной","negative"
"тяжелый крест","negative"
"тяжелый металл","negative"
"тяжелый элемент","negative"
"тяжелый","negative"
"тяжесть на душе","negative"
"тяжесть на сердце","negative"
"тянуть","negative"
"убивица","negative"
"убиенный","negative"
"убираться","positive"
"ублюдок","negative"
"убойный","negative"
"убраться","positive"
"уважаемый администратор","negative"
"уважаемый разработчик","negative"
"увалень","negative"
"увеличение стоимости","negative"
"увеличение тарифов","negative"
"увеличение цены","negative"
"увеличивать тарифы","negative"
"увеличивать цену","negative"
"увеличивать цены","negative"
"увеличилась цена","negative"
"увеличились тарифы","negative"
"увеличить тарифы","negative"
"увеличить цену","negative"
"увеличить цены","negative"
"увеличиться в цене","negative"
"увертка","negative"
"увести капитал","negative"
"увечный","negative"
"увод капитала","negative"
"уводить капитал","negative"
"увозиться","negative"
"уворовать","negative"
"угнетенность","negative"
"угнетенный","negative"
"угодить","positive"
"уголовная ответственность","negative"
"уголовно исполнительный кодекс","negative"
"уголовнонаказуемый","negative"
"уголовно-наказуемый","negative"
"угорать","positive"
"угреватость","negative"
"угреватый","negative"
"угрожающий","negative"
"угрызения совести","negative"
"удар по репутации","negative"
"удар судьбы","negative"
"ударная группа","negative"
"ударный ракетный комплекс","negative"
"удивительный","positive"
"удорожиться","negative"
"удружить так удружить","negative"
"удружить","positive"
"удрученность","negative"
"удрученный","negative"
"удушающий","negative"
"ужасающий","negative"
"ужесточать","negative"
"ужесточаться","negative"
"ужесточиться","negative"
"узилище","negative"
"узкий","negative"
"узкое место","negative"
"узкость","negative"
"узость","negative"
"узурпатор","negative"
"узурпирование","negative"
"узурпировать","negative"
"уйти в свою скорлупу","negative"
"уйти от наказания","negative"
"уйти от ответственности","negative"
"указать на дверь","negative"
"указывать на дверь","negative"
"уклонение","positive"
"уклонист","negative"
"укокать","negative"
"укоризна","negative"
"украшение","positive"
"укушенный","negative"
"уличная пробка","negative"
"уличные дети","negative"
"ультранационалист","negative"
"ультрарадикал","negative"
"ультрарадикальный","negative"
"умаление","negative"
"умалишенный","negative"
"умаляться","negative"
"уменьшать цену","negative"
"уменьшение цены","negative"
"уменьшились цены","negative"
"уменьшить цену","negative"
"уменьшиться в цене","negative"
"умервщление","negative"
"умервщлять","negative"
"умеренный","negative"
"умертвлять","negative"
"умерщвить","negative"
"умопомрачительность","positive"
"умопомрачительный","positive"
"умственно отсталый","negative"
"унести жизнь","negative"
"унижающий","negative"
"уникальный","positive"
"уничижить","negative"
"уничтожить в глазах","negative"
"уничтожить во мнении","negative"
"уничтожить замечанием","negative"
"уничтожить словом","negative"
"уносить жизнь","negative"
"упаднический","negative"
"упали цены","negative"
"упасть в цене","negative"
"упертость","negative"
"упертый","positive"
"упиваться","positive"
"упитанность","negative"
"упитанный","negative"
"упиться допьяна","negative"
"уполномоченный по правам человека","negative"
"упорно не видеть","negative"
"упоротость","negative"
"упоротый","negative"
"упороться","negative"
"упрек","negative"
"упускать шанс","negative"
"упустить шанс","negative"
"урезание","negative"
"уровень жизни растет","negative"
"уровень сложности","negative"
"усложняющий","negative"
"уссать","negative"
"усталь","negative"
"устаревание","negative"
"устаревший","negative"
"устойчивое выражение","negative"
"устраивать сцену","negative"
"устраиваться","positive"
"устроить сцену","negative"
"утечка валюты","negative"
"утечка капитала","negative"
"утомленность","negative"
"утомленный","negative"
"утопичный","negative"
"утруждение","negative"
"утрясаться","positive"
"утрястись","positive"
"утяжеление","negative"
"утяжелить","negative"
"утяжелять","negative"
"уходить в минус","negative"
"уходиться","negative"
"участие","positive"
"учительский","positive"
"ушла эйфория","negative"
"ушлый","negative"
"ущемить право","negative"
"ущемление прав","negative"
"ущемленность","negative"
"ущемлять право","negative"
"ущерб репутации","negative"
"фаворитка","positive"
"фаворитский","positive"
"фавус","negative"
"фальсификат","negative"
"фальсификаторский","negative"
"фальсификаторша","negative"
"фальсификационный","negative"
"фальсифицирование","negative"
"фанатический","negative"
"фантазия","positive"
"фантастический","positive"
"фанфарон","negative"
"фанфаронка","negative"
"фарисейство","negative"
"фашизм","negative"
"фашиствующий","negative"
"фашистский","negative"
"фейспалм","negative"
"фигня","negative"
"фигов","negative"
"физическое воздействие","negative"
"фикция","negative"
"филантроп","negative"
"филантропический","positive"
"филантропия","positive"
"филигранный","positive"
"филон","negative"
"филонить","negative"
"филонка","negative"
"финансовая дыра","negative"
"финт ушами","negative"
"финт","negative"
"фирма-однодневка","negative"
"фистула","negative"
"фистульный","negative"
"фишка","positive"
"фокус","positive"
"фолить","negative"
"Фонд заботы и милосердия","negative"
"Фонд эффективной политики","negative"
"фордыбачить","positive"
"фордыбачиться","positive"
"формалистский","negative"
"формально отнестись","negative"
"формальное отношение","negative"
"формальный подход","negative"
"форсмажор","negative"
"форс-мажорный","negative"
"фортель","negative"
"фундаментализм","negative"
"фундаменталист","negative"
"фуфло","negative"
"хавать","negative"
"хакерский","negative"
"хакинг","negative"
"ханжеский","negative"
"ханжество","negative"
"хаотический","negative"
"хаотичность","negative"
"хач","negative"
"хватить через край","negative"
"хватить","positive"
"хвороба","negative"
"хворость","negative"
"хейтер","negative"
"хилеть","negative"
"хилячка","negative"
"химическая атака","negative"
"хитрая лазейка","negative"
"хитрожопый","negative"
"хитрость","negative"
"хитроумие","negative"
"хитроумный","positive"
"хитрый маневр","negative"
"хитрый поступок","negative"
"хитрый прием","negative"
"хитрый финт","negative"
"хитрый","negative"
"хлебнуть","negative"
"хлюпать носом","negative"
"хмель","negative"
"хмельной угар","negative"
"хмельной","negative"
"ходить на задних лапках","negative"
"ходовой","positive"
"ходульность","negative"
"ходульный","negative"
"хозяйственная деятельность","negative"
"холерный","negative"
"холестериновый","negative"
"холивар","negative"
"холод в душе","negative"
"холод в отношениях","negative"
"холод","negative"
"холодноватый","negative"
"холодное отношение","negative"
"холодный в отношениях","negative"
"холодный по температуре","negative"
"холодный по цвету","negative"
"холодный цвет","negative"
"холодный","negative"
"холодок","negative"
"холокост","negative"
"холуй","negative"
"холуйский","negative"
"холуйство","negative"
"холуйствовать","negative"
"хомут","negative"
"хорошая мина при плохой игре","negative"
"хорошо видно","negative"
"хорошо знать","negative"
"хорошо известно","negative"
"хорошо известный","negative"
"хорошо не стало","negative"
"хотелось плеваться","negative"
"хотелось придушить","negative"
"хотеть больше","negative"
"хотеть большего","negative"
"хоть потоп","negative"
"хохмач","positive"
"хрень","negative"
"хрип","negative"
"хромоногость","negative"
"хрупкий","negative"
"хрупкость","negative"
"худенький","negative"
"художественная гимнастика","negative"
"худой","negative"
"худосочный","negative"
"худощавый","negative"
"хулиганье","negative"
"хулить","negative"
"хунта","negative"
"царский","positive"
"цвести","positive"
"цветастость","negative"
"цветастый","negative"
"цветистость","negative"
"цветистый","negative"
"цель преследовать","negative"
"цена идет вниз","negative"
"цена понизилась","negative"
"цена пошла вниз","negative"
"цена рухнула","negative"
"цена снизилась","negative"
"цена уменьшилась","negative"
"цена упала","negative"
"цензурный","positive"
"цениться","positive"
"ценная бумага","negative"
"ценности не представлять","negative"
"ценовой рост","negative"
"Центр безопасности","negative"
"Центр обороны и безопасности","negative"
"цены вздернулись","negative"
"цены взлетели","negative"
"цены возросли","negative"
"цены выросли","negative"
"цены повысились","negative"
"цены повышаются","negative"
"цены поднимаются","negative"
"цены поднялись","negative"
"цены подскочили","negative"
"цены растут","negative"
"цены увеличиваются","negative"
"цены увеличились","negative"
"цепляться","positive"
"цепная реакция","negative"
"чайник в деле","negative"
"чайник в области","negative"
"чары","positive"
"чваниться","negative"
"чванливость","negative"
"чванливый","negative"
"чванность","negative"
"чванный","negative"
"чванство","negative"
"чего-то не хватает","negative"
"человеческий разум","negative"
"человеческий","positive"
"чемодан без ручки","negative"
"червь","negative"
"червяк","negative"
"через одно место","negative"
"черная полоса в жизни","negative"
"черная полоса жизни","negative"
"черная экономика","negative"
"чернорубашечник","negative"
"черный бизнес","negative"
"черный возврат","negative"
"черный откат","negative"
"черный пиар","negative"
"черный рынок","negative"
"черствость","negative"
"черствый","negative"
"чертов","negative"
"чесоточный","negative"
"честно говоря","negative"
"честное слово","negative"
"честь","positive"
"чехарда","negative"
"чикаться","negative"
"чинить помехи","negative"
"чинить препоны","negative"
"чинить препятствия","negative"
"чиорт","negative"
"чистая случайность","negative"
"чистое совпадение","negative"
"чистота","positive"
"Чистые пруды","negative"
"чистый","positive"
"членовредительство","negative"
"чорт","negative"
"чревоугоднический","negative"
"чрезвычайная ситуация","negative"
"чрезвычайное происшествие","negative"
"чтиво","negative"
"что хочу то и ворочу","negative"
"чувства остыли","negative"
"чувства охладели","negative"
"чувствительность","negative"
"чувствительный","negative"
"чувство пустоты","negative"
"чувство раздвоения","negative"
"чувство раздражения","negative"
"чувство тяжести","negative"
"чудак","negative"
"чудаковатость","negative"
"чудаческий","negative"
"чудачество","negative"
"чудить","positive"
"чудной","positive"
"чужеродность","negative"
"чума","negative"
"чурбан неотесанный","negative"
"чутье","positive"
"шаблонность","negative"
"шаблонный","negative"
"шалава","negative"
"шансов нет","negative"
"шансов почти нет","negative"
"шансов совсем нет","negative"
"шаражкина контора","negative"
"шарашкина контора","negative"
"шаромыга","negative"
"шаромыжник","negative"
"шаромыжничать","negative"
"шашни","positive"
"швырять деньги","negative"
"швыряться деньгами","negative"
"шельма","negative"
"шельмец","negative"
"шибко","negative"
"шизоидный","negative"
"шкодничать","negative"
"школота","negative"
"шлюха","negative"
"шлюшка","negative"
"шляпа","negative"
"шмыгать носом","negative"
"шмыгнуть носом","negative"
"шнобелевка","negative"
"шовинизм","negative"
"шовинистический","negative"
"шовинистка","negative"
"шпынять","negative"
"штрафануть","negative"
"штрафование","negative"
"штурмовать позицию","negative"
"штурмовать укрепления","negative"
"штурмовой","negative"
"шумовое загрязнение","negative"
"шут","positive"
"шутить с огнем","negative"
"шутовство","negative"
"щекотание нервов","negative"
"щекотать нервы","negative"
"щекотливость","negative"
"щекотливый","negative"
"щенок","positive"
"щепетильность","positive"
"щепетильный","positive"
"эвакуационный","negative"
"эдипов комплекс","negative"
"эйфория закончилась","negative"
"эйфория ушла","negative"
"экзальтационный","negative"
"экзальтированность","negative"
"экзальтированный","negative"
"экзотика","negative"
"экзотический","negative"
"экзотичность","positive"
"экзотичный","positive"
"экономия на","negative"
"экотоксикант","negative"
"экспансия","negative"
"экспроприационный","negative"
"экспроприация","negative"
"экспроприировать","negative"
"экстаз","positive"
"экстатический","positive"
"экстравагантность","negative"
"экстравагантный","positive"
"экстрадировать","negative"
"экстраординарность","positive"
"экстраординарный","positive"
"экстремальный","positive"
"экстремистка","negative"
"экстремистский","negative"
"эксцентрический","positive"
"эксцентричность","negative"
"эксцентричный","positive"
"эксцесс","negative"
"эктремальность","negative"
"эмиграция","negative"
"эмоциональность","negative"
"эмоциональный","negative"
"энергичная частица","negative"
"энтомовредитель","negative"
"энурез","negative"
"энцефалит","negative"
"энцефалитный","negative"
"эпатаж","negative"
"эпатажный","negative"
"эпатирование","negative"
"эпидпорог","negative"
"эпизоотический","negative"
"эпизоотия","negative"
"эрзац","negative"
"эродировать","negative"
"эрозионный","negative"
"эрозия","negative"
"эротический","negative"
"эротичный","negative"
"эскалация","negative"
"этническая чистка","negative"
"этносепаратизм","negative"
"этноцентризм","negative"
"этноцентристский","negative"
"этноцентрический","negative"
"этноцид","negative"
"эффект нулевой","negative"
"Эхо Москвы","negative"
"ювелирный","positive"
"юдофоб","negative"
"юдофобия","negative"
"юдофобка","negative"
"юдофобский","negative"
"юмор плоский","negative"
"юморист","positive"
"юмористка","positive"
"ябедничанье","negative"
"явно лишний","negative"
"явность","negative"
"явный","negative"
"ядерные отходы","negative"
"язвенник","negative"
"язвенница","negative"
"язык силы","negative"
"языковой барьер","negative"
"яркий по свету","negative"
"яркий по цвету","negative"
"яркий свет","negative"
"яркий","positive"
"ярко выраженный","negative"
"яркость","positive"
"ярмо","negative"
"ящур","negative"
"ящурный","negative"
"абрикос","positive"
"автобусик","positive"
"авторитет","positive"
"авторитетность","positive"
"авторитетный","positive"
"авторство","positive"
"адаптация","positive"
"адаптивность","positive"
"адаптивный","positive"
"адаптированность","positive"
"адаптировать","positive"
"адекватность","positive"
"адекватный","positive"
"адреналин","positive"
"аист","positive"
"аквапарк","positive"
"акклиматизироваться","positive"
"аккуратист","positive"
"аккуратненький","positive"
"аккуратненько","positive"
"аккуратность","positive"
"аккуратный","positive"
"актив","positive"
"активизироваться","positive"
"активизм","positive"
"активист","positive"
"активистка","positive"
"активность","positive"
"активный","positive"
"актуализироваться","positive"
"актуальность","positive"
"актуальный","positive"
"акция","positive"
"аленький","positive"
"алмаз","positive"
"алфавит","positive"
"альтруизм","positive"
"альтруист","positive"
"альтруистически","positive"
"альтруистический","positive"
"амбарчик","positive"
"амбициозность","positive"
"амбициозный","positive"
"амбиция","positive"
"амнистия","positive"
"амулет","positive"
"амур","positive"
"амурный","positive"
"анализировать","positive"
"ангел","positive"
"ангелок","positive"
"ангелочек","positive"
"ангельски","positive"
"ангельский","positive"
"анекдот","positive"
"анекдотец","positive"
"анекдотический","positive"
"анекдотичный","positive"
"антибактериальный","positive"
"антивирус","positive"
"антивоенный","positive"
"антидот","positive"
"антикоррозионный","positive"
"антимонопольный","positive"
"антиоксидант","positive"
"антисептик","positive"
"антитеррор","positive"
"антитоксический","positive"
"антифашизм","positive"
"антифашист","positive"
"аншлаг","positive"
"апгрейд","positive"
"аплодировать","positive"
"аплодисменты","positive"
"апостол","positive"
"аппетит","positive"
"аппетитность","positive"
"аппетитный","positive"
"аптечка","positive"
"арбуз","positive"
"аргументированность","positive"
"аргументированный","positive"
"аристократичный","positive"
"аромат","positive"
"ароматерапия","positive"
"ароматический","positive"
"ароматичность","positive"
"ароматичный","positive"
"ароматный","positive"
"артистизм","positive"
"артистически","positive"
"артистический","positive"
"артистичность","positive"
"артистичный","positive"
"архангел","positive"
"архангельский","positive"
"архиважный","positive"
"ас","positive"
"аскорбинка","positive"
"атлет","positive"
"атлетика","positive"
"аттракцион","positive"
"бабочка","positive"
"бабулька","positive"
"бабуля","positive"
"бабуся","positive"
"бабушка","positive"
"бал-маскарад","positive"
"балдёж","positive"
"балет","positive"
"банкет","positive"
"бантик","positive"
"банька","positive"
"барашек","positive"
"бархатистость","positive"
"бархатистый","positive"
"бархатность","positive"
"бархатный","positive"
"батенька","positive"
"батько","positive"
"батюшка","positive"
"батя","positive"
"башковитость","positive"
"башковитый","positive"
"баюкать","positive"
"бдительность","positive"
"бдительный","positive"
"бегемотик","positive"
"безаварийный","positive"
"безбедный","positive"
"безболезненность","positive"
"безболезненный","positive"
"безбоязненность","positive"
"безбоязненный","positive"
"безвинность","positive"
"безвинный","positive"
"безвозмездный","positive"
"безвредность","positive"
"безвредный","positive"
"безгреховный","positive"
"безгрешность","positive"
"безгрешный","positive"
"бездефицитный","positive"
"беззлобность","positive"
"беззлобный","positive"
"безмятежный","positive"
"безобидность","positive"
"безобидный","positive"
"безоблачность","positive"
"безопасность","positive"
"безопасный","positive"
"безотходный","positive"
"безошибочность","positive"
"безошибочный","positive"
"безукоризненность","positive"
"безукоризненный","positive"
"безупречность","positive"
"безупречный","positive"
"безустанный","positive"
"белозубый","positive"
"белоснежность","positive"
"белоснежный","positive"
"белочка","positive"
"бельчонок","positive"
"беляш","positive"
"бережение","positive"
"бережливость","positive"
"бережливый","positive"
"бережность","positive"
"бережный","positive"
"бережёный","positive"
"беременная","positive"
"беременный","positive"
"беречь","positive"
"беречься","positive"
"бесконфликтность","positive"
"бескорыстие","positive"
"бескорыстность","positive"
"бескорыстный","positive"
"бескризисный","positive"
"бесперебойность","positive"
"беспечальный","positive"
"бесплатность","positive"
"бесплатный","positive"
"бесподобность","positive"
"бесподобный","positive"
"беспорочно","positive"
"беспорочность","positive"
"беспорочный","positive"
"беспроигрышность","positive"
"беспроигрышный","positive"
"бесстрашие","positive"
"бесстрашный","positive"
"бестселлер","positive"
"бесхитростность","positive"
"бесхитростный","positive"
"бесценность","positive"
"бесценный","positive"
"бешбармак","positive"
"библиотека","positive"
"библия","positive"
"бизнес-класс","positive"
"бизнес-школа","positive"
"бинго","positive"
"биозащита","positive"
"биотопливо","positive"
"бисквит","positive"
"благовест","positive"
"благовествовать","positive"
"благовестник","positive"
"благовещение","positive"
"благовидный","positive"
"благоволить","positive"
"благовоние","positive"
"благовонный","positive"
"благовоспитанность","positive"
"благовоспитанный","positive"
"благовремение","positive"
"благовременный","positive"
"благоговейный","positive"
"благоговение","positive"
"благоговеть","positive"
"благодарение","positive"
"благодарить","positive"
"благодарность","positive"
"благодарный","positive"
"благодарственный","positive"
"благодарствовать","positive"
"благодатный","positive"
"благодать","positive"
"благоденствовать","positive"
"благодетель","positive"
"благодетельница","positive"
"благодетельность","positive"
"благодетельный","positive"
"благодетельствовать","positive"
"благодеяние","positive"
"благодушествовать","positive"
"благодушие","positive"
"благодушный","positive"
"благожелатель","positive"
"благожелательность","positive"
"благожелательный","positive"
"благозвучие","positive"
"благозвучность","positive"
"благозвучный","positive"
"благой","positive"
"благомыслящий","positive"
"благонадёжность","positive"
"благонадёжный","positive"
"благонамеренность","positive"
"благонамеренный","positive"
"благонравие","positive"
"благонравный","positive"
"благообразие","positive"
"благообразность","positive"
"благообразный","positive"
"благополучие","positive"
"благополучность","positive"
"благополучный","positive"
"благоприличие","positive"
"благоприобретенный","positive"
"благопристойность","positive"
"благопристойный","positive"
"благоприятность","positive"
"благоприятный","positive"
"благоприятствование","positive"
"благоприятствовать","positive"
"благоразумие","positive"
"благоразумность","positive"
"благоразумный","positive"
"благорасположение","positive"
"благорасположенность","positive"
"благородие","positive"
"благородить","positive"
"благороднейший","positive"
"благородность","positive"
"благородный","positive"
"благородство","positive"
"благосклонность","positive"
"благосклонный","positive"
"благословение","positive"
"благословенный","positive"
"благословить","positive"
"благословиться","positive"
"благословление","positive"
"благословлять","positive"
"благословляться","positive"
"благосостояние","positive"
"благостность","positive"
"благостный","positive"
"благотворение","positive"
"благотворитель","positive"
"благотворительница","positive"
"благотворительность","positive"
"благотворительный","positive"
"благотворить","positive"
"благотворность","positive"
"благотворный","positive"
"благоусмотрение","positive"
"благоустраивать","positive"
"благоустроенность","positive"
"благоустроить","positive"
"благоустройство","positive"
"благоухание","positive"
"благоуханный","positive"
"благоухать","positive"
"благочестивый","positive"
"благочестие","positive"
"блаженный","positive"
"блаженство","positive"
"блаженствовать","positive"
"блеск","positive"
"блеснуть","positive"
"блестящий","positive"
"близкий","positive"
"близкородственный","positive"
"близняшка","positive"
"близость","positive"
"блинчик","positive"
"блистание","positive"
"блистательность","positive"
"блистательный","positive"
"блистать","positive"
"блюсти","positive"
"блюстительница","positive"
"бог","positive"
"богатейший","positive"
"богатеть","positive"
"богатить","positive"
"богатство","positive"
"богатый","positive"
"богатырски","positive"
"богатырский","positive"
"богатырь","positive"
"богиня","positive"
"боговдохновенный","positive"
"богоданный","positive"
"богоматерь","positive"
"богоподобный","positive"
"богоравный","positive"
"богородица","positive"
"богословие","positive"
"богослужение","positive"
"богоспасаемый","positive"
"боготворить","positive"
"богоугодный","positive"
"богочеловек","positive"
"бодренький","positive"
"бодрить","positive"
"бодриться","positive"
"бодрость","positive"
"бодрствование","positive"
"бодрствовать","positive"
"бодрый","positive"
"бодряцкий","positive"
"бодрячок","positive"
"боеспособность","positive"
"боеспособный","positive"
"боженька","positive"
"божеский","positive"
"божественность","positive"
"божественный","positive"
"божий","positive"
"бой-баба","positive"
"бойкий","positive"
"бойкость","positive"
"бойфренд","positive"
"болельщица","positive"
"болеутоляющий","positive"
"бонус","positive"
"борщ","positive"
"бравый","positive"
"бракосочетание","positive"
"брат","positive"
"братан","positive"
"братание","positive"
"брататься","positive"
"брательник","positive"
"братец","positive"
"братик","positive"
"братишка","positive"
"браток","positive"
"братолюбие","positive"
"братски","positive"
"братский","positive"
"братство","positive"
"брауни","positive"
"бриз","positive"
"бриллиантовый","positive"
"брильянт","positive"
"брильянтовый","positive"
"бро","positive"
"бронежилет","positive"
"бронезащита","positive"
"брошечка","positive"
"брусника","positive"
"брутальный","positive"
"букет","positive"
"букетик","positive"
"булочка","positive"
"бульончик","positive"
"бурундучок","positive"
"бурёнка","positive"
"бутончик","positive"
"буфетик","positive"
"быстродействие","positive"
"быстродействующий","positive"
"быстрокрылый","positive"
"быстроногий","positive"
"быстроходность","positive"
"быстроходный","positive"
"важнейший","positive"
"важность","positive"
"важный","positive"
"вакцина","positive"
"вакцинация","positive"
"валеночки","positive"
"валентинка","positive"
"вальс","positive"
"ванилин","positive"
"ваниль","positive"
"вареники","positive"
"варенье","positive"
"василёк","positive"
"ватрушка","positive"
"вафля","positive"
"вволю","positive"
"вдоволь","positive"
"вдохновение","positive"
"вдохновенность","positive"
"вдохновенный","positive"
"вдохновитель","positive"
"вдохновительница","positive"
"вдохновить","positive"
"вдохновиться","positive"
"вдохновлять","positive"
"вдохновляться","positive"
"вдохнуть","positive"
"вдуматься","positive"
"вдумчивость","positive"
"вдумчивый","positive"
"вдумываться","positive"
"ведать","positive"
"вежливость","positive"
"вежливый","positive"
"везение","positive"
"везуха","positive"
"везучий","positive"
"великий","positive"
"великодержавность","positive"
"великодержавный","positive"
"великодушие","positive"
"великодушничать","positive"
"великодушный","positive"
"великокняжеский","positive"
"великолепие","positive"
"великолепный","positive"
"великородный","positive"
"великороссийский","positive"
"великость","positive"
"величавость","positive"
"величавый","positive"
"величайший","positive"
"величальный","positive"
"величание","positive"
"величать","positive"
"величаться","positive"
"величественность","positive"
"величественный","positive"
"величие","positive"
"велосипедик","positive"
"велоспорт","positive"
"венценосный","positive"
"венчальный","positive"
"венчание","positive"
"венчать","positive"
"венчаться","positive"
"вера","positive"
"верблюжонок","positive"
"верить","positive"
"вериться","positive"
"вернейший","positive"
"верноподданная","positive"
"верноподданность","positive"
"верноподданный","positive"
"верность","positive"
"вернуть","positive"
"верный","positive"
"верняк","positive"
"вероучитель","positive"
"вершить","positive"
"веселеть","positive"
"веселить","positive"
"веселиться","positive"
"веселье","positive"
"весельчак","positive"
"весенний","positive"
"весна","positive"
"весточка","positive"
"весёленький","positive"
"весёлость","positive"
"весёлый","positive"
"ветврач","positive"
"ветеран","positive"
"ветеринар","positive"
"ветеринария","positive"
"ветерок","positive"
"ветклиника","positive"
"ветлечебница","positive"
"вечеринка","positive"
"вечерок","positive"
"вживую","positive"
"взаимность","positive"
"взаимный","positive"
"взаимовыгодный","positive"
"взаимовыручка","positive"
"взаимодействие","positive"
"взаимодополняемость","positive"
"взаимопомощь","positive"
"взаимопонимание","positive"
"взаимоприемлемый","positive"
"взаимосвязь","positive"
"взаимоуважение","positive"
"взаправду","positive"
"взбадривать","positive"
"взбадриваться","positive"
"взбодрить","positive"
"взбодриться","positive"
"взлёт","positive"
"взойти","positive"
"взрастать","positive"
"взрастить","positive"
"видеть","positive"
"виднейший","positive"
"видный","positive"
"виктория","positive"
"виноградинка","positive"
"виртуоз","positive"
"виртуозка","positive"
"виртуозничать","positive"
"виртуозность","positive"
"виртуозный","positive"
"витамин","positive"
"витаминный","positive"
"витаминотерапия","positive"
"витязь","positive"
"вишенка","positive"
"вишня","positive"
"вклад","positive"
"вкладывать","positive"
"включиться","positive"
"вкуснейший","positive"
"вкусненький","positive"
"вкуснота","positive"
"вкусный","positive"
"вкуснятина","positive"
"вкусняшка","positive"
"вкушать","positive"
"вкушение","positive"
"влечение","positive"
"влиятельный","positive"
"влюбить","positive"
"влюбиться","positive"
"влюбление","positive"
"влюблять","positive"
"влюбляться","positive"
"влюблённость","positive"
"влюбчивость","positive"
"вменяемость","positive"
"вместе","positive"
"вместительный","positive"
"вникание","positive"
"вникать","positive"
"вникнуть","positive"
"внимательность","positive"
"внимательный","positive"
"внимать","positive"
"внук","positive"
"внученька","positive"
"внучка","positive"
"внучок","positive"
"внучонок","positive"
"внушительный","positive"
"внятность","positive"
"внятный","positive"
"внять","positive"
"вовлечённость","positive"
"вовремя","positive"
"водичка","positive"
"водолечебница","positive"
"водонепроницаемость","positive"
"водостойкий","positive"
"воедино","positive"
"вожак","positive"
"вожделенный","positive"
"возблагодарить","positive"
"возбуждать","positive"
"возбуждение","positive"
"возвеличиться","positive"
"возвеселиться","positive"
"возводить","positive"
"возвысить","positive"
"возвыситься","positive"
"возвышать","positive"
"возвышение","positive"
"возгласить","positive"
"воздать","positive"
"воздвигать","positive"
"воздвигаться","positive"
"воздвигнуть","positive"
"воздвигнуться","positive"
"воздвижение","positive"
"возделать","positive"
"возделывать","positive"
"воздыхание","positive"
"воздыхатель","positive"
"возликовать","positive"
"возлюбить","positive"
"возместить","positive"
"возмечтать","positive"
"возмещать","positive"
"возможность","positive"
"возмочь","positive"
"возмужалость","positive"
"возмужание","positive"
"возмужать","positive"
"вознаградить","positive"
"вознаграждать","positive"
"вознаграждение","positive"
"вознесение","positive"
"вознести","positive"
"вознестись","positive"
"возносить","positive"
"возноситься","positive"
"возношение","positive"
"возобновить","positive"
"возобновление","positive"
"возобновлять","positive"
"возобновляться","positive"
"возрадоваться","positive"
"возрастать","positive"
"возродить","positive"
"возродиться","positive"
"возрождать","positive"
"возрождаться","positive"
"возрождение","positive"
"воистину","positive"
"волевой","positive"
"волонтёр","positive"
"волонтёрский","positive"
"волшебник","positive"
"волшебница","positive"
"волшебный","positive"
"волшебство","positive"
"вольная","positive"
"вольнолюбивый","positive"
"вольнолюбие","positive"
"вольный","positive"
"воля","positive"
"воображение","positive"
"вообразить","positive"
"воодушевить","positive"
"воодушевиться","positive"
"воодушевление","positive"
"воодушевлять","positive"
"воодушевляться","positive"
"воплотить","positive"
"воплощать","positive"
"воркование","positive"
"воркованье","positive"
"ворковать","positive"
"воробушек","positive"
"воробышек","positive"
"воронёнок","positive"
"воскресать","positive"
"воскресение","positive"
"воскресенье","positive"
"воскреситель","positive"
"воскресить","positive"
"воскреснуть","positive"
"воскресный","positive"
"воскрешать","positive"
"воскрешение","positive"
"воспарить","positive"
"воспевание","positive"
"воспевать","positive"
"воспеть","positive"
"воспитание","positive"
"воспитанность","positive"
"воспитанный","positive"
"воспитанье","positive"
"воспитатель","positive"
"воспитательница","positive"
"воспитательный","positive"
"воспитать","positive"
"воспитаться","positive"
"воспитывать","positive"
"воспитываться","positive"
"восполнение","positive"
"восполнить","positive"
"восполниться","positive"
"восполнять","positive"
"восполняться","positive"
"воспрянуть","positive"
"воссиять","positive"
"восславить","positive"
"восславлять","positive"
"воссоединение","positive"
"воссоединить","positive"
"воссоединиться","positive"
"воссоединяться","positive"
"воссоздавать","positive"
"воссоздаваться","positive"
"воссоздание","positive"
"восстанавливать","positive"
"восстанавливаться","positive"
"восстановитель","positive"
"восстановительный","positive"
"восстановить","positive"
"восстановиться","positive"
"восстановление","positive"
"восторг","positive"
"восторгать","positive"
"восторгаться","positive"
"восторженность","positive"
"восторженный","positive"
"восторжествовать","positive"
"востребованность","positive"
"вострепетать","positive"
"восхваление","positive"
"восхвалить","positive"
"восхвалять","positive"
"восхитительность","positive"
"восхитительный","positive"
"восхитить","positive"
"восхититься","positive"
"восхищать","positive"
"восхищаться","positive"
"восхищение","positive"
"восхищённый","positive"
"восход","positive"
"восходить","positive"
"восходящий","positive"
"восхождение","positive"
"восчувствовать","positive"
"впечатление","positive"
"впечатлительность","positive"
"впечатлять","positive"
"впечатляющий","positive"
"впопад","positive"
"вправду","positive"
"вприпрыжечку","positive"
"вприпрыжку","positive"
"вразумительность","positive"
"вразумительный","positive"
"вразумить","positive"
"вразумление","positive"
"вразумлять","positive"
"врач","positive"
"врачеватель","positive"
"врачевать","positive"
"врубиться","positive"
"вручать","positive"
"вручение","positive"
"всеблагой","positive"
"всеведущий","positive"
"всевозможный","positive"
"всевышний","positive"
"всеединство","positive"
"всезнайка","positive"
"всезнание","positive"
"всезнающий","positive"
"вселиться","positive"
"всемилостивейший","positive"
"всемилостивый","positive"
"всемогущий","positive"
"всепобеждающий","positive"
"всепонимание","positive"
"всепрощающий","positive"
"всепрощение","positive"
"всесильный","positive"
"всесторонний","positive"
"всесторонность","positive"
"вскармливать","positive"
"всласть","positive"
"вспархивать","positive"
"вспомогательный","positive"
"вспорхнуть","positive"
"вступаться","positive"
"вступиться","positive"
"всходить","positive"
"всходы","positive"
"втрескаться","positive"
"втридешева","positive"
"втюриться","positive"
"вуз","positive"
"вундеркинд","positive"
"вчистую","positive"
"вчитаться","positive"
"вчувствоваться","positive"
"выбираться","positive"
"выбраться","positive"
"выверенность","positive"
"выговариваться","positive"
"выговориться","positive"
"выгода","positive"
"выгодность","positive"
"выгодный","positive"
"выдержанность","positive"
"выдержать","positive"
"выдержка","positive"
"выжить","positive"
"вызволить","positive"
"вызволять","positive"
"выздоравливать","positive"
"выздороветь","positive"
"выздоровление","positive"
"выиграть","positive"
"выигрывать","positive"
"выигрываться","positive"
"выигрыш","positive"
"выигрышный","positive"
"выкарабкаться","positive"
"выкарабкиваться","positive"
"выкармливание","positive"
"выкармливать","positive"
"выкладываться","positive"
"выкормить","positive"
"вылечивать","positive"
"вылечиваться","positive"
"вылечить","positive"
"вылечиться","positive"
"выложиться","positive"
"вымыться","positive"
"выносливость","positive"
"выносливый","positive"
"вынянчить","positive"
"выпекать","positive"
"выпечка","positive"
"выплыть","positive"
"выплясывать","positive"
"выполнение","positive"
"выполнимость","positive"
"выполнимый","positive"
"выправить","positive"
"выправиться","positive"
"выправляться","positive"
"выпрямиться","positive"
"выпускник","positive"
"выпускной","positive"
"выпутаться","positive"
"выразительность","positive"
"выразительный","positive"
"вырастать","positive"
"вырастить","positive"
"выращивать","positive"
"вырваться","positive"
"выровняться","positive"
"вырулить","positive"
"выручать","positive"
"выручить","positive"
"выручка","positive"
"высвободить","positive"
"высвободиться","positive"
"высвобождать","positive"
"высвобождаться","positive"
"высвобождение","positive"
"выслуга","positive"
"выслушать","positive"
"выслушивать","positive"
"высокоактивный","positive"
"высокоблагородие","positive"
"высокодоходный","positive"
"высококачественный","positive"
"высококвалифицированный","positive"
"высококлассный","positive"
"высоконравственный","positive"
"высокообразованный","positive"
"высокоодарённый","positive"
"высокооплачиваемый","positive"
"высокопревосходительство","positive"
"высокопродуктивный","positive"
"высокопроизводительный","positive"
"высокоразвитый","positive"
"высокородный","positive"
"высокосортный","positive"
"высокоторжественный","positive"
"высокоуважаемый","positive"
"высокоурожайный","positive"
"высокохудожественный","positive"
"высокочтимый","positive"
"высокоэффективный","positive"
"высочайший","positive"
"высочество","positive"
"выспаться","positive"
"выстоять","positive"
"выстроить","positive"
"высший","positive"
"высыпаться","positive"
"выучивать","positive"
"выучиваться","positive"
"выучить","positive"
"выучиться","positive"
"выхаживать","positive"
"гала-концерт","positive"
"галантность","positive"
"галантный","positive"
"галчонок","positive"
"гарант","positive"
"гарантировать","positive"
"гарантия","positive"
"гармонизация","positive"
"гармонизировать","positive"
"гармоника","positive"
"гармонировать","positive"
"гармонист","positive"
"гармонически","positive"
"гармонический","positive"
"гармоничность","positive"
"гармоничный","positive"
"гармония","positive"
"гематоген","positive"
"генерировать","positive"
"гениальность","positive"
"гениальный","positive"
"гений","positive"
"геркулесовский","positive"
"героизм","positive"
"героиня","positive"
"героически","positive"
"героический","positive"
"герой","positive"
"геройски","positive"
"геройский","positive"
"геройство","positive"
"геройствовать","positive"
"гибкость","positive"
"гигиена","positive"
"гигиеничный","positive"
"гидромассаж","positive"
"гимнастика","positive"
"гимнастка","positive"
"гитара","positive"
"гладить","positive"
"глазик","positive"
"глазурь","positive"
"глубокомысленность","positive"
"глубокомысленный","positive"
"глубокомыслие","positive"
"глубокоуважаемый","positive"
"гнёздышко","positive"
"годиться","positive"
"годность","positive"
"годный","positive"
"годовщина","positive"
"гол","positive"
"головастый","positive"
"головокружительный","positive"
"головушка","positive"
"голосистый","positive"
"голосок","positive"
"голосочек","positive"
"голубика","positive"
"голубить","positive"
"голубушка","positive"
"голубчик","positive"
"гонорар","positive"
"гордиться","positive"
"гордо","positive"
"гордость","positive"
"горноспасательный","positive"
"господдержка","positive"
"господь","positive"
"гостеприимность","positive"
"гостеприимный","positive"
"гостеприимство","positive"
"гостинец","positive"
"готовить","positive"
"готовность","positive"
"готовый","positive"
"градостроитель","positive"
"грамота","positive"
"грамотей","positive"
"грамотность","positive"
"гран-при","positive"
"гранд","positive"
"гранд-отель","positive"
"грандиозность","positive"
"грандиозный","positive"
"грациозность","positive"
"грациозный","positive"
"грация","positive"
"греть","positive"
"греться","positive"
"грёза","positive"
"гугол","positive"
"гуляние","positive"
"гуляш","positive"
"гуманизация","positive"
"гуманизм","positive"
"гуманист","positive"
"гуманистический","positive"
"гуманность","positive"
"гуманный","positive"
"гурман","positive"
"гуру","positive"
"гусёнок","positive"
"дальновидение","positive"
"дальновидность","positive"
"дальновидный","positive"
"дар","positive"
"дарение","positive"
"даритель","positive"
"дарительница","positive"
"дарить","positive"
"дарование","positive"
"даровать","positive"
"даровитый","positive"
"даровой","positive"
"даром","positive"
"дарохранительница","positive"
"дарственная","positive"
"дарственный","positive"
"дарёный","positive"
"движуха","positive"
"дворяночка","positive"
"дебют","positive"
"дебютировать","positive"
"девичник","positive"
"девонька","positive"
"девушка","positive"
"девчата","positive"
"девчоночка","positive"
"девчушка","positive"
"дедуля","positive"
"дедушка","positive"
"дееспособность","positive"
"дееспособный","positive"
"дезинфекционный","positive"
"дезинфекция","positive"
"дезинфицировать","positive"
"дезинфицирующий","positive"
"действенность","positive"
"действенный","positive"
"деколонизация","positive"
"декорирование","positive"
"декорировать","positive"
"деликатес","positive"
"деликатесный","positive"
"деликатность","positive"
"деликатный","positive"
"делиться","positive"
"деловитый","positive"
"дельность","positive"
"дельный","positive"
"дельфинарий","positive"
"дельфинчик","positive"
"дельфинёнок","positive"
"демобилизоваться","positive"
"демократический","positive"
"демократичность","positive"
"демократичный","positive"
"денежка","positive"
"деньжата","positive"
"деньжища","positive"
"денёк","positive"
"денёчек","positive"
"деревенька","positive"
"деревцо","positive"
"дерзать","positive"
"десерт","positive"
"десертный","positive"
"десятибалльный","positive"
"детальность","positive"
"детвора","positive"
"детинушка","positive"
"детишки","positive"
"детка","positive"
"детоксикация","positive"
"деточка","positive"
"детсад","positive"
"детсадик","positive"
"детство","positive"
"детёныш","positive"
"деятельность","positive"
"деятельный","positive"
"джаз","positive"
"джакузи","positive"
"джедай","positive"
"джекпот","positive"
"джем","positive"
"джентльмен","positive"
"джентльменски","positive"
"джентльменский","positive"
"джентльменство","positive"
"джигит","positive"
"дзен","positive"
"диванчик","positive"
"дивиться","positive"
"дивный","positive"
"диво","positive"
"диковинный","positive"
"динамичность","positive"
"динамичный","positive"
"динозаврик","positive"
"диплом","positive"
"дипломатичность","positive"
"дипломатичный","positive"
"дискотека","positive"
"дисциплина","positive"
"дисциплинарный","positive"
"дисциплинированность","positive"
"дисциплинировать","positive"
"дитя","positive"
"дитятко","positive"
"дитё","positive"
"днюха","positive"
"добиваться","positive"
"добиться","positive"
"доблестный","positive"
"доблесть","positive"
"добраться","positive"
"добрейший","positive"
"добренький","positive"
"добреть","positive"
"доброволец","positive"
"добровольность","positive"
"добровольный","positive"
"добровольческий","positive"
"добровольчество","positive"
"добродетель","positive"
"добродетельность","positive"
"добродетельный","positive"
"добродушие","positive"
"добродушный","positive"
"доброжелатель","positive"
"доброжелательница","positive"
"доброжелательность","positive"
"доброжелательный","positive"
"доброжелательство","positive"
"доброжелательствовать","positive"
"доброкачественность","positive"
"доброкачественный","positive"
"добронравие","positive"
"добропорядочность","positive"
"добропорядочный","positive"
"добросердечие","positive"
"добросердечность","positive"
"добросердечный","positive"
"добросовестность","positive"
"добросовестный","positive"
"добрососедский","positive"
"добрососедство","positive"
"доброта","positive"
"добротность","positive"
"добротный","positive"
"добрый","positive"
"добряк","positive"
"добрячок","positive"
"добывать","positive"
"добытчик","positive"
"добытчица","positive"
"добыть","positive"
"добыча","positive"
"доверенность","positive"
"доверие","positive"
"доверитель","positive"
"доверительность","positive"
"доверительный","positive"
"доверить","positive"
"довериться","positive"
"доверчивость","positive"
"довершить","positive"
"доверять","positive"
"доверяться","positive"
"довольный","positive"
"довольствие","positive"
"довольство","positive"
"довольствоваться","positive"
"догадаться","positive"
"догадливость","positive"
"догадливый","positive"
"договариваться","positive"
"договориться","positive"
"догонялки","positive"
"доделать","positive"
"додумать","positive"
"додуматься","positive"
"додумываться","positive"
"дождичек","positive"
"дожить","positive"
"дозволение","positive"
"дозволить","positive"
"дозревать","positive"
"дозрелый","positive"
"доказательство","positive"
"доктор","positive"
"долговечность","positive"
"долговечный","positive"
"долгожданный","positive"
"долгожитель","positive"
"долгожительство","positive"
"долголетие","positive"
"долголетний","positive"
"долготерпеливый","positive"
"долготерпение","positive"
"долететь","positive"
"долечивание","positive"
"долечиваться","positive"
"долечить","positive"
"долечиться","positive"
"дом","positive"
"домашний","positive"
"домик","positive"
"домовитость","positive"
"домовитый","positive"
"домоводство","positive"
"донор","positive"
"донорство","positive"
"доподлинный","positive"
"дополнить","positive"
"дополнять","positive"
"доработать","positive"
"дорогой","positive"
"дороженька","positive"
"дорожить","positive"
"доскональность","positive"
"доскональный","positive"
"дослужиться","positive"
"дослушать","positive"
"дослушивать","positive"
"доспать","positive"
"доспевать","positive"
"доспеть","positive"
"достаток","positive"
"достаточность","positive"
"достаточный","positive"
"достигать","positive"
"достигнуть","positive"
"достижение","positive"
"достижимость","positive"
"достижимый","positive"
"достичь","positive"
"достоверность","positive"
"достоверный","positive"
"достоинство","positive"
"достойнейший","positive"
"достойный","positive"
"достопочтенный","positive"
"достопримечательность","positive"
"достопримечательный","positive"
"достоуважаемый","positive"
"достояние","positive"
"достроить","positive"
"доступный","positive"
"досуг","positive"
"досыпать","positive"
"досыта","positive"
"доучиваться","positive"
"доучить","positive"
"доучиться","positive"
"доход","positive"
"доходность","positive"
"доходный","positive"
"доходчивость","positive"
"доходчивый","positive"
"доченька","positive"
"дочиста","positive"
"дочитать","positive"
"дочитывать","positive"
"дочка","positive"
"дочурка","positive"
"дочь","positive"
"драгоценность","positive"
"драгоценный","positive"
"дражайший","positive"
"драйв","positive"
"драконоборец","positive"
"дракончик","positive"
"драмтеатр","positive"
"друг","positive"
"друг-приятель","positive"
"друган","positive"
"дружба","positive"
"дружбан","positive"
"дружелюбие","positive"
"дружелюбность","positive"
"дружелюбный","positive"
"дружески","positive"
"дружеский","positive"
"дружественность","positive"
"дружественный","positive"
"дружество","positive"
"дружина","positive"
"дружинник","positive"
"дружинный","positive"
"дружить","positive"
"дружиться","positive"
"дружище","positive"
"дружный","positive"
"дружок","positive"
"дружочек","positive"
"думать","positive"
"духовность","positive"
"духовный","positive"
"душа","positive"
"душевность","positive"
"душевный","positive"
"душегрея","positive"
"душенька","positive"
"душеполезный","positive"
"душеспасительный","positive"
"душечка","positive"
"душещипательный","positive"
"душистый","positive"
"дынька","positive"
"дышать","positive"
"дядечка","positive"
"дядюшка","positive"
"еда","positive"
"единение","positive"
"единоверный","positive"
"единогласие","positive"
"единодушие","positive"
"единодушный","positive"
"единомыслие","positive"
"единомышленник","positive"
"единомышленница","positive"
"единорог","positive"
"единство","positive"
"ежевика","positive"
"ежонок","positive"
"енот","positive"
"ералаш","positive"
"естественность","positive"
"жаловать","positive"
"жар-птица","positive"
"жаропонижающий","positive"
"жаропрочный","positive"
"жаростойкий","positive"
"желание","positive"
"желанность","positive"
"желанный","positive"
"желательность","positive"
"желательный","positive"
"жемчужина","positive"
"жемчужинка","positive"
"жемчужный","positive"
"жена","positive"
"женитьба","positive"
"жениться","positive"
"жених","positive"
"женолюб","positive"
"женолюбие","positive"
"женственность","positive"
"женственный","positive"
"женщина","positive"
"жеребёночек","positive"
"жертвенность","positive"
"жертвователь","positive"
"живенько","positive"
"живительный","positive"
"живой","positive"
"живописание","positive"
"живописать","positive"
"живописность","positive"
"живописный","positive"
"живопись","positive"
"живость","positive"
"животворить","positive"
"животворный","positive"
"животик","positive"
"животновод","positive"
"живучесть","positive"
"живучий","positive"
"живчик","positive"
"жизнелюб","positive"
"жизнелюбец","positive"
"жизнелюбие","positive"
"жизненность","positive"
"жизненный","positive"
"жизнеобеспечение","positive"
"жизнерадостность","positive"
"жизнерадостный","positive"
"жизнеспособность","positive"
"жизнеспособный","positive"
"жизнестойкость","positive"
"жизнеутверждающий","positive"
"жизнь","positive"
"жилище","positive"
"жильё","positive"
"жить","positive"
"жонглёр","positive"
"журавлик","positive"
"жёнушка","positive"
"зааплодировать","positive"
"забава","positive"
"забавить","positive"
"забавлять","positive"
"забавляться","positive"
"забавность","positive"
"забавный","positive"
"забеременеть","positive"
"заблаговременный","positive"
"заблестеть","positive"
"заблистать","positive"
"забота","positive"
"заботить","positive"
"заботиться","positive"
"заботливость","positive"
"заботливый","positive"
"заветный","positive"
"завидный","positive"
"завлекательность","positive"
"завлекательный","positive"
"заводила","positive"
"заводной","positive"
"завораживать","positive"
"завораживающе","positive"
"завтрак","positive"
"загладить","positive"
"заглаживать","positive"
"загляденье","positive"
"задабривать","positive"
"задаривать","positive"
"задарить","positive"
"задаром","positive"
"задешево","positive"
"задобрить","positive"
"задор","positive"
"задорный","positive"
"задушевность","positive"
"задушевный","positive"
"задышать","positive"
"заедино","positive"
"зажечься","positive"
"заживать","positive"
"заживить","positive"
"заживление","positive"
"заживлять","positive"
"зажигательный","positive"
"зажиточность","positive"
"зажить","positive"
"заиграть","positive"
"заигрывать","positive"
"заигрывающе","positive"
"заинтересованность","positive"
"заинтересовать","positive"
"заинтересоваться","positive"
"заинтересовывать","positive"
"заинтересовываться","positive"
"заинтриговать","positive"
"заискриться","positive"
"зайка","positive"
"зайчик","positive"
"зайчишка","positive"
"зайчонок","positive"
"закадычный","positive"
"закаливание","positive"
"закаливать","positive"
"закалить","positive"
"закалиться","positive"
"закалка","positive"
"закалять","positive"
"закаляться","positive"
"закалённость","positive"
"законнорождённый","positive"
"законность","positive"
"законный","positive"
"законопослушание","positive"
"законопослушность","positive"
"законопослушный","positive"
"закусон","positive"
"закусочка","positive"
"заладить","positive"
"заладиться","positive"
"залатать","positive"
"залечивание","positive"
"залечивать","positive"
"залечить","positive"
"залюбоваться","positive"
"заманчивость","positive"
"заманчивый","positive"
"замечательный","positive"
"замириться","positive"
"замолвить","positive"
"замужем","positive"
"замурлыкать","positive"
"замурчать","positive"
"заначка","positive"
"занимательность","positive"
"занимательный","positive"
"занятие","positive"
"занятный","positive"
"запас","positive"
"запасать","positive"
"запасаться","positive"
"запасливость","positive"
"запасливый","positive"
"запасти","positive"
"запастись","positive"
"запевать","positive"
"запестреть","positive"
"заповедник","positive"
"заповедный","positive"
"заповедь","positive"
"запоминаемость","positive"
"запоминание","positive"
"запорхать","positive"
"запросто","positive"
"зарабатывание","positive"
"зарабатывать","positive"
"заработать","positive"
"заработный","positive"
"заработок","positive"
"зарекомендовать","positive"
"зародиться","positive"
"зарождать","positive"
"зарождаться","positive"
"зарождение","positive"
"зарплата","positive"
"зарубцеваться","positive"
"зарумяниться","positive"
"заручаться","positive"
"заручиться","positive"
"заря","positive"
"зарядиться","positive"
"зарядка","positive"
"заряжаться","positive"
"заряженность","positive"
"засверкать","positive"
"засиять","positive"
"заслуга","positive"
"заслуживать","positive"
"заслужить","positive"
"заслушаться","positive"
"заслушиваться","positive"
"засмеяться","positive"
"застолье","positive"
"застраховаться","positive"
"застраховывать","positive"
"заступаться","positive"
"заступиться","positive"
"заступление","positive"
"заступник","positive"
"заступница","positive"
"заступничество","positive"
"затанцевать","positive"
"затейливый","positive"
"затейница","positive"
"затеплить","positive"
"затеплиться","positive"
"затискать","positive"
"затрепетать","positive"
"заулыбаться","positive"
"заулюлюкать","positive"
"захвалить","positive"
"захихикать","positive"
"захохотать","positive"
"зацвести","positive"
"зацветать","positive"
"зацеловать","positive"
"зацеловывать","positive"
"зацепка","positive"
"зачаровать","positive"
"зачаровывать","positive"
"зачисление","positive"
"зачитываться","positive"
"зачищать","positive"
"зачмокать","positive"
"зачёт","positive"
"зачётный","positive"
"защита","positive"
"защитительный","positive"
"защитить","positive"
"защититься","positive"
"защитник","positive"
"защитница","positive"
"защитный","positive"
"защищать","positive"
"защищаться","positive"
"защищённость","positive"
"збагойный","positive"
"званый","positive"
"звездопад","positive"
"зверушка","positive"
"зверёк","positive"
"звонкоголосый","positive"
"звучность","positive"
"звучный","positive"
"звёздный","positive"
"звёздочка","positive"
"здороваться","positive"
"здороветь","positive"
"здоровский","positive"
"здоровущий","positive"
"здоровый","positive"
"здоровье","positive"
"здоровьице","positive"
"здоровяк","positive"
"здравие","positive"
"здравомыслие","positive"
"здравомыслящий","positive"
"здравоохранение","positive"
"здравость","positive"
"здравпункт","positive"
"здравствовать","positive"
"здравый","positive"
"земляк","positive"
"земляника","positive"
"земляничный","positive"
"зефир","positive"
"зимостойкий","positive"
"зимостойкость","positive"
"злак","positive"
"златой","positive"
"златотканый","positive"
"златоуст","positive"
"злотые","positive"
"знайка","positive"
"знакомиться","positive"
"знакомство","positive"
"знаменательный","positive"
"знаменитость","positive"
"знаменитый","positive"
"знаменный","positive"
"знаменовать","positive"
"знание","positive"
"знатность","positive"
"знатный","positive"
"знаток","positive"
"знать","positive"
"значимость","positive"
"значимый","positive"
"значительность","positive"
"значительный","positive"
"золотить","positive"
"золотиться","positive"
"золотишко","positive"
"золотоволосый","positive"
"золотой","positive"
"золотоносный","positive"
"золотце","positive"
"золушка","positive"
"зоопсихолог","positive"
"зоркий","positive"
"зоркость","positive"
"зорька","positive"
"зрелищный","positive"
"зрелость","positive"
"зрелый","positive"
"зрячесть","positive"
"зрячий","positive"
"зёрнышко","positive"
"игра","positive"
"играть","positive"
"играться","positive"
"играючи","positive"
"игривость","positive"
"игривый","positive"
"игристый","positive"
"игрушечка","positive"
"игрушка","positive"
"идеал","positive"
"идеалистический","positive"
"идеалистка","positive"
"идеальность","positive"
"идеальный","positive"
"идейка","positive"
"идея","positive"
"идиллия","positive"
"избавитель","positive"
"избавительница","positive"
"избранник","positive"
"избранница","positive"
"избранность","positive"
"известнейший","positive"
"известный","positive"
"извинение","positive"
"извинить","positive"
"извиниться","positive"
"извинять","positive"
"извиняться","positive"
"изготовлять","positive"
"излечение","positive"
"излечивание","positive"
"излечивать","positive"
"излечиваться","positive"
"излечимый","positive"
"излечить","positive"
"излечиться","positive"
"износостойкость","positive"
"изобилие","positive"
"изобиловать","positive"
"изобильный","positive"
"изобразительность","positive"
"изобразить","positive"
"изобрести","positive"
"изобретатель","positive"
"изобретательница","positive"
"изобретательность","positive"
"изобретательный","positive"
"изобретательский","positive"
"изобретательство","positive"
"изобретать","positive"
"изобретение","positive"
"изумительный","positive"
"изумить","positive"
"изумиться","positive"
"изумление","positive"
"изумлять","positive"
"изумляться","positive"
"изумрудик","positive"
"изумрудный","positive"
"изучать","positive"
"изучение","positive"
"изученность","positive"
"изучить","positive"
"изыск","positive"
"изысканность","positive"
"изюмина","positive"
"изюминка","positive"
"изящество","positive"
"изящность","positive"
"изящный","positive"
"иконописание","positive"
"икорка","positive"
"именинник","positive"
"именинница","positive"
"именинный","positive"
"именины","positive"
"именитость","positive"
"именитый","positive"
"иммунитет","positive"
"импонировать","positive"
"импровизировать","positive"
"индивидуализм","positive"
"индивидуальность","positive"
"индивидуальный","positive"
"индустриализация","positive"
"индустриализироваться","positive"
"инициатива","positive"
"инициативность","positive"
"инициативный","positive"
"инновационность","positive"
"инновационный","positive"
"инновация","positive"
"интеллект","positive"
"интеллектуал","positive"
"интеллектуализация","positive"
"интеллектуализм","positive"
"интеллектуалка","positive"
"интеллектуальность","positive"
"интеллектуальный","positive"
"интеллигент","positive"
"интеллигентка","positive"
"интеллигентность","positive"
"интеллигентный","positive"
"интеллигентский","positive"
"интеллигенция","positive"
"интерактивность","positive"
"интерес","positive"
"интересность","positive"
"интересный","positive"
"интересовать","positive"
"интересоваться","positive"
"интригующе","positive"
"интуитивный","positive"
"интуиция","positive"
"информативный","positive"
"информирование","positive"
"информированность","positive"
"ириска","positive"
"исключительность","positive"
"искорка","positive"
"искрение","positive"
"искренний","positive"
"искренность","positive"
"искринка","positive"
"искристый","positive"
"искриться","positive"
"искромётный","positive"
"искупитель","positive"
"искупительный","positive"
"искупить","positive"
"искупление","positive"
"искусник","positive"
"искусница","positive"
"искусность","positive"
"искусный","positive"
"искусство","positive"
"искусствовед","positive"
"искуство","positive"
"исповедание","positive"
"исповедать","positive"
"исповедование","positive"
"исповедоваться","positive"
"исповедь","positive"
"исполнимость","positive"
"исполнимый","positive"
"исполнительность","positive"
"исполнительный","positive"
"исполняться","positive"
"исправить","positive"
"исправиться","positive"
"исправление","positive"
"исправлять","positive"
"исправляться","positive"
"исправность","positive"
"исправный","positive"
"исследование","positive"
"исследователь","positive"
"исследовать","positive"
"истина","positive"
"истинность","positive"
"истинный","positive"
"исцеление","positive"
"исцелитель","positive"
"исцелить","positive"
"исцелиться","positive"
"исцелять","positive"
"исцеляться","positive"
"кавалер","positive"
"каламбур","positive"
"каникулы","positive"
"капиталовложения","positive"
"капустка","positive"
"каравай","positive"
"карамель","positive"
"карамелька","positive"
"карамельный","positive"
"караоке","positive"
"карапуз","positive"
"карапузик","positive"
"кардиохирург","positive"
"карнавал","positive"
"карнавальный","positive"
"картиночка","positive"
"картошечка","positive"
"карусель","positive"
"кастомизация","positive"
"кафе-мороженое","positive"
"качественность","positive"
"качественный","positive"
"каяться","positive"
"квалификационный","positive"
"квалифицировать","positive"
"кек","positive"
"кекс","positive"
"кенгурёнок","positive"
"кивание","positive"
"кинг","positive"
"киндер","positive"
"кино","positive"
"кинозал","positive"
"кинозвезда","positive"
"киноискусство","positive"
"кинокарьера","positive"
"кинокомедия","positive"
"кинотеатр","positive"
"кинофестиваль","positive"
"киношедевр","positive"
"киса","positive"
"киска","positive"
"кислород","positive"
"кисонька","positive"
"китёнок","positive"
"кладезь","positive"
"класс","positive"
"классность","positive"
"классный","positive"
"клоун","positive"
"клубника","positive"
"клубничка","positive"
"клубничный","positive"
"клёво","positive"
"книга","positive"
"книговедение","positive"
"книголюб","positive"
"книгочей","positive"
"книжечка","positive"
"книжка","positive"
"княгинюшка","positive"
"коала","positive"
"козлёночек","positive"
"козочка","positive"
"козырный","positive"
"козырь","positive"
"кокетливый","positive"
"кокетничать","positive"
"кокетство","positive"
"колбаска","positive"
"коллективизм","positive"
"коллективность","positive"
"коллекционировать","positive"
"колоритность","positive"
"колоритный","positive"
"колоссальный","positive"
"колыбель","positive"
"колыбелька","positive"
"колыбельный","positive"
"колядовать","positive"
"колясочка","positive"
"команда","positive"
"командный","positive"
"комедийный","positive"
"комедия","positive"
"комик","positive"
"комически","positive"
"комический","positive"
"комичность","positive"
"комичный","positive"
"коммуникабельность","positive"
"коммуникабельный","positive"
"коммуникативность","positive"
"коммуникативный","positive"
"коммуникационный","positive"
"комодик","positive"
"компактность","positive"
"компактный","positive"
"компанейский","positive"
"компаньон","positive"
"компенсационный","positive"
"компенсация","positive"
"компенсировать","positive"
"компетентность","positive"
"компетентный","positive"
"компетенция","positive"
"комплемент","positive"
"комплимент","positive"
"компромисс","positive"
"комфорт","positive"
"комфортабельность","positive"
"комфортабельный","positive"
"комфортность","positive"
"комфортный","positive"
"кондитер","positive"
"конкурентоспособность","positive"
"конкурентоспособный","positive"
"конституционность","positive"
"конструктив","positive"
"конструктивность","positive"
"конструктивный","positive"
"консультирование","positive"
"консультироваться","positive"
"конфета","positive"
"конфетка","positive"
"конфетный","positive"
"конфетти","positive"
"концентрация","positive"
"концентрироваться","positive"
"концерт","positive"
"конёк","positive"
"кооперирование","positive"
"кооперироваться","positive"
"копилка","positive"
"копилочка","positive"
"корги","positive"
"кореш","positive"
"коржик","positive"
"кормилец","positive"
"кормилица","positive"
"кормить","positive"
"кормление","positive"
"коровка","positive"
"королевский","positive"
"коронация","positive"
"коронный","positive"
"коронование","positive"
"короновать","positive"
"корпоратив","positive"
"корректировать","positive"
"корректность","positive"
"корректный","positive"
"коррекция","positive"
"космонавтика","positive"
"костюмчик","positive"
"кот","positive"
"котик","positive"
"котлета","positive"
"котлетка","positive"
"котэ","positive"
"котёнок","positive"
"котёночек","positive"
"кофейничать","positive"
"кофейня","positive"
"кофеёк","positive"
"кошелёчек","positive"
"кошечка","positive"
"краса","positive"
"красава","positive"
"красавец","positive"
"красавица","positive"
"красавчик","positive"
"красивейший","positive"
"красивость","positive"
"красивый","positive"
"красноречивость","positive"
"красноречивый","positive"
"красноречие","positive"
"красота","positive"
"красотища","positive"
"красотка","positive"
"красочка","positive"
"красочность","positive"
"красочный","positive"
"креатив","positive"
"креативность","positive"
"креативщик","positive"
"крем-брюле","positive"
"кренделёк","positive"
"крепенький","positive"
"крепиться","positive"
"крепкий","positive"
"крепко-накрепко","positive"
"крепкоголовый","positive"
"крепкость","positive"
"крепнуть","positive"
"крепчать","positive"
"крепыш","positive"
"креслице","positive"
"крестины","positive"
"креститься","positive"
"крестник","positive"
"крещение","positive"
"кристальность","positive"
"кристальный","positive"
"кров","positive"
"кроватка","positive"
"кровать","positive"
"кровинка","positive"
"кровоостанавливающий","positive"
"крокодильчик","positive"
"кролик","positive"
"крольчонок","positive"
"кропотливость","positive"
"кропотливый","positive"
"кроха","positive"
"крошечка","positive"
"круассан","positive"
"круиз","positive"
"крутизна","positive"
"крутой","positive"
"крутость","positive"
"круть","positive"
"кубок","positive"
"кудесник","positive"
"кудесница","positive"
"кудряшка","positive"
"куколка","positive"
"кукушонок","positive"
"кулинария","positive"
"кулич","positive"
"культовый","positive"
"культура","positive"
"культуризм","positive"
"культурность","positive"
"культурный","positive"
"кумир","positive"
"кумушка","positive"
"купаться","positive"
"купидон","positive"
"курорт","positive"
"курортный","positive"
"курочка","positive"
"куш","positive"
"кушанье","positive"
"кушать","positive"
"лабрадор","positive"
"лад","positive"
"ладить","positive"
"ладиться","positive"
"ладность","positive"
"ладный","positive"
"лайк","positive"
"лайки","positive"
"лайковый","positive"
"лакомиться","positive"
"лакомка","positive"
"лакомство","positive"
"лакомый","positive"
"лаконичный","positive"
"ламповый","positive"
"ландыш","positive"
"лапка","positive"
"лапочка","positive"
"лапушка","positive"
"ласка","positive"
"ласкательный","positive"
"ласкательство","positive"
"ласкать","positive"
"ласкаться","positive"
"ласковость","positive"
"ласковый","positive"
"ластиться","positive"
"лауреат","positive"
"лебёдушка","positive"
"легализация","positive"
"легализовать","positive"
"легализоваться","positive"
"легальность","positive"
"легальный","positive"
"легенда","positive"
"легендарность","positive"
"легендарный","positive"
"легонечко","positive"
"легчать","positive"
"леденец","positive"
"леденцовый","positive"
"леди","positive"
"лекарский","positive"
"лекарственный","positive"
"лекарство","positive"
"лекарь","positive"
"лелеять","positive"
"лепота","positive"
"лепёшечка","positive"
"лесозащитный","positive"
"лесочек","positive"
"лестный","positive"
"летний","positive"
"лето","positive"
"лечебница","positive"
"лечебный","positive"
"лечение","positive"
"лечить","positive"
"лечиться","positive"
"лидер","positive"
"лидерский","positive"
"лидерство","positive"
"лидировать","positive"
"ликование","positive"
"ликовать","positive"
"лилия","positive"
"лимонад","positive"
"лирически","positive"
"лисёнок","positive"
"литература","positive"
"лицеприятный","positive"
"личико","positive"
"лобик","positive"
"ловкач","positive"
"ловкачка","positive"
"ловкий","positive"
"ловкость","positive"
"логичность","positive"
"логичный","positive"
"лосёнок","positive"
"лошадка","positive"
"лошадёнка","positive"
"лояльность","positive"
"луна-парк","positive"
"лучезарность","positive"
"лучезарный","positive"
"лучик","positive"
"лучистость","positive"
"лучистый","positive"
"лучший","positive"
"львёнок","positive"
"льгота","positive"
"льготный","positive"
"льнуть","positive"
"люба","positive"
"любвеобилие","positive"
"любвеобильность","positive"
"любвеобильный","positive"
"любезнейший","positive"
"любезничать","positive"
"любезность","positive"
"любезный","positive"
"любимец","positive"
"любимица","positive"
"любимка","positive"
"любимчик","positive"
"любимый","positive"
"любительница","positive"
"любительство","positive"
"любить","positive"
"любование","positive"
"любоваться","positive"
"любовный","positive"
"любовь","positive"
"любознательность","positive"
"любознательный","positive"
"любопытнейший","positive"
"люкс","positive"
"люля-кебаб","positive"
"лягушечка","positive"
"лялька","positive"
"лёгенький","positive"
"лёгкий","positive"
"лёгкость","positive"
"ма","positive"
"магазинчик","positive"
"мадам","positive"
"мадемуазель","positive"
"мадмуазель","positive"
"малина","positive"
"малинка","positive"
"малыш","positive"
"малышка","positive"
"малышок","positive"
"мальчишечка","positive"
"малютка","positive"
"мама","positive"
"маменька","positive"
"мамонтёнок","positive"
"мамочка","positive"
"мамуля","positive"
"мамуся","positive"
"мандарин","positive"
"манёвренность","positive"
"манёвренный","positive"
"мармелад","positive"
"маскарад","positive"
"масленица","positive"
"маслице","positive"
"массаж","positive"
"массажировать","positive"
"массажёр","positive"
"мастак","positive"
"мастер","positive"
"мастер-класс","positive"
"мастерить","positive"
"мастерица","positive"
"мастерски","positive"
"мастерский","positive"
"мастерство","positive"
"матерински","positive"
"материнский","positive"
"материнство","positive"
"матерь","positive"
"матрасик","positive"
"матросик","positive"
"матушка","positive"
"мать","positive"
"матёрый","positive"
"маэстро","positive"
"мегазвезда","positive"
"мегапроект","positive"
"мед","positive"
"медаль","positive"
"медалька","positive"
"медальный","positive"
"медвежонок","positive"
"медик","positive"
"медитация","positive"
"медитирование","positive"
"медицина","positive"
"медовый","positive"
"медок","positive"
"медоносный","positive"
"медпомощь","positive"
"медработник","positive"
"медсестричка","positive"
"медслужба","positive"
"мелодически","positive"
"мелодический","positive"
"мелодичность","positive"
"мелодичный","positive"
"мелодия","positive"
"мессия","positive"
"меткий","positive"
"меткость","positive"
"методичный","positive"
"меценат","positive"
"меценатство","positive"
"мечта","positive"
"мечтание","positive"
"мечтатель","positive"
"мечтательница","positive"
"мечтательность","positive"
"мечтательный","positive"
"мечтать","positive"
"милаша","positive"
"миледи","positive"
"милейший","positive"
"миленький","positive"
"милеть","positive"
"миллионерша","positive"
"миллиончик","positive"
"миловать","positive"
"миловаться","positive"
"миловидность","positive"
"миловидный","positive"
"милосердие","positive"
"милосердность","positive"
"милосердный","positive"
"милосердствовать","positive"
"милосердый","positive"
"милостивейший","positive"
"милостивый","positive"
"милостыня","positive"
"милость","positive"
"милота","positive"
"милый","positive"
"мимими","positive"
"миноискатель","positive"
"мир","positive"
"мира","positive"
"мирить","positive"
"мириться","positive"
"мирный","positive"
"миролюбивость","positive"
"миролюбивый","positive"
"миролюбие","positive"
"миропорядок","positive"
"миротворец","positive"
"миротворческий","positive"
"миротворчество","positive"
"мисс","positive"
"мишка","positive"
"младенец","positive"
"младенчество","positive"
"младенчик","positive"
"млеть","positive"
"многогранность","positive"
"многокрасочный","positive"
"многолетие","positive"
"многообещающий","positive"
"многообразие","positive"
"многообразный","positive"
"многоопытный","positive"
"многосторонний","positive"
"многосторонность","positive"
"многоуважаемый","positive"
"многофункциональность","positive"
"многоязычный","positive"
"мобилизованность","positive"
"мобилизоваться","positive"
"мобильность","positive"
"могучесть","positive"
"могучий","positive"
"могущественность","positive"
"могущественный","positive"
"моделирование","positive"
"модернизация","positive"
"модернизировать","positive"
"модернизироваться","positive"
"модифицировать","positive"
"модифицироваться","positive"
"модный","positive"
"можно","positive"
"молитва","positive"
"молиться","positive"
"молниеносность","positive"
"молоденький","positive"
"молодеть","positive"
"молодец","positive"
"молодецкий","positive"
"молодить","positive"
"молодиться","positive"
"молодожён","positive"
"молодой","positive"
"молодость","positive"
"молодцеватый","positive"
"молодчик","positive"
"молочко","positive"
"монументальный","positive"
"мопс","positive"
"мораль","positive"
"моральность","positive"
"мордашка","positive"
"мордочка","positive"
"мороженщик","positive"
"морозоустойчивость","positive"
"морс","positive"
"моська","positive"
"мотиватор","positive"
"мотивация","positive"
"мотивирование","positive"
"мотивированность","positive"
"мотивированный","positive"
"мотивировать","positive"
"мотивировочный","positive"
"мотивчик","positive"
"мощнейший","positive"
"мощность","positive"
"мощный","positive"
"мощь","positive"
"мудрейший","positive"
"мудрец","positive"
"мудрость","positive"
"мудрствование","positive"
"мудрствовать","positive"
"мудрый","positive"
"муж","positive"
"мужать","positive"
"мужаться","positive"
"мужеский","positive"
"мужественность","positive"
"мужественный","positive"
"мужество","positive"
"муза","positive"
"музицирование","positive"
"музицировать","positive"
"музыка","positive"
"музыкальность","positive"
"музыкальный","positive"
"музыкант","positive"
"музыковедение","positive"
"музыкотерапия","positive"
"мультик","positive"
"мультимиллионер","positive"
"мультсериал","positive"
"мультфильм","positive"
"мультяшка","positive"
"мурзик","positive"
"мурлыкание","positive"
"мурлыканье","positive"
"мурлыкать","positive"
"муромец","positive"
"мурчание","positive"
"мурчать","positive"
"мускулистость","positive"
"мускулистый","positive"
"мыслитель","positive"
"мыслительный","positive"
"мыслить","positive"
"мытый","positive"
"мыться","positive"
"мышление","positive"
"мышонок","positive"
"мюзикл","positive"
"мягкий","positive"
"мягкосердечие","positive"
"мягкосердечность","positive"
"мягкосердечный","positive"
"мягкость","positive"
"мяско","positive"
"мёд","positive"
"наблюдательность","positive"
"наблюдательный","positive"
"наваристый","positive"
"наверстать","positive"
"навеселе","positive"
"навестить","positive"
"навещать","positive"
"навигатор","positive"
"навёрстывание","positive"
"навёрстывать","positive"
"наглядеться","positive"
"наготовить","positive"
"награда","positive"
"наградить","positive"
"наградной","positive"
"награждать","positive"
"награждение","positive"
"надарить","positive"
"надбавка","positive"
"надежда","positive"
"наделять","positive"
"надеться","positive"
"надеяться","positive"
"надивиться","positive"
"надёжнейший","positive"
"надёжность","positive"
"надёжный","positive"
"наесться","positive"
"наилучший","positive"
"найтись","positive"
"накататься","positive"
"накормить","positive"
"накрепко","positive"
"накупаться","positive"
"накушаться","positive"
"наладить","positive"
"наладиться","positive"
"налаживание","positive"
"налаживать","positive"
"налаживаться","positive"
"налакомиться","positive"
"налегке","positive"
"наловчиться","positive"
"налюбоваться","positive"
"нанотехнология","positive"
"напарник","positive"
"напарница","positive"
"напевать","positive"
"напевный","positive"
"напитаться","positive"
"наполнять","positive"
"напутственный","positive"
"напутствие","positive"
"напутствовать","positive"
"нарабатывать","positive"
"наработать","positive"
"нарадоваться","positive"
"нарасхват","positive"
"нарумянить","positive"
"нарядить","positive"
"нарядность","positive"
"нарядный","positive"
"наряжать","positive"
"наряжаться","positive"
"насладиться","positive"
"наслаждать","positive"
"наслаждаться","positive"
"наслаждение","positive"
"наследие","positive"
"наследство","positive"
"насмешить","positive"
"наставление","positive"
"наставлять","positive"
"наставник","positive"
"наставница","positive"
"наставнический","positive"
"наставничество","positive"
"настоящий","positive"
"настроиться","positive"
"насытить","positive"
"насытиться","positive"
"насыщать","positive"
"насыщаться","positive"
"насыщение","positive"
"насыщенность","positive"
"насыщенный","positive"
"натренированность","positive"
"натренировать","positive"
"натренироваться","positive"
"натуралистичность","positive"
"натуральность","positive"
"наудачу","positive"
"наука","positive"
"научать","positive"
"научаться","positive"
"научить","positive"
"научиться","positive"
"научный","positive"
"нахваливание","positive"
"нахваливать","positive"
"нахвалить","positive"
"находка","positive"
"находчивость","positive"
"находчивый","positive"
"нахохотаться","positive"
"нацеловаться","positive"
"начинание","positive"
"начинать","positive"
"начисление","positive"
"начисто","positive"
"начитанность","positive"
"начитаться","positive"
"небезвыгодный","positive"
"небездарный","positive"
"небезнадёжный","positive"
"небезразличный","positive"
"небезрезультатный","positive"
"небезуспешно","positive"
"небезуспешный","positive"
"небезынтересный","positive"
"небесный","positive"
"небесполезный","positive"
"небесталанный","positive"
"небожитель","positive"
"небьющийся","positive"
"невероятный","positive"
"невеста","positive"
"невестушка","positive"
"невинность","positive"
"невинный","positive"
"невиновность","positive"
"невиновный","positive"
"невозмутимый","positive"
"невообразимый","positive"
"невредимость","positive"
"невредимый","positive"
"неглупый","positive"
"недурной","positive"
"нежиться","positive"
"нежнейший","positive"
"нежничать","positive"
"нежность","positive"
"нежный","positive"
"незабвенный","positive"
"незабываемость","positive"
"незабываемый","positive"
"независимость","positive"
"незаменимый","positive"
"незамутнённость","positive"
"незапятнанность","positive"
"незапятнанный","positive"
"незаразный","positive"
"незаурядный","positive"
"незлобивость","positive"
"незлобивый","positive"
"незлобие","positive"
"незлобно","positive"
"неискушённый","positive"
"неиспорченность","positive"
"неиспорченный","positive"
"неиссякаемость","positive"
"неиссякаемый","positive"
"неистощимость","positive"
"неистощимый","positive"
"неисчерпаемость","positive"
"нейрохирург","positive"
"неколебимый","positive"
"нектар","positive"
"нектарин","positive"
"некурящий","positive"
"нелицемерный","positive"
"нелишний","positive"
"немаловажный","positive"
"немеркнущий","positive"
"ненавязчивость","positive"
"ненаглядный","positive"
"ненарушимый","positive"
"ненасилие","positive"
"необходимый","positive"
"необыкновенность","positive"
"необыкновенный","positive"
"необычайный","positive"
"неописуемый","positive"
"неординарность","positive"
"неотразимость","positive"
"неотразимый","positive"
"неоценимость","positive"
"неоценимый","positive"
"непередаваемый","positive"
"неплохой","positive"
"непобедимость","positive"
"непобедимый","positive"
"неповинный","positive"
"неповторимость","positive"
"неповторимый","positive"
"непогрешимость","positive"
"непогрешимый","positive"
"неподдельность","positive"
"неподдельный","positive"
"неподкупность","positive"
"неподкупный","positive"
"неподражаемость","positive"
"неподражаемый","positive"
"непоколебимость","positive"
"непоколебимый","positive"
"непорочность","positive"
"непорочный","positive"
"непотопляемость","positive"
"непотопляемый","positive"
"непревзойдённость","positive"
"непревзойдённый","positive"
"непредвзятый","positive"
"непритворность","positive"
"непритворный","positive"
"неприхотливость","positive"
"непромокаемый","positive"
"непротиворечивость","positive"
"непьющий","positive"
"неравнодушие","positive"
"неравнодушный","positive"
"неразлучный","positive"
"нержавеющий","positive"
"нерушимость","positive"
"нерушимый","positive"
"несгибаемость","positive"
"несгибаемый","positive"
"несгораемый","positive"
"несложность","positive"
"несокрушимость","positive"
"несокрушимый","positive"
"несравненный","positive"
"несравнимый","positive"
"нетленный","positive"
"нетрудный","positive"
"неувядаемый","positive"
"неувядающий","positive"
"неугасимый","positive"
"неунывающий","positive"
"неустанный","positive"
"неустрашимость","positive"
"неустрашимый","positive"
"неутомимость","positive"
"неутомимый","positive"
"неуязвимость","positive"
"неуязвимый","positive"
"низкотоксичный","positive"
"нимб","positive"
"нимфа","positive"
"ниспослание","positive"
"ништяк","positive"
"нобелевский","positive"
"новатор","positive"
"новаторский","positive"
"новаторство","positive"
"новация","positive"
"новейший","positive"
"новизна","positive"
"новинка","positive"
"новобрачный","positive"
"новогодний","positive"
"новорождённая","positive"
"новорождённый","positive"
"новоселье","positive"
"новшество","positive"
"новый","positive"
"новёхонький","positive"
"ноженька","positive"
"нормализовать","positive"
"нормализоваться","positive"
"носик","positive"
"носочек","positive"
"ностальгировать","positive"
"ностальгический","positive"
"ностальгия","positive"
"ноченька","positive"
"нравиться","positive"
"нравственность","positive"
"нравственный","positive"
"нуга","positive"
"нужнейший","positive"
"нужность","positive"
"нужный","positive"
"нянечка","positive"
"нянюшка","positive"
"няня","positive"
"няша","positive"
"няшка","positive"
"оазис","positive"
"обалдение","positive"
"обаяние","positive"
"обаятельность","positive"
"обаятельный","positive"
"обаять","positive"
"обвенчать","positive"
"обвенчаться","positive"
"обворожительность","positive"
"обворожительный","positive"
"обворожить","positive"
"обдуманность","positive"
"обдумывание","positive"
"обдумывать","positive"
"обед","positive"
"обедать","positive"
"обезболивание","positive"
"обезболивать","positive"
"обезболить","positive"
"обезвредить","positive"
"обезвреживание","positive"
"обезвреживать","positive"
"обеззараживание","positive"
"обеззараживать","positive"
"обеззаразить","positive"
"обезопасить","positive"
"обезопаситься","positive"
"обезоруживать","positive"
"обезоружить","positive"
"обезьянка","positive"
"обелять","positive"
"оберег","positive"
"оберегание","positive"
"оберегать","positive"
"оберегаться","positive"
"оберечь","positive"
"обеспечение","positive"
"обеспеченность","positive"
"обеспеченный","positive"
"обеспечивать","positive"
"обеспечиваться","positive"
"обеспечительный","positive"
"обеспечить","positive"
"обеспечиться","positive"
"обессмертить","positive"
"обетованный","positive"
"обещание","positive"
"обживать","positive"
"обживаться","positive"
"обжить","positive"
"обжиться","positive"
"обилие","positive"
"облагораживание","positive"
"облагораживать","positive"
"облагораживаться","positive"
"облагоразумить","positive"
"облагородить","positive"
"облагородиться","positive"
"обласкать","positive"
"обласкивать","positive"
"облачко","positive"
"облегчать","positive"
"облегчаться","positive"
"облегчение","positive"
"облегчить","positive"
"облегчиться","positive"
"облечение","positive"
"облюбовать","positive"
"обнадёживание","positive"
"обнадёживать","positive"
"обнадёжить","positive"
"обнимание","positive"
"обнимать","positive"
"обниматься","positive"
"обнимка","positive"
"обнова","positive"
"обновить","positive"
"обновиться","positive"
"обновка","positive"
"обновление","positive"
"обновлять","positive"
"обновляться","positive"
"обнять","positive"
"обняться","positive"
"обогатительный","positive"
"обогатить","positive"
"обогатиться","positive"
"обогащать","positive"
"обогащаться","positive"
"обогащение","positive"
"обоготворение","positive"
"обоготворить","positive"
"обоготворять","positive"
"обогрев","positive"
"обогревание","positive"
"обогревательный","positive"
"обогревать","positive"
"обогреваться","positive"
"обогреть","positive"
"обогреться","positive"
"ободрение","positive"
"ободрительный","positive"
"ободрить","positive"
"ободриться","positive"
"ободрять","positive"
"ободряться","positive"
"ободряюще","positive"
"обожание","positive"
"обожатель","positive"
"обожательница","positive"
"обожать","positive"
"обожествить","positive"
"обожествление","positive"
"обожествлять","positive"
"обольстительный","positive"
"оборонить","positive"
"обоснованность","positive"
"обоснованный","positive"
"обоюдность","positive"
"обрадованно","positive"
"обрадовать","positive"
"обрадоваться","positive"
"образование","positive"
"образованность","positive"
"образовательный","positive"
"образовывать","positive"
"образумить","positive"
"образумиться","positive"
"образумливать","positive"
"образумливаться","positive"
"образцовость","positive"
"образцовый","positive"
"обрести","positive"
"обретать","positive"
"обретение","positive"
"обручальный","positive"
"обручаться","positive"
"обручение","positive"
"обручить","positive"
"обручиться","positive"
"обстоятельный","positive"
"обустраивать","positive"
"обустроить","positive"
"обучаемость","positive"
"обучать","positive"
"обучаться","positive"
"обучение","positive"
"обучить","positive"
"обучиться","positive"
"обходительность","positive"
"обходительный","positive"
"обхохотаться","positive"
"общаться","positive"
"общение","positive"
"общенье","positive"
"общепонятный","positive"
"общепризнанность","positive"
"общепризнанный","positive"
"община","positive"
"общительность","positive"
"общительный","positive"
"объедение","positive"
"объединитель","positive"
"объединить","positive"
"объединиться","positive"
"объединяться","positive"
"объективность","positive"
"объяснить","positive"
"объяснять","positive"
"объятие","positive"
"обыграть","positive"
"овация","positive"
"овечка","positive"
"огнетушитель","positive"
"огнеупорный","positive"
"огонёк","positive"
"огонёчек","positive"
"огородик","positive"
"огурчик","positive"
"ода","positive"
"одаривание","positive"
"одаривать","positive"
"одарить","positive"
"одарять","positive"
"одарённость","positive"
"одарённый","positive"
"одержать","positive"
"одерживать","positive"
"одеялко","positive"
"одеяло","positive"
"одеяльце","positive"
"однополчанин","positive"
"одобрение","positive"
"одобрительность","positive"
"одобрительный","positive"
"одобрить","positive"
"одобрять","positive"
"одолевать","positive"
"одоление","positive"
"одолеть","positive"
"одомашнить","positive"
"одуванчик","positive"
"одуматься","positive"
"одумываться","positive"
"одухотворение","positive"
"одухотворить","positive"
"одухотворять","positive"
"одухотворённость","positive"
"одушевить","positive"
"одушевиться","positive"
"одушевление","positive"
"одушевлять","positive"
"одушевляться","positive"
"одушевлённость","positive"
"оживание","positive"
"оживать","positive"
"оживить","positive"
"оживиться","positive"
"оживление","positive"
"оживлять","positive"
"оживляться","positive"
"оживлённость","positive"
"ожить","positive"
"озарение","positive"
"озарить","positive"
"озариться","positive"
"озарять","positive"
"озаряться","positive"
"оздоровительный","positive"
"оздоровить","positive"
"оздоровиться","positive"
"оздоровление","positive"
"оздоровлять","positive"
"озеленение","positive"
"озеленяться","positive"
"ознаменовать","positive"
"озолотить","positive"
"озолотиться","positive"
"озорница","positive"
"озорно","positive"
"озорной","positive"
"оказание","positive"
"оклематься","positive"
"окрепнуть","positive"
"окрылить","positive"
"окрылиться","positive"
"окрылять","positive"
"окрыляться","positive"
"октябрёнок","positive"
"окультуривание","positive"
"окупаемость","positive"
"окупать","positive"
"окупаться","positive"
"окупиться","positive"
"оладья","positive"
"оленёнок","positive"
"оливье","positive"
"олимпиец","positive"
"омолаживание","positive"
"омолаживать","positive"
"омолаживаться","positive"
"омолодить","positive"
"омолодиться","positive"
"омоложение","positive"
"опека","positive"
"опекать","positive"
"опекун","positive"
"опекунство","positive"
"оперативность","positive"
"оперативный","positive"
"опережать","positive"
"оперетта","positive"
"оплодотворить","positive"
"опознавательный","positive"
"оправданный","positive"
"оправдательный","positive"
"оправдать","positive"
"оправиться","positive"
"оправляться","positive"
"определённость","positive"
"опрятность","positive"
"опрятный","positive"
"оптимальность","positive"
"оптимальный","positive"
"оптимизатор","positive"
"оптимизация","positive"
"оптимизм","positive"
"оптимист","positive"
"оптимистически","positive"
"оптимистический","positive"
"оптимистичный","positive"
"оптимистка","positive"
"опыление","positive"
"опыт","positive"
"опытнейший","positive"
"опытность","positive"
"опытный","positive"
"организаторский","positive"
"организованность","positive"
"организоваться","positive"
"организовываться","positive"
"органичность","positive"
"органичный","positive"
"орден","positive"
"орденоносец","positive"
"орденский","positive"
"оригинал","positive"
"оригинальничать","positive"
"оригинальность","positive"
"оригинальный","positive"
"оркестр","positive"
"орлёнок","positive"
"осанка","positive"
"осваивание","positive"
"осваивать","positive"
"осваиваться","positive"
"осведомлённость","positive"
"осведомлённый","positive"
"освежать","positive"
"освежаться","positive"
"освежающе","positive"
"освежение","positive"
"освежитель","positive"
"освежительный","positive"
"освежить","positive"
"освежиться","positive"
"осветить","positive"
"осветиться","positive"
"осветление","positive"
"осветлить","positive"
"осветлять","positive"
"освещать","positive"
"освещаться","positive"
"освободитель","positive"
"освободительница","positive"
"освободительный","positive"
"освободить","positive"
"освободиться","positive"
"освобождать","positive"
"освобождаться","positive"
"освобождение","positive"
"освоение","positive"
"освоить","positive"
"освоиться","positive"
"освятить","positive"
"освящать","positive"
"освящение","positive"
"осенение","positive"
"осенить","positive"
"осенять","positive"
"осиливать","positive"
"осилить","positive"
"ослепительность","positive"
"ослепительный","positive"
"ослик","positive"
"осмелеть","positive"
"осмеливаться","positive"
"осмелиться","positive"
"осмотрительность","positive"
"осмотрительный","positive"
"осмысленность","positive"
"осмысленный","positive"
"осмысливание","positive"
"осмысливать","positive"
"осмыслить","positive"
"осмыслять","positive"
"оснащённость","positive"
"основательность","positive"
"основательный","positive"
"основать","positive"
"особенный","positive"
"особый","positive"
"осовременивание","positive"
"осознавать","positive"
"осознание","positive"
"осознанность","positive"
"осознанный","positive"
"осознать","positive"
"остепеняться","positive"
"осторожность","positive"
"осторожный","positive"
"остроглазый","positive"
"острожный","positive"
"остросюжетный","positive"
"остроумец","positive"
"остроумие","positive"
"остроумный","positive"
"осуществимость","positive"
"осуществимый","positive"
"осуществить","positive"
"осуществлять","positive"
"осуществляться","positive"
"осчастливить","positive"
"осчастливливать","positive"
"от-кутюр","positive"
"отапливать","positive"
"отблагодарить","positive"
"отболеть","positive"
"отборнейший","positive"
"отборный","positive"
"отвага","positive"
"отваживаться","positive"
"отважиться","positive"
"отважность","positive"
"отважный","positive"
"ответственность","positive"
"ответственный","positive"
"отгадать","positive"
"отгадка","positive"
"отдохнуть","positive"
"отдых","positive"
"отдыхать","positive"
"отец","positive"
"отечески","positive"
"отеческий","positive"
"отечественный","positive"
"отечество","positive"
"отжигать","positive"
"отжиматься","positive"
"отзывчивость","positive"
"отзывчивый","positive"
"отклик","positive"
"откликаться","positive"
"откликнуться","positive"
"откорректировать","positive"
"откровение","positive"
"откровенность","positive"
"откровенный","positive"
"открыватель","positive"
"открываться","positive"
"открытие","positive"
"открытка","positive"
"открытость","positive"
"открыточка","positive"
"открытый","positive"
"отладить","positive"
"отлаживать","positive"
"отличнейший","positive"
"отличник","positive"
"отличница","positive"
"отличный","positive"
"отменный","positive"
"отмолить","positive"
"отмыть","positive"
"отмыться","positive"
"отогревать","positive"
"отогреваться","positive"
"отогреть","positive"
"отогреться","positive"
"отозваться","positive"
"отопление","positive"
"отоспаться","positive"
"отпад","positive"
"отплясывать","positive"
"отпраздновать","positive"
"отпуск","positive"
"отпускной","positive"
"отрада","positive"
"отрадный","positive"
"отрезветь","positive"
"отрезвить","positive"
"отрезвиться","positive"
"отрезвление","positive"
"отрезвлять","positive"
"отрезвляюще","positive"
"отрекомендовать","positive"
"отремонтировать","positive"
"отремонтироваться","positive"
"отсалютовать","positive"
"отстаивать","positive"
"отстирать","positive"
"отстоять","positive"
"отстроить","positive"
"отсыпаться","positive"
"оттачивание","positive"
"оттепель","positive"
"отточенность","positive"
"оттянуться","positive"
"отужинать","positive"
"отходчивый","positive"
"отцовски","positive"
"отцовство","positive"
"отчизна","positive"
"отчий","positive"
"отчина","positive"
"отчётливость","positive"
"отчётливый","positive"
"офигенно","positive"
"оформленность","positive"
"охорашиваться","positive"
"охотный","positive"
"охрана","positive"
"охранитель","positive"
"охранительница","positive"
"охранительный","positive"
"охранить","positive"
"охранять","positive"
"очарование","positive"
"очарованность","positive"
"очаровательница","positive"
"очаровательность","positive"
"очаровательный","positive"
"очаровать","positive"
"очароваться","positive"
"очаровашка","positive"
"очаровывать","positive"
"очаровываться","positive"
"очеловечение","positive"
"очеловечивание","positive"
"очеловечивать","positive"
"очеловечить","positive"
"очеловечиться","positive"
"очиститься","positive"
"очистка","positive"
"очищать","positive"
"очищаться","positive"
"очищение","positive"
"очухаться","positive"
"ошеломительный","positive"
"ошеломляющий","positive"
"паинька","positive"
"пай-мальчик","positive"
"палочка-выручалочка","positive"
"памятливый","positive"
"памятный","positive"
"память","positive"
"панацея","positive"
"панда","positive"
"папа","positive"
"папаня","positive"
"папенька","positive"
"папочка","positive"
"папулька","positive"
"папуля","positive"
"парад","positive"
"парадное","positive"
"парадность","positive"
"парадный","positive"
"парк","positive"
"пароходик","positive"
"партнёр","positive"
"партнёрство","positive"
"партнёрша","positive"
"пастилка","positive"
"пасха","positive"
"пати","positive"
"патриот","positive"
"патриотизм","positive"
"патриотически","positive"
"патриотический","positive"
"патриотичность","positive"
"патриотичный","positive"
"патриотка","positive"
"пахлава","positive"
"певец","positive"
"певучесть","positive"
"певучий","positive"
"пегас","positive"
"педагог","positive"
"педагогия","positive"
"педиатр","positive"
"пейзаж","positive"
"пекарь","positive"
"пельмень","positive"
"пение","positive"
"первейший","positive"
"первенец","positive"
"первенство","positive"
"первенствовать","positive"
"первоклассность","positive"
"первоклассный","positive"
"первооткрыватель","positive"
"первопроходец","positive"
"первосортный","positive"
"перебарывать","positive"
"перебороть","positive"
"перевоспитание","positive"
"перевоспитать","positive"
"перевоспитаться","positive"
"перевоспитываться","positive"
"перевыполнение","positive"
"перевыполнить","positive"
"перевыполнять","positive"
"передовик","positive"
"передохнуть","positive"
"передружиться","positive"
"передых","positive"
"перезарядиться","positive"
"перезнакомить","positive"
"переквалифицироваться","positive"
"перекус","positive"
"переменка","positive"
"перемирие","positive"
"переосмысление","positive"
"переосмысливание","positive"
"переосмыслить","positive"
"переработка","positive"
"пересиливать","positive"
"пересилить","positive"
"перестрахование","positive"
"перестраховаться","positive"
"перестраховка","positive"
"перестраховываться","positive"
"переучиться","positive"
"перецеловать","positive"
"персик","positive"
"перспектива","positive"
"перспективность","positive"
"перспективный","positive"
"песенка","positive"
"песнопение","positive"
"песня","positive"
"петь","positive"
"печенье","positive"
"печеньице","positive"
"печенька","positive"
"пикантность","positive"
"пикантный","positive"
"пикник","positive"
"пингвин","positive"
"пингвины","positive"
"пиньята","positive"
"пион","positive"
"пионер","positive"
"пионервожатый","positive"
"пионерка","positive"
"пионерлагерь","positive"
"пионерский","positive"
"пир","positive"
"пировать","positive"
"пирожный","positive"
"пирожок","positive"
"пирушка","positive"
"пиршество","positive"
"питание","positive"
"питательность","positive"
"питательный","positive"
"питать","positive"
"питаться","positive"
"питомец","positive"
"питомник","positive"
"пицца","positive"
"пиццерия","positive"
"пища","positive"
"плавный","positive"
"пламенность","positive"
"пламенный","positive"
"планомерный","positive"
"платёжеспособный","positive"
"племянничек","positive"
"племяш","positive"
"племяшка","positive"
"пленительность","positive"
"пленительный","positive"
"плескаться","positive"
"плечико","positive"
"плиз","positive"
"плов","positive"
"плодный","positive"
"плодовитость","positive"
"плодовитый","positive"
"плодоносить","positive"
"плодоносность","positive"
"плодоносный","positive"
"плодоношение","positive"
"плодородие","positive"
"плодородность","positive"
"плодородный","positive"
"плодотворность","positive"
"плодотворный","positive"
"пломбир","positive"
"плюшевый","positive"
"плюшка","positive"
"пляжик","positive"
"пляс","positive"
"плясать","positive"
"пляска","positive"
"по-божески","positive"
"по-братски","positive"
"по-весеннему","positive"
"по-джентльменски","positive"
"по-домашнему","positive"
"по-дружески","positive"
"по-кавалерийски","positive"
"по-княжески","positive"
"по-королевски","positive"
"по-летнему","positive"
"по-людски","positive"
"по-матерински","positive"
"по-модному","positive"
"по-молодецки","positive"
"по-молодому","positive"
"по-мужски","positive"
"по-настоящему","positive"
"по-нашенски","positive"
"по-новому","positive"
"по-орлиному","positive"
"по-отечески","positive"
"по-отцовски","positive"
"по-пионерски","positive"
"по-праздничному","positive"
"по-приятельски","positive"
"по-профессорски","positive"
"по-родительски","positive"
"по-родственному","positive"
"по-рыцарски","positive"
"по-семейному","positive"
"по-соседски","positive"
"по-спортивному","positive"
"по-сыновьи","positive"
"по-товарищески","positive"
"по-хозяйски","positive"
"по-хорошему","positive"
"по-царски","positive"
"по-человечески","positive"
"по-человечьи","positive"
"по-щенячьи","positive"
"поаплодировать","positive"
"побаловать","positive"
"победа","positive"
"победитель","positive"
"победительница","positive"
"победительный","positive"
"победить","positive"
"победный","positive"
"победоносность","positive"
"победоносный","positive"
"побеждать","positive"
"поберечь","positive"
"поберечься","positive"
"поблагодарить","positive"
"побороть","positive"
"побрататься","positive"
"побудительный","positive"
"побуждать","positive"
"побуждение","positive"
"повезти","positive"
"повенчать","positive"
"повенчаться","positive"
"поверить","positive"
"повеселелый","positive"
"повеселеть","positive"
"повеселить","positive"
"повеселиться","positive"
"повидаться","positive"
"повидло","positive"
"поводырь","positive"
"поворковать","positive"
"поворотливость","positive"
"поворотливый","positive"
"повысить","positive"
"повыситься","positive"
"повышать","positive"
"повышаться","positive"
"повышение","positive"
"погладить","positive"
"поглаживание","positive"
"поглаживать","positive"
"погожий","positive"
"погостить","positive"
"погреть","positive"
"погреться","positive"
"погулять","positive"
"подарить","positive"
"подарок","positive"
"подарочек","positive"
"подарочный","positive"
"подаяние","positive"
"подбадривание","positive"
"подбадривать","positive"
"подбадриваться","positive"
"подбадривающе","positive"
"подбодрить","positive"
"подбодриться","positive"
"подбодрять","positive"
"подвезти","positive"
"подвиг","positive"
"подвигнуть","positive"
"подвижник","positive"
"подвижнический","positive"
"подвижничество","positive"
"подвижность","positive"
"подвижный","positive"
"подготавливаться","positive"
"подготовиться","positive"
"подготовленность","positive"
"поддержание","positive"
"поддержать","positive"
"поддерживание","positive"
"поддерживать","positive"
"поддержка","positive"
"поделиться","positive"
"подержание","positive"
"подешеветь","positive"
"подзадоривать","positive"
"подзадорить","positive"
"подзаработать","positive"
"подзарядка","positive"
"подкармливание","positive"
"подкармливать","positive"
"подкачать","positive"
"подкачаться","positive"
"подкованность","positive"
"подкопить","positive"
"подкормить","positive"
"подкрепить","positive"
"подкрепиться","positive"
"подкрепление","positive"
"подкреплять","positive"
"подкрепляться","positive"
"подладить","positive"
"подлатать","positive"
"подлечивать","positive"
"подлечить","positive"
"подлечиться","positive"
"подлинник","positive"
"подлинность","positive"
"подлинный","positive"
"подмести","positive"
"подметить","positive"
"подмигивание","positive"
"подмигивать","positive"
"подмигнуть","positive"
"подмога","positive"
"поднажать","positive"
"поднакопить","positive"
"поднебесный","positive"
"подняться","positive"
"подобреть","positive"
"подпевать","positive"
"подправить","positive"
"подрабатывать","positive"
"подработать","positive"
"подработка","positive"
"подрастать","positive"
"подремонтировать","positive"
"подробнейший","positive"
"подруга","positive"
"подруженька","positive"
"подружить","positive"
"подружиться","positive"
"подружка","positive"
"подрумянить","positive"
"подрумяниться","positive"
"подсказать","positive"
"подсказка","positive"
"подсказчик","positive"
"подсластить","positive"
"подснежник","positive"
"подсобить","positive"
"подсоблять","positive"
"подсолнух","positive"
"подспорье","positive"
"подстраховка","positive"
"подтанцовывать","positive"
"подтвердить","positive"
"подтверждать","positive"
"подтверждаться","positive"
"подтверждение","positive"
"подтягивание","positive"
"подтягиваться","positive"
"подтянутость","positive"
"подтянуться","positive"
"подучить","positive"
"подучиться","positive"
"подушечка","positive"
"подфартить","positive"
"подходящий","positive"
"подшутить","positive"
"подъём","positive"
"поесть","positive"
"пожалеть","positive"
"пожаловать","positive"
"пожарник","positive"
"пожаротушение","positive"
"пожатие","positive"
"пожать","positive"
"пожелание","positive"
"пожениться","positive"
"пожертвование","positive"
"пожертвовать","positive"
"позабавить","positive"
"позабавиться","positive"
"позаботиться","positive"
"позавтракать","positive"
"позагорать","positive"
"позволение","positive"
"позволить","positive"
"поздороваться","positive"
"поздороветь","positive"
"поздоровиться","positive"
"поздравительный","positive"
"поздравить","positive"
"поздравление","positive"
"поздравлять","positive"
"позитив","positive"
"позитивизм","positive"
"позитивность","positive"
"позитивный","positive"
"познаваемость","positive"
"познавание","positive"
"познавательный","positive"
"познавать","positive"
"познаваться","positive"
"познакомить","positive"
"познакомиться","positive"
"познание","positive"
"познать","positive"
"позолотить","positive"
"поиграть","positive"
"поинтересоваться","positive"
"поистине","positive"
"покаяние","positive"
"покаянный","positive"
"покаяться","positive"
"покладистость","positive"
"покладистый","positive"
"поклонник","positive"
"поклонница","positive"
"пококетничать","positive"
"покорить","positive"
"покормить","positive"
"покорять","positive"
"покровитель","positive"
"покровительница","positive"
"покровительствовать","positive"
"покупаться","positive"
"покушать","positive"
"полагаться","positive"
"поладить","positive"
"полакомить","positive"
"полакомиться","positive"
"поласкать","positive"
"полдник","positive"
"полегчать","positive"
"полезнейший","positive"
"полезность","positive"
"полезный","positive"
"полечить","positive"
"полечиться","positive"
"полиглот","positive"
"полковник","positive"
"полнозвучный","positive"
"полноправие","positive"
"полноправный","positive"
"полноценность","positive"
"полноценный","positive"
"положительность","positive"
"положительный","positive"
"положиться","positive"
"полотенчико","positive"
"получаться","positive"
"получиться","positive"
"получка","positive"
"польза","positive"
"полюбить","positive"
"полюбиться","positive"
"полюбоваться","positive"
"полюбовный","positive"
"полюбу","positive"
"поляночка","positive"
"помериться","positive"
"помечтать","positive"
"помидорка","positive"
"помидорчик","positive"
"помилование","positive"
"помиловать","positive"
"помилосердствовать","positive"
"помирить","positive"
"помириться","positive"
"помнить","positive"
"помогать","positive"
"помолвка","positive"
"помолиться","positive"
"помолодеть","positive"
"помочь","positive"
"помощник","positive"
"помощница","positive"
"помощь","positive"
"помыслить","positive"
"помыться","positive"
"понежиться","positive"
"пони","positive"
"понимание","positive"
"понимать","positive"
"понимающе","positive"
"понравиться","positive"
"пончик","positive"
"понянчить","positive"
"понянчиться","positive"
"понятливость","positive"
"понятливый","positive"
"понятность","positive"
"понятный","positive"
"понять","positive"
"пообедать","positive"
"поощрение","positive"
"поощрительный","positive"
"поощрить","positive"
"поощрять","positive"
"попадание","positive"
"попеть","positive"
"попечение","positive"
"попечительский","positive"
"попкорн","positive"
"поплескаться","positive"
"поплясать","positive"
"поплясывать","positive"
"пополнение","positive"
"пополнить","positive"
"пополниться","positive"
"пополнять","positive"
"попотчевать","positive"
"поправить","positive"
"поправиться","positive"
"поправлять","positive"
"поправляться","positive"
"попраздновать","positive"
"попрактиковаться","positive"
"поприветствовать","positive"
"попугайчик","positive"
"популяризировать","positive"
"популярность","positive"
"популярный","positive"
"попутешествовать","positive"
"попытаться","positive"
"порадовать","positive"
"порадоваться","positive"
"поразвлечь","positive"
"поразвлечься","positive"
"поразительный","positive"
"поразить","positive"
"поразмыслить","positive"
"поразмышлять","positive"
"порезвиться","positive"
"порекомендовать","positive"
"поржать","positive"
"породистость","positive"
"породистый","positive"
"породнить","positive"
"породниться","positive"
"породный","positive"
"поросёночек","positive"
"поручаться","positive"
"поручиться","positive"
"порхать","positive"
"порядок","positive"
"порядочек","positive"
"порядочность","positive"
"порядочный","positive"
"посвататься","positive"
"посвежеть","positive"
"посветить","positive"
"посветлеть","positive"
"посвятительный","positive"
"посвятить","positive"
"посвящать","positive"
"посвящаться","positive"
"посвящение","positive"
"посиделки","positive"
"посильный","positive"
"послушание","positive"
"послушаться","positive"
"послушливый","positive"
"послушница","positive"
"послушность","positive"
"послушный","positive"
"посмаковать","positive"
"посмелеть","positive"
"посмешить","positive"
"посмеяться","positive"
"посоветовать","positive"
"посоветоваться","positive"
"посодействовать","positive"
"посочувствовать","positive"
"поспать","positive"
"поспевать","positive"
"поспеть","positive"
"постараться","positive"
"постелька","positive"
"постигать","positive"
"постигнуть","positive"
"постижение","positive"
"постичь","positive"
"посчастливиться","positive"
"потанцевать","positive"
"потенциал","positive"
"потенциальность","positive"
"потепление","positive"
"потеплеть","positive"
"потеха","positive"
"потешать","positive"
"потешить","positive"
"потешиться","positive"
"потешный","positive"
"потискать","positive"
"потомство","positive"
"потренировать","positive"
"потренироваться","positive"
"потрудиться","positive"
"потрясать","positive"
"потушить","positive"
"потчевать","positive"
"поугорать","positive"
"поумнеть","positive"
"поусердствовать","positive"
"поуспокоиться","positive"
"поухаживать","positive"
"поучающе","positive"
"поучительность","positive"
"поучительный","positive"
"поучить","positive"
"поучиться","positive"
"пофантазировать","positive"
"пофлиртовать","positive"
"похвала","positive"
"похваливать","positive"
"похвалить","positive"
"похвальба","positive"
"похвальный","positive"
"похихикать","positive"
"похлопать","positive"
"похлопотать","positive"
"похорошеть","positive"
"похохатывать","positive"
"похохотать","positive"
"поцеловать","positive"
"поцеловаться","positive"
"поцелуй","positive"
"поцелуйчик","positive"
"почаёвничать","positive"
"почвозащитный","positive"
"почивать","positive"
"починить","positive"
"починиться","positive"
"починка","positive"
"почиститься","positive"
"почитание","positive"
"почитатель","positive"
"почитательница","positive"
"почитать","positive"
"почитаться","positive"
"почитывать","positive"
"почтение","positive"
"почтеннейший","positive"
"почтенность","positive"
"почтенный","positive"
"почтительность","positive"
"почтительный","positive"
"почтить","positive"
"почёт","positive"
"почётность","positive"
"почётный","positive"
"пошутить","positive"
"пощада","positive"
"пощадить","positive"
"пощекотать","positive"
"поэзия","positive"
"поэма","positive"
"поэт","positive"
"поэтесса","positive"
"поэтизация","positive"
"поэтизировать","positive"
"поэтически","positive"
"поэтический","positive"
"поэтичность","positive"
"поэтичный","positive"
"пояснение","positive"
"пояснительный","positive"
"прабабушка","positive"
"правда","positive"
"правдивость","positive"
"правдивый","positive"
"правдоискатель","positive"
"правдоискательство","positive"
"правдолюб","positive"
"правдолюбец","positive"
"правдолюбие","positive"
"правдоподобие","positive"
"правдоподобность","positive"
"правдоподобный","positive"
"праведник","positive"
"праведница","positive"
"праведность","positive"
"праведный","positive"
"правильность","positive"
"правильный","positive"
"правоверность","positive"
"правозащитник","positive"
"правозащитница","positive"
"правомерность","positive"
"правомерный","positive"
"правопорядок","positive"
"правоспособность","positive"
"правосудие","positive"
"правосудный","positive"
"правота","positive"
"прагматичный","positive"
"прадед","positive"
"прадедушка","positive"
"празднество","positive"
"праздник","positive"
"праздничек","positive"
"праздничность","positive"
"праздничный","positive"
"празднование","positive"
"праздновать","positive"
"практиковать","positive"
"практиковаться","positive"
"практичность","positive"
"практичный","positive"
"прапрабабушка","positive"
"прапрадедушка","positive"
"преважно","positive"
"превзойти","positive"
"превозмогать","positive"
"превозмочь","positive"
"превознести","positive"
"превозносить","positive"
"превозноситься","positive"
"превосходительство","positive"
"превосходить","positive"
"превосходный","positive"
"превосходство","positive"
"преданность","positive"
"преданный","positive"
"предвкусить","positive"
"предвкушать","positive"
"предвкушение","positive"
"предвосхитить","positive"
"предвосхищать","positive"
"предвосхищение","positive"
"предложить","positive"
"предновогодний","positive"
"предобрый","positive"
"предостерегать","positive"
"предостеречь","positive"
"предосторожность","positive"
"предотвратить","positive"
"предотвращать","positive"
"предотвращение","positive"
"предохранение","positive"
"предохранительный","positive"
"предохранить","positive"
"предохранять","positive"
"предпочтительность","positive"
"предпочтительный","positive"
"предпраздничный","positive"
"предприимчивость","positive"
"предприимчивый","positive"
"предсвадебный","positive"
"представительность","positive"
"представительный","positive"
"представительский","positive"
"предугадать","positive"
"предупредительность","positive"
"предупредить","positive"
"предусматривать","positive"
"предусмотреть","positive"
"предусмотрительность","positive"
"предусмотрительный","positive"
"презабавный","positive"
"презент","positive"
"презентабельность","positive"
"презентабельный","positive"
"преимущественный","positive"
"преимущество","positive"
"преисполниться","positive"
"преисполнять","positive"
"преисполняться","positive"
"прекраснейший","positive"
"прекраснодушие","positive"
"прекраснодушный","positive"
"прекрасный","positive"
"прелестный","positive"
"прелесть","positive"
"премиальный","positive"
"премилый","positive"
"премирование","positive"
"премировать","positive"
"премиум-класс","positive"
"премия","positive"
"премного","positive"
"премудрость","positive"
"премудрый","positive"
"премьера","positive"
"преобладать","positive"
"преображать","positive"
"преображаться","positive"
"преображение","positive"
"преобразить","positive"
"преобразиться","positive"
"преобразовательный","positive"
"преобразовать","positive"
"преобразоваться","positive"
"преобразовываться","positive"
"преодолевать","positive"
"преодоление","positive"
"преодолеть","positive"
"преодолимый","positive"
"преосвященство","positive"
"преотличный","positive"
"преподавание","positive"
"преподаватель","positive"
"преподавательница","positive"
"преподавать","positive"
"преподобный","positive"
"пресвятой","positive"
"престиж","positive"
"престижность","positive"
"престижный","positive"
"преумножать","positive"
"преумножить","positive"
"преуспевание","positive"
"преуспевать","positive"
"преуспеть","positive"
"пречистый","positive"
"прибавка","positive"
"прибавление","positive"
"прибавляться","positive"
"прибаутка","positive"
"приберегать","positive"
"приберечь","positive"
"прибираться","positive"
"прибраться","positive"
"прибыль","positive"
"прибыльность","positive"
"прибыльный","positive"
"прибыток","positive"
"приветливость","positive"
"приветливый","positive"
"приветный","positive"
"приветственный","positive"
"приветствие","positive"
"приветствовать","positive"
"привилегированность","positive"
"привилегированный","positive"
"привилегия","positive"
"привить","positive"
"привлекательность","positive"
"привлекательный","positive"
"привлекать","positive"
"привлечение","positive"
"привлечь","positive"
"привнести","positive"
"привносить","positive"
"приволье","positive"
"привязанность","positive"
"пригласительный","positive"
"пригласить","positive"
"приглашать","positive"
"приглашение","positive"
"приглядный","positive"
"приглядывать","positive"
"приглянуться","positive"
"пригодиться","positive"
"пригодность","positive"
"пригодный","positive"
"пригождаться","positive"
"пригожий","positive"
"приголубить","positive"
"пригревать","positive"
"пригреть","positive"
"приданое","positive"
"приемлемость","positive"
"приемлемый","positive"
"приз","positive"
"призвание","positive"
"признавать","positive"
"признаваться","positive"
"признание","positive"
"признанье","positive"
"признательность","positive"
"признательный","positive"
"признать","positive"
"призовой","positive"
"призёр","positive"
"прикармливать","positive"
"приключение","positive"
"приключенческий","positive"
"прикол","positive"
"прикорм","positive"
"прикормить","positive"
"прикупить","positive"
"приладить","positive"
"приласкать","positive"
"приласкаться","positive"
"прилежание","positive"
"прилежность","positive"
"прилежный","positive"
"приличие","positive"
"приличность","positive"
"приличный","positive"
"приловчиться","positive"
"прильнуть","positive"
"прима-балерина","positive"
"примадонна","positive"
"примерность","positive"
"примерный","positive"
"приметливость","positive"
"приметливый","positive"
"примечательность","positive"
"примечательный","positive"
"примирение","positive"
"примиренческий","positive"
"примиритель","positive"
"примирительный","positive"
"примирить","positive"
"примириться","positive"
"примирять","positive"
"примиряться","positive"
"примиряюще","positive"
"примирённость","positive"
"принарядить","positive"
"принарядиться","positive"
"приноровиться","positive"
"принц","positive"
"принцесса","positive"
"принять","positive"
"приободрить","positive"
"приободриться","positive"
"приободрять","positive"
"приободряться","positive"
"приобрести","positive"
"приобретение","positive"
"приобщаться","positive"
"приобщиться","positive"
"приодеть","positive"
"приодеться","positive"
"приоритет","positive"
"приоритетность","positive"
"припасы","positive"
"припевать","positive"
"припеваючи","positive"
"приплюсовать","positive"
"приплясывать","positive"
"приподнятость","positive"
"природа","positive"
"природный","positive"
"прирост","positive"
"приручать","positive"
"приручение","positive"
"приручить","positive"
"приспосабливаться","positive"
"приспособиться","positive"
"приспособленность","positive"
"приспособляемость","positive"
"пристойность","positive"
"пристойный","positive"
"пританцовывать","positive"
"притягательность","positive"
"притягательный","positive"
"приукраситься","positive"
"приумножать","positive"
"приумножить","positive"
"приумножиться","positive"
"прихорашивать","positive"
"прихорашиваться","positive"
"причесаться","positive"
"причмокнуть","positive"
"причёсанный","positive"
"приютить","positive"
"приютиться","positive"
"приязнь","positive"
"приятель","positive"
"приятельница","positive"
"приятельски","positive"
"приятельский","positive"
"приятельство","positive"
"приятность","positive"
"приятный","positive"
"проанализировать","positive"
"пробежка","positive"
"пробиться","positive"
"пробудиться","positive"
"пробуждаться","positive"
"пробуждение","positive"
"проведать","positive"
"проведывать","positive"
"провитамин","positive"
"проворковать","positive"
"проворность","positive"
"проворный","positive"
"проворство","positive"
"прогревать","positive"
"прогреваться","positive"
"прогресс","positive"
"прогрессивность","positive"
"прогрессивный","positive"
"прогрессировать","positive"
"прогрессия","positive"
"прогрессор","positive"
"прогреться","positive"
"прогуливаться","positive"
"прогулка","positive"
"прогулочка","positive"
"прогуляться","positive"
"продвигать","positive"
"продвигаться","positive"
"продвижение","positive"
"продвинуть","positive"
"продвинуться","positive"
"продезинфицировать","positive"
"продуктивность","positive"
"продуктивный","positive"
"продуманность","positive"
"продумать","positive"
"продумывать","positive"
"проектирование","positive"
"прозорливость","positive"
"прозорливый","positive"
"прозревать","positive"
"прозрение","positive"
"прозреть","positive"
"производительность","positive"
"производительный","positive"
"производить","positive"
"произрастать","positive"
"проинформировать","positive"
"прок","positive"
"прокачать","positive"
"прокачаться","positive"
"прокачивать","positive"
"прокачка","positive"
"прокормить","positive"
"пролечить","positive"
"промурлыкать","positive"
"проникаться","positive"
"проникновенность","positive"
"проникновенный","positive"
"проникнуться","positive"
"проницательность","positive"
"проницательный","positive"
"пропитание","positive"
"проплясать","positive"
"проповедь","positive"
"прорабатывать","positive"
"проработанность","positive"
"прорастать","positive"
"прорыв","positive"
"прорывной","positive"
"просвет","positive"
"просветитель","positive"
"просветительный","positive"
"просветительский","positive"
"просветительство","positive"
"просветить","positive"
"просветиться","positive"
"просветление","positive"
"просветлеть","positive"
"просветлить","positive"
"просветлять","positive"
"просветляться","positive"
"просветлённость","positive"
"просвещать","positive"
"просвещаться","positive"
"просвещение","positive"
"просвещённость","positive"
"просиять","positive"
"прославить","positive"
"прославиться","positive"
"прославление","positive"
"прославленный","positive"
"прославлять","positive"
"прославляться","positive"
"проспаться","positive"
"простительность","positive"
"простить","positive"
"простор","positive"
"просторный","positive"
"простосердечие","positive"
"простосердечный","positive"
"протанцевать","positive"
"протапливать","positive"
"противовирусный","positive"
"противовоспалительный","positive"
"противоопухолевый","positive"
"противопожарный","positive"
"противораковый","positive"
"противотуберкулёзный","positive"
"противочумный","positive"
"противоэпидемический","positive"
"противоядие","positive"
"протон","positive"
"протрезветь","positive"
"протрезвить","positive"
"протрезвиться","positive"
"протрезвление","positive"
"протрезвляться","positive"
"профессионал","positive"
"профессионализация","positive"
"профессионализм","positive"
"профессионалка","positive"
"профессиональность","positive"
"профессиональный","positive"
"профи","positive"
"профилактика","positive"
"профилактически","positive"
"профилактический","positive"
"профпригодность","positive"
"процвести","positive"
"процветание","positive"
"процветать","positive"
"прочищение","positive"
"прочность","positive"
"прочный","positive"
"прочтение","positive"
"прочувственный","positive"
"прощать","positive"
"прощение","positive"
"прощенье","positive"
"прощёный","positive"
"прояснение","positive"
"прояснеть","positive"
"прояснить","positive"
"проясниться","positive"
"прояснять","positive"
"проясняться","positive"
"прыткий","positive"
"прыткость","positive"
"прямодушие","positive"
"прямодушный","positive"
"пряник","positive"
"пряничный","positive"
"пряность","positive"
"пряный","positive"
"пташечка","positive"
"пташка","positive"
"птенец","positive"
"птенчик","positive"
"птичка","positive"
"пудинг","positive"
"пузико","positive"
"пуленепробиваемый","positive"
"пунктуальность","positive"
"пунктуальный","positive"
"пупс","positive"
"пупсик","positive"
"путеводный","positive"
"путешественница","positive"
"путешествие","positive"
"путешествовать","positive"
"путный","positive"
"путёвка","positive"
"путёвый","positive"
"пуховичок","positive"
"пушечка","positive"
"пушистик","positive"
"пушистость","positive"
"пушистый","positive"
"пушок","positive"
"пчёлка","positive"
"пылезащитный","positive"
"пытливость","positive"
"пышечка","positive"
"пышноволосый","positive"
"пятибалльный","positive"
"пятница","positive"
"пятновыводитель","positive"
"пятёрка","positive"
"пятёрочка","positive"
"пёсик","positive"
"работать","positive"
"работоспособность","positive"
"работоспособный","positive"
"работяга","positive"
"работящий","positive"
"равноправие","positive"
"равноправность","positive"
"равноправный","positive"
"рад","positive"
"рада","positive"
"радовать","positive"
"радоваться","positive"
"радостность","positive"
"радостный","positive"
"радость","positive"
"радуга","positive"
"радужность","positive"
"радужный","positive"
"радушие","positive"
"радушный","positive"
"разбогатеть","positive"
"разборчивость","positive"
"разборчивый","positive"
"развеселить","positive"
"развеселиться","positive"
"развесёлый","positive"
"развеяться","positive"
"развивать","positive"
"развиваться","positive"
"развитие","positive"
"развитость","positive"
"развитый","positive"
"развить","positive"
"развиться","positive"
"развлекаловка","positive"
"развлекательность","positive"
"развлекательный","positive"
"развлекать","positive"
"развлекаться","positive"
"развлекуха","positive"
"развлечение","positive"
"развлечь","positive"
"развлечься","positive"
"разгадать","positive"
"разгадка","positive"
"разгадывать","positive"
"разгрузиться","positive"
"раздобреть","positive"
"раздобриться","positive"
"раздолье","positive"
"раздольный","positive"
"разживаться","positive"
"раззадоривать","positive"
"раззадориться","positive"
"разлюбезный","positive"
"разминаться","positive"
"разминирование","positive"
"разминировать","positive"
"разминка","positive"
"размножаться","positive"
"размышление","positive"
"размяться","positive"
"разнежиться","positive"
"разнимать","positive"
"разнообразие","positive"
"разнообразить","positive"
"разнообразиться","positive"
"разнообразный","positive"
"разносторонний","positive"
"разносторонность","positive"
"разнять","positive"
"разогреться","positive"
"разомлеть","positive"
"разоружать","positive"
"разоружаться","positive"
"разрабатывать","positive"
"разрабатываться","positive"
"разработать","positive"
"разрешать","positive"
"разрешаться","positive"
"разрешение","positive"
"разрешимость","positive"
"разрешимый","positive"
"разрешительный","positive"
"разрешить","positive"
"разрешиться","positive"
"разрумяниться","positive"
"разудалый","positive"
"разузнавать","positive"
"разулыбаться","positive"
"разум","positive"
"разумение","positive"
"разуметь","positive"
"разумник","positive"
"разумница","positive"
"разумность","positive"
"разумный","positive"
"разучивать","positive"
"разъяснение","positive"
"разъяснить","positive"
"разъясниться","positive"
"разъяснять","positive"
"рай","positive"
"райский","positive"
"рандеву","positive"
"раскаиваться","positive"
"раскаяние","positive"
"раскаяться","positive"
"раскованность","positive"
"расколдовать","positive"
"расколдовывать","positive"
"раскрасавица","positive"
"раскрасить","positive"
"раскрепостить","positive"
"раскрепоститься","positive"
"раскрепощать","positive"
"раскрепощаться","positive"
"раскрепощение","positive"
"раскрываться","positive"
"распевать","positive"
"распеться","positive"
"распогодиться","positive"
"располагать","positive"
"распорядительность","positive"
"распорядительный","positive"
"распорядок","positive"
"распрекрасный","positive"
"распродажа","positive"
"распрямиться","positive"
"распутать","positive"
"распутаться","positive"
"рассвести","positive"
"рассвет","positive"
"рассветать","positive"
"расслабить","positive"
"расслабиться","positive"
"расслабление","positive"
"расслаблять","positive"
"расслабляться","positive"
"расслабляюще","positive"
"расслабон","positive"
"расслабуха","positive"
"рассмешить","positive"
"рассмеяться","positive"
"рассудительность","positive"
"рассудительный","positive"
"рассудить","positive"
"рассудочность","positive"
"рассудочный","positive"
"растеньице","positive"
"расти","positive"
"растить","positive"
"растолковать","positive"
"растолковывать","positive"
"расторопный","positive"
"растроганность","positive"
"растрогать","positive"
"растрогаться","positive"
"расхваливать","positive"
"расхвалить","positive"
"расхохотаться","positive"
"расхрабриться","positive"
"расцвести","positive"
"расцвет","positive"
"расцветание","positive"
"расцветать","positive"
"расцветить","positive"
"расцветиться","positive"
"расцеловать","positive"
"расцеловаться","positive"
"расчищать","positive"
"расчувствоваться","positive"
"расчудесный","positive"
"расчётливость","positive"
"расчётливый","positive"
"расшевелиться","positive"
"расширять","positive"
"расщедриваться","positive"
"расщедриться","positive"
"рахат-лукум","positive"
"рационализаторский","positive"
"рационалистический","positive"
"рационалистичность","positive"
"рационалистичный","positive"
"рациональность","positive"
"рациональный","positive"
"рачительность","positive"
"рвение","positive"
"реабилитация","positive"
"реабилитировать","positive"
"реабилитироваться","positive"
"реализация","positive"
"реализовать","positive"
"реализоваться","positive"
"реализуемость","positive"
"ребята","positive"
"ребятишки","positive"
"ребятки","positive"
"ребятня","positive"
"ребятушки","positive"
"ребятёнок","positive"
"ребёночек","positive"
"реверанс","positive"
"регенерация","positive"
"регенерировать","positive"
"регулярность","positive"
"резвиться","positive"
"резвость","positive"
"результативность","positive"
"результативный","positive"
"рекомендательный","positive"
"рекомендация","positive"
"рекомендовать","positive"
"реконструировать","positive"
"реконструироваться","positive"
"реконструкция","positive"
"рекорд","positive"
"рекордный","positive"
"рекордсмен","positive"
"релакс","positive"
"релаксация","positive"
"ремиссия","positive"
"ремонтировать","positive"
"рентабельный","positive"
"репетитор","positive"
"респект","positive"
"респектабельность","positive"
"респектабельный","positive"
"реставратор","positive"
"реставрация","positive"
"реставрировать","positive"
"реставрироваться","positive"
"ресторанчик","positive"
"речушка","positive"
"решаться","positive"
"решимость","positive"
"решительность","positive"
"решительный","positive"
"решиться","positive"
"ржака","positive"
"ржач","positive"
"рисование","positive"
"рисовать","positive"
"рисуночек","positive"
"ритмичный","positive"
"рогалик","positive"
"родина","positive"
"родители","positive"
"родитель","positive"
"родительский","positive"
"родительство","positive"
"родить","positive"
"родиться","positive"
"родич","positive"
"родненький","positive"
"родник","positive"
"родниковый","positive"
"роднить","positive"
"родниться","positive"
"родной","positive"
"родовитый","positive"
"родственник","positive"
"родственница","positive"
"родственность","positive"
"родственный","positive"
"родство","positive"
"рождать","positive"
"рождаться","positive"
"рождение","positive"
"рожденье","positive"
"рождественский","positive"
"рождество","positive"
"роза","positive"
"розовощёкий","positive"
"розочка","positive"
"романический","positive"
"романс","positive"
"романтизация","positive"
"романтизировать","positive"
"романтизм","positive"
"романтически","positive"
"романтический","positive"
"романтичность","positive"
"романтичный","positive"
"ромашка","positive"
"роскошество","positive"
"роскошный","positive"
"роскошь","positive"
"росток","positive"
"росточек","positive"
"рукастый","positive"
"рукоделие","positive"
"рукодельница","positive"
"рукодельничать","positive"
"рукоплескание","positive"
"рукоплескать","positive"
"рукопожатие","positive"
"румянить","positive"
"румяниться","positive"
"румяный","positive"
"русалочка","positive"
"ручаться","positive"
"рученька","positive"
"ручеёк","positive"
"рыбка","positive"
"рывок","positive"
"рыцарски","positive"
"рыцарский","positive"
"рыцарственно","positive"
"рыцарство","positive"
"рыцарь","positive"
"рьяный","positive"
"рябинка","positive"
"рядышком","positive"
"сабантуй","positive"
"сад","positive"
"садик","positive"
"садовничать","positive"
"сакура","positive"
"салатик","positive"
"салочка","positive"
"салют","positive"
"салютовать","positive"
"самоанализ","positive"
"самоварчик","positive"
"самовоспитание","positive"
"самовыражение","positive"
"самодисциплина","positive"
"самодостаточность","positive"
"самозарядка","positive"
"самозащита","positive"
"самоизлечение","positive"
"самоирония","positive"
"самоконтроль","positive"
"самокритика","positive"
"самолётик","positive"
"самонастройка","positive"
"самообеспечение","positive"
"самообладание","positive"
"самообновление","positive"
"самооборона","positive"
"самообразование","positive"
"самообучающийся","positive"
"самообучение","positive"
"самоокупаемость","positive"
"самоопределение","positive"
"самоопределиться","positive"
"самоорганизация","positive"
"самоосвобождение","positive"
"самоосуществление","positive"
"самоотверженность","positive"
"самоотверженный","positive"
"самоотдача","positive"
"самоохрана","positive"
"самоочищение","positive"
"самоподготовка","positive"
"самопожертвование","positive"
"самопознание","positive"
"самопомощь","positive"
"самопостижение","positive"
"самопроверка","positive"
"самопроявление","positive"
"саморазвитие","positive"
"самораскрытие","positive"
"самореализация","positive"
"саморегулирование","positive"
"самородок","positive"
"самосовершенствование","positive"
"самосознание","positive"
"самосохранение","positive"
"самостоятельность","positive"
"самостоятельный","positive"
"самоуважение","positive"
"самоуверенность","positive"
"самоуверенный","positive"
"самоудовлетворённость","positive"
"самоуслаждение","positive"
"самоусовершенствование","positive"
"самоуспокоение","positive"
"самоуспокоенность","positive"
"самоуспокоиться","positive"
"самоутешение","positive"
"самоцель","positive"
"самоценность","positive"
"самый-самый","positive"
"санитария","positive"
"санитарный","positive"
"сахарный","positive"
"сахарок","positive"
"сбалансированность","positive"
"сбалансировать","positive"
"сберегательный","positive"
"сберегать","positive"
"сберегаться","positive"
"сбережение","positive"
"сберечь","positive"
"сближать","positive"
"сближаться","positive"
"сближение","positive"
"сблизить","positive"
"сблизиться","positive"
"сбываться","positive"
"сбыться","positive"
"свадебка","positive"
"свадебный","positive"
"свадьба","positive"
"свататься","positive"
"сведущий","positive"
"свежак","positive"
"свежатина","positive"
"свежачок","positive"
"свежевымытый","positive"
"свежеиспечённый","positive"
"свеженький","positive"
"свежесть","positive"
"свежеть","positive"
"свежий","positive"
"сверкать","positive"
"сверкающий","positive"
"сверхдержава","positive"
"сверхдоход","positive"
"сверхмодный","positive"
"сверхмощный","positive"
"сверхнормативный","positive"
"сверхприбыль","positive"
"сверхпрочный","positive"
"сверхразум","positive"
"сверхскоростной","positive"
"сверхскорость","positive"
"сверхспособность","positive"
"сверхточный","positive"
"сверхчеловек","positive"
"сверхчеловеческий","positive"
"свершать","positive"
"свершаться","positive"
"свершение","positive"
"свершиться","positive"
"свет","positive"
"светильничек","positive"
"светить","positive"
"светиться","positive"
"светленький","positive"
"светлоголовый","positive"
"светлость","positive"
"светлота","positive"
"светлый","positive"
"светозарный","positive"
"светоносный","positive"
"свидание","positive"
"свиданка","positive"
"свиданье","positive"
"свобода","positive"
"свободнорождённый","positive"
"свободный","positive"
"свободолюбивый","positive"
"свободолюбие","positive"
"свободомыслие","positive"
"свободомыслящий","positive"
"своевременность","positive"
"своевременный","positive"
"свой","positive"
"святейшество","positive"
"святейший","positive"
"святилище","positive"
"святить","positive"
"святиться","positive"
"святки","positive"
"святость","positive"
"святыня","positive"
"священнодействие","positive"
"священнодействовать","positive"
"священнослужительница","positive"
"священность","positive"
"священный","positive"
"сгладить","positive"
"сглаживание","positive"
"сглаживать","positive"
"сговорчивость","positive"
"сговорчивый","positive"
"сгущёнка","positive"
"сдабривать","positive"
"сдержанность","positive"
"сдержанный","positive"
"сдоба","positive"
"сдобный","positive"
"сдобрить","positive"
"сдружать","positive"
"сдружаться","positive"
"сдружить","positive"
"сдружиться","positive"
"секс-символ","positive"
"сексапильность","positive"
"селёдочка","positive"
"семейный","positive"
"семейственный","positive"
"семейство","positive"
"семья","positive"
"семьянин","positive"
"сенсационный","positive"
"серафим","positive"
"сердечко","positive"
"сердечность","positive"
"сердечный","positive"
"сердобольность","positive"
"сердобольный","positive"
"сердце","positive"
"серенада","positive"
"сертифицированный","positive"
"серёжечка","positive"
"сестра","positive"
"сестринство","positive"
"сестрица","positive"
"сестричка","positive"
"сестрёнка","positive"
"сеятель","positive"
"сеять","positive"
"сжалиться","positive"
"сжиться","positive"
"сиеста","positive"
"сила","positive"
"силач","positive"
"силища","positive"
"силушка","positive"
"сильнейший","positive"
"сильный","positive"
"симпатизировать","positive"
"симпатический","positive"
"симпатичность","positive"
"симпатичный","positive"
"симпатия","positive"
"симпатяга","positive"
"симфония","positive"
"синичка","positive"
"сирень","positive"
"сиропчик","positive"
"сияние","positive"
"сиятельный","positive"
"сиятельство","positive"
"сиять","positive"
"сказка","positive"
"сказочка","positive"
"сказочник","positive"
"сказочность","positive"
"сказочный","positive"
"скамеечка","positive"
"скатерть-самобранка","positive"
"сквер","positive"
"скворечник","positive"
"скидка","positive"
"скидочка","positive"
"скилл","positive"
"сконцентрированность","positive"
"сконцентрироваться","positive"
"скоординированность","positive"
"скорочтение","positive"
"скорректировать","positive"
"скрасить","positive"
"скрашивать","positive"
"скромнейший","positive"
"скромница","positive"
"скромность","positive"
"скушать","positive"
"слава","positive"
"славить","positive"
"славиться","positive"
"славнейший","positive"
"славный","positive"
"сладенький","positive"
"сладить","positive"
"сладиться","positive"
"сладкий","positive"
"сладковатый","positive"
"сладкоголосый","positive"
"сладкозвучный","positive"
"сладостность","positive"
"сладостный","positive"
"сладость","positive"
"сладчайший","positive"
"слаженность","positive"
"слаживание","positive"
"сласти","positive"
"сласть","positive"
"словарик","positive"
"слоник","positive"
"слонёнок","positive"
"слух","positive"
"слюбиться","positive"
"смайл","positive"
"смайлик","positive"
"смак","positive"
"смакование","positive"
"смаковать","positive"
"смастерить","positive"
"смачный","positive"
"смекалистость","positive"
"смекалистый","positive"
"смекалка","positive"
"смекать","positive"
"смекнуть","positive"
"смелеть","positive"
"смелость","positive"
"смелый","positive"
"смельчак","positive"
"сметанка","positive"
"сметливый","positive"
"смех","positive"
"смехотворный","positive"
"смешинка","positive"
"смешить","positive"
"смешливость","positive"
"смешливый","positive"
"смешной","positive"
"смеяться","positive"
"смиловаться","positive"
"смилосердиться","positive"
"смилостивиться","positive"
"смирный","positive"
"смородина","positive"
"смочь","positive"
"смыслить","positive"
"смышлёность","positive"
"смышлёный","positive"
"смягчать","positive"
"смягчаться","positive"
"смягчение","positive"
"смягчить","positive"
"смягчиться","positive"
"снабдить","positive"
"снайперски","positive"
"снеговик","positive"
"снегурочка","positive"
"снежок","positive"
"сногсшибательность","positive"
"сногсшибательный","positive"
"сноровка","positive"
"собачка","positive"
"соблаговолить","positive"
"соблазнительность","positive"
"соблазнительный","positive"
"соблюдать","positive"
"соблюдение","positive"
"соблюсти","positive"
"соболезнование","positive"
"соболезновать","positive"
"соболезнующе","positive"
"собранность","positive"
"собрат","positive"
"совершенный","positive"
"совершенство","positive"
"совершенствование","positive"
"совершенствовать","positive"
"совершенствоваться","positive"
"совестить","positive"
"совестливость","positive"
"совестливый","positive"
"совестный","positive"
"совесть","positive"
"совет","positive"
"советовать","positive"
"советоваться","positive"
"совладать","positive"
"совместимость","positive"
"совместимый","positive"
"совместиться","positive"
"совместность","positive"
"совушка","positive"
"совёнок","positive"
"согласие","positive"
"согласительный","positive"
"согласить","positive"
"согласиться","positive"
"согласный","positive"
"согласование","positive"
"согласованность","positive"
"согласовать","positive"
"согласоваться","positive"
"согласовывать","positive"
"соглашательский","positive"
"соглашаться","positive"
"соглашение","positive"
"согревание","positive"
"согревать","positive"
"согреваться","positive"
"согреть","positive"
"согреться","positive"
"содействие","positive"
"содействовать","positive"
"содержательность","positive"
"содержательный","positive"
"содружество","positive"
"созвучность","positive"
"создавать","positive"
"создаваться","positive"
"создание","positive"
"создатель","positive"
"создать","positive"
"созерцание","positive"
"созерцательность","positive"
"созерцательный","positive"
"созерцать","positive"
"созидание","positive"
"созидатель","positive"
"созидательность","positive"
"созидательный","positive"
"созидать","positive"
"сознавать","positive"
"сознаваться","positive"
"сознательность","positive"
"сознательный","positive"
"сознать","positive"
"сознаться","positive"
"созревание","positive"
"созреть","positive"
"соитие","positive"
"сойтись","positive"
"сокровенность","positive"
"сокровенный","positive"
"сокровище","positive"
"сокровищница","positive"
"солидаризироваться","positive"
"солидарность","positive"
"солидарный","positive"
"солидность","positive"
"солидный","positive"
"солнечность","positive"
"солнечный","positive"
"солнце","positive"
"солнцезащитный","positive"
"солнышко","positive"
"соловьиный","positive"
"сомик","positive"
"сон","positive"
"соображалка","positive"
"соображать","positive"
"соображение","positive"
"сообразительность","positive"
"сообразительный","positive"
"сообразить","positive"
"сообща","positive"
"соорудить","positive"
"сооружать","positive"
"соотечественник","positive"
"соотечественница","positive"
"сопереживание","positive"
"сопереживать","positive"
"соплеменник","positive"
"сопутствие","positive"
"сопутствовать","positive"
"соратник","positive"
"соратница","positive"
"сориентировать","positive"
"сориентироваться","positive"
"сосенка","positive"
"соскучиться","positive"
"сосредоточенность","positive"
"сосредоточенный","positive"
"сосредоточивать","positive"
"сосредоточить","positive"
"сосредоточиться","positive"
"состоятельность","positive"
"состоятельный","positive"
"состояться","positive"
"сострадание","positive"
"сострадательность","positive"
"сострадательный","positive"
"сострадать","positive"
"сотворение","positive"
"сотворить","positive"
"сотворчество","positive"
"сотоварищ","positive"
"сотрапезничать","positive"
"сотрудничать","positive"
"сотрудничество","positive"
"сохранение","positive"
"сохранить","positive"
"сохраниться","positive"
"сохранность","positive"
"сохранять","positive"
"сохраняться","positive"
"социализация","positive"
"социализировать","positive"
"социализироваться","positive"
"сочельник","positive"
"сочетаться","positive"
"сочность","positive"
"сочный","positive"
"сочувственный","positive"
"сочувствие","positive"
"сочувствовать","positive"
"союз","positive"
"союзник","positive"
"союзница","positive"
"союзнический","positive"
"союзничество","positive"
"союзный","positive"
"спа","positive"
"спас","positive"
"спасание","positive"
"спасатель","positive"
"спасательный","positive"
"спасать","positive"
"спасаться","positive"
"спасение","positive"
"спасжилет","positive"
"спаситель","positive"
"спасительница","positive"
"спасительность","positive"
"спасительный","positive"
"спасти","positive"
"спастись","positive"
"спать","positive"
"спектакль","positive"
"спелость","positive"
"спелый","positive"
"спец","positive"
"специализироваться","positive"
"специалист","positive"
"специалистка","positive"
"сплачивание","positive"
"сплачивать","positive"
"сплачиваться","positive"
"сплотить","positive"
"сплотиться","positive"
"сплочение","positive"
"сплочённость","positive"
"сплясать","positive"
"сподвижница","positive"
"спокойность","positive"
"спокойный","positive"
"спокойствие","positive"
"спонсор","positive"
"спонсорство","positive"
"спорт","positive"
"спортивность","positive"
"спортивный","positive"
"спортсмен","positive"
"спортсменка","positive"
"способность","positive"
"способный","positive"
"способствовать","positive"
"справедливость","positive"
"справедливый","positive"
"справиться","positive"
"справляться","positive"
"справный","positive"
"спутница","positive"
"сработанность","positive"
"сработать","positive"
"сработаться","positive"
"сроднить","positive"
"сродниться","positive"
"стабилизировать","positive"
"стабилизироваться","positive"
"стабилизоваться","positive"
"стабильность","positive"
"стабильный","positive"
"становление","positive"
"станцевать","positive"
"старание","positive"
"старатель","positive"
"старательность","positive"
"старательный","positive"
"старательский","positive"
"стараться","positive"
"старичок","positive"
"старушечка","positive"
"старшинство","positive"
"статность","positive"
"статный","positive"
"стильность","positive"
"стильный","positive"
"стимул","positive"
"стимулирование","positive"
"стимулировать","positive"
"стипендиат","positive"
"стипендия","positive"
"стихотворец","positive"
"стишок","positive"
"стойкий","positive"
"стойкость","positive"
"столковаться","positive"
"стопроцентный","positive"
"стопудовый","positive"
"сторонник","positive"
"сторонушка","positive"
"стоящий","positive"
"странствовать","positive"
"страстность","positive"
"страстный","positive"
"страсть","positive"
"стратег","positive"
"стратегический","positive"
"страховать","positive"
"страховаться","positive"
"стремительность","positive"
"стремительный","positive"
"стремиться","positive"
"стремление","positive"
"стрессоустойчивость","positive"
"строитель","positive"
"строить","positive"
"стройность","positive"
"стройный","positive"
"структурированность","positive"
"суббота","positive"
"субсидировать","positive"
"сувенир","positive"
"сувенирчик","positive"
"суметь","positive"
"супер","positive"
"супергерой","positive"
"супердержава","positive"
"суперзвезда","positive"
"суперкласс","positive"
"суперкомпьютер","positive"
"суперкубок","positive"
"супермен","positive"
"суперструктура","positive"
"супружество","positive"
"супчик","positive"
"суфле","positive"
"сфокусированность","positive"
"сформированность","positive"
"счастие","positive"
"счастливейший","positive"
"счастливец","positive"
"счастливить","positive"
"счастливица","positive"
"счастливчик","positive"
"счастливый","positive"
"счастье","positive"
"съедобность","positive"
"съедобный","positive"
"съестной","positive"
"сын","positive"
"сынишка","positive"
"сынок","positive"
"сыночек","positive"
"сырок","positive"
"сытенький","positive"
"сытность","positive"
"сытный","positive"
"сытость","positive"
"сытый","positive"
"сэкономить","positive"
"сэнсэй","positive"
"сюрприз","positive"
"сюрпризец","positive"
"тактичность","positive"
"тактичный","positive"
"талант","positive"
"талантище","positive"
"талантливейший","positive"
"талантливость","positive"
"талантливый","positive"
"талисман","positive"
"тамада","positive"
"танго","positive"
"танец","positive"
"танцевать","positive"
"танцор","positive"
"танцующий","positive"
"творение","positive"
"творец","positive"
"творить","positive"
"творожок","positive"
"творчески","positive"
"творческий","positive"
"творчество","positive"
"театр","positive"
"телохранитель","positive"
"телохранительница","positive"
"телёночек","positive"
"темпераментный","positive"
"тенёчек","positive"
"теплеть","positive"
"теплить","positive"
"теплиться","positive"
"теплозащита","positive"
"теплозащитный","positive"
"теплолюбивый","positive"
"теплота","positive"
"теплотворный","positive"
"теплынь","positive"
"терапия","positive"
"терпеливость","positive"
"терпеливый","positive"
"терпение","positive"
"терпенье","positive"
"терпимость","positive"
"технологичный","positive"
"технология","positive"
"техподдержка","positive"
"техпомощь","positive"
"тешить","positive"
"тешиться","positive"
"тигрёнок","positive"
"тирамису","positive"
"тисканье","positive"
"тискать","positive"
"титул","positive"
"титулование","positive"
"титуловать","positive"
"товарищ","positive"
"товарищески","positive"
"товарищеский","positive"
"товарищество","positive"
"токсиколог","positive"
"толерантность","positive"
"толерантный","positive"
"толк","positive"
"толковость","positive"
"толковый","positive"
"тонизировать","positive"
"тонус","positive"
"топовый","positive"
"торжественность","positive"
"торжественный","positive"
"торжество","positive"
"торжествовать","positive"
"торжествующий","positive"
"торт","positive"
"тортик","positive"
"тост","positive"
"точность","positive"
"точный","positive"
"травинка","positive"
"траволечение","positive"
"травушка","positive"
"традиция","positive"
"трапеза","positive"
"трапезничать","positive"
"трезвение","positive"
"трезвенник","positive"
"трезвенность","positive"
"трезветь","positive"
"трезвость","positive"
"трезвый","positive"
"тренинг","positive"
"тренированность","positive"
"тренировать","positive"
"тренироваться","positive"
"тренировка","positive"
"трепет","positive"
"трепетность","positive"
"трепетный","positive"
"триумф","positive"
"триумфальный","positive"
"трогательность","positive"
"трогательный","positive"
"трофей","positive"
"трофейный","positive"
"труд","positive"
"трудиться","positive"
"трудоголик","positive"
"трудолюбивый","positive"
"трудолюбие","positive"
"трудоспособность","positive"
"трудоспособный","positive"
"трудотерапия","positive"
"трудоустроить","positive"
"трудоустройство","positive"
"трудяга","positive"
"трудящийся","positive"
"труженик","positive"
"труженица","positive"
"туризм","positive"
"турне","positive"
"турпоездка","positive"
"тусовка","positive"
"тщательность","positive"
"тщательный","positive"
"тыковка","positive"
"тюльпан","positive"
"тян","positive"
"тятенька","positive"
"тёпленький","positive"
"тёплый","positive"
"тётушка","positive"
"убаюкать","positive"
"убаюкивание","positive"
"убаюкивать","positive"
"убаюкивающе","positive"
"убедительность","positive"
"убедительный","positive"
"убедиться","positive"
"убеждаться","positive"
"убежище","positive"
"уберегать","positive"
"уберечь","positive"
"уберечься","positive"
"ублажать","positive"
"ублажение","positive"
"ублажить","positive"
"уважаемый","positive"
"уважать","positive"
"уважение","positive"
"уважительность","positive"
"уважительный","positive"
"уважить","positive"
"увековечение","positive"
"увековечивать","positive"
"увековечить","positive"
"увенчание","positive"
"увенчать","positive"
"увенчаться","positive"
"уверенность","positive"
"уверенный","positive"
"увериться","positive"
"увеселение","positive"
"увеселительный","positive"
"увеселять","positive"
"увлекательность","positive"
"увлекательный","positive"
"увлекать","positive"
"увлекаться","positive"
"увлекающийся","positive"
"увлечение","positive"
"увлечь","positive"
"увлечься","positive"
"увлечённо","positive"
"увлечённость","positive"
"углублённость","positive"
"угодить","positive"
"угодный","positive"
"угорать","positive"
"угостить","positive"
"угоститься","positive"
"угощать","positive"
"угощаться","positive"
"угощение","positive"
"удаваться","positive"
"удалец","positive"
"удалый","positive"
"ударник","positive"
"ударница","positive"
"удаться","positive"
"удача","positive"
"удачливость","positive"
"удачливый","positive"
"удачник","positive"
"удачница","positive"
"удачность","positive"
"удачный","positive"
"удвоить","positive"
"удивительность","positive"
"удивительный","positive"
"удивить","positive"
"удивлять","positive"
"удивляться","positive"
"удобность","positive"
"удобный","positive"
"удобочитаемый","positive"
"удобрение","positive"
"удобрить","positive"
"удобрять","positive"
"удобство","positive"
"удовлетворение","positive"
"удовлетворительность","positive"
"удовлетворительный","positive"
"удовлетворить","positive"
"удовлетвориться","positive"
"удовлетворять","positive"
"удовлетворяться","positive"
"удовлетворённость","positive"
"удовольствие","positive"
"удовольствовать","positive"
"удовольствоваться","positive"
"удостаивать","positive"
"удостаиваться","positive"
"удостоверить","positive"
"удостовериться","positive"
"удостоить","positive"
"удостоиться","positive"
"удочерение","positive"
"удочерить","positive"
"удружить","positive"
"уживчивость","positive"
"уживчивый","positive"
"узаконение","positive"
"узбагоиться","positive"
"узнавание","positive"
"узнавать","positive"
"узнать","positive"
"узорчик","positive"
"уик-энд","positive"
"уикэнд","positive"
"украсить","positive"
"украситься","positive"
"украшать","positive"
"украшаться","positive"
"украшение","positive"
"укрепить","positive"
"укрепиться","positive"
"укрепление","positive"
"укреплять","positive"
"укрепляться","positive"
"укутать","positive"
"укутывать","positive"
"улавливать","positive"
"уладить","positive"
"уладиться","positive"
"улаживание","positive"
"улаживать","positive"
"улаживаться","positive"
"улучшать","positive"
"улучшаться","positive"
"улучшение","positive"
"улучшить","positive"
"улучшиться","positive"
"улыбаться","positive"
"улыбка","positive"
"улыбнуться","positive"
"улыбочка","positive"
"улыбчивость","positive"
"улыбчивый","positive"
"ультра","positive"
"ультрамодный","positive"
"ультрасовременный","positive"
"улёт","positive"
"ум","positive"
"умелец","positive"
"умелица","positive"
"умелость","positive"
"умелый","positive"
"умение","positive"
"уменье","positive"
"уместность","positive"
"уместный","positive"
"уметь","positive"
"умеючи","positive"
"умиление","positive"
"умиленье","positive"
"умилительный","positive"
"умилить","positive"
"умилиться","positive"
"умилосердиться","positive"
"умилостивить","positive"
"умилостивлять","positive"
"умилостивляться","positive"
"умилять","positive"
"умиляться","positive"
"умиротворение","positive"
"умиротворить","positive"
"умиротворять","positive"
"умиротворяюще","positive"
"умиротворённость","positive"
"умнейший","positive"
"умненький","positive"
"умнеть","positive"
"умница","positive"
"умный","positive"
"умопомрачительность","positive"
"умопомрачительный","positive"
"уморительность","positive"
"уморительный","positive"
"умственный","positive"
"умствование","positive"
"умудрённость","positive"
"умывание","positive"
"умываться","positive"
"умыться","positive"
"умягчать","positive"
"умягчить","positive"
"универсал","positive"
"универсализм","positive"
"универсальность","positive"
"уникальность","positive"
"уникальный","positive"
"уникум","positive"
"уняться","positive"
"упование","positive"
"упоение","positive"
"упоенье","positive"
"упоительность","positive"
"упоительный","positive"
"упокоиться","positive"
"упорность","positive"
"упорный","positive"
"упорство","positive"
"упорядочение","positive"
"упорядоченно","positive"
"упорядоченность","positive"
"упорядочивание","positive"
"упорядочивать","positive"
"упорядочить","positive"
"упорядочиться","positive"
"упражняться","positive"
"упрочить","positive"
"упрочнение","positive"
"уравновеситься","positive"
"уравновешенность","positive"
"уразумевать","positive"
"уразумение","positive"
"уразуметь","positive"
"урегулирование","positive"
"урегулировать","positive"
"урегулироваться","positive"
"урожай","positive"
"урожайность","positive"
"урожайный","positive"
"усваивание","positive"
"усваивать","positive"
"усвоение","positive"
"усвоить","positive"
"усвояемость","positive"
"усвояемый","positive"
"усердие","positive"
"усердность","positive"
"усердный","positive"
"усердствовать","positive"
"усидчивость","positive"
"усидчивый","positive"
"усиливать","positive"
"усилие","positive"
"усилить","positive"
"усилиться","positive"
"ускорение","positive"
"услада","positive"
"усладить","positive"
"услаждать","positive"
"услаждаться","positive"
"услаждение","positive"
"усластить","positive"
"усовершенствование","positive"
"усовершенствовать","positive"
"усовершенствоваться","positive"
"усовеститься","positive"
"успеваемость","positive"
"успевать","positive"
"успеть","positive"
"успех","positive"
"успешность","positive"
"успешный","positive"
"успокаивать","positive"
"успокаиваться","positive"
"успокоение","positive"
"успокоенность","positive"
"успокоитель","positive"
"успокоительный","positive"
"успокоить","positive"
"успокоиться","positive"
"устеречь","positive"
"устойчивость","positive"
"устойчивый","positive"
"устоять","positive"
"устремиться","positive"
"устремление","positive"
"устремляться","positive"
"устремлённость","positive"
"устроиться","positive"
"уступать","positive"
"уступить","positive"
"уступка","positive"
"уступчивость","positive"
"уступчивый","positive"
"усыновитель","positive"
"усыновить","positive"
"усыновление","positive"
"усыновлять","positive"
"утвердительный","positive"
"утвердиться","positive"
"утверждаться","positive"
"утепление","positive"
"утеплитель","positive"
"утеплить","positive"
"утеплиться","positive"
"утеплять","positive"
"утеха","positive"
"утешать","positive"
"утешаться","positive"
"утешение","positive"
"утешитель","positive"
"утешительница","positive"
"утешительный","positive"
"утешить","positive"
"утешиться","positive"
"утихомирить","positive"
"утихомириться","positive"
"утишать","positive"
"утолить","positive"
"утолять","positive"
"утончённость","positive"
"утончённый","positive"
"уточка","positive"
"утренник","positive"
"утречко","positive"
"утрясаться","positive"
"утёнок","positive"
"ухаживание","positive"
"ухаживать","positive"
"ухажёр","positive"
"ухоженность","positive"
"ухоженный","positive"
"уцелеть","positive"
"участие","positive"
"участливость","positive"
"участливый","positive"
"учебник","positive"
"учебный","positive"
"учение","positive"
"ученье","positive"
"учитель","positive"
"учить","positive"
"учиться","positive"
"учтивость","positive"
"учтивый","positive"
"учёба","positive"
"учёность","positive"
"учёный","positive"
"уют","positive"
"уютность","positive"
"уютный","positive"
"уяснить","positive"
"уяснять","positive"
"фаворит","positive"
"фаворитка","positive"
"фаворитский","positive"
"фанат","positive"
"фанатка","positive"
"фантазирование","positive"
"фантазировать","positive"
"фантазия","positive"
"фантазёр","positive"
"фантазёрка","positive"
"фантазёрство","positive"
"фантастически","positive"
"фантастический","positive"
"фанфара","positive"
"фартить","positive"
"фартовый","positive"
"фауна","positive"
"феерически","positive"
"феерический","positive"
"фееричность","positive"
"фееричный","positive"
"феечка","positive"
"фейерверк","positive"
"феникс","positive"
"феноменальность","positive"
"феноменальный","positive"
"фестиваль","positive"
"фея","positive"
"фигуристка","positive"
"фигуристый","positive"
"фиеста","positive"
"физзарядка","positive"
"физиотерапевт","positive"
"физкультурный","positive"
"филантропический","positive"
"филантропия","positive"
"фильтрование","positive"
"финалист","positive"
"финансировать","positive"
"финиш","positive"
"финишировать","positive"
"финишный","positive"
"фирменный","positive"
"фисташка","positive"
"фитнес","positive"
"флешмоб","positive"
"флирт","positive"
"флиртовать","positive"
"фольклор","positive"
"фонтанчик","positive"
"форвард","positive"
"фортуна","positive"
"фотогеничность","positive"
"фотогеничный","positive"
"фотоискусство","positive"
"фотолюбитель","positive"
"френд","positive"
"фреш","positive"
"фрикаделька","positive"
"фрукт","positive"
"функциональность","positive"
"функциональный","positive"
"функционирование","positive"
"фунтик","positive"
"фурор","positive"
"футболочка","positive"
"фэн-шуй","positive"
"хавчик","positive"
"халва","positive"
"харизма","positive"
"харизматичность","positive"
"хачапури","positive"
"хвала","positive"
"хвалебный","positive"
"хваление","positive"
"хвалить","positive"
"хвалёный","positive"
"хваткий","positive"
"хваткость","positive"
"хит","positive"
"хихикать","positive"
"хлеб-соль","positive"
"хлебопашество","positive"
"хлебопёк","positive"
"хлебосольный","positive"
"хлебушко","positive"
"хобби","positive"
"хозяйски","positive"
"хозяйственность","positive"
"хозяйственный","positive"
"хозяюшка","positive"
"холеный","positive"
"холить","positive"
"холодильничек","positive"
"холодостойкий","positive"
"хомяк","positive"
"хомячок","positive"
"хоровод","positive"
"хоромы","positive"
"хорошенечко","positive"
"хорошенький","positive"
"хорошенько","positive"
"хорошеть","positive"
"хороший","positive"
"хорошист","positive"
"хохма","positive"
"хохот","positive"
"хохотать","positive"
"хохотнуть","positive"
"хохотун","positive"
"хохотунья","positive"
"хохотушка","positive"
"храбрейший","positive"
"храбреть","positive"
"храбрец","positive"
"храбриться","positive"
"храбрость","positive"
"храбрый","positive"
"храм","positive"
"хранитель","positive"
"хранительница","positive"
"хризантема","positive"
"христос","positive"
"художественность","positive"
"художественный","positive"
"художество","positive"
"художник","positive"
"художница","positive"
"хэппи-энд","positive"
"царский","positive"
"царственность","positive"
"царственный","positive"
"цвести","positive"
"цветение","positive"
"цветик","positive"
"цветник","positive"
"цветоводство","positive"
"цветок","positive"
"цветоносный","positive"
"цветочек","positive"
"цветочник","positive"
"цветочница","positive"
"цветочный","positive"
"целебность","positive"
"целебный","positive"
"целенаправленность","positive"
"целенаправленный","positive"
"целение","positive"
"целесообразность","positive"
"целесообразный","positive"
"целеустремлённость","positive"
"целеустремлённый","positive"
"целитель","positive"
"целительница","positive"
"целительность","positive"
"целительный","positive"
"целительство","positive"
"целить","positive"
"целование","positive"
"целовать","positive"
"целоваться","positive"
"целомудренность","positive"
"целомудренный","positive"
"целомудрие","positive"
"целостность","positive"
"целостный","positive"
"целость","positive"
"цельность","positive"
"цельный","positive"
"ценитель","positive"
"ценительница","positive"
"ценить","positive"
"цениться","positive"
"ценнейший","positive"
"ценностный","positive"
"ценность","positive"
"ценный","positive"
"цепкость","positive"
"цивилизованность","positive"
"цивилизовать","positive"
"цивильный","positive"
"цирк","positive"
"цыплёнок","positive"
"цыплёночек","positive"
"чадо","positive"
"чадолюбивый","positive"
"чадолюбие","positive"
"чаепитие","positive"
"чайничек","positive"
"чаровать","positive"
"частушка","positive"
"чаять","positive"
"чаёвничать","positive"
"чаёк","positive"
"чебурек","positive"
"чебуречная","positive"
"человеколюбец","positive"
"человеколюбивый","positive"
"человеколюбие","positive"
"человечек","positive"
"человечески","positive"
"человеческий","positive"
"человечище","positive"
"человечность","positive"
"человечный","positive"
"чемпион","positive"
"чемпионка","positive"
"чемпионский","positive"
"чемпионство","positive"
"черепашка","positive"
"черника","positive"
"чествование","positive"
"чествовать","positive"
"честнейший","positive"
"честность","positive"
"честный","positive"
"честолюбивый","positive"
"честь","positive"
"чизкейк","positive"
"чинить","positive"
"чистейший","positive"
"чистенький","positive"
"чистить","positive"
"чиститься","positive"
"чистка","positive"
"чистокровность","positive"
"чистокровный","positive"
"чистописание","positive"
"чистоплотность","positive"
"чистоплотный","positive"
"чистопородность","positive"
"чистопородный","positive"
"чистосердечие","positive"
"чистосердечность","positive"
"чистосердечный","positive"
"чистота","positive"
"чистый","positive"
"чистюля","positive"
"читаемость","positive"
"читать","positive"
"чмокать","positive"
"чмокнуть","positive"
"чтение","positive"
"чтить","positive"
"чувственность","positive"
"чувственный","positive"
"чувствовать","positive"
"чудесить","positive"
"чудесник","positive"
"чудесность","positive"
"чудесный","positive"
"чудной","positive"
"чудный","positive"
"чудо","positive"
"чудодейственность","positive"
"чудодейственный","positive"
"чудотворец","positive"
"чудотворный","positive"
"чудотворство","positive"
"чуйка","positive"
"чуткий","positive"
"чуткость","positive"
"чутьё","positive"
"чёткий","positive"
"чёткость","positive"
"шаверма","positive"
"шажочек","positive"
"шалашик","positive"
"шанс","positive"
"шапочка","positive"
"шарить","positive"
"шарлотка","positive"
"шарм","positive"
"шаурма","positive"
"шашлык","positive"
"шашлычный","positive"
"шашлычок","positive"
"шедевр","positive"
"шелковистость","positive"
"шелковистый","positive"
"шик","positive"
"шикануть","positive"
"шикарность","positive"
"шикарный","positive"
"шиковать","positive"
"широкодоступный","positive"
"шкатулочка","positive"
"шоколад","positive"
"шоколадка","positive"
"шоколадный","positive"
"штанишки","positive"
"штрудель","positive"
"шустрик","positive"
"шустрый","positive"
"шут","positive"
"шутить","positive"
"шутка","positive"
"шутливость","positive"
"шутливый","positive"
"шутник","positive"
"шутница","positive"
"шуточка","positive"
"шуточный","positive"
"щадить","positive"
"щедрость","positive"
"щедрота","positive"
"щедрый","positive"
"щекотка","positive"
"щенок","positive"
"щеночек","positive"
"щёчка","positive"
"эволюционизм","positive"
"эволюционирование","positive"
"эволюционировать","positive"
"эволюционистский","positive"
"эволюционный","positive"
"эволюция","positive"
"эйфория","positive"
"экзотичность","positive"
"экзотичный","positive"
"эклер","positive"
"эколог","positive"
"экологический","positive"
"экология","positive"
"экономить","positive"
"экономичность","positive"
"экономичный","positive"
"экономность","positive"
"эксклюзив","positive"
"эксклюзивность","positive"
"эксклюзивный","positive"
"эксперт","positive"
"экспертный","positive"
"экстаз","positive"
"экстраординарность","positive"
"экстраординарный","positive"
"элегантность","positive"
"элегантный","positive"
"элита","positive"
"элитарный","positive"
"элитный","positive"
"эльдорадо","positive"
"эмпатия","positive"
"эндорфин","positive"
"энергический","positive"
"энергичность","positive"
"энергичный","positive"
"энергоёмкий","positive"
"энтузиазм","positive"
"энтузиаст","positive"
"энтузиастка","positive"
"энциклопедист","positive"
"энциклопедический","positive"
"энциклопедия","positive"
"эпически","positive"
"эпический","positive"
"эпичность","positive"
"эпохальность","positive"
"эротичность","positive"
"эрудированность","positive"
"эрудированный","positive"
"эрудит","positive"
"эрудиция","positive"
"эскимо","positive"
"эстет","positive"
"эстетизм","positive"
"эстетика","positive"
"эстетически","positive"
"эстетический","positive"
"эстетичность","positive"
"эстетичный","positive"
"эталон","positive"
"эталонный","positive"
"этика","positive"
"этикет","positive"
"этикетный","positive"
"этически","positive"
"этический","positive"
"этичность","positive"
"этичный","positive"
"эффективность","positive"
"эффективный","positive"
"эффектность","positive"
"эффектный","positive"
"юбилей","positive"
"юбилейный","positive"
"юбиляр","positive"
"юбилярша","positive"
"юмор","positive"
"юмореска","positive"
"юморист","positive"
"юмористика","positive"
"юмористически","positive"
"юмористический","positive"
"юмористка","positive"
"юморок","positive"
"юность","positive"
"юношество","positive"
"юркий","positive"
"юркость","positive"
"яблоко","positive"
"яблонька","positive"
"яблоня","positive"
"яблочко","positive"
"ягнёнок","positive"
"ягнёночек","positive"
"ягода","positive"
"ягодка","positive"
"ягодный","positive"
"яркий","positive"
"ярмарка","positive"
"ярчайший","positive"
"яснеть","positive"
"ясноглазый","positive"
"ясность","positive"
"ясный","positive"
"яства","positive"
"ёлка","positive"
"ёлочка","positive"
"абулия","positive"
"авось","positive"
"авось-либо","positive"
"авторитет ","positive"
"авторитетно ","positive"
"авторитетность ","positive"
"авторитетный ","positive"
"агнец","positive"
"азарт ","positive"
"азартность ","positive"
"азартный ","positive"
"активизация ","positive"
"активизировать","positive"
"аллилуйщина","positive"
"алчба","positive"
"алчность","positive"
"альковный","positive"
"альтруист ","positive"
"альтруистический ","positive"
"альтруистичность ","positive"
"альтруистичный ","positive"
"альтруистский ","positive"
"амуриться","positive"
"амурничать","positive"
"амуры","positive"
"ангелоподобный ","positive"
"аплодировать ","positive"
"аплодисменты ","positive"
"апологетика","positive"
"апология","positive"
"артачиться","positive"
"артельный","positive"
"аскетический ","positive"
"аскетичность ","positive"
"аскетичный ","positive"
"апробация ","positive"
"эстетичность ","positive"
"аффективный ","positive"
"аховый","positive"
"баба","positive"
"бабник","positive"
"балдеж","positive"
"балдеть","positive"
"балованный","positive"
"баловать","positive"
"баловень ","positive"
"баловник","positive"
"баловство","positive"
"бедовый","positive"
"безбоязненно ","positive"
"безбоязненность ","positive"
"безбоязненный ","positive"
"безбоязный","positive"
"безволие ","positive"
"безвольный ","positive"
"безгневно ","positive"
"безгневность ","positive"
"безгневный ","positive"
"беззаботно ","positive"
"беззаботность ","positive"
"беззаботный ","positive"
"беззаветность ","positive"
"беззаветный","positive"
"беззлобие ","positive"
"беззлобно ","positive"
"беззлобность ","positive"
"беззлобный ","positive"
"безмятежно ","positive"
"безмятежность ","positive"
"безмятежный ","positive"
"безобидно ","positive"
"безоглядный ","positive"
"безотказно ","positive"
"безотказность ","positive"
"безотказный ","positive"
"безрассудный ","positive"
"безрассудство ","positive"
"безропотно ","positive"
"безропотность ","positive"
"безропотный ","positive"
"бережливый ","positive"
"бережность ","positive"
"бережный разг. ","positive"
"бескомпромиссно ","positive"
"бескомпромиссность ","positive"
"бескомпромиссный ","positive"
"бесконфликтно","positive"
"бесконфликтность ","positive"
"бесконфликтный ","positive"
"бескорыстие ","positive"
"бескорыстность ","positive"
"бескорыстный ","positive"
"беспечально","positive"
"беспечно ","positive"
"беспечность ","positive"
"беспечный ","positive"
"бесподобно","positive"
"беспомощность ","positive"
"беспомощный ","positive"
"беспрекословно ","positive"
"беспрекословный ","positive"
"беспримерный","positive"
"беспритязательность","positive"
"беспритязательный","positive"
"бессловесный ","positive"
"бессознательно ","positive"
"бессознательное ","positive"
"бессознательность ","positive"
"бессознательный ","positive"
"бесстрастие ","positive"
"бесстрастно ","positive"
"бесстрастность ","positive"
"бесстрастный ","positive"
"бесстрашие ","positive"
"бесстрашно ","positive"
"бесстрашный ","positive"
"бестревожно ","positive"
"бестревожный ","positive"
"бестрепетно","positive"
"бестрепетность","positive"
"бесхарактерность ","positive"
"бесхарактерный ","positive"
"бесхитростно ","positive"
"бесхитростность ","positive"
"бесхитростный ","positive"
"бесхребетность","positive"
"бесхребетный","positive"
"бесшабашность ","positive"
"бесшабашность","positive"
"бесшабашный ","positive"
"бесшабашный","positive"
"бзик","positive"
"библиоман ","positive"
"библиофил ","positive"
"благо ","positive"
"благоволение ","positive"
"благоволение","positive"
"благотворительный ","positive"
"благоволить ","positive"
"благоговейно","positive"
"благодарение ","positive"
"благодарить ","positive"
"благодарность ","positive"
"благодарный ","positive"
"благодатный ","positive"
"благоденственный ","positive"
"благоденствие","positive"
"благоденствующий ","positive"
"благодетельный ","positive"
"благодушно ","positive"
"благодушный ","positive"
"благожелатель ","positive"
"благожелательно ","positive"
"благожелательность ","positive"
"благожелательный ","positive"
"благожелать ","positive"
"благой ","positive"
"благонадежность ","positive"
"благонадежный ","positive"
"благонравие ","positive"
"благонравный ","positive"
"благополучие ","positive"
"благополучный ","positive"
"благоприлично","positive"
"благоприличный","positive"
"благопристойно ","positive"
"благопристойность ","positive"
"благопристойный ","positive"
"благоприятель","positive"
"благоприятно ","positive"
"благоприятный ","positive"
"благорасположение ","positive"
"благорасположенность ","positive"
"благорасположенный ","positive"
"благорасположенный","positive"
"благосклонно ","positive"
"благосклонность ","positive"
"благосклонный ","positive"
"благостный ","positive"
"благость","positive"
"благотворитель ","positive"
"благотворный ","positive"
"блаженный ","positive"
"блаженство ","positive"
"блаженствовать ","positive"
"блажить","positive"
"блажной","positive"
"блажь","positive"
"близкий ","positive"
"бодрить ","positive"
"бодриться ","positive"
"бодро ","positive"
"бодрость ","positive"
"бодрый ","positive"
"бодряк","positive"
"бодряческий","positive"
"бодрячество ","positive"
"бойкий ","positive"
"бойкость ","positive"
"бравада","positive"
"бравировать ","positive"
"бравый ","positive"
"братия ","positive"
"брыкливый","positive"
"в охотку","positive"
"вакханальный","positive"
"вакхический","positive"
"валандаться","positive"
"вдохновение ","positive"
"вдохновенно ","positive"
"вдохновитель ","positive"
"вдохновительница ","positive"
"вдохновляющий ","positive"
"ведаться","positive"
"везун","positive"
"везунок","positive"
"везунчик","positive"
"безуха","positive"
"везучесть","positive"
"великодушие ","positive"
"великодушный ","positive"
"величать ","positive"
"вера ","positive"
"вериться ","positive"
"верно ","positive"
"верноподданничество ","positive"
"верноподданный ","positive"
"верность ","positive"
"верный ","positive"
"верование","positive"
"веровать","positive"
"весело ","positive"
"веселость ","positive"
"веселый ","positive"
"веселье ","positive"
"весельчак ","positive"
"веселящий ","positive"
"весомо ","positive"
"весомый ","positive"
"взаимно ","positive"
"взаимность ","positive"
"взаимный ","positive"
"взаимоотношения ","positive"
"взалкать","positive"
"взбалмошность","positive"
"взбалмошный","positive"
"взвеселить ","positive"
"вздыхатель","positive"
"вздыхать","positive"
"взманить","positive"
"взъерепениться","positive"
"взыграть","positive"
"вкус ","positive"
"вкусовой","positive"
"вкусовщина","positive"
"властительно","positive"
"властно ","positive"
"властность ","positive"
"властный ","positive"
"властолюбивый","positive"
"властолюбие","positive"
"влечение ","positive"
"влечь ","positive"
"влечься","positive"
"влияние ","positive"
"влюбленность ","positive"
"влюбленный ","positive"
"влюбляющийся ","positive"
"влюбчивость ","positive"
"влюбчивый ","positive"
"внимание ","positive"
"внимательно ","positive"
"внимательность ","positive"
"внимательный ","positive"
"водиться","positive"
"вожделение ","positive"
"вожделение","positive"
"вожделенность","positive"
"вожделеть ","positive"
"вожделеть","positive"
"возбуждающий ","positive"
"возвышенный ","positive"
"воздержанность ","positive"
"воздержанный ","positive"
"воздержный","positive"
"возжаждать","positive"
"возжелать","positive"
"возлюбленная","positive"
"возлюбленный","positive"
"волевой ","positive"
"волеизъявление ","positive"
"волокита","positive"
"волочиться","positive"
"воля ","positive"
"воображаемый ","positive"
"воодушевление ","positive"
"воодушевленно ","positive"
"воодушевленный ","positive"
"воодушевляющий ","positive"
"восприимчивый ","positive"
"восторг ","positive"
"восторгать ","positive"
"восторгаться ","positive"
"восторгнуться","positive"
"восторженно ","positive"
"восторженность ","positive"
"восторженный ","positive"
"восхваление ","positive"
"восхитительно ","positive"
"восхитительность ","positive"
"восхитительный ","positive"
"восхищаться ","positive"
"восхищение ","positive"
"восхищенно ","positive"
"восхищенный ","positive"
"восхотеть","positive"
"впечатлительность ","positive"
"впечатлительный ","positive"
"впечатляющий ","positive"
"впрямую","positive"
"всевыносящий","positive"
"всепокорнейший","positive"
"всепрощающий ","positive"
"всепрощение ","positive"
"всепрощенческий ","positive"
"всепрощенчество ","positive"
"встряхнуться","positive"
"выделываться","positive"
"выжидательность ","positive"
"выжидательный ","positive"
"выкидон","positive"
"выкрутасы","positive"
"выносливость ","positive"
"выносливый ","positive"
"высокоуважаемый ","positive"
"высокочтимый ","positive"
"выстебываться","positive"
"вычуры","positive"
"гадать ","positive"
"герлфренд","positive"
"герой ","positive"
"героизм ","positive"
"геройски ","positive"
"геройский ","positive"
"геройство ","positive"
"героически ","positive"
"героический ","positive"
"героичный","positive"
"глазеть ","positive"
"глубокоуважаемый ","positive"
"глубокочтимый ","positive"
"глядеть ","positive"
"глянуться","positive"
"голубки","positive"
"гоняться и гнаться","positive"
"горячка","positive"
"горячность ","positive"
"горячность","positive"
"гостеприимно ","positive"
"гостеприимность ","positive"
"гостеприимный ","positive"
"гостеприимство ","positive"
"грезить ","positive"
"гуманизм ","positive"
"гуманист ","positive"
"гуманно ","positive"
"гуманность ","positive"
"гуманный ","positive"
"деликатность ","positive"
"деликатный ","positive"
"демонстрация ","positive"
"дерзание","positive"
"дерзать ","positive"
"дерзновение ","positive"
"дерзновение","positive"
"дерзновенность","positive"
"дерзостно","positive"
"дерзостный","positive"
"дивно","positive"
"дивоваться","positive"
"доблестно ","positive"
"доблестный ","positive"
"доблесть ","positive"
"добродетельность ","positive"
"добродетельный ","positive"
"добродушие ","positive"
"добродушно ","positive"
"добродушный ","positive"
"доброжелатель ","positive"
"доброжелательно ","positive"
"доброжелательность ","positive"
"доброжелательный ","positive"
"доброжелательство ","positive"
"доброжелательствовать ","positive"
"добронравие ","positive"
"добронравный ","positive"
"добропорядочность ","positive"
"добропорядочный ","positive"
"добросердечие ","positive"
"добросердечность ","positive"
"добросердечный ","positive"
"добрососедский ","positive"
"добрососедство ","positive"
"доброта ","positive"
"доброхот","positive"
"доброхотный","positive"
"доброхотство","positive"
"добрый ","positive"
"добряк ","positive"
"добряческий ","positive"
"добрячка ","positive"
"доверенный","positive"
"доверие ","positive"
"доверительность ","positive"
"доверчиво ","positive"
"доверчивость ","positive"
"доверчивый ","positive"
"довольный ","positive"
"довольство ","positive"
"довольствовать","positive"
"докучливость","positive"
"докучливый","positive"
"долгожданность ","positive"
"долгожданный ","positive"
"донкихотовский ","positive"
"донкихотский ","positive"
"донкихотство ","positive"
"донкихотство","positive"
"дорогая ","positive"
"дорогой ","positive"
"дородство","positive"
"дорожить ","positive"
"достойно ","positive"
"достойный ","positive"
"достославный","positive"
"достохвальный","positive"
"досточтимый","positive"
"дотерпеть","positive"
"дотошно","positive"
"дотошный ","positive"
"дотошный","positive"
"драгой","positive"
"друг ","positive"
"дружба ","positive"
"дружелюбие ","positive"
"дружелюбно ","positive"
"дружелюбный ","positive"
"дружески ","positive"
"дружеский ","positive"
"дружественно ","positive"
"дружественность ","positive"
"дружественный ","positive"
"дружить ","positive"
"дружиться ","positive"
"дружно ","positive"
"дружный ","positive"
"дурить","positive"
"дурь","positive"
"дух","positive"
"духовный ","positive"
"душа ","positive"
"душевно ","positive"
"душевность ","positive"
"душевный ","positive"
"душераздирающий","positive"
"душещипательный ","positive"
"дюжий","positive"
"естественно ","positive"
"естественность ","positive"
"естественный ","positive"
"жалеть","positive"
"ждать-пождать","positive"
"желаемость ","positive"
"желаемый ","positive"
"желание ","positive"
"желание и желанье ","positive"
"желанная ","positive"
"желанность ","positive"
"желанный ","positive"
"желательность ","positive"
"желательный ","positive"
"желать ","positive"
"женолюб ","positive"
"женолюбивый ","positive"
"женолюбие ","positive"
"жертвенность ","positive"
"жертвенный ","positive"
"живинка","positive"
"живить","positive"
"живость ","positive"
"животворность","positive"
"жизнелюб ","positive"
"жизнелюбивый ","positive"
"жизнелюбие ","positive"
"жизнерадостно ","positive"
"жизнерадостность ","positive"
"жизнерадостный ","positive"
"жизнеутверждающий ","positive"
"жуир","positive"
"жуировать","positive"
"жуирский","positive"
"заартачиться","positive"
"забава ","positive"
"забавляться ","positive"
"забавник ","positive"
"забавница ","positive"
"забавный ","positive"
"забаловать","positive"
"забота ","positive"
"заботливо ","positive"
"заботливый ","positive"
"заветный ","positive"
"завзятый","positive"
"завлекательно","positive"
"заводящий ","positive"
"загадочность ","positive"
"загадочный ","positive"
"задираться","positive"
"задиристый","positive"
"задорливый","positive"
"задумка ","positive"
"задушевность ","positive"
"задушевный ","positive"
"заждаться","positive"
"зазноба","positive"
"заигрывание ","positive"
"заигрывать ","positive"
"заинтересованность ","positive"
"заинтересованный ","positive"
"закадыка","positive"
"закидон","positive"
"закоренелый ","positive"
"залихватский","positive"
"заманчиво ","positive"
"заманчивость ","positive"
"заманчивый ","positive"
"замахнуться","positive"
"замечательный ","positive"
"замирение","positive"
"замысел ","positive"
"замысловатость ","positive"
"замысловатый ","positive"
"занимательно ","positive"
"занимательность ","positive"
"занимательный ","positive"
"занятно","positive"
"заняться ","positive"
"западать","positive"
"заручка","positive"
"застенчивость ","positive"
"заступление ","positive"
"заступник ","positive"
"заступница ","positive"
"заступнический ","positive"
"заступничество ","positive"
"затейливый ","positive"
"затейный","positive"
"заупрямиться","positive"
"захваливание ","positive"
"захороводить","positive"
"захотеть","positive"
"захотеться","positive"
"зашевелиться","positive"
"защитник ","positive"
"звать ","positive"
"злой ","positive"
"знаться","positive"
"знойно ","positive"
"зовуще","positive"
"зовущий ","positive"
"зубоскал ","positive"
"зубоскалить ","positive"
"зубоскальство ","positive"
"игриво ","positive"
"идиллический ","positive"
"идилличный ","positive"
"избаловаться","positive"
"избранник ","positive"
"избранница ","positive"
"изволение ","positive"
"изволить","positive"
"извольничаться","positive"
"излюбить ","positive"
"излюбленный ","positive"
"изнеженность ","positive"
"изнеженный ","positive"
"изнежить","positive"
"изнежиться ","positive"
"изощренный ","positive"
"изумительно ","positive"
"изумительный ","positive"
"изумление ","positive"
"изумленный ","positive"
"иллюзия ","positive"
"импонировать ","positive"
"импонирующий ","positive"
"инстинкт ","positive"
"инстинктивно ","positive"
"инстинктивность ","positive"
"инстинктивный ","positive"
"интенция","positive"
"интерес ","positive"
"интересничать ","positive"
"интересно ","positive"
"интересный ","positive"
"интересовать ","positive"
"интересоваться ","positive"
"интим ","positive"
"интимность ","positive"
"интимный ","positive"
"интрижка","positive"
"интуитивность ","positive"
"интуитивный ","positive"
"интуиция ","positive"
"иронизировать ","positive"
"ирония ","positive"
"исключительность ","positive"
"исключительный","positive"
"искренне ","positive"
"искренний ","positive"
"искренность ","positive"
"искуситель","positive"
"искусительница ","positive"
"искусительный ","positive"
"искушение ","positive"
"испробовать","positive"
"испытанный ","positive"
"испытующе ","positive"
"испытующий ","positive"
"кажущийся ","positive"
"кайф","positive"
"кайфовый","positive"
"каприз ","positive"
"капризник","positive"
"капризница","positive"
"капризничать ","positive"
"капризность ","positive"
"капризный ","positive"
"капризуля ","positive"
"касатик","positive"
"касатка","positive"
"кейф","positive"
"кент","positive"
"кентяра","positive"
"классно","positive"
"клясться ","positive"
"клятва ","positive"
"книгоед","positive"
"книгожора","positive"
"книголюб ","positive"
"книжник ","positive"
"кокетка ","positive"
"кокетливость ","positive"
"кокетливый ","positive"
"кокетничанье ","positive"
"кокетничать ","positive"
"кокетство ","positive"
"коленопреклонение ","positive"
"колоссально","positive"
"комичность ","positive"
"комичный ","positive"
"коммуникабельность ","positive"
"коммуникабельный ","positive"
"комплиментарно","positive"
"комплиментарный","positive"
"конкубина","positive"
"контактировать","positive"
"контактироваться ","positive"
"контактность ","positive"
"контактный ","positive"
"контачить","positive"
"конфиденциальный ","positive"
"корефан","positive"
"корешкование ","positive"
"корешок","positive"
"кочевряжиться","positive"
"кредит","positive"
"крепколобый","positive"
"кроткий ","positive"
"кротко ","positive"
"кроткость ","positive"
"кротость ","positive"
"крышевать","positive"
"кунацкий ","positive"
"кураж","positive"
"куртизанить ","positive"
"курьез ","positive"
"курьезность ","positive"
"курьезный ","positive"
"лада","positive"
"ладить ","positive"
"ласка ","positive"
"ласкать ","positive"
"ласкаться ","positive"
"ласково ","positive"
"ласковость ","positive"
"ласковый ","positive"
"ласточка","positive"
"легковерие ","positive"
"легковерно ","positive"
"легковерность ","positive"
"легковерный ","positive"
"легкоранимый ","positive"
"лезть","positive"
"лелеять ","positive"
"лестно ","positive"
"лестный ","positive"
"ликование ","positive"
"ликовать ","positive"
"ликующий ","positive"
"лихач","positive"
"лихачество","positive"
"лихой ","positive"
"лихой","positive"
"лихость","positive"
"лобзание ","positive"
"лобзать ","positive"
"лобзаться ","positive"
"лобызанье ","positive"
"ловелас ","positive"
"любвеобилие ","positive"
"любвеобильность ","positive"
"любвеобильный ","positive"
"любезная","positive"
"любезник","positive"
"любезничать ","positive"
"любезно ","positive"
"любезный ","positive"
"любимая ","positive"
"любимец ","positive"
"любимица ","positive"
"любимчик ","positive"
"любимый ","positive"
"любитель ","positive"
"любить ","positive"
"любиться","positive"
"любоваться ","positive"
"любовник ","positive"
"любовница ","positive"
"любовно ","positive"
"любовность ","positive"
"любовный ","positive"
"любовь ","positive"
"любовь-морковь","positive"
"любознательность ","positive"
"любознательный ","positive"
"любоначалие","positive"
"любопытничать","positive"
"любопытно ","positive"
"любопытный ","positive"
"любопытство ","positive"
"любострастие","positive"
"любострастно","positive"
"любострастный","positive"
"любушка ","positive"
"любящий","positive"
"магичный","positive"
"мажорность ","positive"
"малодушный ","positive"
"малопритязательность ","positive"
"малопритязательный ","positive"
"маниакальный ","positive"
"маниловщина","positive"
"мания ","positive"
"мания","positive"
"манящий","positive"
"меднолобый","positive"
"мечта ","positive"
"мечтание ","positive"
"мечтатель ","positive"
"мечтательно ","positive"
"мечтательность ","positive"
"мечтательный ","positive"
"мечтать ","positive"
"милашка","positive"
"милая","positive"
"миленок","positive"
"миленочек","positive"
"миленький ","positive"
"милка","positive"
"мило ","positive"
"миловаться ","positive"
"милок","positive"
"милостивец","positive"
"милостивица","positive"
"милостиво","positive"
"милушка","positive"
"милый ","positive"
"миляга","positive"
"мирволить","positive"
"мирительный","positive"
"мирить ","positive"
"мириться ","positive"
"мирно ","positive"
"мирный ","positive"
"мирово","positive"
"миролюбиво ","positive"
"миролюбивый ","positive"
"миролюбие ","positive"
"миротворный ","positive"
"миротворчество ","positive"
"мнить","positive"
"многотерпеливость","positive"
"многотерпеливый","positive"
"многоуважаемый ","positive"
"могутный","positive"
"может","positive"
"молодечество ","positive"
"моральный ","positive"
"мужаться ","positive"
"мужественно ","positive"
"мужественность ","positive"
"мужественный ","positive"
"мужество ","positive"
"мягкосердечие ","positive"
"мягкосердечно ","positive"
"мягкосердечность ","positive"
"мягкосердечный ","positive"
"мягкосердый","positive"
"мягкотелость","positive"
"мягкотелый","positive"
"набалованный ","positive"
"навеселиться","positive"
"надежда ","positive"
"надежность ","positive"
"надежный ","positive"
"надивить ","positive"
"надивиться ","positive"
"надивоваться ","positive"
"надобность","positive"
"надобный","positive"
"наивничать ","positive"
"наивно ","positive"
"наивность ","positive"
"наивный ","positive"
"наитие","positive"
"наклонность ","positive"
"налюбоваться ","positive"
"намерение ","positive"
"наперсник","positive"
"наперсница","positive"
"напор","positive"
"напористо","positive"
"напористость","positive"
"напористый","positive"
"наслаждение ","positive"
"насмелиться","positive"
"настойчиво ","positive"
"настойчивость ","positive"
"настойчивый ","positive"
"настоятельно ","positive"
"настоятельный ","positive"
"настроение ","positive"
"настырно","positive"
"нахмуренный ","positive"
"нахохотаться ","positive"
"начистоту","positive"
"небеззаботный ","positive"
"небезразлично ","positive"
"небезразличный ","positive"
"небезуспешный ","positive"
"небезучастный ","positive"
"небезынтересный ","positive"
"небескорыстный ","positive"
"невероятный ","positive"
"невзыскательно ","positive"
"невзыскательность ","positive"
"невзыскательный ","positive"
"невиданный ","positive"
"невинно ","positive"
"невинный ","positive"
"невозмутимо ","positive"
"невозмутимость ","positive"
"невозмутимый ","positive"
"недоумевать ","positive"
"недоумевающий ","positive"
"недоумение ","positive"
"недоуменно ","positive"
"недоуменный ","positive"
"недоуменный","positive"
"недурно ","positive"
"нежить ","positive"
"нежиться ","positive"
"нежничанье ","positive"
"нежничать ","positive"
"нежно ","positive"
"нежность ","positive"
"нежный ","positive"
"незащищенность ","positive"
"незащищенный ","positive"
"незлобиво ","positive"
"незлобивость ","positive"
"незлобивый ","positive"
"незлобивый и незлобивый","positive"
"незлобие ","positive"
"незлобливый","positive"
"незлобно ","positive"
"незлобность ","positive"
"незлобный ","positive"
"незлой ","positive"
"незлопамятность ","positive"
"незлопамятный ","positive"
"неискушенность ","positive"
"неискушенный ","positive"
"неисполнимость ","positive"
"неисполнимый ","positive"
"неколебимо","positive"
"неколебимость","positive"
"неконфликтность ","positive"
"неконфликтный ","positive"
"нелепость ","positive"
"нелепый ","positive"
"нелицемерный ","positive"
"неметь ","positive"
"ненаглядная","positive"
"необходимость ","positive"
"необходимый ","positive"
"необыкновенный ","positive"
"необычный ","positive"
"неомраченный ","positive"
"неординарный ","positive"
"неотразимость ","positive"
"неотразимый ","positive"
"неотступно ","positive"
"неотступный ","positive"
"неповторимый ","positive"
"неподатливость ","positive"
"непокладистость","positive"
"непокладистый","positive"
"непоколебимо ","positive"
"непоколебимость ","positive"
"непоколебимый ","positive"
"непокоримый ","positive"
"непокорливость","positive"
"непокорливый","positive"
"непокорно ","positive"
"непокорность ","positive"
"непокорный ","positive"
"непокорство","positive"
"непосредственность ","positive"
"непосредственный ","positive"
"непревзойденность ","positive"
"непревзойденный ","positive"
"непреклонно ","positive"
"непреклонность ","positive"
"непреклонный ","positive"
"непрекословие","positive"
"непрекословно","positive"
"непрекословный","positive"
"непринужденно ","positive"
"непринужденность ","positive"
"непринужденный ","positive"
"непритворный ","positive"
"непритязательность ","positive"
"непритязательный ","positive"
"неприхотливость ","positive"
"неприхотливый ","positive"
"неравнодушие ","positive"
"неравнодушный ","positive"
"неразлучный ","positive"
"неразрывный ","positive"
"нерешительность ","positive"
"неробкий ","positive"
"несгибаемость ","positive"
"несгибаемый ","positive"
"несговорный","positive"
"несговорчивость ","positive"
"несговорчивый ","positive"
"нескованно ","positive"
"неслухмяный","positive"
"неслыханный ","positive"
"несокрушимость ","positive"
"несокрушимый ","positive"
"несравненно ","positive"
"несравненный ","positive"
"несуетный","positive"
"нетерпеливость ","positive"
"нетерпеливый ","positive"
"нетерпимость ","positive"
"неторопливый ","positive"
"нетрусливый ","positive"
"неудержимый ","positive"
"неуломный","positive"
"неунывающий ","positive"
"неустрашимо ","positive"
"неустрашимость ","positive"
"неуступчивость ","positive"
"неуступчивый ","positive"
"неутомимый ","positive"
"нехитрый ","positive"
"нормализация","positive"
"норовистый","positive"
"нравственный ","positive"
"нужность ","positive"
"нужный ","positive"
"нутром","positive"
"нюх","positive"
"обалдевать","positive"
"обалделый","positive"
"обалденно","positive"
"обалденный","positive"
"обаяние ","positive"
"обаятельно ","positive"
"обаятельность ","positive"
"обаятельный ","positive"
"обворожительно ","positive"
"обворожительность ","positive"
"обворожительный ","positive"
"оберегатель ","positive"
"оберегать ","positive"
"облагодетельствовать","positive"
"обласкать ","positive"
"обнадеживающий ","positive"
"обнаженка","positive"
"обоготворение ","positive"
"ободрение ","positive"
"ободрительный ","positive"
"ободряющий ","positive"
"обожание ","positive"
"обольститель ","positive"
"обольстительница ","positive"
"обольстительно ","positive"
"обольстительность ","positive"
"обольстительный ","positive"
"обольщение ","positive"
"обрадованный ","positive"
"обротать","positive"
"обхохотаться ","positive"
"общаться ","positive"
"общежительность","positive"
"общежительный","positive"
"общительность ","positive"
"общительный ","positive"
"овация ","positive"
"оглашенный","positive"
"одержимость ","positive"
"одержимый ","positive"
"одобрение ","positive"
"одобрительно ","positive"
"одобрительный ","positive"
"одолжение ","positive"
"одухотворение ","positive"
"одухотворенность ","positive"
"одухотворенный ","positive"
"одушевленный","positive"
"одушевляющий","positive"
"оживленно ","positive"
"оживленность ","positive"
"озаботиться","positive"
"озадаченно ","positive"
"озадаченность ","positive"
"озадаченный ","positive"
"озорной ","positive"
"окрыляющий ","positive"
"опекать ","positive"
"оптимизм ","positive"
"оптимист ","positive"
"оптимистически ","positive"
"оптимистический ","positive"
"оптимистично ","positive"
"оптимистичность ","positive"
"оптимистичный ","positive"
"опупеть","positive"
"оригинальность ","positive"
"оригинальный ","positive"
"осмеяние ","positive"
"осторожничать ","positive"
"осторожность ","positive"
"осторожный ","positive"
"отвага ","positive"
"отважно ","positive"
"отважность ","positive"
"отважный ","positive"
"отзывчиво ","positive"
"откровение ","positive"
"откровенничать ","positive"
"откровенно ","positive"
"откровенность ","positive"
"отлюбить ","positive"
"отпетый ","positive"
"отрада ","positive"
"отрадно ","positive"
"отрадный ","positive"
"отсмеиваться ","positive"
"отходчивость ","positive"
"отходчивый ","positive"
"отчаянно ","positive"
"офигенный","positive"
"офигительно","positive"
"офигительный","positive"
"охотливый","positive"
"охотник","positive"
"охотно ","positive"
"охочий","positive"
"охранять ","positive"
"очарование ","positive"
"очарованный ","positive"
"очарователь ","positive"
"очаровательница ","positive"
"очаровательно ","positive"
"очаровательность ","positive"
"очаровательный ","positive"
"ошеломительность ","positive"
"ошеломительный ","positive"
"ошеломление ","positive"
"ошеломленный ","positive"
"падкий ","positive"
"пассия","positive"
"патетика ","positive"
"патетический ","positive"
"патетичность ","positive"
"патетичный ","positive"
"патриот ","positive"
"патриотизм ","positive"
"патриотичность ","positive"
"патриотка ","positive"
"патронировать ","positive"
"пафос ","positive"
"пафосный ","positive"
"пацификация","positive"
"перемирие ","positive"
"перемирить","positive"
"пересмеивание ","positive"
"пересмеиваться ","positive"
"пересмех ","positive"
"пересмешки ","positive"
"пересмешник ","positive"
"пересмешница ","positive"
"перетерпеть","positive"
"перехихикиваться ","positive"
"перецеловаться","positive"
"петушиться ","positive"
"петушком ","positive"
"печаловаться","positive"
"пиетет","positive"
"пикантно ","positive"
"пикантный ","positive"
"пламенно ","positive"
"платонизм ","positive"
"платонический ","positive"
"пленительно ","positive"
"пленительность ","positive"
"пленительный ","positive"
"пленяющий ","positive"
"побеспокоиться","positive"
"поблаженствовать","positive"
"поблажка","positive"
"поборник ","positive"
"поборница ","positive"
"побудительный ","positive"
"побуждающий ","positive"
"побуждение ","positive"
"повериться","positive"
"повеселелый ","positive"
"повиноваться","positive"
"повиновение ","positive"
"поглянуться","positive"
"подверженность ","positive"
"подверженный ","positive"
"подвижнический ","positive"
"подвижничество ","positive"
"подивить","positive"
"подивиться","positive"
"подкупающий ","positive"
"по-доброму","positive"
"подобру","positive"
"подопечный ","positive"
"подруга ","positive"
"подруженька ","positive"
"подсознательно ","positive"
"подсознательный ","positive"
"подтрунивание ","positive"
"подхихикивать ","positive"
"пожелание ","positive"
"пожелать","positive"
"пожелаться","positive"
"позитивно","positive"
"покладистость ","positive"
"покладистый ","positive"
"покладливый","positive"
"поклон ","positive"
"поклонение ","positive"
"поклонник ","positive"
"поклонница ","positive"
"поклонный","positive"
"поклоняться ","positive"
"покой ","positive"
"покойно ","positive"
"покоить ","positive"
"покоритель ","positive"
"покорительница ","positive"
"покорливый","positive"
"покорно ","positive"
"покорность ","positive"
"покорный ","positive"
"покорствовать","positive"
"покорыстоваться","positive"
"покоряющий ","positive"
"покровитель ","positive"
"покровительство ","positive"
"покровительствовать ","positive"
"поласкать ","positive"
"поласкаться ","positive"
"поликовать ","positive"
"положительно ","positive"
"положительный ","positive"
"полуобнять","positive"
"полуулыбка ","positive"
"польститься","positive"
"польщенный ","positive"
"полюбоваться ","positive"
"полюбовник","positive"
"полюбовница","positive"
"полюбовно","positive"
"полюбопытствовать ","positive"
"поманить","positive"
"помиловаться ","positive"
"понадеяться","positive"
"понимающий ","positive"
"поощрение ","positive"
"поощрительный ","positive"
"попечение ","positive"
"попечитель ","positive"
"попечительница ","positive"
"попечительность ","positive"
"попечительный","positive"
"попечительство ","positive"
"поползновение ","positive"
"порадеть","positive"
"поражающий ","positive"
"пораженный ","positive"
"поразвеселить","positive"
"поразительность ","positive"
"поразительный ","positive"
"порочный ","positive"
"порывистость ","positive"
"порывистый ","positive"
"порывный","positive"
"порывчатый","positive"
"послушание ","positive"
"послушливо","positive"
"послушливость","positive"
"послушно ","positive"
"послушный ","positive"
"посмеиваться ","positive"
"постоянный ","positive"
"постоянство ","positive"
"посчастливиться ","positive"
"потакание","positive"
"потакатель","positive"
"потакать","positive"
"потаковщик","positive"
"потатчик","positive"
"потачка","positive"
"потворство ","positive"
"потворствовать ","positive"
"потворщик","positive"
"потеха ","positive"
"потешаться","positive"
"потешник ","positive"
"потешный ","positive"
"потрафить","positive"
"потребность ","positive"
"потребный ","positive"
"потрясающе","positive"
"похвала ","positive"
"похваливать ","positive"
"похвально ","positive"
"похвальный ","positive"
"поцелуй ","positive"
"поцелуйный ","positive"
"почести ","positive"
"почет ","positive"
"почетный ","positive"
"почитание ","positive"
"почитатель ","positive"
"почитательница ","positive"
"почитать ","positive"
"почтение ","positive"
"почтенность ","positive"
"почтенный ","positive"
"почтительно ","positive"
"почтительность ","positive"
"почтительный ","positive"
"поэтический ","positive"
"поэтичность ","positive"
"поэтичный ","positive"
"правдиво ","positive"
"правдивость ","positive"
"правдивый ","positive"
"празднично ","positive"
"превознесение ","positive"
"превозношение ","positive"
"преданно ","positive"
"преданность ","positive"
"преданный ","positive"
"предвидение ","positive"
"предвидеть ","positive"
"предвкушать ","positive"
"предвкушение ","positive"
"предосторожность ","positive"
"предощущение","positive"
"предпочтение ","positive"
"предпочтительность ","positive"
"предпочтительный ","positive"
"предрасполагать ","positive"
"предрасположение ","positive"
"предрасположенность ","positive"
"предрасположенный ","positive"
"представительность ","positive"
"представительный ","positive"
"предупредительность ","positive"
"предчаяние","positive"
"предчувствие ","positive"
"предчувствовать ","positive"
"преклонение ","positive"
"прекраснодушие ","positive"
"прекраснодушный ","positive"
"прелестник","positive"
"прелестница","positive"
"прелестно ","positive"
"прелестный ","positive"
"прелесть ","positive"
"прельщение","positive"
"прельстительный","positive"
"прельститься","positive"
"прелюбопытный ","positive"
"престиж ","positive"
"преуспевание ","positive"
"преуспевающий ","positive"
"преуспеяние","positive"
"приближенность ","positive"
"приближенный ","positive"
"приверженец ","positive"
"приверженность ","positive"
"приверженный ","positive"
"привет ","positive"
"приветить ","positive"
"приветливо ","positive"
"приветливость ","positive"
"приветливый ","positive"
"приветно","positive"
"приветствовать ","positive"
"привлекательно ","positive"
"привлекательность ","positive"
"привлекательный ","positive"
"привлекающий ","positive"
"приворотить","positive"
"привязанность ","positive"
"привязанный ","positive"
"придирчивость ","positive"
"придирчивый ","positive"
"признание ","positive"
"признанность ","positive"
"признанный ","positive"
"признательность ","positive"
"признательный ","positive"
"призрачно ","positive"
"призрачность ","positive"
"призрачный ","positive"
"призрение ","positive"
"прикрывать","positive"
"прикрытие","positive"
"прилакомить","positive"
"приласкаться ","positive"
"приластиться ","positive"
"приличие ","positive"
"прилично ","positive"
"приличный ","positive"
"приманчивый","positive"
"приметный ","positive"
"примечательный ","positive"
"примиренность ","positive"
"примиренный ","positive"
"примирительность ","positive"
"примирительный ","positive"
"примиряющий ","positive"
"приобвыкнуть","positive"
"приохотить","positive"
"приохотиться","positive"
"припеваючи ","positive"
"присмиреть","positive"
"пристойно ","positive"
"пристойность ","positive"
"пристойный ","positive"
"пристрастие ","positive"
"пристрастить","positive"
"пристраститься","positive"
"пристрастный ","positive"
"притягательность ","positive"
"притягивающий ","positive"
"притязание ","positive"
"прихотливость ","positive"
"прихотливый ","positive"
"причуда ","positive"
"причудливость ","positive"
"причудливый ","positive"
"причудник","positive"
"причудница","positive"
"приязненно","positive"
"приязненность","positive"
"приязненный","positive"
"приязнь ","positive"
"приятель ","positive"
"приятельский ","positive"
"приятельствовать ","positive"
"приятно ","positive"
"приятность ","positive"
"приятный ","positive"
"приятственный. разг.-сниж. ","positive"
"проверенный ","positive"
"провидение","positive"
"провидеть","positive"
"прозорливость ","positive"
"прозрение ","positive"
"произволение","positive"
"пролюбить","positive"
"проникновенно ","positive"
"проникновенность ","positive"
"прореагировать","positive"
"простецкий","positive"
"просто ","positive"
"простодушие ","positive"
"простодушно ","positive"
"простодушность ","positive"
"простодушный ","positive"
"простосердечие ","positive"
"простосердечно ","positive"
"простосердечность ","positive"
"простосердечный ","positive"
"простяга ","positive"
"протеже ","positive"
"протежировать","positive"
"протекция ","positive"
"протерпеть","positive"
"прочувствованно ","positive"
"пруха","positive"
"прямодушие ","positive"
"прямодушный ","positive"
"прямота ","positive"
"пунктик","positive"
"путать","positive"
"пытливо","positive"
"пытливость ","positive"
"пытливый ","positive"
"рад ","positive"
"радетель","positive"
"радетельница","positive"
"радетельный","positive"
"радеть","positive"
"радостно ","positive"
"радостный ","positive"
"радость ","positive"
"радушие ","positive"
"радушно ","positive"
"радушный ","positive"
"разбитной ","positive"
"разборчивость ","positive"
"разборчивый ","positive"
"развеселый","positive"
"развлечение ","positive"
"разделенный ","positive"
"разжалобиться","positive"
"разительность ","positive"
"разительный","positive"
"разлихой","positive"
"разохотить","positive"
"разуважить","positive"
"разутешить","positive"
"ранимость ","positive"
"ранимый ","positive"
"раскованно ","positive"
"раскованность ","positive"
"раскованный ","positive"
"располагающий ","positive"
"расположение ","positive"
"расположенность ","positive"
"расположенный ","positive"
"распотешиться","positive"
"рассчитывать ","positive"
"растроганно ","positive"
"растроганность ","positive"
"расхваливание ","positive"
"расхвалиться ","positive"
"расчет ","positive"
"расчувствовавшийся ","positive"
"рачитель","positive"
"рачительница","positive"
"рачительно","positive"
"рачительный","positive"
"ревнивый ","positive"
"ревновать ","positive"
"резвиться ","positive"
"резвунья ","positive"
"резвушка ","positive"
"резвый ","positive"
"решимость ","positive"
"решитель","positive"
"решительность ","positive"
"решительный ","positive"
"рисковый","positive"
"ровно ","positive"
"родимый ","positive"
"родной ","positive"
"родственность ","positive"
"романический ","positive"
"романтический ","positive"
"романтичность ","positive"
"романтично ","positive"
"романтичный ","positive"
"ромео ","positive"
"рукоплескания ","positive"
"рукоплескать ","positive"
"рукопожатие ","positive"
"с охотой ","positive"
"с радостью ","positive"
"с удовольствием ","positive"
"сакраментальный ","positive"
"самовольный ","positive"
"самозабвение ","positive"
"самозабвенно ","positive"
"самозабвенность ","positive"
"самозабвенный ","positive"
"самообладание ","positive"
"самоотвержение","positive"
"самоотверженность ","positive"
"самоотверженный ","positive"
"самоуважение ","positive"
"самоуслаждение ","positive"
"самоуспокоение ","positive"
"самоуспокоенность ","positive"
"свеликодушничать ","positive"
"свидание ","positive"
"свобода ","positive"
"свободно ","positive"
"свободный ","positive"
"свободолюбивый ","positive"
"свободолюбие ","positive"
"своеобычный","positive"
"свойский","positive"
"сговорный","positive"
"сговорчивость ","positive"
"сговорчивый ","positive"
"сдержанно ","positive"
"сдержанность ","positive"
"сдержанный ","positive"
"сдюжить ","positive"
"сексапильно ","positive"
"сексапильность ","positive"
"сексапильный ","positive"
"секси ","positive"
"сексуально ","positive"
"сексуальность ","positive"
"сексуальный ","positive"
"селадон","positive"
"семейственность ","positive"
"семижильный ","positive"
"сенсационность ","positive"
"сенсационный ","positive"
"сентиментальничать ","positive"
"сентиментально ","positive"
"сентиментальность ","positive"
"сентиментальный ","positive"
"сердечно ","positive"
"сердечность ","positive"
"сердешный","positive"
"сердоболие ","positive"
"сердцеед ","positive"
"сердцеедка ","positive"
"сердцещипательный","positive"
"симпатизировать ","positive"
"симпатично ","positive"
"симпатичный ","positive"
"симпатия ","positive"
"симпатный","positive"
"симпатяга ","positive"
"симпопончик","positive"
"симпопуля","positive"
"симпотный","positive"
"скорефаниться","positive"
"скромник ","positive"
"скромница ","positive"
"скромничать ","positive"
"скромность ","positive"
"скромный ","positive"
"славный ","positive"
"славословить ","positive"
"сладострастно ","positive"
"сладострастность ","positive"
"сладострастный ","positive"
"слезливый ","positive"
"слюнтяй","positive"
"слюнтяйский","positive"
"слюнтяйство","positive"
"смалодушествовать ","positive"
"смалодушничать ","positive"
"смело ","positive"
"смелость ","positive"
"смелый ","positive"
"смельчак ","positive"
"смех ","positive"
"смехота ","positive"
"смехотворность ","positive"
"смехотворный ","positive"
"смешить ","positive"
"смешливость ","positive"
"смешливый ","positive"
"смешной ","positive"
"смешок ","positive"
"смеяться ","positive"
"смирение ","positive"
"смиренник","positive"
"смиренница","positive"
"смиренничать ","positive"
"смиренно ","positive"
"смиренномудрие","positive"
"смиренномудрый","positive"
"смиренность ","positive"
"смиренный ","positive"
"смиренство","positive"
"смиритель","positive"
"смирненький","positive"
"смирнехонький","positive"
"смирнешенький","positive"
"смирно ","positive"
"смирный ","positive"
"снисходительно ","positive"
"сносливый","positive"
"сносный","positive"
"соблазн ","positive"
"соблазнительно ","positive"
"соблазнительность ","positive"
"соблазнительный ","positive"
"соболезновать ","positive"
"согласие ","positive"
"согласие и согласье ","positive"
"согласный ","positive"
"согласованность ","positive"
"содержанка","positive"
"соколик","positive"
"сокровенно ","positive"
"сокровенный ","positive"
"солидарность ","positive"
"солидарный ","positive"
"сообщительность","positive"
"сообщительный","positive"
"сорвиголова","positive"
"сочувственно ","positive"
"сочувственный ","positive"
"сочувствовать ","positive"
"сплоченность ","positive"
"спокой","positive"
"спокойно ","positive"
"спокойный ","positive"
"спокойствие ","positive"
"стать","positive"
"стеснительница ","positive"
"стеснительный ","positive"
"стожильный","positive"
"стойко ","positive"
"стойкость ","positive"
"стоически ","positive"
"странно ","positive"
"странноватый","positive"
"странность ","positive"
"странный ","positive"
"страстишка","positive"
"страстно ","positive"
"страстность ","positive"
"страстный ","positive"
"страсть ","positive"
"стремление ","positive"
"строптивец ","positive"
"строптивица ","positive"
"строптиво ","positive"
"строптивость ","positive"
"строптивый ","positive"
"сумасброд ","positive"
"сумасбродить ","positive"
"сумасбродный","positive"
"сумасбродство","positive"
"сумасшествие","positive"
"сходчивый","positive"
"счастливец ","positive"
"счастливить ","positive"
"счастливиться","positive"
"счастливица ","positive"
"счастливый ","positive"
"счастье ","positive"
"таинственность ","positive"
"таинственный ","positive"
"тактичность ","positive"
"тактичный ","positive"
"талан","positive"
"таланливый","positive"
"тащиться","positive"
"твердо ","positive"
"твердость ","positive"
"темпераментность","positive"
"темпераментный ","positive"
"терпеливость ","positive"
"терпеливый ","positive"
"терпение ","positive"
"терпимо ","positive"
"терпимость ","positive"
"терпимый ","positive"
"тешиться ","positive"
"тихо-мирно","positive"
"тихоня ","positive"
"тишайший","positive"
"товарищ ","positive"
"товарищеский ","positive"
"товарка","positive"
"толерантно","positive"
"толстовец ","positive"
"толстовство ","positive"
"толстовщина","positive"
"торжественный ","positive"
"торжествующий ","positive"
"торч","positive"
"трепать","positive"
"трогательно ","positive"
"трогательность ","positive"
"трогательный ","positive"
"тупой","positive"
"тяготеть","positive"
"убедительный ","positive"
"убеждение ","positive"
"убежденность ","positive"
"убежденный ","positive"
"ублаготворение","positive"
"ублаготворенный","positive"
"ублаготворяющий","positive"
"уважаемый ","positive"
"уважать ","positive"
"уважительно ","positive"
"уважуха","positive"
"уверенность ","positive"
"уверенный ","positive"
"уверовать","positive"
"увеселение ","positive"
"увеселитель ","positive"
"увеселительный ","positive"
"увеселять ","positive"
"увеселяться ","positive"
"увеселяться","positive"
"уветливо","positive"
"уветливость","positive"
"уветливый","positive"
"увлекательно ","positive"
"увлекательность ","positive"
"увлекательный ","positive"
"увлекающийся ","positive"
"увлечение ","positive"
"увлеченно ","positive"
"увлеченность ","positive"
"увлеченный ","positive"
"уговорчивый","positive"
"угодность ","positive"
"удалой","positive"
"удаль ","positive"
"удальство ","positive"
"удача ","positive"
"удачливость ","positive"
"удачливый ","positive"
"удивительно ","positive"
"удивительность ","positive"
"удивительный ","positive"
"удивление ","positive"
"удивленный ","positive"
"удовлетворение ","positive"
"удовлетворенность ","positive"
"удовлетворенный ","positive"
"удовлетворительность ","positive"
"удовольствие ","positive"
"уживчивость ","positive"
"узы ","positive"
"улаживание ","positive"
"улечься","positive"
"улыбка ","positive"
"улыбчивость ","positive"
"умеренный ","positive"
"умиление ","positive"
"умиленно ","positive"
"умиленный ","positive"
"умилительно ","positive"
"умилительность ","positive"
"умилительный ","positive"
"умилосердить","positive"
"умильно ","positive"
"умильность ","positive"
"умильный ","positive"
"умиротворение ","positive"
"умиротворенно ","positive"
"умиротворенность ","positive"
"умиротворенный ","positive"
"умиротворитель","positive"
"умиротворительница","positive"
"умиротворяющий ","positive"
"умопомрачающий","positive"
"умопомрачение","positive"
"умопомрачительно","positive"
"умбра","positive"
"уморительно","positive"
"упертый","positive"
"уповательный","positive"
"уповать","positive"
"упоение ","positive"
"упоенно ","positive"
"упоенный ","positive"
"упоительность ","positive"
"упоительный ","positive"
"упористый","positive"
"упорно ","positive"
"упорство ","positive"
"упорствовать ","positive"
"упряжать","positive"
"упрямец ","positive"
"упрямиться ","positive"
"упрямица ","positive"
"упрямо ","positive"
"упрямство ","positive"
"упрямствовать","positive"
"упрямый ","positive"
"уравновешенность ","positive"
"уравновешенный ","positive"
"уродливый ","positive"
"урядить","positive"
"усердие ","positive"
"усердный ","positive"
"усладительный ","positive"
"усладительный","positive"
"усладный ","positive"
"усмешка ","positive"
"усмешливый ","positive"
"усмирение ","positive"
"усмиреть ","positive"
"успешный ","positive"
"успокаивание ","positive"
"успокаивающий ","positive"
"успокоение ","positive"
"успокоенность ","positive"
"успокоенный ","positive"
"успокоитель ","positive"
"успокоительница ","positive"
"успокоительность ","positive"
"успокоительный ","positive"
"устремление ","positive"
"устремленность ","positive"
"устремляться ","positive"
"уступка ","positive"
"уступчивость ","positive"
"уступчивый ","positive"
"утешение ","positive"
"утешитель ","positive"
"утешительница ","positive"
"утешительность ","positive"
"утешительный ","positive"
"утешный","positive"
"ухажер","positive"
"ухажерка","positive"
"ухажерство","positive"
"ухаживание ","positive"
"ухаживатель","positive"
"ухаживать ","positive"
"ухарский","positive"
"ухарство","positive"
"ухарь","positive"
"участие ","positive"
"участливость ","positive"
"участливый ","positive"
"учтивость ","positive"
"учтивый ","positive"
"фавор ","positive"
"фаворит ","positive"
"фаворитка ","positive"
"фанатеть","positive"
"фанатический ","positive"
"фанатичность ","positive"
"фанатичный ","positive"
"фантазер ","positive"
"фантазерский ","positive"
"фантазерство ","positive"
"фантазийный ","positive"
"фарт","positive"
"фаталист ","positive"
"феноменальность ","positive"
"феноменальный ","positive"
"фетишизирование ","positive"
"фетишизировать ","positive"
"фетишизм ","positive"
"фетишировать ","positive"
"фетишист ","positive"
"филантроп ","positive"
"филантропический ","positive"
"филантропия ","positive"
"филантропка ","positive"
"философически","positive"
"философический","positive"
"философски ","positive"
"философский","positive"
"флирт ","positive"
"флиртовать ","positive"
"фордыбака","positive"
"фордыбачить","positive"
"фордыбачиться","positive"
"фортунить","positive"
"фуфыриться","positive"
"характер ","positive"
"характерец","positive"
"хахаль","positive"
"хвалебно ","positive"
"хвалебный ","positive"
"хваление ","positive"
"хваливать ","positive"
"хвалитель ","positive"
"хвальба","positive"
"хватский","positive"
"хиханьки ","positive"
"хихиканье ","positive"
"хихикать ","positive"
"хладнокровно ","positive"
"хладнокровный ","positive"
"хлебосольно ","positive"
"хлебосольный ","positive"
"хлебосольство ","positive"
"хлипкий","positive"
"хлипкость","positive"
"хлопотать ","positive"
"хлопотливый ","positive"
"хлопотно ","positive"
"хлопотный ","positive"
"хлюпкий","positive"
"ходатай ","positive"
"холеный и холеный ","positive"
"холить ","positive"
"холоднокровие","positive"
"холоднокровно","positive"
"холя ","positive"
"хороводить","positive"
"хороводиться","positive"
"хороший ","positive"
"хорошо ","positive"
"хотение","positive"
"хохмач","positive"
"хохот ","positive"
"хохотанье ","positive"
"хохотать ","positive"
"хохотнуть ","positive"
"хохотня ","positive"
"хохоток ","positive"
"хохотун ","positive"
"хохотунья ","positive"
"хохотушка ","positive"
"храбрец ","positive"
"храбриться ","positive"
"храбро ","positive"
"храбровать","positive"
"храбрость ","positive"
"храбрый ","positive"
"целенаправленно ","positive"
"целенаправленность ","positive"
"целенаправленный ","positive"
"целеустремление","positive"
"целеустремленно ","positive"
"целеустремленный ","positive"
"целование ","positive"
"ценитель ","positive"
"цирцея","positive"
"чадолюбие ","positive"
"чаемый","positive"
"чарование","positive"
"чародейный ","positive"
"чародейственный ","positive"
"чарующе ","positive"
"чарующий ","positive"
"чары","positive"
"чаяние","positive"
"чаяния","positive"
"человеколюбец ","positive"
"человеколюбивый ","positive"
"человеколюбие ","positive"
"человечественно","positive"
"человечественность","positive"
"человечественный","positive"
"человечно","positive"
"человечность ","positive"
"чествование ","positive"
"чествовать ","positive"
"честить ","positive"
"честно ","positive"
"честной","positive"
"честность ","positive"
"честный ","positive"
"честь ","positive"
"чинный ","positive"
"чистосердечие и чистосердечье ","positive"
"чистосердечно ","positive"
"чистосердечность ","positive"
"чистосердечный ","positive"
"чмокаться","positive"
"чувственник ","positive"
"чувственно ","positive"
"чувственность ","positive"
"чувственный ","positive"
"чувствительно ","positive"
"чувствительность ","positive"
"чувствительный ","positive"
"чудесно ","positive"
"чудесный ","positive"
"чудик","positive"
"чудила","positive"
"чудинка","positive"
"чудить","positive"
"чудно","positive"
"чудный ","positive"
"чудодей","positive"
"чудодейный ","positive"
"чудодейственность ","positive"
"чудодейственный ","positive"
"чудотворный ","positive"
"чутко ","positive"
"чуткость ","positive"
"шалый","positive"
"шальной","positive"
"шашни","positive"
"шкурнический","positive"
"шкурный","positive"
"шуры-муры","positive"
"шутка ","positive"
"шуткарь","positive"
"шутливость ","positive"
"шутливый ","positive"
"шутник ","positive"
"шуточка ","positive"
"шуточный ","positive"
"щедрость ","positive"
"щедрота ","positive"
"щедрый ","positive"
"щепетильность","positive"
"щепетильный ","positive"
"эгоизм ","positive"
"эгоистический ","positive"
"эгоистичный ","positive"
"эгоцентрический","positive"
"экзальтация","positive"
"экспансивно ","positive"
"экспансивность ","positive"
"экспансивный ","positive"
"экстазный","positive"
"экстатический","positive"
"экстатичный","positive"
"экстравагантно ","positive"
"экстравагантность ","positive"
"экстравагантный","positive"
"экстраординарность ","positive"
"экстремальность ","positive"
"экстремальный","positive"
"эксцентрик","positive"
"эксцентрически ","positive"
"эксцентрический","positive"
"эксцентричность ","positive"
"эксцентричный","positive"
"эксцентрично ","positive"
"энтузиазм ","positive"
"энтузиаст ","positive"
"энтузиастический","positive"
"энтузиастичный ","positive"
"эрос","positive"
"вдохновить ","positive"
"вдохновиться ","positive"
"поверить ","positive"
"повеселеть ","positive"
"развеселить ","positive"
"повеселиться ","positive"
"взбодриться ","positive"
"взвеселиться","positive"
"влюбить ","positive"
"влюбиться ","positive"
"вовлечь ","positive"
"вовлечься ","positive"
"возвеселить","positive"
"воздержаться ","positive"
"воодушевить ","positive"
"воодушевиться ","positive"
"восхитить ","positive"
"восхититься ","positive"
"впечатлить ","positive"
"дерзнуть ","positive"
"доверить ","positive"
"довериться ","positive"
"удовольствоваться ","positive"
"животвориться","positive"
"позабавить ","positive"
"позаботиться ","positive"
"завлечь ","positive"
"завлечься","positive"
"задобрить ","positive"
"зазвать","positive"
"заинтересовать ","positive"
"заинтересоваться ","positive"
"заинтриговать ","positive"
"позариться","positive"
"засмотреться ","positive"
"захвалить ","positive"
"извериться ","positive"
"изнежить ","positive"
"изумить ","positive"
"изумиться ","positive"
"искусить ","positive"
"искуситься ","positive"
"закадрить","positive"
"кайфануть","positive"
"кейфануть","positive"
"полюбопытствовать","positive"
"помиловать ","positive"
"помирить ","positive"
"помириться ","positive"
"примириться ","positive"
"наградить ","positive"
"насладить ","positive"
"насладиться ","positive"
"нахвалить ","positive"
"нахмурить ","positive"
"понравиться ","positive"
"обалдеть","positive"
"обворожить ","positive"
"оберечь ","positive"
"оберечься ","positive"
"обиходить ","positive"
"облагородить ","positive"
"облагородиться ","positive"
"обладить","positive"
"обмануться ","positive"
"обнадежить ","positive"
"обнять ","positive"
"обняться ","positive"
"обоготворить ","positive"
"ободрить ","positive"
"ободриться ","positive"
"обожествить ","positive"
"обольститься ","positive"
"обомлеть","positive"
"обойтись","positive"
"огорошить","positive"
"одобрить ","positive"
"одухотворить ","positive"
"оживотворить","positive"
"озаботить ","positive"
"озаботиться ","positive"
"озадачить ","positive"
"озадачиться ","positive"
"осклабиться ","positive"
"осмеять ","positive"
"осмелиться ","positive"
"отважиться ","positive"
"охмурить ","positive"
"очаровать ","positive"
"очароваться ","positive"
"ошеломить ","positive"
"перемочь","positive"
"пересмеять ","positive"
"перехвалить ","positive"
"подбодрить ","positive"
"подзудить","positive"
"подсмеяться ","positive"
"подтрунить ","positive"
"подхвалить ","positive"
"подшутить ","positive"
"поощрить ","positive"
"поразиться ","positive"
"порскнуть","positive"
"поручйть ","positive"
"потешить ","positive"
"похихикать ","positive"
"похохотать ","positive"
"пошутить ","positive"
"превознести ","positive"
"предугадать ","positive"
"прельстить ","positive"
"прельститься ","positive"
"приволокнуться","positive"
"примирить ","positive"
"принизиться ","positive"
"приободрить ","positive"
"приободриться ","positive"
"приосаниться ","positive"
"приохотить ","positive"
"приструнить","positive"
"прищучить","positive"
"пронять","positive"
"прославить ","positive"
"просмеять ","positive"
"порадеть ","positive"
"обрадовать ","positive"
"обрадоваться ","positive"
"развлечь ","positive"
"развлечься ","positive"
"раздобрить ","positive"
"разманить ","positive"
"распотешить","positive"
"расхвалить ","positive"
"расцеловать ","positive"
"расцеловаться ","positive"
"расшаркаться","positive"
"решиться ","positive"
"рискнуть ","positive"
"сдержаться ","positive"
"сдружить ","positive"
"послушаться ","positive"
"осмелеть ","positive"
"посметь ","positive"
"посмирнеть ","positive"
"смирить ","positive"
"смириться ","positive"
"снюхаться","positive"
"соблаговолйть ","positive"
"соблазнить ","positive"
"соблазниться ","positive"
"спознаться","positive"
"сродниться ","positive"
"вытерпеть ","positive"
"убедить ","positive"
"убедиться ","positive"
"ублаготворить ","positive"
"ублаготвориться","positive"
"ублажиться ","positive"
"уверить ","positive"
"увериться ","positive"
"увлечь ","positive"
"увлечься ","positive"
"уговорить ","positive"
"угомонить","positive"
"угомониться","positive"
"удивить ","positive"
"удивиться ","positive"
"удовлетвориться ","positive"
"укрепить ","positive"
"уладить ","positive"
"уладиться ","positive"
"уластить","positive"
"улестить","positive"
"улыбнуться ","positive"
"умилостивить ","positive"
"умилостивиться","positive"
"умилить ","positive"
"умилиться ","positive"
"умиротворить ","positive"
"умиротвориться ","positive"
"упереться","positive"
"усладить ","positive"
"усладиться","positive"
"усмехнуться ","positive"
"усмирить ","positive"
"усмириться ","positive"
"успокоить ","positive"
"успокоиться ","positive"
"устаканиться","positive"
"устроить ","positive"
"устроиться ","positive"
"утешить ","positive"
"утешиться ","positive"
"утолиться ","positive"
"пофартить","positive"
"похвалить ","positive"
"похвалиться ","positive"
"поцеловать ","positive"
"поцеловаться ","positive"
"ахать","positive"
"беспокоиться","positive"
"взвеселяться","positive"
"возвеселять","positive"
"возвеселяться","positive"
"втравливать","positive"
"дивить","positive"
"животворяться","positive"
"завлекать","positive"
"завлекаться","positive"
"заглядываться","positive"
"заинтриговывать","positive"
"замиряться","positive"
"зариться","positive"
"засматриваться","positive"
"затихать","positive"
"затягиваться","positive"
"захваливать","positive"
"извериваться","positive"
"изнеживать","positive"
"искушать","positive"
"искушаться","positive"
"кадрить","positive"
"кайфовать","positive"
"кейфовать","positive"
"льститься","positive"
"любопытствовать","positive"
"нахмуривать","positive"
"обвораживать","positive"
"обихаживать","positive"
"облаживать","positive"
"обманываться","positive"
"обнадеживать","positive"
"обольстить","positive"
"обольщать","positive"
"обольщаться","positive"
"обомлевать","positive"
"обходиться","positive"
"огорошивать","positive"
"одурачивать","positive"
"оживотворять","positive"
"озабочивать","positive"
"озабочиваться","positive"
"озадачивать","positive"
"озадачиваться","positive"
"окорачивать","positive"
"осклабляться","positive"
"осмеивать","positive"
"охмурять","positive"
"ошеломлять","positive"
"ощущать","positive"
"перемогать","positive"
"пересмеивать","positive"
"перехваливать","positive"
"подзуживать","positive"
"подсмеиваться","positive"
"подтрунивать","positive"
"подхваливать","positive"
"подчинять","positive"
"подчиняться","positive"
"подшучивать","positive"
"покоряться","positive"
"порскать","positive"
"похихикивать","positive"
"пошучивать","positive"
"предощущать","positive"
"предугадывать","positive"
"прельщать","positive"
"прельщаться","positive"
"приволакиваться","positive"
"привыкать","positive"
"принижаться","positive"
"приосаниваться","positive"
"приохочивать","positive"
"приструнивать","positive"
"просмеивать","positive"
"раздобривать","positive"
"раззадориваться","positive"
"разманивать","positive"
"раскланиваться","positive"
"распотешивать","positive"
"расцеловывать","positive"
"расцеловываться","positive"
"расшаркиваться","positive"
"рисковать","positive"
"сдруживать","positive"
"сдруживаться","positive"
"сживаться","positive"
"слюбливаться","positive"
"сметь","positive"
"смирнеть","positive"
"смирять","positive"
"смиряться","positive"
"снюхиваться","positive"
"соблаговолять","positive"
"соблазнять","positive"
"соблазняться","positive"
"соглашать","positive"
"сродняться","positive"
"столбенеть","positive"
"терпеть","positive"
"убеждать","positive"
"ублаготворять","positive"
"ублаготворяться","positive"
"ублажаться","positive"
"уверять","positive"
"уверяться","positive"
"уговаривать","positive"
"угождать","positive"
"угомонять","positive"
"угомоняться","positive"
"удружать","positive"
"улащивать","positive"
"улещать","positive"
"умиротворяться","positive"
"унимать","positive"
"униматься","positive"
"упираться","positive"
"усмехаться","positive"
"усмирять","positive"
"усмиряться","positive"
"устаканиваться","positive"
"утихомириваться","positive"
"утоляться","positive"
"хвалиться","positive"
"адаптационный","positive"
"адаптироваться","positive"
"аккуратистка","positive"
"антицеллюлитный","positive"
"аппетитные формы","positive"
"аристократ","positive"
"аристократизм","positive"
"аристократический","positive"
"аристократичность","positive"
"аристократка","positive"
"ароматность","positive"
"артист в своем деле","positive"
"артист своего дела","positive"
"атака","positive"
"афигенно","positive"
"афигенный","positive"
"афигеть как","positive"
"баиньки","positive"
"бедненький","positive"
"без избытка","positive"
"без инцидентов","positive"
"без колебаний","positive"
"без нареканий","positive"
"без оглядки","positive"
"без ограничений","positive"
"без очереди","positive"
"без проблем","positive"
"без проволочек","positive"
"без происшествий","positive"
"без серьезных инцидентов","positive"
"без серьезных происшествий","positive"
"без сомнения","positive"
"без страха и упрека","positive"
"без тени сомнения","positive"
"без ума","positive"
"без утайки","positive"
"безбедность","positive"
"безвозбранность","positive"
"безвозбранный","positive"
"беззаботность","positive"
"беззаботный","positive"
"безмятежность","positive"
"безоблачный","positive"
"безотказность","positive"
"безотказный","positive"
"безперебойность","positive"
"безперебойный","positive"
"безплатный","positive"
"безустанность","positive"
"безыскусность","positive"
"безыскусный","positive"
"безыскусственность","positive"
"безыскусственный","positive"
"бесенок","positive"
"бескомпромиссность","positive"
"бескомпромиссный","positive"
"беспалевно","positive"
"беспалевный","positive"
"беспрепятственность","positive"
"беспрепятственный","positive"
"беспристрастие","positive"
"беспристрастность","positive"
"беспристрастный","positive"
"бессмертность","positive"
"бессмертный","positive"
"бессребничество","positive"
"благоверный","positive"
"благоговейность","positive"
"благодатность","positive"
"благотворительский","positive"
"благоустроенный","positive"
"благочестивость","positive"
"богобоязненность","positive"
"богобоязненный","positive"
"богомольный","positive"
"боготворение","positive"
"боевик","positive"
"божество","positive"
"болеть","positive"
"большие перспективы","positive"
"большое будущее","positive"
"большое желание","positive"
"большой выбор","positive"
"бравость","positive"
"брутальность","positive"
"буфер","positive"
"буферный","positive"
"быть в порядке","positive"
"в здравом рассудке","positive"
"в поте лица","positive"
"в рубашке родиться","positive"
"в самый раз","positive"
"в том же духе","positive"
"в ясном рассудке","positive"
"вдохновенье","positive"
"вдохнуть жизнь","positive"
"вдохнуть новую жизнь","positive"
"везенье","positive"
"везти","positive"
"великолепность","positive"
"величина","positive"
"вера в себя","positive"
"верить в себя","positive"
"вернуться в свою колею","positive"
"вероломность","positive"
"вероломный","positive"
"вероломство","positive"
"веселенький","positive"
"веселость","positive"
"веселуха","positive"
"веселый","positive"
"веский","positive"
"вескость","positive"
"весомость","positive"
"весомый","positive"
"веха","positive"
"взаимоподдержка","positive"
"взаимосотрудничество","positive"
"взбадривание","positive"
"взлет","positive"
"взыскательность","positive"
"взыскательный","positive"
"взять под свой контроль","positive"
"взять ситуацию под контроль","positive"
"винтажный","positive"
"вкусность","positive"
"влазить","positive"
"влезать","positive"
"влюбленность","positive"
"влюбленный","positive"
"вменяемый","positive"
"вне всякого сомнения","positive"
"внимание к мелочам","positive"
"внимание","positive"
"внимательнейший","positive"
"внутреннее спокойствие","positive"
"внутренняя сила","positive"
"внушительность","positive"
"возвеличение","positive"
"возвеличивание","positive"
"возвеличивать","positive"
"возвеличить","positive"
"возврат в норму","positive"
"возвратиться в норму","positive"
"возвращаться в норму","positive"
"возвращение в норму","positive"
"возвышенность","positive"
"возвышенный","positive"
"возиться","positive"
"возня","positive"
"войти в берега","positive"
"войти в колею","positive"
"войти в норму","positive"
"войти в обычную колею","positive"
"войти в русло","positive"
"войти в свое русло","positive"
"войти в свои берега","positive"
"войти в свою колею","positive"
"волна ожиданий","positive"
"волновать ум","positive"
"волновать человечество","positive"
"волшебность","positive"
"вольготность","positive"
"вольготный","positive"
"вольность","positive"
"востребованный","positive"
"впечатлить","positive"
"впечатлиться","positive"
"вписаться","positive"
"вписываться","positive"
"врубаться","positive"
"всегда волновать","positive"
"всегда на уровне","positive"
"всемирная известность","positive"
"всемогущество","positive"
"всесилие","positive"
"всесильность","positive"
"встряска","positive"
"встряхиваться","positive"
"входить в норму","positive"
"входить в обычную колею","positive"
"выгадать","positive"
"выгадывать","positive"
"выговаривать","positive"
"выдающийся","positive"
"выздоравливание","positive"
"выигрышность","positive"
"выйти из кризиса","positive"
"выправление","positive"
"выправлять","positive"
"вырваться вперед","positive"
"высказаться за","positive"
"высокая оценка","positive"
"высокая устойчивость","positive"
"высокая цель","positive"
"высокий класс","positive"
"высокий рейтинг","positive"
"высокий сорт","positive"
"высоко отзываться","positive"
"высоко отозваться","positive"
"высоко оценивать","positive"
"высоко оценить","positive"
"высокого класса","positive"
"высокогуманный","positive"
"высокое качество","positive"
"высокоморальный","positive"
"высокоодаренный","positive"
"высокоперспективный","positive"
"высокопорядочный","positive"
"высокопрофессиональный","positive"
"высокопрочный","positive"
"высшего качества","positive"
"высший балл","positive"
"высший класс","positive"
"высший пилотаж","positive"
"высший рейтинг","positive"
"высший сорт","positive"
"высший уровень","positive"
"гарантировать результат","positive"
"гарантия качества","positive"
"гарантия результата","positive"
"героичность","positive"
"глаза светятся","positive"
"глаза сияют","positive"
"глубина","positive"
"глубокий по содержанию","positive"
"глубокий","positive"
"глубоко волновать","positive"
"головастость","positive"
"головокружительность","positive"
"гордый","positive"
"горячий","positive"
"грамотный","positive"
"греза","positive"
"грезить","positive"
"греметь","positive"
"гуманизировать","positive"
"гурманка","positive"
"гурманский","positive"
"даровитость","positive"
"дать себе отчет","positive"
"девственность","positive"
"девственный","positive"
"действовать по закону","positive"
"деловитость","positive"
"деловой","positive"
"демократизм","positive"
"демократия","positive"
"денежный","positive"
"денечек","positive"
"денюшка","positive"
"державный","positive"
"держать под контролем","positive"
"держать руку на пульсе","positive"
"дерзкий","positive"
"дерзновенный","positive"
"дерзнуть","positive"
"дерзость","positive"
"детальнейший","positive"
"детальный","positive"
"дефект устранен","positive"
"дешевизна","positive"
"дешевый","positive"
"дивиденд","positive"
"дипломатический","positive"
"дипломатия","positive"
"дисциплинированный","positive"
"днюшка","positive"
"добро","positive"
"добрячка","positive"
"догадка","positive"
"дозволительный","positive"
"дозрелость","positive"
"дойствовать по правилам","positive"
"дока","positive"
"доказательность","positive"
"доказательный","positive"
"долгожданность","positive"
"донести до человека правду","positive"
"донести правду","positive"
"допустимость","positive"
"допустимый","positive"
"доставать","positive"
"достать","positive"
"достигать баланса","positive"
"достигать эффекта","positive"
"достигнуть баланса","positive"
"достигнуть эффекта","positive"
"достижение баланса","positive"
"достижение эффекта","positive"
"достичь баланса","positive"
"достичь эффекта","positive"
"доступность","positive"
"дотошность","positive"
"дофига","positive"
"дохрена","positive"
"драматизм","positive"
"душа нараспашку","positive"
"душевное равновесие","positive"
"душевное спокойствие","positive"
"души не чаять","positive"
"душистость","positive"
"душка","positive"
"единственный и неповторимый","positive"
"единственный минус","positive"
"единственный недостаток","positive"
"емкий","positive"
"естественный","positive"
"есть будущее","positive"
"есть возможность","positive"
"есть даже","positive"
"есть куда","positive"
"есть что сказать","positive"
"жадный","positive"
"жалостливый","positive"
"жалостность","positive"
"жалостный","positive"
"жгучий","positive"
"ждать не дождаться","positive"
"железная выдержка","positive"
"железная логика","positive"
"железный","positive"
"жертвенный","positive"
"жертвовательница","positive"
"жесткая дисциплина","positive"
"заваливать","positive"
"завалить","positive"
"загорелый","positive"
"задевать за живое","positive"
"задеть за живое","positive"
"задружить","positive"
"зажиточный","positive"
"заинтересованный","positive"
"закономерность","positive"
"закономерный","positive"
"законоустановленный","positive"
"замечательность","positive"
"занятность","positive"
"запас прочности","positive"
"заставить задуматься","positive"
"заставлять задуматься","positive"
"затрагивать душу","positive"
"затрагивать за живое","positive"
"затрагивать сердце","positive"
"затронуть душу","positive"
"затронуть за живое","positive"
"затронуть сердце","positive"
"затусить","positive"
"зауважать","positive"
"заценить","positive"
"зацепить за живое","positive"
"зачитаться","positive"
"зашибиться","positive"
"защитнический","positive"
"защищенность","positive"
"звезда первой величины","positive"
"звездный час","positive"
"звонкий","positive"
"звонкость","positive"
"земной рай","positive"
"знание дела","positive"
"знать цену","positive"
"значительно превосходить","positive"
"золотая середина","positive"
"золотые руки","positive"
"зрелищность","positive"
"идиллический","positive"
"идол","positive"
"избранник судьбы","positive"
"избранница судьбы","positive"
"извинить поступок","positive"
"извинять поступок","positive"
"изворотливость","positive"
"изворотливый","positive"
"излюбленность","positive"
"излюбленный","positive"
"изоляция","positive"
"изощренность","positive"
"изощренный","positive"
"изукрасить","positive"
"изукрашивать","positive"
"изысканный","positive"
"импозантность","positive"
"импозантный","positive"
"имя гремит","positive"
"инстинкт","positive"
"интегральность","positive"
"интегральный","positive"
"интенсивность","positive"
"интенсивный","positive"
"интереснейший","positive"
"интересненький","positive"
"интриговать","positive"
"искать правду","positive"
"искреннее участие","positive"
"испытывать торжество","positive"
"историческая значимость","positive"
"как нельзя лучше","positive"
"камбэк","positive"
"капитальность","positive"
"капитальный","positive"
"качество жизни выросло","positive"
"качество жизни повысилось","positive"
"качество жизни повышается","positive"
"качество жизни растет","positive"
"клас","positive"
"класный","positive"
"классик","positive"
"классненький","positive"
"клевый","positive"
"клеиться","positive"
"клоп","positive"
"коварный","positive"
"коварство","positive"
"козырной","positive"
"колорит","positive"
"комар носа не подточит","positive"
"комплиментарность","positive"
"компромиссность","positive"
"компромиссный","positive"
"консолидация","positive"
"контактность","positive"
"контактный","positive"
"контролировать качество","positive"
"контроль за качеством","positive"
"контроль качества","positive"
"концентрация усилий","positive"
"концентрировать усилия","positive"
"координация действий","positive"
"координация работы","positive"
"координировать действия","positive"
"координировать работу","positive"
"корифей","positive"
"котеночек","positive"
"котироваться","positive"
"красить","positive"
"крепко сбитый","positive"
"крепко скроенный","positive"
"крепкого сложения","positive"
"крепкое телосложение","positive"
"крепость","positive"
"кроткий","positive"
"кротость","positive"
"кудеснический","positive"
"культ","positive"
"культурная основа","positive"
"культурная традиция","positive"
"кунак","positive"
"кунацкий","positive"
"куча нового","positive"
"ладненько","positive"
"лайкать","positive"
"лайкнуть","positive"
"лаконизм","positive"
"лаконичность","positive"
"легитимность","positive"
"легитимный","positive"
"легкая атмосфера","positive"
"легкий в общении","positive"
"легкий для восприятия","positive"
"легкий по характеру","positive"
"легкий","positive"
"легко дышать","positive"
"легко дышаться","positive"
"легко на душе","positive"
"легковыполняемый","positive"
"легкое настроение","positive"
"легкость","positive"
"легонький","positive"
"лепта","positive"
"лирик в душе","positive"
"лирик","positive"
"логика","positive"
"логический","positive"
"лояльный","positive"
"лукавость","positive"
"лукавство","positive"
"лукавый","positive"
"лучше не бывает","positive"
"льстить","positive"
"любопытность","positive"
"любопытный","positive"
"любопытство","positive"
"маг","positive"
"магический","positive"
"магия","positive"
"мажор","positive"
"мажорное настроение","positive"
"мажорный","positive"
"максимально открытый","positive"
"мастер в своем деле","positive"
"мастер по созданию","positive"
"мастер своего дела","positive"
"маститость","positive"
"маститый","positive"
"мачо","positive"
"меценатка","positive"
"меценатский","positive"
"мечтаться","positive"
"мииило","positive"
"милаха","positive"
"мир и тишина","positive"
"мировая величина","positive"
"мировая известность","positive"
"много возможностей","positive"
"много делать","positive"
"много нового","positive"
"много нужного","positive"
"много разнообразных","positive"
"много сделать","positive"
"многогранный","positive"
"многозначительность","positive"
"многозначительный","positive"
"многомудрый","positive"
"могущество","positive"
"модернизаторский","positive"
"модернизационный","positive"
"модность","positive"
"молодцеватость","positive"
"моральная норма","positive"
"моральные устои","positive"
"моральный принцип","positive"
"моральный фактор","positive"
"моральный","positive"
"мороженка","positive"
"музычка","positive"
"на 10 баллов","positive"
"на высоте","positive"
"на любой вкус","positive"
"на одном дыхании","positive"
"на пике","positive"
"на седьмом небе от счастья","positive"
"на ура","positive"
"на уровне","positive"
"набожность","positive"
"набожный","positive"
"навалом","positive"
"наверстывание","positive"
"наверстывать","positive"
"надежность","positive"
"надежный","positive"
"наивкуснейший","positive"
"наизусть","positive"
"найти оправдание","positive"
"напиваться","positive"
"напиться","positive"
"напряженность снизилась","positive"
"напряженность уменьшилась","positive"
"напрямик","positive"
"нареканий не вызвало","positive"
"нареканий не вызывает","positive"
"нареканий нет","positive"
"настойчивость","positive"
"настойчивый","positive"
"настоятельный","positive"
"настоящая женщина","positive"
"настоящая жизнь","positive"
"настоящая звезда","positive"
"настоящая история","positive"
"настоящая классика","positive"
"настоящая леди","positive"
"настоящая революция","positive"
"настоящее искусство","positive"
"настоящее открытие","positive"
"настоящее произведение","positive"
"настоящее чувство","positive"
"настоящие эмоции","positive"
"настоящий мачо","positive"
"настоящий мужик","positive"
"настоящий мужчина","positive"
"настоящий офицер","positive"
"настоящий художник","positive"
"настоящий человек","positive"
"настоящий экшн","positive"
"настраивать на философский лад","positive"
"настроение поднимается","positive"
"настроение поднимать","positive"
"настроение поднялось","positive"
"настроение поднять","positive"
"настроить на философский лад","positive"
"насущность","positive"
"насущный","positive"
"натуральный","positive"
"находить оправдание","positive"
"начитанный","positive"
"не быть препятствием","positive"
"не быть сложностью","positive"
"не видеть проблемы","positive"
"не вызвать нареканий","positive"
"не вызывать нареканий","positive"
"не мочь оторваться","positive"
"не оторваться","positive"
"не париться","positive"
"не сравнится ничто","positive"
"не ударить в грязь лицом","positive"
"небанальность","positive"
"небанальный","positive"
"небедный","positive"
"небезосновательность","positive"
"небезосновательный","positive"
"небезразличие","positive"
"небесплодный","positive"
"небеспочвенный","positive"
"небесталанность","positive"
"небольной","positive"
"невиданная сила","positive"
"невиданность","positive"
"невиданный","positive"
"невиноватый","positive"
"невозбранность","positive"
"невозбранный","positive"
"невозбраняемый","positive"
"невозможно оторваться","positive"
"нега","positive"
"неголодный","positive"
"недорогой","positive"
"недурен","positive"
"недюжинность","positive"
"недюжинный","positive"
"нежадный","positive"
"нежирный","positive"
"незабвенность","positive"
"независимый","positive"
"незаменимость","positive"
"незамутненность","positive"
"незамутненный","positive"
"незапамятный","positive"
"незатратный","positive"
"незаурядность","positive"
"неземной","positive"
"незлой","positive"
"незыблемость","positive"
"незыблемый","positive"
"неизбитый","positive"
"неизгладимость","positive"
"неизгладимый","positive"
"неисчерпаемый","positive"
"нельзя не влюбиться","positive"
"нельзя не восхититься","positive"
"немаловажность","positive"
"немногословность","positive"
"немногословный","positive"
"неопровержимость","positive"
"неопровержимый","positive"
"неординарный","positive"
"неповинность","positive"
"непосредственность","positive"
"непосредственный","positive"
"непревзойденность","positive"
"непревзойденный","positive"
"непредвзятость","positive"
"непредубежденность","positive"
"непредубежденный","positive"
"непреклонность","positive"
"непреклонный","positive"
"непререкаемость","positive"
"непререкаемый","positive"
"непреходящий","positive"
"непринужденность","positive"
"непринужденный","positive"
"непритязательность","positive"
"непритязательный","positive"
"неприхотливый","positive"
"непьяный","positive"
"нерезкий","positive"
"неробкий","positive"
"неробкого десятка","positive"
"несвязанность","positive"
"несвязанный","positive"
"нескучный","positive"
"несравненность","positive"
"нестандартность","positive"
"нестандартный","positive"
"нестрогий","positive"
"нет лишнего","positive"
"нет нареканий","positive"
"нет ни одного лишнего","positive"
"нет ничего лишнего","positive"
"нетленка","positive"
"нетленность","positive"
"нетолстый","positive"
"неторопливость","positive"
"неторопливый","positive"
"неубиваемый","positive"
"неукротимый","positive"
"неустанность","positive"
"нехвастливый","positive"
"ни одного лишнего","positive"
"ни тени сомнения","positive"
"никаких нареканий","positive"
"никаких проблем","positive"
"никакого лишнего","positive"
"никто не был задержан","positive"
"никто не задержан","positive"
"нисколько не умалять","positive"
"ничего лишнего","positive"
"ничего плохого","positive"
"ничо","positive"
"новая высота","positive"
"новая грань","positive"
"новая звезда","positive"
"новая идея","positive"
"новая мысль","positive"
"новая планка","positive"
"новая сила","positive"
"новая стилистика","positive"
"новая страница","positive"
"новая технология","positive"
"новогоднее настроение","positive"
"новое направление","positive"
"новое открытие","positive"
"новое слово","positive"
"новые горизонты","positive"
"новый подход","positive"
"новый смысл","positive"
"новый уровень","positive"
"нормализовывать","positive"
"нормализовываться","positive"
"нормальность","positive"
"нормальный","positive"
"нянчиться","positive"
"няшность","positive"
"няшный","positive"
"обаятельнейший","positive"
"обвыкнуть","positive"
"обелить","positive"
"обильный","positive"
"обнимашки","positive"
"обольстительность","positive"
"образец для подражания","positive"
"образец","positive"
"образованная женщина","positive"
"образованный мужчина","positive"
"образованный человек","positive"
"образоваться","positive"
"образовываться","positive"
"образцово-показательный","positive"
"обстоятельность","positive"
"общедоступность","positive"
"общедоступный","positive"
"объединение усилий","positive"
"объединить усилие","positive"
"объединять усилие","positive"
"объект для подражания","positive"
"объективизм","positive"
"объективный","positive"
"обязательно стоит","positive"
"обязательность","positive"
"обязательный","positive"
"оглядка","positive"
"огонек","positive"
"огромное разнообразие","positive"
"огромный потенциал","positive"
"одаренность","positive"
"одаренный","positive"
"однозначно стоит","positive"
"ожидания оправдались","positive"
"ожидать худшего","positive"
"оздоравливаться","positive"
"оказать предпочтение","positive"
"оказывать предпочтение","positive"
"окрыление","positive"
"опамятоваться","positive"
"опомниться","positive"
"оправдание","positive"
"оправданность","positive"
"оправдать действия","positive"
"оправдать поступок","positive"
"оправдывать действия","positive"
"оправдывать поступок","positive"
"оправдывать","positive"
"оптимизационный","positive"
"оптимизировать","positive"
"оптимистичность","positive"
"оптимум","positive"
"опьянение","positive"
"осведомленность","positive"
"освежающий","positive"
"освободительский","positive"
"ослепить","positive"
"ослеплять","positive"
"осмысление","positive"
"осмыслить заново","positive"
"основанный на законе","positive"
"останавливать внимание","positive"
"остановить внимание","positive"
"остепениться","positive"
"острое словцо","positive"
"остромодный","positive"
"острослов","positive"
"острословие","positive"
"острота","positive"
"острый на язык","positive"
"острый язык","positive"
"острый","positive"
"остряк","positive"
"острячка","positive"
"остывать","positive"
"остынуть","positive"
"остыть","positive"
"осчастливливание","positive"
"от всего сердца","positive"
"от всей души","positive"
"от чистого сердца","positive"
"ответное чувство","positive"
"ответственнейший","positive"
"отдавать голос","positive"
"отдавать должное","positive"
"отдавать предпочтение","positive"
"отдавать свой голос","positive"
"отдавать себе отчет","positive"
"отдать голос","positive"
"отдать должное","positive"
"отдать предпочтение","positive"
"отдать свое сердце","positive"
"отдать свой голос","positive"
"отдать себе отчет","positive"
"отдать сердце","positive"
"отзвук в душе","positive"
"отзвук души","positive"
"отзвук чувства","positive"
"отзвук","positive"
"отзыв в душе","positive"
"отзыв","positive"
"отклик души","positive"
"открывать для себя что-то новое","positive"
"открывать новое","positive"
"открывать что-то новое","positive"
"открыть для себя что-то новое","positive"
"открыть новое","positive"
"открыть что-то новое","positive"
"отличие","positive"
"отменность","positive"
"отнестись с участием","positive"
"отойти от стереотипов","positive"
"оторваться не мочь","positive"
"оторваться невозможно","positive"
"отпускать с миром","positive"
"отпустить с миром","positive"
"оттепель в отношениях","positive"
"отчетливость","positive"
"отчетливый","positive"
"офигеть как","positive"
"охрененно","positive"
"охренительный","positive"
"оценивать","positive"
"оценить","positive"
"очешуенно","positive"
"очешуенный","positive"
"ошеломительность","positive"
"ошибки устранены","positive"
"пасиб","positive"
"пафос","positive"
"пафосный","positive"
"пацанчик","positive"
"педант","positive"
"педантизм","positive"
"педантический","positive"
"педантичность","positive"
"педантичный","positive"
"педантка","positive"
"пельмешки","positive"
"первобытность","positive"
"первобытный","positive"
"первозданность","positive"
"первозданный","positive"
"первостатейность","positive"
"первостатейный","positive"
"первый сорт","positive"
"перебирать","positive"
"перебрать","positive"
"перевес","positive"
"передавать настроение","positive"
"передать настроение","positive"
"передовой","positive"
"перелом","positive"
"переосмысливать","positive"
"переосмыслять","positive"
"перехватить","positive"
"перехватывать","positive"
"пжлст","positive"
"пироженка","positive"
"пластичность","positive"
"пластичный","positive"
"племенной","positive"
"плениться","positive"
"пленяться","positive"
"плечом к плечу","positive"
"плотный","positive"
"плохому не научит","positive"
"плюс","positive"
"плюсик","positive"
"по зову души","positive"
"по зову сердца","positive"
"побеждать зло","positive"
"поболеть","positive"
"побольше бы такого","positive"
"повозиться","positive"
"повысить рейтинг","positive"
"повысить скорость","positive"
"повыситься рейтинг","positive"
"повышать рейтинг","positive"
"повышение рейтинга","positive"
"податливость","positive"
"податливый","positive"
"подвижница","positive"
"подкупать","positive"
"подкупить","positive"
"поднимать настроение","positive"
"поднятие настроения","positive"
"поднять настроение","positive"
"поднять себе настроение","positive"
"подобранность","positive"
"подобранный","positive"
"подойти","positive"
"подробность","positive"
"подробный","positive"
"подставить плечо","positive"
"подставлять плечо","positive"
"подстраивать","positive"
"подстроить","positive"
"подтянутый","positive"
"подходить","positive"
"подъем духа","positive"
"подъем настроения","positive"
"подъем сил","positive"
"подъем","positive"
"пожертвователь","positive"
"позволительность","positive"
"позволительный","positive"
"позволять задуматься","positive"
"позволять почуствовать","positive"
"позволять чувствовать","positive"
"поздравляшка","positive"
"пойти вперед","positive"
"пойти на диалог","positive"
"пойти на лад","positive"
"пойти на пользу","positive"
"показатель качества","positive"
"показательность","positive"
"показательный","positive"
"покатиться со смеху","positive"
"покатываться со смеху","positive"
"поклонение","positive"
"поклоняться","positive"
"покой","positive"
"покрепче","positive"
"политкорректность","positive"
"политкорректный","positive"
"полнокровность","positive"
"полнокровный","positive"
"полностью затмевать","positive"
"полностью отражать","positive"
"положа руку на сердце","positive"
"полубог","positive"
"польстить","positive"
"поместительность","positive"
"поместительный","positive"
"помогающий фактор","positive"
"помпа","positive"
"помпезность","positive"
"помпезный","positive"
"понаслаждаться","positive"
"понижать стоимость","positive"
"понижение стоимости","positive"
"понизить стоимость","positive"
"пообвыкнуться","positive"
"поправка","positive"
"поправление","positive"
"попривыкнуть","positive"
"популяризация","positive"
"популяризирование","positive"
"популяризовать","positive"
"популярнейший","positive"
"поразительность","positive"
"поразить в самое сердце","positive"
"породность","positive"
"порыв","positive"
"последовательность","positive"
"последовательный","positive"
"посмеиваться","positive"
"пособить","positive"
"пособлять","positive"
"постоянство","positive"
"потрафлять","positive"
"потрясающий","positive"
"потрясный","positive"
"потусить","positive"
"потянуть","positive"
"поугарать","positive"
"похваливание","positive"
"похвальность","positive"
"почет","positive"
"почетнейший","positive"
"почетность","positive"
"почетный","positive"
"поэт в душе","positive"
"поэт в своем деле","positive"
"поэт по натуре","positive"
"поэтически настроенный","positive"
"праведнический","positive"
"право на будущее","positive"
"правоверный","positive"
"правый","positive"
"праздник в душе","positive"
"праздник на душе","positive"
"праздничное настроение","positive"
"превознесение","positive"
"превозношение","positive"
"превосходность","positive"
"предупредительный","positive"
"преимущественность","positive"
"преклонение","positive"
"преклониться","positive"
"преклоняться","positive"
"прекрасность","positive"
"прелюбопытнейший","positive"
"прелюбопытный","positive"
"премиум","positive"
"пресная вода","positive"
"пресный","positive"
"престижнейший","positive"
"претензий нет","positive"
"претензия","positive"
"преференциальный","positive"
"преференция","positive"
"прехорошенький","positive"
"прибавить в цене","positive"
"прибавление в цене","positive"
"прибавлять в цене","positive"
"приведение в порядок","positive"
"приверженность","positive"
"приверженный","positive"
"привести в порядок","positive"
"привлекать внимание","positive"
"привлекать на свою сторону","positive"
"привлечь на свою сторону","positive"
"приводить в волнение","positive"
"приводить в порядок","positive"
"привольность","positive"
"привольный","positive"
"привыкание","positive"
"привыкнуть","positive"
"привязаться","positive"
"привязываться","positive"
"придавать необходимый","positive"
"придать необходимый","positive"
"прийти в нормальное состояние","positive"
"прийти в норму","positive"
"прийти в себя","positive"
"прийти в чувство","positive"
"прийтись по вкусу","positive"
"прийтись по душе","positive"
"приковать внимание","positive"
"приковывать внимание","positive"
"прикольный","positive"
"пример для подражания","positive"
"пример","positive"
"приметность","positive"
"приметный","positive"
"принципиальнейший","positive"
"принципиальность","positive"
"принципиальный","positive"
"приподнятое настроение","positive"
"приподнятое состояние","positive"
"приподнятый настрой","positive"
"приподнятый","positive"
"присутствие духа","positive"
"приукрасить","positive"
"приукрашать","positive"
"приукрашивание","positive"
"приукрашивать","positive"
"приходить в волнение","positive"
"приходить в нормальное состояние","positive"
"приходить в норму","positive"
"приходить в себя","positive"
"приходить в чувство","positive"
"приходиться по вкусу","positive"
"приходиться по душе","positive"
"проблем не было","positive"
"проблем нет","positive"
"пробудить","positive"
"пробуждать","positive"
"прогрессирование","positive"
"прогуливать","positive"
"продвинутость","positive"
"продвинутый","positive"
"продолжать волновать","positive"
"продуманный","positive"
"происшествий не было","positive"
"происшествий не зафиксировано","positive"
"пройти гладко","positive"
"пронзительность","positive"
"пронзительный","positive"
"пропитаться","positive"
"пропитываться","positive"
"просветленность","positive"
"просветленный","positive"
"прославленность","positive"
"прослезиться","positive"
"проспать","positive"
"простительный","positive"
"простодушие","positive"
"простодушность","positive"
"простодушный","positive"
"простой","positive"
"просторность","positive"
"простосердечность","positive"
"простота","positive"
"просчитать до мелочей","positive"
"протекционизм","positive"
"профессиональный рост","positive"
"профессиональые качества","positive"
"профмастерство","positive"
"прохлада","positive"
"проходить гладко","positive"
"проявить участие","positive"
"прямой","positive"
"прямота","positive"
"пухленький","positive"
"пыл","positive"
"пылкий","positive"
"пылкость","positive"
"пышность","positive"
"пышнотелый","positive"
"пышный","positive"
"пять баллов","positive"
"пять звезд","positive"
"пять с плюсом","positive"
"работа над собой","positive"
"работать над собой","positive"
"рабочая лошадка","positive"
"равновесие","positive"
"равны перед законом","positive"
"разбудить","positive"
"развернутость","positive"
"развернутый","positive"
"развитое воображение","positive"
"раздольность","positive"
"размеренность","positive"
"размеренный","positive"
"разразиться смехом","positive"
"разрушать стереотипы","positive"
"разрушить стереотипы","positive"
"разрядить атмосферу","positive"
"разрядить напряженность","positive"
"разрядить обстановку","positive"
"разрядиться","positive"
"разрядка обстановки","positive"
"разрядка","positive"
"разряжать атмосферу","positive"
"разряжать обстановку","positive"
"разряжаться","positive"
"разуверение","positive"
"разукрасить","positive"
"разукрашивание","positive"
"разукрашивать","positive"
"рай земной","positive"
"рай на земле","positive"
"райские кущи","positive"
"райский уголок","positive"
"райское место","positive"
"рамки приличий","positive"
"раскрывать правду","positive"
"раскрыть правду","positive"
"расплываться в улыбке","positive"
"расплыться в улыбке","positive"
"располагающий к себе","positive"
"располагающий","positive"
"расположение","positive"
"расположенность","positive"
"расположенный","positive"
"расслабляющий","positive"
"растеребить","positive"
"растормошить","positive"
"расторопность","positive"
"расхваливание","positive"
"расхожий","positive"
"расшевеливать","positive"
"расшевелить","positive"
"рафинированность","positive"
"рафинированный","positive"
"рационализм","positive"
"реализм","positive"
"реалистический","positive"
"реалистичность","positive"
"реалистичный","positive"
"реальность","positive"
"реальные ощущение","positive"
"реальный образ","positive"
"реальный опыт","positive"
"реальный","positive"
"революция","positive"
"редкое качество","positive"
"редкостный","positive"
"резвый","positive"
"резкость","positive"
"резонность","positive"
"резонный","positive"
"рейтинг вырос","positive"
"рейтинг растет","positive"
"релакса","positive"
"релаксировать","positive"
"религиозность","positive"
"религиозный","positive"
"решение проблемы","positive"
"решить проблему","positive"
"ржачно","positive"
"ржачный","positive"
"риторический","positive"
"ровность","positive"
"ровный","positive"
"родимый","positive"
"родиться в рубашке","positive"
"розовый","positive"
"роль буфера","positive"
"романтик в душе","positive"
"романтик по натуре","positive"
"романтик по своей натуре","positive"
"романтик по своей природе","positive"
"романтик","positive"
"романтика","positive"
"роскошность","positive"
"с большой буквы","positive"
"с задачей справиться","positive"
"с лихвой","positive"
"с мировым именем","positive"
"с нетерпением","positive"
"с огоньком","positive"
"с полной отдачей","positive"
"с распростертыми объятиями","positive"
"с твердыми принципами","positive"
"самобытность","positive"
"самобытный","positive"
"самодовлеющий","positive"
"самодостаточный","positive"
"самозабвение","positive"
"самозабвенный","positive"
"самосовершенствоваться","positive"
"самосохраниться","positive"
"сбалансированный","positive"
"сбиваться","positive"
"сбиться","positive"
"свежий по цвету","positive"
"сверкать белизной","positive"
"сверхактуальный","positive"
"сверходаренный","positive"
"сверхценный","positive"
"свободность","positive"
"свободный человек","positive"
"своего рода буфер","positive"
"своеобразие","positive"
"своеобразность","positive"
"своеобразный буфер","positive"
"своеобразный","positive"
"своеобычие","positive"
"своеобычность","positive"
"связность","positive"
"связный","positive"
"святой","positive"
"сгодиться","positive"
"сделать как надо","positive"
"сдержать обещание","positive"
"сексапильный","positive"
"секси","positive"
"семь пядей во лбу","positive"
"сердечное влечение","positive"
"сердце радуется","positive"
"серьезно задуматься","positive"
"серьезно настроенный","positive"
"серьезность","positive"
"серьезный по содержанию","positive"
"серьезный","positive"
"сильная воля","positive"
"сильная сторона","positive"
"сильный характер","positive"
"симпотичный","positive"
"сисястый","positive"
"ситуация под контролем","positive"
"скачок в развитии","positive"
"сконцентрировать усилия","positive"
"скоординировать действия","positive"
"скоординировать работу","positive"
"скороспелость","positive"
"скороспелый","positive"
"скромник","positive"
"скромный","positive"
"скромняга","positive"
"скрупулезность","positive"
"скрупулезный","positive"
"слава гремит","positive"
"славословие","positive"
"славословить","positive"
"сладкий вкус","positive"
"слаженный","positive"
"сливки общества","positive"
"сложно оторваться","positive"
"сломать стереотипы","positive"
"сметливость","positive"
"смирение","positive"
"смиренность","positive"
"смиренный","positive"
"смотреться естественно","positive"
"смышленость","positive"
"смышленый","positive"
"снайперский","positive"
"снижение напряженности","positive"
"снимать напряжение","positive"
"снимать шляпу","positive"
"снискание","positive"
"снискать","positive"
"снисходительность","positive"
"снисходительный","positive"
"сноровистость","positive"
"сноровистый","positive"
"сносность","positive"
"снять напряжение","positive"
"соблюдать закон","positive"
"соблюдение закона","positive"
"совершенность","positive"
"совместная работа","positive"
"современность","positive"
"современный","positive"
"создавать настроение","positive"
"создавать новое","positive"
"создать настроение","positive"
"создать новое","positive"
"сойти","positive"
"соответствовать закону","positive"
"соответствовать мировым нормам","positive"
"соответствовать мировым стандартам","positive"
"сопережить","positive"
"сослужить службу","positive"
"спаивать","positive"
"спасиб","positive"
"спасибооо","positive"
"спасиибо","positive"
"спасииибо","positive"
"спаянность","positive"
"спаянный","positive"
"сплоченность","positive"
"сплоченный","positive"
"спокойная обстановка","positive"
"спокойный настрой","positive"
"спокойствие души","positive"
"спорый","positive"
"способный добиться","positive"
"стабилизационный","positive"
"стабилизация","positive"
"ставить 4","positive"
"ставить 5","positive"
"ставить пять","positive"
"ставить четыре","positive"
"стальная выдержка","positive"
"стальной характер","positive"
"стальной","positive"
"становиться дешевле","positive"
"старейший","positive"
"старый","positive"
"стать дешевле","positive"
"стеб","positive"
"стебать","positive"
"стебаться","positive"
"стесняшка","positive"
"стимулировать бизнес","positive"
"стоит опробовать","positive"
"стоит поробовать","positive"
"стоит признать","positive"
"стоит приобрести","positive"
"стоит своих денег","positive"
"стоит того чтобы","positive"
"стоить каждого потраченного","positive"
"стоить потраченного","positive"
"стопудов","positive"
"стопудово","positive"
"стреляный воробей","positive"
"строгий","positive"
"строгость","positive"
"стяжать","positive"
"суверенное право","positive"
"супермодный","positive"
"супер-надежный","positive"
"суперский","positive"
"супер-скорость","positive"
"суперсовременный","positive"
"суперталантливый","positive"
"супир","positive"
"сухой","positive"
"сухость","positive"
"сходить","positive"
"считаться друг с другом","positive"
"считаться с мнением","positive"
"так держать","positive"
"так редко","positive"
"так тонко","positive"
"такая сила","positive"
"такой класс","positive"
"такой масштаб","positive"
"такой редкий","positive"
"такой сильный","positive"
"такой тонкий","positive"
"тарифы понизились","positive"
"тарифы снизились","positive"
"тарифы уменьшились","positive"
"тарифы упали","positive"
"татушка","positive"
"твердая воля","positive"
"твердость характера","positive"
"твердость","positive"
"твердый по характеру","positive"
"твердый характер","positive"
"твердый","positive"
"творческая сила","positive"
"творческий подъем","positive"
"творческий почерк","positive"
"телочка","positive"
"теплота в отношениях","positive"
"теплота отношений","positive"
"теплота цвета","positive"
"теплые отношения","positive"
"теплый по цвету","positive"
"теплый цвет","positive"
"теплый","positive"
"терпимый","positive"
"тертый калач","positive"
"тесность","positive"
"тесный","positive"
"техническое перевооружение","positive"
"титан","positive"
"тихая гавань","positive"
"тихий","positive"
"тихость","positive"
"то что надо","positive"
"то что нужно","positive"
"тогать за сердце","positive"
"тонкий","positive"
"тонкость","positive"
"тончайший","positive"
"тот что надо","positive"
"тот что нужно","positive"
"точно выполненный","positive"
"точно исполненный","positive"
"точь-в-точь","positive"
"требовательность","positive"
"требовательный","positive"
"трезвомыслие","positive"
"трезвомыслящий","positive"
"трезвый рассудок","positive"
"тренировочка","positive"
"триумфатор","positive"
"триумфаторский","positive"
"трогать до слез","positive"
"трогать за душу","positive"
"трогать за живое","positive"
"тронуть до слез","positive"
"тронуть за душу","positive"
"тронуть за живое","positive"
"тронуть за сердце","positive"
"тщание","positive"
"тщательнейший","positive"
"тщательно","positive"
"убедительнейший","positive"
"убежденность","positive"
"убежденный","positive"
"убираться","positive"
"убраться","positive"
"увлекательнейший","positive"
"увлеченность","positive"
"увлеченный","positive"
"угарать","positive"
"угождение","positive"
"удерживать внимание","positive"
"удовлетворенность","positive"
"удовлетворяемость","positive"
"узбагоительный","positive"
"уклонение","positive"
"украшательство","positive"
"улетный","positive"
"уловить настроение","positive"
"улыбнуть","positive"
"улыбнуться счастье","positive"
"улыбнуться удача","positive"
"умеренность","positive"
"умереть от смеха","positive"
"умник","positive"
"умничка","positive"
"умудренность","positive"
"умудренный","positive"
"умудриться сохранить","positive"
"умудряться сохранить","positive"
"универсальный","positive"
"уникальнейший","positive"
"упиваться","positive"
"упиться","positive"
"упростить процедуру","positive"
"упрощать процедуру","positive"
"уравновешенный","positive"
"урегулирование конфликта","positive"
"урегулировать конфликт","positive"
"урезонивать","positive"
"урезонить","positive"
"уровень жизни вырос","positive"
"уровень жизни повысился","positive"
"успешливый","positive"
"усрачка","positive"
"устраиваться","positive"
"устранить дефект","positive"
"устранить ошибку","positive"
"устремленность","positive"
"устремленный к цели","positive"
"утонченность","positive"
"утонченный","positive"
"утрястись","positive"
"ухо востро","positive"
"учесть ошибки","positive"
"учительский","positive"
"учиться на своих ошибках","positive"
"уяснение","positive"
"фенечка","positive"
"фешенебельность","positive"
"фешенебельный","positive"
"физически крепкий","positive"
"филигранность","positive"
"филигранный","positive"
"фишка","positive"
"фокус","positive"
"форсить","positive"
"хардкор","positive"
"хардкорный","positive"
"харизматический","positive"
"хваленый","positive"
"хватить","positive"
"хитроумность","positive"
"хитроумный","positive"
"хладнокровие","positive"
"хладнокровность","positive"
"хладнокровный","positive"
"хлебосольство","positive"
"ходкий","positive"
"ходовой","positive"
"холодненький","positive"
"холодный рассудок","positive"
"художественная сила","positive"
"художник своего дела","positive"
"цвет нации","positive"
"цвет общества","positive"
"цветущий","positive"
"целеустремленность","positive"
"целеустремленный","positive"
"цензурность","positive"
"цензурный","positive"
"ценительский","positive"
"цепкий","positive"
"цеплять за душу","positive"
"цеплять за сердце","positive"
"цепляться","positive"
"чародей","positive"
"чародейка","positive"
"чародейный","positive"
"чародейский","positive"
"чародейство","positive"
"человек с головой","positive"
"черным по белому","positive"
"чертенок","positive"
"чесслов","positive"
"четкий","positive"
"четкость","positive"
"чувство долга","positive"
"чувство облегчения","positive"
"чувство праздника","positive"
"чувство собственного достоинства","positive"
"чувство счастья","positive"
"чувство удовлетворения","positive"
"чудеса","positive"
"чудесница","positive"
"чумовой","positive"
"чутье","positive"
"шагать вперед","positive"
"шагнуть вперед","positive"
"шаловливость","positive"
"шаловливый","positive"
"шалун","positive"
"шалунишка","positive"
"шалунья","positive"
"шедеврально","positive"
"шедевральный","positive"
"шикарнейший","positive"
"широкодоступность","positive"
"широчайший","positive"
"штурмовать","positive"
"штырить","positive"
"шустрость","positive"
"щастье","positive"
"щепетильный","positive"
"экономный","positive"
"экспрессивность","positive"
"экспрессивный","positive"
"экспрессия","positive"
"экстра","positive"
"элемент неожиданности","positive"
"эмоциональная сила","positive"
"эмоциональное воздействие","positive"
"эмоциональное настроение","positive"
"эмоциональный отзвук","positive"
"эпичный","positive"
"эпохальный","positive"
"ювелирность","positive"
"ювелирный","positive"
"яркость","positive"
"ярый","positive"
